<?xml version="1.0" encoding="UTF-8"?>
<alto xmlns:xsi="http://www.w3.org/2001/XMLSchema-instance"
      xmlns="http://www.loc.gov/standards/alto/ns-v4#"
      xsi:schemaLocation="http://www.loc.gov/standards/alto/ns-v4# https://gitlab.inria.fr/scripta/escriptorium/-/raw/develop/app/escriptorium/static/alto-4-1-baselines.xsd">
  <Description>
    <MeasurementUnit>pixel</MeasurementUnit>
    <sourceImageInformation>
      <fileName>1.jpg</fileName>
    </sourceImageInformation>
  </Description>
  
  <Tags>
    <OtherTag ID="BT1" LABEL="Title" DESCRIPTION="block type Title"/><OtherTag ID="BT2" LABEL="Main" DESCRIPTION="block type Main"/><OtherTag ID="BT3" LABEL="Commentary" DESCRIPTION="block type Commentary"/><OtherTag ID="BT4" LABEL="Illustration" DESCRIPTION="block type Illustration"/>
    
  </Tags>
  
  <Layout>
    <Page WIDTH="975"
          HEIGHT="1425"
          PHYSICAL_IMG_NR="0"
          ID="eSc_dummypage_">
      <PrintSpace HPOS="0"
                  VPOS="0"
                  WIDTH="975"
                  HEIGHT="1425">
        
        <TextBlock ID="eSc_dummyblock_">
          
	  <TextLine ID="eSc_line_120954"
                    
                    BASELINE="391 231 568 224 629 224 708 226" 
                    HPOS="390"
                    VPOS="185"
                    WIDTH="317"
                    HEIGHT="60">
            <Shape><Polygon POINTS="390 230 391 206 421 210 441 205 461 185 488 206 504 203 511 210 549 203 570 192 592 194 604 186 648 211 687 201 704 203 707 225 700 225 687 238 648 233 635 244 619 233 591 235 581 225 559 244 551 244 539 233 508 235 501 243 480 245 469 235 460 243 447 244 435 236 410 231 401 231 391 241"/></Shape>
	    <String CONTENT="بسـم الله الرحمـن الرحيم"
                    HPOS="390"
                    VPOS="185"
                    WIDTH="317"
                    HEIGHT="60"></String>
          </TextLine>
          
          
	  <TextLine ID="eSc_line_120967"
                    
                    BASELINE="204 286 573 286 604 292 705 290 742 286 841 286" 
                    HPOS="203"
                    VPOS="248"
                    WIDTH="637"
                    HEIGHT="58">
            <Shape><Polygon POINTS="203 285 204 260 217 248 231 258 244 257 255 267 285 263 294 254 330 269 355 256 370 268 384 255 406 273 425 256 451 256 475 274 496 270 511 255 527 256 539 268 559 248 570 248 594 273 608 275 623 262 638 275 665 257 674 264 688 269 700 266 710 273 726 262 736 262 764 276 780 267 815 263 840 285 824 293 786 290 774 300 755 292 741 302 730 294 706 302 695 294 678 300 670 293 654 294 644 301 631 296 604 301 590 290 571 294 552 288 539 300 504 293 495 302 484 302 470 290 433 292 418 306 408 306 399 298 384 300 375 290 357 301 349 301 339 292 309 293 300 288 280 292 271 287 248 300 231 292 204 293"/></Shape>
	    <String CONTENT="حمد و سپاس و شکر بی حدّ و قياس سلطاني را سزاست که سرادقاد"
                    HPOS="203"
                    VPOS="248"
                    WIDTH="637"
                    HEIGHT="58"></String>
          </TextLine>
          
          
	  <TextLine ID="eSc_line_120955"
                    
                    BASELINE="194 336 270 328 701 330 713 327 725 331 795 332 820 334 851 333 879 336" 
                    HPOS="193"
                    VPOS="294"
                    WIDTH="685"
                    HEIGHT="55">
            <Shape><Polygon POINTS="193 334 194 312 203 304 210 302 228 314 238 304 255 299 275 308 306 304 315 313 326 313 340 302 353 311 372 311 383 320 390 313 406 312 425 318 438 314 445 320 466 308 484 313 505 295 514 295 542 320 558 305 573 301 585 307 597 305 605 313 631 305 642 313 697 309 736 314 752 304 771 315 782 305 798 304 831 314 862 294 875 296 878 334 870 334 855 347 840 342 831 345 822 337 815 342 784 338 776 346 755 338 741 349 726 338 655 337 637 345 630 338 618 337 608 346 596 338 565 337 553 349 540 349 526 337 494 345 485 337 458 338 447 331 433 345 412 337 403 345 389 347 375 334 338 338 326 346 318 346 308 337 281 337 273 345 266 338 218 342 212 337 194 347"/></Shape>
	    <String CONTENT="عزّ و جلالش از سمت حدوث و امكاني مبّراست و حرم محترم کنه ذاتش از"
                    HPOS="193"
                    VPOS="294"
                    WIDTH="685"
                    HEIGHT="55"></String>
          </TextLine>
          
          
	  <TextLine ID="eSc_line_120956"
                    
                    BASELINE="200 381 786 377 802 375 844 374 883 375" 
                    HPOS="199"
                    VPOS="339"
                    WIDTH="683"
                    HEIGHT="51">
            <Shape><Polygon POINTS="199 380 200 353 222 356 232 346 239 346 250 357 258 355 267 363 287 346 300 356 319 353 327 362 353 347 370 363 382 355 395 363 407 352 416 357 435 353 445 363 466 346 482 346 509 363 516 359 526 364 546 350 562 358 589 339 598 340 621 363 642 347 654 356 670 346 685 361 699 347 707 347 716 356 729 353 742 365 748 361 760 364 775 353 827 355 843 345 852 353 877 355 882 374 868 387 834 377 824 387 812 383 783 389 764 378 754 389 727 382 698 390 679 377 653 380 643 388 624 387 616 378 597 380 585 389 568 381 533 378 515 389 502 381 488 389 459 388 445 378 419 388 395 378 377 389 349 381 327 390 313 383 295 388 273 387 266 381 249 388 239 380 201 381"/></Shape>
	    <String CONTENT="دیدهٔ بصیرت و خیال انسان معّراست و هزاران درود بر امیر دیوان رسالت"
                    HPOS="199"
                    VPOS="339"
                    WIDTH="683"
                    HEIGHT="51"></String>
          </TextLine>
          
          
	  <TextLine ID="eSc_line_120957"
                    
                    BASELINE="616 415 646 420 859 420 888 416" 
                    HPOS="615"
                    VPOS="390"
                    WIDTH="272"
                    HEIGHT="44">
            <Shape><Polygon POINTS="615 414 617 401 643 394 656 397 662 391 681 393 704 402 719 390 732 399 745 391 756 402 765 393 776 399 799 391 809 400 831 390 844 400 876 401 887 415 872 431 857 423 824 423 780 427 771 434 756 433 749 426 722 431 684 428 678 422 648 427 616 420"/></Shape>
	    <String CONTENT="و مسند نشین ايوان جلالت -"
                    HPOS="615"
                    VPOS="390"
                    WIDTH="272"
                    HEIGHT="44"></String>
          </TextLine>
          
          
	  <TextLine ID="eSc_line_120971"
                    
                    BASELINE="200 413 224 416 275 413" 
                    HPOS="199"
                    VPOS="390"
                    WIDTH="75"
                    HEIGHT="45">
            <Shape><Polygon POINTS="199 412 203 397 216 404 230 391 244 390 268 401 274 412 270 427 247 422 228 435 219 435 209 425 201 426"/></Shape>
	    <String CONTENT="* نظم *"
                    HPOS="199"
                    VPOS="390"
                    WIDTH="75"
                    HEIGHT="45"></String>
          </TextLine>
          
          
	  <TextLine ID="eSc_line_120958"
                    
                    BASELINE="561 460 609 459 653 463 666 461 764 464" 
                    HPOS="561"
                    VPOS="423"
                    WIDTH="207"
                    HEIGHT="55">
            <Shape><Polygon POINTS="561 460 564 432 570 427 608 426 616 431 634 423 654 445 674 434 693 434 701 442 711 434 724 442 768 439 764 464 738 467 724 478 707 466 694 476 678 475 670 467 660 475 646 475 640 469 562 466"/></Shape>
	    <String CONTENT="خطوط رايتش إنَّا فَتَحنَا"
                    HPOS="561"
                    VPOS="423"
                    WIDTH="207"
                    HEIGHT="55"></String>
          </TextLine>
          
          
	  <TextLine ID="eSc_line_120961"
                    
                    BASELINE="308 460 523 460" 
                    HPOS="307"
                    VPOS="423"
                    WIDTH="215"
                    HEIGHT="60">
            <Shape><Polygon POINTS="307 459 309 435 321 426 339 423 361 433 380 423 408 446 425 433 434 439 457 438 464 433 472 435 482 426 494 426 520 445 522 459 516 467 480 469 473 463 466 467 444 467 428 483 402 475 393 465 380 470 359 460 339 475 327 475 309 465"/></Shape>
	    <String CONTENT="ممدّ لشكرش اِنَّا کَفَينَا"
                    HPOS="307"
                    VPOS="423"
                    WIDTH="215"
                    HEIGHT="60"></String>
          </TextLine>
          
          
	  <TextLine ID="eSc_line_120962"
                    
                    BASELINE="198 510 426 510 491 507 507 510 546 509 884 510" 
                    HPOS="197"
                    VPOS="472"
                    WIDTH="686"
                    HEIGHT="54">
            <Shape><Polygon POINTS="197 509 198 489 211 489 222 479 241 480 256 490 275 475 282 480 300 482 312 494 325 480 340 488 357 482 364 488 383 473 402 488 419 479 431 489 464 489 513 472 553 478 564 489 593 485 600 491 613 490 632 473 647 488 660 486 670 496 691 486 732 489 741 480 765 489 779 479 796 482 811 492 825 479 840 479 877 490 883 509 872 520 859 514 847 524 834 520 807 522 799 514 775 523 760 510 749 511 737 523 722 517 699 521 692 515 682 524 667 526 646 514 567 523 548 513 535 521 513 510 478 515 467 509 445 520 416 514 394 522 382 513 364 518 330 515 308 523 292 511 276 516 264 510 248 516 228 515 219 523 198 515"/></Shape>
	    <String CONTENT="و هزاران هزار سلام بر وصي رسول و زوج بتول آفتاب سپهر کبریأ در دریاي لافتأ - * نظم *"
                    HPOS="197"
                    VPOS="472"
                    WIDTH="686"
                    HEIGHT="54"></String>
          </TextLine>
          
          
	  <TextLine ID="eSc_line_120964"
                    
                    BASELINE="346 554 377 552 390 553 412 549 446 547 711 547 737 547" 
                    HPOS="345"
                    VPOS="513"
                    WIDTH="391"
                    HEIGHT="53">
            <Shape><Polygon POINTS="345 553 346 540 362 535 377 520 389 529 423 522 440 536 446 530 475 530 483 522 495 528 513 513 556 540 577 523 589 528 600 522 611 533 623 523 650 523 659 532 720 530 736 546 705 564 689 556 666 558 655 551 628 564 616 564 605 554 583 555 572 566 555 554 529 554 510 564 494 552 476 554 467 561 456 554 447 561 431 551 414 554 402 564 385 555 362 564 346 558"/></Shape>
	    <String CONTENT="حجت قاطع امام حـقّ اميـر المؤمنین"
                    HPOS="345"
                    VPOS="513"
                    WIDTH="391"
                    HEIGHT="53"></String>
          </TextLine>
          
          
	  <TextLine ID="eSc_line_120960"
                    
                    BASELINE="347 597 477 592 521 593 534 597 547 593 600 596 693 596 711 592 736 593" 
                    HPOS="346"
                    VPOS="562"
                    WIDTH="389"
                    HEIGHT="49">
            <Shape><Polygon POINTS="346 596 349 579 374 575 382 568 399 572 414 567 439 562 450 563 458 579 473 579 494 564 513 566 523 577 534 578 547 568 567 568 587 579 610 565 634 584 654 571 667 577 681 573 689 581 724 572 735 592 724 603 706 599 688 609 675 597 660 610 648 605 635 611 617 596 602 604 584 597 534 604 515 594 469 604 458 597 445 605 421 593 410 599 385 598 363 609 349 606"/></Shape>
	    <String CONTENT="بحر مردی كان دانش لطف ربّ العالمين"
                    HPOS="346"
                    VPOS="562"
                    WIDTH="389"
                    HEIGHT="49"></String>
          </TextLine>
          
          
	  <TextLine ID="eSc_line_120965"
                    
                    BASELINE="191 631 236 637 275 638 794 638 815 636 888 636" 
                    HPOS="190"
                    VPOS="600"
                    WIDTH="697"
                    HEIGHT="53">
            <Shape><Polygon POINTS="190 630 192 611 197 610 220 618 232 609 249 625 270 616 298 624 313 609 328 605 357 625 372 627 383 616 414 617 422 609 442 609 471 625 479 624 495 609 507 613 522 600 533 603 547 617 571 617 583 627 600 609 656 621 678 609 691 612 703 608 712 609 727 623 745 609 754 609 762 617 781 608 799 618 841 616 862 600 884 623 887 635 875 642 847 638 837 646 803 640 793 650 781 644 774 651 756 640 727 651 713 638 689 643 663 643 656 638 646 649 631 651 618 642 591 649 581 640 570 650 558 642 532 642 517 650 502 641 483 651 463 638 450 651 438 642 397 641 385 650 361 650 349 641 324 642 312 651 296 650 286 642 268 642 255 653 238 651 232 646 201 653 191 643"/></Shape>
	    <String CONTENT="امّا بعد راقم این كلمات پريشان و محرر اين مقالات بی سامان حسن نبيرۀ"
                    HPOS="190"
                    VPOS="600"
                    WIDTH="697"
                    HEIGHT="53"></String>
          </TextLine>
          
          
	  <TextLine ID="eSc_line_120968"
                    
                    BASELINE="192 669 199 687 210 681 250 680 838 681 888 678" 
                    HPOS="191"
                    VPOS="643"
                    WIDTH="696"
                    HEIGHT="56">
            <Shape><Polygon POINTS="191 668 199 656 207 660 213 654 235 654 248 666 271 650 296 670 311 667 325 654 344 665 371 653 377 659 401 662 413 673 437 651 448 656 464 643 494 669 511 653 521 659 540 655 552 667 556 662 565 666 581 651 610 663 623 654 638 667 649 657 663 662 673 655 686 666 694 657 710 655 720 666 737 654 745 661 774 668 796 650 803 650 821 656 838 670 875 654 887 676 875 686 865 685 845 694 837 694 828 686 801 686 790 692 770 686 754 694 741 685 730 693 719 693 710 684 672 686 654 693 641 682 631 692 622 693 612 684 560 687 549 680 517 687 505 699 488 685 460 695 447 687 423 693 409 681 393 692 349 687 339 681 328 692 312 695 293 684 274 691 250 682 236 693 222 685 210 692 192 693"/></Shape>
	    <String CONTENT="امير سلطان روصلو که خود را خاک اقدام مؤرّخان ميداند اين جلد را نیز"
                    HPOS="191"
                    VPOS="643"
                    WIDTH="696"
                    HEIGHT="56"></String>
          </TextLine>
          
          
	  <TextLine ID="eSc_line_120969"
                    
                    BASELINE="191 729 222 729 257 725 345 726 358 724 393 729 431 723 863 724 888 720" 
                    HPOS="190"
                    VPOS="693"
                    WIDTH="697"
                    HEIGHT="50">
            <Shape><Polygon POINTS="190 727 191 719 207 706 233 710 245 704 256 706 263 699 282 712 295 699 315 699 332 716 356 699 380 717 415 698 425 703 439 699 450 710 467 697 483 706 501 704 509 710 522 697 536 704 548 697 562 707 574 698 590 704 599 695 611 695 625 697 646 713 659 704 679 706 687 698 701 705 711 697 720 697 730 705 749 708 765 694 776 701 784 697 796 703 820 693 840 713 869 697 887 719 876 735 860 730 850 741 832 727 803 730 787 739 757 723 731 738 700 731 655 731 643 723 635 730 617 731 567 731 559 725 554 730 530 730 522 738 511 738 502 729 465 732 457 727 422 741 409 736 389 739 376 729 357 731 340 743 318 731 307 738 280 735 270 739 252 738 235 729 212 741 191 739"/></Shape>
	    <String CONTENT="باسم شاهزادۀ جوانبخت سلطنت شعار عمدۀ خواقين عالي تبار وارث سریر"
                    HPOS="190"
                    VPOS="693"
                    WIDTH="697"
                    HEIGHT="50"></String>
          </TextLine>
          
          
	  <TextLine ID="eSc_line_120959"
                    
                    BASELINE="199 769 359 771 407 767 482 765 562 765 598 769 622 765 717 765 744 769 822 769 834 765 863 767 885 768" 
                    HPOS="198"
                    VPOS="735"
                    WIDTH="686"
                    HEIGHT="53">
            <Shape><Polygon POINTS="198 768 199 749 211 742 236 754 247 743 264 738 286 755 307 741 336 760 347 755 351 758 377 735 401 752 420 742 444 738 465 755 485 739 508 742 521 755 542 738 559 738 584 760 594 754 600 760 623 739 642 739 649 746 661 743 678 758 700 741 717 752 730 746 743 758 749 752 757 756 771 751 781 742 800 750 813 743 832 757 856 738 864 742 871 736 881 745 884 767 875 773 852 773 839 786 828 786 813 770 801 779 784 771 755 782 738 768 719 775 688 775 679 769 666 781 654 774 625 773 606 787 596 786 579 770 524 781 511 771 471 780 460 769 428 779 397 770 385 782 370 775 351 788 330 770 277 787 260 774 244 781 231 774 220 774 212 782 199 780"/></Shape>
	    <String CONTENT="شاهي جالس مسند پادشاهي منظور انظار عنايات ربّاني مظهر آثار صنع"
                    HPOS="198"
                    VPOS="735"
                    WIDTH="686"
                    HEIGHT="53"></String>
          </TextLine>
          
          
	  <TextLine ID="eSc_line_120963"
                    
                    BASELINE="195 818 241 817 256 813 283 813 308 807 321 808 337 814 886 814" 
                    HPOS="194"
                    VPOS="783"
                    WIDTH="691"
                    HEIGHT="45">
            <Shape><Polygon POINTS="194 817 195 798 207 787 220 784 239 798 252 784 271 788 281 783 319 784 337 794 346 787 364 784 383 798 442 784 460 795 475 784 488 784 502 799 520 789 540 801 552 800 572 783 604 786 624 798 646 790 659 793 678 783 693 784 713 799 743 792 765 801 776 794 796 792 809 802 824 801 839 786 851 784 877 792 885 813 868 825 844 818 831 828 817 825 805 813 786 825 771 826 755 817 745 825 714 826 704 818 640 818 632 813 617 825 579 817 567 826 548 827 535 815 518 825 480 817 463 827 450 818 426 826 415 818 388 817 378 826 366 825 359 818 330 826 312 812 296 811 280 825 271 818 261 818 250 827 195 822"/></Shape>
	    <String CONTENT="یزداني مهر سپهر سلطنت و کامگاري بدر طارم شوکست و کشور  (۱) گشای رافع"
                    HPOS="194"
                    VPOS="783"
                    WIDTH="691"
                    HEIGHT="45"></String>
          </TextLine>
          
          
	  <TextLine ID="eSc_line_120966"
                    
                    BASELINE="200 857 394 857 444 855 480 855 504 857 524 855 580 853 852 855 888 852" 
                    HPOS="199"
                    VPOS="820"
                    WIDTH="688"
                    HEIGHT="52">
            <Shape><Polygon POINTS="199 856 200 840 219 831 230 831 245 844 256 843 271 827 287 837 306 837 319 826 332 836 342 826 355 831 372 827 388 843 412 826 429 836 439 826 457 831 477 820 503 841 530 820 546 831 560 828 568 837 578 827 602 827 606 832 621 828 632 840 670 825 679 832 686 826 708 826 719 834 739 826 760 841 776 826 800 826 809 832 817 826 833 831 840 825 857 836 872 826 883 836 887 851 857 868 833 857 774 860 768 856 752 868 739 859 717 866 710 859 679 855 648 869 637 868 627 857 606 868 600 863 584 866 570 856 559 862 536 860 522 871 513 864 499 869 480 862 438 860 428 856 421 862 403 860 387 870 376 860 355 868 328 856 308 862 298 872 281 860 254 871 236 857 211 862 200 870"/></Shape>
	    <String CONTENT="الوية العظمة والجلالة قامع البنية الظلّم و الّضلالة ناصر اوليا المؤمنين قاهر"
                    HPOS="199"
                    VPOS="820"
                    WIDTH="688"
                    HEIGHT="52"></String>
          </TextLine>
          
          
	  <TextLine ID="eSc_line_120950"
                    
                    BASELINE="197 901 214 904 258 904 270 901 295 898 851 900 888 895" 
                    HPOS="195"
                    VPOS="863"
                    WIDTH="692"
                    HEIGHT="52">
            <Shape><Polygon POINTS="195 900 198 875 219 883 232 882 241 875 255 879 268 874 276 882 299 883 314 874 325 883 349 883 362 874 382 881 399 874 412 887 470 879 484 890 510 871 522 881 535 872 554 881 565 875 584 879 602 871 625 885 651 871 665 878 684 878 694 888 711 874 729 874 745 889 788 863 812 874 826 870 832 875 843 865 860 876 876 872 887 894 871 907 840 906 833 900 827 906 794 906 782 914 769 909 754 914 738 898 714 914 695 914 682 901 675 907 651 906 636 913 621 901 610 906 589 906 584 901 560 906 547 898 517 906 509 914 494 913 482 901 466 910 444 906 432 912 416 912 407 906 378 912 359 906 313 906 299 913 289 907 276 913 254 912 245 904 216 915 197 915"/></Shape>
	    <String CONTENT="اعدأ المتمرّدين هزبر ميدان صلابت تمساح جيحون شجاعت اسمعيل ميرزا"
                    HPOS="195"
                    VPOS="863"
                    WIDTH="692"
                    HEIGHT="52"></String>
          </TextLine>
          
          
	  <TextLine ID="eSc_line_120947"
                    
                    BASELINE="199 944 217 946 237 941 865 942 891 941" 
                    HPOS="198"
                    VPOS="913"
                    WIDTH="692"
                    HEIGHT="50">
            <Shape><Polygon POINTS="198 942 199 931 224 915 242 915 262 933 271 923 281 927 306 915 326 933 344 915 371 915 380 923 393 922 401 928 414 915 428 913 435 913 451 928 465 931 480 915 490 920 516 915 529 928 537 921 592 922 600 914 621 923 631 913 643 917 666 914 673 921 689 925 710 914 736 935 767 914 782 926 814 914 826 922 849 913 869 914 887 928 890 940 862 955 846 947 801 948 783 941 756 955 744 955 733 946 711 953 688 944 624 950 611 941 606 946 577 947 554 963 543 955 537 960 523 959 510 946 480 954 448 954 439 945 420 948 412 955 397 947 388 954 345 953 334 960 321 959 309 947 290 948 276 957 263 955 255 948 233 948 219 961 199 955"/></Shape>
	    <String CONTENT="نوشته شده اين جلد مشتمل است بر اخبار و آثار جهانباني کشور ستاني"
                    HPOS="198"
                    VPOS="913"
                    WIDTH="692"
                    HEIGHT="50"></String>
          </TextLine>
          
          
	  <TextLine ID="eSc_line_120946"
                    
                    BASELINE="195 986 225 984 838 985 883 982" 
                    HPOS="195"
                    VPOS="953"
                    WIDTH="688"
                    HEIGHT="50">
            <Shape><Polygon POINTS="195 986 197 971 209 960 243 964 261 959 273 970 308 955 315 963 334 960 349 972 381 959 390 969 402 963 412 972 439 954 463 953 496 953 505 963 522 959 533 970 546 973 561 958 572 955 578 961 610 966 619 974 641 954 651 954 669 972 679 974 699 954 716 954 736 974 741 970 752 973 790 963 800 953 815 969 838 961 844 967 859 959 875 969 883 982 879 989 852 991 841 1001 831 999 815 985 807 985 790 998 764 995 754 1002 731 985 701 989 689 1001 661 985 636 995 619 985 597 995 570 988 548 1003 526 985 505 996 489 989 465 995 456 985 428 1001 414 996 396 1002 381 1002 368 989 350 997 338 985 294 992 273 985 244 995 197 992"/></Shape>
	    <String CONTENT="حضرت فردوس مكاني ظل سبحاني الواصل الى مراحم الملك الجليل"
                    HPOS="195"
                    VPOS="953"
                    WIDTH="688"
                    HEIGHT="50"></String>
          </TextLine>
          
          
	  <TextLine ID="eSc_line_120945"
                    
                    BASELINE="204 1027 260 1026 283 1028 886 1026" 
                    HPOS="203"
                    VPOS="992"
                    WIDTH="682"
                    HEIGHT="51">
            <Shape><Polygon POINTS="203 1026 204 995 230 992 334 995 350 1010 369 1010 380 1001 402 1001 423 1016 440 999 467 1010 502 1001 516 1015 561 1005 573 1011 587 1002 600 1010 611 1001 623 1005 631 1001 643 1003 655 1010 669 996 684 1003 705 1002 716 1011 725 1002 739 1010 762 1011 771 1002 786 1008 806 1002 815 1005 826 999 839 1004 855 1002 863 1009 876 1003 885 1026 859 1042 818 1033 697 1039 689 1034 674 1035 667 1028 653 1035 612 1037 594 1033 540 1034 524 1042 494 1034 482 1042 459 1043 447 1034 428 1042 415 1033 345 1031 324 1037 309 1033 283 1043 268 1030 205 1031"/></Shape>
	    <String CONTENT="بو البقأ شاه اسمعيل ايضا ًمشتمل است بر وقايع زمان سلطنت در درج خلافت"
                    HPOS="203"
                    VPOS="992"
                    WIDTH="682"
                    HEIGHT="51"></String>
          </TextLine>
          
          
	  <TextLine ID="eSc_line_120952"
                    
                    BASELINE="204 1068 286 1071 323 1075 349 1073 382 1073 402 1075 665 1074 680 1075 697 1080 868 1080 885 1079" 
                    HPOS="203"
                    VPOS="1034"
                    WIDTH="681"
                    HEIGHT="57">
            <Shape><Polygon POINTS="203 1067 206 1043 216 1047 223 1042 231 1048 249 1034 285 1059 304 1047 320 1059 327 1058 342 1043 353 1048 371 1034 402 1060 414 1058 427 1046 446 1060 460 1046 479 1046 491 1035 501 1037 523 1060 541 1055 554 1042 570 1049 587 1047 606 1060 621 1050 640 1054 648 1047 674 1047 686 1059 703 1054 713 1060 731 1055 751 1035 757 1035 784 1062 806 1048 817 1053 834 1048 843 1056 863 1061 876 1058 884 1078 874 1088 863 1088 857 1083 838 1086 811 1081 802 1090 783 1091 764 1079 739 1088 723 1084 714 1090 694 1090 680 1075 655 1087 641 1078 629 1081 611 1074 592 1085 584 1078 566 1077 537 1090 530 1090 515 1074 467 1078 458 1086 447 1086 434 1074 409 1090 393 1075 345 1078 336 1085 313 1078 293 1086 275 1077 250 1077 235 1086 220 1077 204 1077"/></Shape>
	    <String CONTENT="و جهانداري نيّر برج شوکت و كامگاري الّسلطان ابن الّسلطان ابو مظفّر شاه"
                    HPOS="203"
                    VPOS="1034"
                    WIDTH="681"
                    HEIGHT="57"></String>
          </TextLine>
          
          
	  <TextLine ID="eSc_line_120948"
                    
                    BASELINE="199 1113 230 1112 248 1118 883 1118" 
                    HPOS="199"
                    VPOS="1079"
                    WIDTH="684"
                    HEIGHT="55">
            <Shape><Polygon POINTS="199 1113 201 1090 212 1088 241 1099 270 1079 296 1103 323 1090 349 1088 370 1106 389 1090 408 1099 422 1098 432 1090 453 1090 472 1102 486 1090 504 1088 517 1090 535 1103 542 1097 551 1102 579 1090 599 1100 619 1081 641 1100 654 1090 668 1090 687 1106 705 1091 722 1091 736 1105 757 1090 786 1103 796 1098 805 1105 822 1103 838 1090 853 1099 869 1091 879 1102 883 1118 859 1131 847 1124 824 1123 813 1134 798 1130 789 1122 780 1130 767 1130 757 1123 742 1131 731 1123 695 1130 686 1122 644 1123 638 1118 625 1124 597 1121 579 1129 554 1121 545 1130 535 1130 528 1123 477 1122 469 1130 460 1130 453 1123 414 1126 393 1122 374 1131 357 1122 319 1122 305 1131 286 1130 280 1124 262 1131 241 1130 231 1121 200 1122"/></Shape>
	    <String CONTENT="طهماسپ بهادر خان خلد الله ملكه و سلطانه و افاض على العالمين برّه و عدله"
                    HPOS="199"
                    VPOS="1079"
                    WIDTH="684"
                    HEIGHT="55"></String>
          </TextLine>
          
          
	  <TextLine ID="eSc_line_120951"
                    
                    BASELINE="199 1162 216 1166 254 1163 282 1166 312 1166 349 1162 375 1162 400 1164 463 1166 488 1160 501 1159 521 1162 575 1160 725 1160 748 1163 840 1162 885 1166" 
                    HPOS="198"
                    VPOS="1124"
                    WIDTH="686"
                    HEIGHT="56">
            <Shape><Polygon POINTS="198 1161 199 1147 206 1147 224 1129 236 1130 269 1154 298 1135 312 1132 319 1140 331 1136 349 1153 358 1144 368 1147 391 1124 399 1124 433 1153 465 1134 488 1136 508 1150 530 1129 547 1144 566 1134 579 1147 594 1137 608 1149 624 1137 651 1144 661 1138 670 1143 678 1136 687 1136 694 1143 714 1143 724 1149 733 1140 748 1136 768 1150 775 1145 786 1150 802 1137 813 1137 828 1147 851 1137 864 1150 875 1147 884 1164 871 1179 855 1168 843 1180 827 1170 787 1170 779 1176 758 1164 737 1175 729 1175 718 1164 666 1174 654 1166 619 1167 610 1160 578 1179 567 1168 520 1172 505 1160 495 1167 472 1166 456 1178 444 1176 431 1164 418 1174 401 1168 388 1170 372 1161 357 1173 344 1163 283 1175 266 1163 252 1172 237 1163 209 1173 199 1170"/></Shape>
	    <String CONTENT="و احسانه و نيز محتويست بر احوال سلاطين روميّه و خوانين چغتای"
                    HPOS="198"
                    VPOS="1124"
                    WIDTH="686"
                    HEIGHT="56"></String>
          </TextLine>
          
          
	  <TextLine ID="eSc_line_120953"
                    
                    BASELINE="195 1210 314 1204 364 1207 456 1205 495 1208 617 1207 629 1210 662 1210 688 1206 768 1208 885 1208" 
                    HPOS="194"
                    VPOS="1170"
                    WIDTH="690"
                    HEIGHT="55">
            <Shape><Polygon POINTS="194 1208 197 1193 207 1192 226 1178 274 1189 287 1180 301 1179 307 1185 331 1182 353 1191 369 1176 400 1179 413 1192 439 1179 467 1193 484 1176 499 1182 511 1170 532 1191 547 1187 558 1195 567 1186 583 1185 602 1185 611 1192 627 1176 653 1180 667 1194 695 1178 714 1179 737 1192 748 1191 765 1173 788 1185 800 1179 812 1191 824 1179 833 1179 851 1182 864 1195 877 1194 884 1207 882 1218 871 1223 846 1219 840 1213 819 1223 803 1218 793 1224 765 1221 757 1213 737 1221 726 1212 711 1218 701 1213 670 1225 659 1213 630 1213 610 1221 598 1212 590 1219 527 1223 496 1219 483 1211 469 1218 445 1219 435 1211 421 1221 372 1216 312 1219 305 1213 276 1212 266 1218 248 1211 225 1219 197 1218"/></Shape>
	    <String CONTENT="و خانان ازبکيّة و مشاهير علمأ و صدور و وزرأ که معاصر ایشان بوده اند بعد ازین"
                    HPOS="194"
                    VPOS="1170"
                    WIDTH="690"
                    HEIGHT="55"></String>
          </TextLine>
          
          
	  <TextLine ID="eSc_line_120973"
                    
                    BASELINE="492 1267 540 1259 606 1263" 
                    HPOS="491"
                    VPOS="1237"
                    WIDTH="114"
                    HEIGHT="43">
            <Shape><Polygon POINTS="491 1265 494 1243 508 1242 520 1250 539 1237 554 1245 591 1238 602 1248 605 1262 598 1275 577 1278 570 1273 558 1276 540 1270 529 1280 517 1280 492 1268"/></Shape>
	    <String CONTENT="(۱) ستاني ب"
                    HPOS="491"
                    VPOS="1237"
                    WIDTH="114"
                    HEIGHT="43"></String>
          </TextLine>
          </TextBlock>
          
        </PrintSpace>
      </Page>
    </Layout>
  </alto>
