<?xml version="1.0" encoding="UTF-8"?>
<alto xmlns:xsi="http://www.w3.org/2001/XMLSchema-instance"
      xmlns="http://www.loc.gov/standards/alto/ns-v4#"
      xsi:schemaLocation="http://www.loc.gov/standards/alto/ns-v4# https://gitlab.inria.fr/scripta/escriptorium/-/raw/develop/app/escriptorium/static/alto-4-1-baselines.xsd">
  <Description>
    <MeasurementUnit>pixel</MeasurementUnit>
    <sourceImageInformation>
      <fileName>11.jpg</fileName>
    </sourceImageInformation>
  </Description>
  
  <Tags>
    <OtherTag ID="BT1" LABEL="Title" DESCRIPTION="block type Title"/><OtherTag ID="BT2" LABEL="Main" DESCRIPTION="block type Main"/><OtherTag ID="BT3" LABEL="Commentary" DESCRIPTION="block type Commentary"/><OtherTag ID="BT4" LABEL="Illustration" DESCRIPTION="block type Illustration"/>
    
  </Tags>
  
  <Layout>
    <Page WIDTH="975"
          HEIGHT="1425"
          PHYSICAL_IMG_NR="10"
          ID="eSc_dummypage_">
      <PrintSpace HPOS="0"
                  VPOS="0"
                  WIDTH="975"
                  HEIGHT="1425">
        
        <TextBlock ID="eSc_dummyblock_">
          
	  <TextLine ID="eSc_line_123714"
                    
                    BASELINE="460 162 510 159 564 152 596 152" 
                    HPOS="459"
                    VPOS="127"
                    WIDTH="137"
                    HEIGHT="51">
            <Shape><Polygon POINTS="460 162 459 134 464 129 484 136 494 127 499 133 522 127 540 141 590 128 596 152 589 159 558 160 546 171 515 160 501 169 482 171 475 178 464 175"/></Shape>
	    <String CONTENT="احسن التواريخ"
                    HPOS="459"
                    VPOS="127"
                    WIDTH="137"
                    HEIGHT="51"></String>
          </TextLine>
          
          
	  <TextLine ID="eSc_line_123715"
                    
                    BASELINE="187 224 218 220 340 219 393 214 499 216 514 213 533 216 560 216 573 209 602 211 641 211 774 205 881 206" 
                    HPOS="186"
                    VPOS="167"
                    WIDTH="693"
                    HEIGHT="69">
            <Shape><Polygon POINTS="186 223 191 204 222 201 231 193 251 201 261 195 277 199 287 190 301 188 313 200 331 201 344 188 363 198 409 186 420 195 429 186 448 181 458 186 472 184 494 195 522 188 541 194 556 192 566 201 574 201 598 182 618 193 637 182 666 193 694 176 705 178 719 192 737 178 754 178 764 188 786 181 802 187 832 167 855 171 876 191 879 205 864 214 855 210 826 214 813 207 794 220 765 214 752 223 741 214 718 218 713 213 694 213 688 219 668 210 641 228 627 226 611 213 578 228 561 218 539 228 530 228 522 219 499 226 483 216 439 220 429 228 414 219 397 229 389 222 371 222 359 233 325 225 302 236 256 222 218 226 201 235 187 228"/></Shape>
	    <String CONTENT="بالکلّیّه مرض زایل شده مزاج عالی رو بصوب اعتدال نهاده زبان روزگار به مضمون"
                    HPOS="186"
                    VPOS="167"
                    WIDTH="693"
                    HEIGHT="69"></String>
          </TextLine>
          
          
	  <TextLine ID="eSc_line_123716"
                    
                    BASELINE="654 254 670 251 710 250 748 251 771 247 813 248 843 252 878 249" 
                    HPOS="653"
                    VPOS="214"
                    WIDTH="224"
                    HEIGHT="54">
            <Shape><Polygon POINTS="653 252 666 232 680 236 689 229 697 233 708 222 722 225 737 214 750 224 764 217 781 232 803 223 817 228 828 222 844 235 864 220 874 229 877 248 863 260 847 262 830 255 817 262 782 254 762 263 751 258 732 268 724 268 714 258 679 256 672 261 656 252"/></Shape>
	    <String CONTENT="این ابیات در ترنّم آمد *"
                    HPOS="653"
                    VPOS="214"
                    WIDTH="224"
                    HEIGHT="54"></String>
          </TextLine>
          
          
	  <TextLine ID="eSc_line_123717"
                    
                    BASELINE="335 307 418 306 478 301 603 298 617 295 735 292" 
                    HPOS="334"
                    VPOS="258"
                    WIDTH="399"
                    HEIGHT="63">
            <Shape><Polygon POINTS="334 306 336 289 361 276 383 293 396 295 415 275 426 279 433 274 444 274 460 287 489 275 502 288 529 271 543 271 555 282 570 273 584 277 597 270 612 285 643 269 659 280 682 274 701 258 733 290 704 301 666 302 656 295 646 306 627 313 612 300 592 312 580 300 565 305 552 300 545 307 511 307 503 301 471 307 459 315 448 314 438 305 429 313 416 311 408 320 396 321 382 308 368 317 339 306"/></Shape>
	    <String CONTENT="منّت ایزد را که ذات خسرو گیتي پناه"
                    HPOS="334"
                    VPOS="258"
                    WIDTH="399"
                    HEIGHT="63"></String>
          </TextLine>
          
          
	  <TextLine ID="eSc_line_123718"
                    
                    BASELINE="336 351 352 346 402 343 530 344 560 342 613 342 630 337 667 339 732 334" 
                    HPOS="334"
                    VPOS="312"
                    WIDTH="397"
                    HEIGHT="49">
            <Shape><Polygon POINTS="334 350 336 336 365 315 381 331 390 332 407 319 422 331 438 318 460 319 477 331 510 318 524 328 535 318 551 327 571 320 591 326 604 314 619 323 640 320 648 325 675 312 694 328 716 315 731 333 704 351 692 349 687 353 650 338 643 345 624 349 566 349 555 343 533 361 518 350 479 356 470 346 463 352 403 356 384 355 375 346 366 353 351 355 339 349"/></Shape>
	    <String CONTENT="در پناه محتست از فيض الطـاف آله"
                    HPOS="334"
                    VPOS="312"
                    WIDTH="397"
                    HEIGHT="49"></String>
          </TextLine>
          
          
	  <TextLine ID="eSc_line_123720"
                    
                    BASELINE="339 391 489 390 501 393 522 388 561 385 636 387 726 382" 
                    HPOS="338"
                    VPOS="353"
                    WIDTH="387"
                    HEIGHT="51">
            <Shape><Polygon POINTS="338 390 339 376 351 364 368 365 381 377 403 370 448 370 461 381 482 369 491 366 504 374 523 359 529 363 536 358 548 359 561 372 583 359 592 359 600 368 617 361 632 375 648 364 660 372 687 353 704 366 720 364 725 381 720 391 706 396 686 387 668 395 657 388 637 400 621 389 602 399 593 391 568 399 554 387 535 394 505 393 489 404 467 404 457 395 445 402 433 397 422 402 415 395 394 397 380 390 371 397 339 402"/></Shape>
	    <String CONTENT="بوستان بر دوستان افگند زین بهجت نثار"
                    HPOS="338"
                    VPOS="353"
                    WIDTH="387"
                    HEIGHT="51"></String>
          </TextLine>
          
          
	  <TextLine ID="eSc_line_123721"
                    
                    BASELINE="344 435 361 433 539 434 566 431 636 428 669 429 705 422 735 425" 
                    HPOS="343"
                    VPOS="400"
                    WIDTH="390"
                    HEIGHT="51">
            <Shape><Polygon POINTS="343 434 344 415 357 410 375 409 390 423 415 407 431 407 447 423 463 414 482 420 499 413 514 416 524 406 532 409 543 404 548 409 555 403 566 403 578 415 602 409 623 416 635 408 649 413 663 400 689 406 707 401 733 423 716 432 688 429 656 440 641 435 625 442 613 434 602 442 586 440 573 445 564 435 486 438 473 450 450 448 438 437 409 440 395 451 376 439 344 439"/></Shape>
	    <String CONTENT="ماه تابان بر سپهر انداخت زين شادي کلاه"
                    HPOS="343"
                    VPOS="400"
                    WIDTH="390"
                    HEIGHT="51"></String>
          </TextLine>
          
          
	  <TextLine ID="eSc_line_123722"
                    
                    BASELINE="192 476 232 480 320 482 333 479 395 479 416 476 484 476 496 478 514 475 548 473 560 471 666 471 680 473 699 470 757 466 856 469 885 467 888 466" 
                    HPOS="191"
                    VPOS="434"
                    WIDTH="696"
                    HEIGHT="60">
            <Shape><Polygon POINTS="191 475 192 458 210 452 226 460 245 454 257 466 281 453 295 454 305 461 312 454 338 452 347 460 369 450 377 450 389 460 400 450 413 458 437 451 451 458 464 448 502 448 509 454 523 448 539 456 551 446 564 456 585 446 596 457 604 450 618 457 641 446 653 457 670 442 680 448 695 442 705 450 717 450 726 441 736 441 749 450 762 441 780 440 792 450 807 434 824 444 837 440 843 446 870 445 887 465 874 475 840 471 831 480 818 480 811 473 800 479 787 472 750 470 724 480 705 482 679 472 648 488 640 480 627 488 617 482 603 484 591 472 581 479 562 475 546 491 530 480 517 486 495 480 485 489 470 482 446 480 435 490 422 485 390 489 382 483 353 484 342 494 331 485 307 483 258 494 245 485 230 488 222 482 197 483 192 478"/></Shape>
	    <String CONTENT="بعد از آن شاه عاليجاه امر فرمود كه از دار الارشاد اردبيل شاه پاشا خاتون که (١)"
                    HPOS="191"
                    VPOS="434"
                    WIDTH="696"
                    HEIGHT="60"></String>
          </TextLine>
          
          
	  <TextLine ID="eSc_line_123723"
                    
                    BASELINE="187 529 193 528 219 526 250 529 273 526 309 524 463 524 509 518 561 520 584 516 615 516 629 514 714 515 787 509 863 510 889 507" 
                    HPOS="186"
                    VPOS="475"
                    WIDTH="702"
                    HEIGHT="68">
            <Shape><Polygon POINTS="186 528 209 501 228 501 237 508 252 499 262 508 271 505 280 511 299 492 324 507 333 499 350 507 369 495 389 504 409 497 418 504 442 499 464 509 479 495 492 496 509 486 529 503 554 491 572 508 591 498 604 484 616 483 654 509 676 491 705 499 722 491 745 501 765 491 776 495 786 485 806 492 817 482 824 482 838 490 853 475 862 475 888 505 864 515 844 516 834 509 812 518 783 517 769 527 749 515 727 527 707 516 700 523 687 520 650 532 635 517 623 527 603 532 574 517 567 524 545 523 537 530 518 533 499 521 479 535 459 527 428 536 413 523 381 529 353 526 342 537 330 530 323 535 304 530 293 539 275 529 260 537 239 537 223 530 199 543 187 532"/></Shape>
	    <String CONTENT="عمّۀ آنحضرت بود بعضی تبرکّات خصوصاً  نان ریزه که شاه را بدآن ميل تمام"
                    HPOS="186"
                    VPOS="475"
                    WIDTH="702"
                    HEIGHT="68"></String>
          </TextLine>
          
          
	  <TextLine ID="eSc_line_123731"
                    
                    BASELINE="187 570 217 573 232 570 276 570 314 566 438 567 453 565 507 565 561 561 619 562 705 556 886 558" 
                    HPOS="186"
                    VPOS="529"
                    WIDTH="699"
                    HEIGHT="56">
            <Shape><Polygon POINTS="186 570 219 543 231 543 251 555 292 551 305 558 320 554 333 542 353 543 361 549 370 540 393 540 403 548 415 540 433 539 444 548 464 539 476 548 489 539 501 549 511 539 532 545 558 536 567 545 597 534 636 547 655 535 670 533 685 543 697 537 720 545 733 530 748 529 757 535 777 529 796 541 812 534 832 539 851 529 863 540 876 540 885 556 872 567 856 568 833 560 817 562 796 556 764 561 755 556 738 562 726 574 716 568 697 572 680 561 659 577 644 566 637 573 616 562 610 567 573 566 562 573 556 568 537 570 527 578 518 571 501 577 491 570 483 578 472 579 464 571 447 573 440 568 410 571 402 579 366 570 338 573 323 583 311 581 304 574 286 578 273 573 255 580 238 571 231 575 212 574 200 585 188 580"/></Shape>
	    <String CONTENT="و رغبت مالا كلام بود ترتیب داده بلاهجان فرستد شاه پاشا حسب الامر"
                    HPOS="186"
                    VPOS="529"
                    WIDTH="699"
                    HEIGHT="56"></String>
          </TextLine>
          
          
	  <TextLine ID="eSc_line_123732"
                    
                    BASELINE="195 611 245 611 262 615 289 611 315 611 340 609 491 610 530 605 609 605 621 603 691 599 832 600 852 594 884 594" 
                    HPOS="195"
                    VPOS="570"
                    WIDTH="689"
                    HEIGHT="58">
            <Shape><Polygon POINTS="195 611 197 597 211 586 223 585 233 594 247 586 262 597 273 586 287 590 299 580 315 596 327 585 356 594 378 584 408 596 422 594 437 580 463 580 470 587 482 580 502 598 515 587 547 589 558 579 571 587 593 580 604 589 617 578 638 587 650 577 670 581 684 575 694 586 706 574 722 573 735 580 761 580 771 586 796 573 814 571 827 583 841 571 853 570 862 578 876 578 884 594 858 602 839 616 819 602 803 613 784 605 777 611 764 611 754 604 718 611 707 605 694 616 684 606 640 611 627 605 600 618 587 611 565 615 555 610 545 617 523 612 516 619 499 621 488 612 476 623 457 611 433 625 420 618 409 622 401 613 361 616 347 625 336 616 324 623 299 617 261 623 250 616 237 628 222 617 198 616"/></Shape>
	    <String CONTENT="مطاع ترتیب هدایا و تحف نموده با جمعی از اقوام و مخصوصان بگیلان فرستاد"
                    HPOS="195"
                    VPOS="570"
                    WIDTH="689"
                    HEIGHT="58"></String>
          </TextLine>
          
          
	  <TextLine ID="eSc_line_123733"
                    
                    BASELINE="191 658 197 658 254 657 267 653 294 651 485 653 542 650 570 647 712 648 730 646 771 646 786 641 886 642" 
                    HPOS="190"
                    VPOS="613"
                    WIDTH="695"
                    HEIGHT="56">
            <Shape><Polygon POINTS="190 657 191 649 205 635 250 641 268 627 300 627 308 631 321 627 337 638 353 627 369 627 378 636 466 632 476 637 489 624 509 629 518 622 530 634 552 624 565 636 580 635 596 623 625 630 661 625 675 629 691 617 701 628 707 623 727 628 743 616 754 627 765 615 775 613 783 618 801 615 812 624 824 616 837 627 870 623 885 641 866 654 839 653 830 644 815 657 798 647 773 648 760 656 745 648 729 657 706 649 694 659 681 650 648 650 636 660 600 653 583 654 568 663 558 654 529 665 504 656 494 656 485 663 451 656 433 666 419 656 395 666 372 657 352 666 343 657 326 667 306 654 282 656 277 651 261 667 233 669 195 657"/></Shape>
	    <String CONTENT="چون فرستادگان او  به رشت رسیدند و خبر ایشان بسمع سمیع شاه والا (٢) گهر رسید"
                    HPOS="190"
                    VPOS="613"
                    WIDTH="695"
                    HEIGHT="56"></String>
          </TextLine>
          
          
	  <TextLine ID="eSc_line_123726"
                    
                    BASELINE="190 706 262 701 276 699 334 700 346 698 369 698 397 694 561 695 577 693 612 692 624 689 699 689 713 692 726 688 758 687 770 685 865 685 883 687" 
                    HPOS="188"
                    VPOS="655"
                    WIDTH="694"
                    HEIGHT="61">
            <Shape><Polygon POINTS="188 705 190 693 214 670 236 687 264 674 281 684 312 684 342 667 359 680 377 662 390 665 408 679 422 668 463 679 479 668 499 668 521 676 536 666 553 679 568 666 590 670 596 665 608 674 623 666 635 673 647 665 660 665 670 674 679 666 692 672 705 660 719 665 733 659 742 663 754 661 760 667 773 661 795 676 812 660 845 670 865 655 878 657 882 686 862 700 833 688 824 698 818 694 801 706 784 695 773 700 764 694 735 692 720 699 686 694 669 706 656 697 635 698 629 693 619 699 604 695 597 701 574 698 566 705 552 700 540 706 533 700 516 710 501 700 465 701 459 706 446 703 432 708 410 698 387 703 375 711 359 711 347 701 336 712 323 712 308 701 276 716 263 708 250 708 243 716 219 716 212 708 197 714 190 708"/></Shape>
	    <String CONTENT="کوک علي را باستقبال فرستاد که ایشان را برداشته بدرگاه معلّی آورده میر نجم زرگر"
                    HPOS="188"
                    VPOS="655"
                    WIDTH="694"
                    HEIGHT="61"></String>
          </TextLine>
          
          
	  <TextLine ID="eSc_line_123727"
                    
                    BASELINE="196 743 203 743 277 743 301 741 317 741 330 743 365 741 378 736 418 738 670 738 708 732 855 732 883 735" 
                    HPOS="195"
                    VPOS="704"
                    WIDTH="687"
                    HEIGHT="51">
            <Shape><Polygon POINTS="195 742 197 730 216 716 237 724 249 723 257 730 271 719 299 723 313 714 319 720 349 722 362 713 381 730 397 713 415 713 425 723 446 712 463 729 482 711 498 712 513 724 532 710 547 710 556 719 567 718 583 729 617 708 657 726 678 716 704 714 710 719 718 713 737 713 744 718 762 704 781 719 814 711 832 717 845 708 876 711 882 733 875 741 859 732 840 742 831 742 824 735 806 735 794 744 777 738 765 743 742 733 714 746 706 746 697 737 687 744 666 748 651 748 643 742 631 748 613 739 591 750 575 741 554 749 535 742 516 752 496 750 489 743 475 752 464 752 445 742 428 743 418 751 400 744 385 755 365 744 353 744 332 755 317 744 281 746 271 755 261 755 252 748 230 754 223 746 206 749 197 743"/></Shape>
	    <String CONTENT="و میر حسن ولد مير موسی و امير جهانگیر رشتی که و کلای اميره اسحق بودند"
                    HPOS="195"
                    VPOS="704"
                    WIDTH="687"
                    HEIGHT="51"></String>
          </TextLine>
          
          
	  <TextLine ID="eSc_line_123728"
                    
                    BASELINE="194 789 256 789 281 784 358 786 372 783 415 783 435 779 461 781 571 781 583 779 641 775 798 776 891 773" 
                    HPOS="193"
                    VPOS="745"
                    WIDTH="697"
                    HEIGHT="55">
            <Shape><Polygon POINTS="193 788 194 780 218 760 230 765 242 757 251 767 268 771 285 758 292 764 307 758 342 764 349 757 364 756 372 762 388 761 399 769 418 752 446 762 463 755 471 762 483 762 490 755 514 761 539 754 551 763 564 755 579 758 592 751 605 763 617 751 638 757 662 750 669 757 676 755 694 750 708 749 729 760 735 752 756 754 767 746 783 762 799 746 817 751 827 746 841 760 871 745 887 760 890 771 876 784 856 788 844 787 834 777 821 786 807 779 790 788 776 777 748 781 732 775 712 781 700 792 667 777 630 789 625 784 616 793 600 792 593 784 513 783 497 784 479 796 447 786 433 800 419 792 403 795 395 788 361 794 350 788 345 793 321 788 304 799 281 790 268 800 258 794 245 800 235 794 206 798 195 788"/></Shape>
	    <String CONTENT="رفیق ایشان شده متوجّه لاهجان شدند شاه عالیجاه از آن هدایا به کارکیا و  برادران"
                    HPOS="193"
                    VPOS="745"
                    WIDTH="697"
                    HEIGHT="55"></String>
          </TextLine>
          
          
	  <TextLine ID="eSc_line_123729"
                    
                    BASELINE="197 829 315 828 328 826 409 825 421 822 547 824 560 821 610 821 643 818 735 819 894 810" 
                    HPOS="195"
                    VPOS="788"
                    WIDTH="698"
                    HEIGHT="57">
            <Shape><Polygon POINTS="195 828 197 815 204 808 228 811 238 803 249 808 257 801 279 812 292 802 315 814 365 800 381 809 394 809 408 800 421 812 440 803 454 809 469 799 482 806 509 793 526 803 546 796 555 806 568 801 577 807 602 795 616 807 636 794 648 800 660 793 675 805 686 793 700 798 710 790 726 801 751 800 760 808 773 809 790 792 811 792 818 799 853 788 866 798 881 790 893 809 868 831 852 820 822 821 815 815 808 822 793 822 777 837 765 834 752 821 735 830 710 824 682 832 670 827 660 833 647 821 642 826 629 825 613 836 602 828 592 837 579 832 568 836 549 822 537 830 521 824 492 836 423 827 410 840 394 827 370 843 356 833 331 832 315 840 306 833 243 832 224 845 199 828"/></Shape>
	    <String CONTENT="فرستاده اخي مهماندار را امر فرمود كه آنجماعت را مراعات و ملاحظه کرده"
                    HPOS="195"
                    VPOS="788"
                    WIDTH="698"
                    HEIGHT="57"></String>
          </TextLine>
          
          
	  <TextLine ID="eSc_line_123730"
                    
                    BASELINE="200 874 315 876 349 874 364 870 420 871 542 865 731 866 744 862 757 860 808 862 892 853" 
                    HPOS="199"
                    VPOS="827"
                    WIDTH="692"
                    HEIGHT="63">
            <Shape><Polygon POINTS="199 874 200 862 214 852 256 859 273 847 285 856 307 859 331 840 355 856 372 849 395 856 421 836 431 836 445 849 454 841 471 850 496 843 505 852 513 850 521 856 559 839 575 850 596 839 608 839 631 856 650 838 725 853 743 836 763 846 787 843 799 832 812 843 825 833 837 843 843 838 859 839 871 828 881 827 888 834 891 852 881 863 865 864 852 874 834 863 803 875 789 862 770 875 750 868 735 882 714 870 699 875 689 868 669 878 654 871 638 883 608 871 573 876 553 871 524 884 518 879 508 882 499 875 447 871 426 877 371 876 344 890 328 879 314 884 305 877 290 884 282 878 248 883 226 876 210 887 201 885"/></Shape>
	    <String CONTENT="آنچه شرط مهماني و میزباني باشد بققدیم رساند تا مدّت سه روز آن جماعت در"
                    HPOS="199"
                    VPOS="827"
                    WIDTH="692"
                    HEIGHT="63"></String>
          </TextLine>
          
          
	  <TextLine ID="eSc_line_123709"
                    
                    BASELINE="209 916 295 919 332 913 414 913 429 915 442 912 502 910 516 908 688 909 700 907 718 907 738 902 754 904 893 904" 
                    HPOS="207"
                    VPOS="875"
                    WIDTH="684"
                    HEIGHT="56">
            <Shape><Polygon POINTS="207 915 209 902 222 890 242 897 266 889 282 904 301 887 321 890 339 901 352 901 371 888 381 893 402 888 410 896 452 885 461 894 477 895 491 884 508 888 516 882 534 895 549 882 570 893 587 883 598 883 605 890 617 887 640 891 663 881 686 891 704 875 720 878 730 887 738 883 763 889 783 878 818 890 834 878 856 884 881 876 888 883 891 903 859 909 852 915 839 910 831 916 814 913 795 917 786 909 764 909 760 914 726 910 711 922 685 914 672 920 663 913 612 915 603 910 572 915 562 923 522 912 505 926 477 914 454 916 441 926 429 917 414 921 404 914 385 928 372 919 355 920 340 928 332 920 312 920 285 931 267 920 247 921 236 928 226 923 209 928"/></Shape>
	    <String CONTENT="لاهجان بودند بعد ازآن رخصت انصراف گرفته معاودت کردند و سلاطین لاهجان"
                    HPOS="207"
                    VPOS="875"
                    WIDTH="684"
                    HEIGHT="56"></String>
          </TextLine>
          
          
	  <TextLine ID="eSc_line_123711"
                    
                    BASELINE="204 958 237 961 295 961 358 959 395 955 555 957 635 951 718 951 762 950 780 947 794 948 815 946 895 948" 
                    HPOS="203"
                    VPOS="922"
                    WIDTH="691"
                    HEIGHT="55">
            <Shape><Polygon POINTS="203 957 205 945 214 946 225 935 243 941 258 934 269 942 283 933 311 936 321 946 334 933 350 932 376 944 395 936 406 946 426 931 447 940 464 940 496 925 515 941 533 927 556 940 571 931 581 939 589 932 600 938 609 931 625 934 646 922 674 941 685 940 701 923 742 928 749 935 763 922 775 929 794 922 817 939 837 927 862 928 871 934 878 929 894 947 881 959 866 953 859 959 839 952 826 961 811 961 796 948 774 953 760 965 751 965 742 955 726 955 686 966 668 953 637 957 622 966 604 954 596 963 573 970 554 957 527 963 511 957 505 961 465 958 447 969 412 963 404 957 383 972 369 963 334 971 325 971 318 964 306 976 296 970 282 977 270 976 260 965 218 970 204 965"/></Shape>
	    <String CONTENT="و جمعى که از هدایای مذکوره بهره مند شده بودند در مقابل انواع تحف"
                    HPOS="203"
                    VPOS="922"
                    WIDTH="691"
                    HEIGHT="55"></String>
          </TextLine>
          
          
	  <TextLine ID="eSc_line_123710"
                    
                    BASELINE="205 1009 263 1009 289 1002 279 1009 301 1005 429 1005 447 1003 473 1004 536 998 584 999 627 993 703 995 784 991 801 989 840 989 896 992" 
                    HPOS="204"
                    VPOS="955"
                    WIDTH="691"
                    HEIGHT="68">
            <Shape><Polygon POINTS="204 1008 206 992 226 979 238 982 248 976 262 988 273 978 295 985 305 977 317 986 331 978 339 986 362 991 377 977 397 977 409 988 413 984 434 993 461 973 471 983 512 967 548 982 561 971 578 983 596 978 604 984 613 983 621 974 631 977 641 969 653 973 662 970 675 982 688 972 700 977 716 964 732 971 746 965 763 973 774 965 784 965 794 974 808 965 819 973 847 955 884 976 895 991 879 1004 866 998 841 1004 832 996 814 995 800 1009 782 997 748 1001 732 996 712 1004 680 999 669 1009 654 1001 619 1001 608 1011 591 1003 571 1015 560 1015 547 1004 521 1005 503 1015 494 1009 479 1012 469 1005 457 1007 434 1021 421 1010 406 1015 397 1008 376 1023 343 1010 308 1020 285 1008 269 1017 251 1009 243 1016 228 1011 213 1017 206 1012"/></Shape>
	    <String CONTENT="و تبرّکات از اقمشهٔ نفیسه و امتعه و مرغ مسمّن و ماهي و نارنج و سایر ارمغان گیلان"
                    HPOS="204"
                    VPOS="955"
                    WIDTH="691"
                    HEIGHT="68"></String>
          </TextLine>
          
          
	  <TextLine ID="eSc_line_123713"
                    
                    BASELINE="209 1043 276 1047 288 1045 304 1048 326 1048 346 1046 467 1046 482 1048 496 1042 508 1041 586 1042 666 1039 681 1043 717 1036 758 1037 826 1034 838 1031 896 1034" 
                    HPOS="207"
                    VPOS="1007"
                    WIDTH="688"
                    HEIGHT="57">
            <Shape><Polygon POINTS="207 1042 209 1031 223 1022 251 1031 283 1026 305 1033 317 1021 330 1028 358 1021 376 1035 399 1018 409 1026 421 1018 431 1028 448 1017 465 1028 516 1015 535 1021 549 1015 556 1022 571 1016 583 1024 603 1017 612 1023 624 1012 638 1021 654 1020 667 1009 674 1009 689 1024 708 1020 725 1024 741 1022 763 1007 795 1009 824 1021 836 1010 857 1016 871 1008 891 1023 895 1033 869 1042 820 1043 811 1037 796 1042 743 1041 733 1049 706 1049 697 1059 676 1043 659 1045 653 1050 627 1043 604 1048 584 1043 575 1050 568 1047 549 1056 532 1042 505 1042 486 1058 467 1060 450 1048 429 1046 413 1061 397 1053 378 1064 340 1055 282 1060 271 1052 256 1060 209 1054"/></Shape>
	    <String CONTENT="متحف داشتند و چون آنجماعت بقریۀ (3) کوریم که از قري اردبیل بود رسیدند"
                    HPOS="207"
                    VPOS="1007"
                    WIDTH="688"
                    HEIGHT="57"></String>
          </TextLine>
          
          
	  <TextLine ID="eSc_line_123712"
                    
                    BASELINE="205 1091 224 1088 528 1090 577 1087 592 1083 632 1085 697 1085 743 1080 793 1079 836 1083 847 1086 894 1083 903 1083" 
                    HPOS="204"
                    VPOS="1048"
                    WIDTH="698"
                    HEIGHT="59">
            <Shape><Polygon POINTS="204 1090 205 1072 212 1065 228 1072 233 1066 248 1071 267 1056 308 1075 325 1064 351 1067 366 1061 377 1072 399 1065 412 1077 428 1062 448 1067 459 1061 467 1068 478 1058 496 1069 515 1072 533 1059 548 1072 570 1056 590 1071 615 1048 640 1066 650 1064 674 1072 710 1053 725 1055 736 1065 748 1054 771 1053 783 1062 795 1053 811 1052 827 1066 857 1059 871 1065 884 1061 902 1083 882 1091 869 1086 863 1092 834 1091 822 1081 811 1086 789 1084 779 1093 742 1079 729 1087 708 1086 698 1094 674 1087 662 1096 650 1087 600 1091 592 1085 583 1094 571 1097 537 1090 522 1103 497 1093 483 1100 464 1092 456 1098 435 1093 426 1100 408 1093 395 1094 376 1104 366 1104 359 1097 340 1104 332 1096 308 1093 271 1104 243 1094 224 1107 205 1093"/></Shape>
	    <String CONTENT="و چون شاه پاشا خاتون و محمّد بیگ از وصول ایشان خبر گرفتند متوجّه قریهٔ"
                    HPOS="204"
                    VPOS="1048"
                    WIDTH="698"
                    HEIGHT="59"></String>
          </TextLine>
          
          
	  <TextLine ID="eSc_line_123708"
                    
                    BASELINE="209 1138 226 1136 255 1135 347 1135 384 1131 496 1132 522 1130 573 1130 632 1126 732 1128 774 1124 786 1121 812 1123 897 1121" 
                    HPOS="207"
                    VPOS="1087"
                    WIDTH="689"
                    HEIGHT="66">
            <Shape><Polygon POINTS="207 1137 209 1118 220 1116 243 1119 266 1110 287 1121 293 1115 315 1105 333 1107 343 1116 358 1112 372 1118 384 1107 428 1109 442 1098 470 1112 480 1104 507 1115 524 1104 574 1109 585 1099 596 1110 605 1102 623 1102 669 1117 714 1087 738 1111 758 1092 775 1105 811 1098 821 1109 831 1099 846 1105 856 1097 870 1094 893 1111 896 1121 883 1128 856 1129 846 1136 834 1136 820 1123 811 1130 781 1131 769 1124 757 1136 746 1137 730 1126 704 1141 673 1128 661 1140 640 1132 610 1138 600 1130 590 1141 575 1137 561 1145 546 1137 511 1136 482 1138 473 1144 461 1137 394 1137 366 1149 349 1148 332 1138 323 1148 313 1148 285 1138 269 1141 252 1153 236 1140 228 1144 209 1138"/></Shape>
	    <String CONTENT="مذكوره شده آن تبرّکات و هدايا را برداشته بدار الّسلطنة تبريز متوجّه ملازمت"
                    HPOS="207"
                    VPOS="1087"
                    WIDTH="689"
                    HEIGHT="66"></String>
          </TextLine>
          
          
	  <TextLine ID="eSc_line_123719"
                    
                    BASELINE="210 1180 292 1180 307 1178 357 1176 378 1173 393 1175 476 1175 587 1172 602 1169 731 1170 746 1168 801 1167 815 1169 841 1169 858 1167 905 1166" 
                    HPOS="209"
                    VPOS="1137"
                    WIDTH="695"
                    HEIGHT="55">
            <Shape><Polygon POINTS="209 1179 210 1161 223 1154 244 1166 262 1151 280 1163 298 1145 308 1145 323 1159 350 1157 355 1162 371 1149 394 1157 406 1151 415 1161 425 1162 456 1149 465 1159 476 1157 484 1163 511 1145 536 1151 548 1147 555 1153 572 1145 584 1154 612 1145 627 1151 662 1138 681 1156 694 1143 711 1149 725 1142 739 1154 756 1141 771 1147 786 1141 798 1153 807 1153 826 1137 849 1153 868 1137 904 1164 884 1180 868 1174 857 1185 844 1175 811 1180 793 1172 779 1176 705 1175 687 1186 673 1186 657 1176 627 1175 600 1185 578 1178 529 1180 515 1188 504 1182 466 1189 450 1182 429 1182 418 1191 375 1182 295 1186 271 1192 210 1186"/></Shape>
	    <String CONTENT="رستم بیگ شدند بادعلی آنکه شاید که استرداد جهات و املاک محمّد بيگ که"
                    HPOS="209"
                    VPOS="1137"
                    WIDTH="695"
                    HEIGHT="55"></String>
          </TextLine>
          
          
	  <TextLine ID="eSc_line_123724"
                    
                    BASELINE="608 1246 790 1240 859 1238" 
                    HPOS="606"
                    VPOS="1217"
                    WIDTH="252"
                    HEIGHT="42">
            <Shape><Polygon POINTS="606 1245 622 1227 631 1227 638 1220 649 1225 655 1220 673 1221 697 1233 712 1219 732 1225 758 1218 770 1225 786 1217 822 1223 846 1218 858 1237 850 1252 800 1246 761 1256 752 1249 736 1249 716 1250 704 1258 687 1257 676 1249 643 1252 630 1259 615 1245"/></Shape>
	    <String CONTENT="(1) تا شاه پاشا خاتون ا ندارد"
                    HPOS="606"
                    VPOS="1217"
                    WIDTH="252"
                    HEIGHT="42"></String>
          </TextLine>
          
          
	  <TextLine ID="eSc_line_123735"
                    
                    BASELINE="305 1256 413 1254" 
                    HPOS="304"
                    VPOS="1227"
                    WIDTH="108"
                    HEIGHT="49">
            <Shape><Polygon POINTS="304 1255 305 1237 321 1238 344 1227 369 1238 378 1230 394 1229 408 1242 412 1254 402 1267 378 1268 369 1263 356 1276 336 1276 321 1262 314 1268 306 1265"/></Shape>
	    <String CONTENT="(2) مرتبه ب"
                    HPOS="304"
                    VPOS="1227"
                    WIDTH="108"
                    HEIGHT="49"></String>
          </TextLine>
          
          
	  <TextLine ID="eSc_line_123725"
                    
                    BASELINE="672 1284 688 1287 706 1284 749 1283 782 1284 862 1277" 
                    HPOS="670"
                    VPOS="1250"
                    WIDTH="190"
                    HEIGHT="51">
            <Shape><Polygon POINTS="670 1283 681 1265 695 1267 729 1252 737 1259 749 1251 762 1262 780 1263 788 1256 802 1259 814 1250 822 1257 850 1252 860 1276 849 1289 830 1290 817 1281 803 1295 794 1293 784 1301 756 1283 689 1300 673 1289"/></Shape>
	    <String CONTENT="(3) كوزيم ب کو کريم ج"
                    HPOS="670"
                    VPOS="1250"
                    WIDTH="190"
                    HEIGHT="51"></String>
          </TextLine>
          </TextBlock>
          
        </PrintSpace>
      </Page>
    </Layout>
  </alto>
