<?xml version="1.0" encoding="UTF-8"?>
<alto xmlns:xsi="http://www.w3.org/2001/XMLSchema-instance"
      xmlns="http://www.loc.gov/standards/alto/ns-v4#"
      xsi:schemaLocation="http://www.loc.gov/standards/alto/ns-v4# https://gitlab.inria.fr/scripta/escriptorium/-/raw/develop/app/escriptorium/static/alto-4-1-baselines.xsd">
  <Description>
    <MeasurementUnit>pixel</MeasurementUnit>
    <sourceImageInformation>
      <fileName>14.jpg</fileName>
    </sourceImageInformation>
  </Description>
  
  <Tags>
    <OtherTag ID="BT1" LABEL="Title" DESCRIPTION="block type Title"/><OtherTag ID="BT2" LABEL="Main" DESCRIPTION="block type Main"/><OtherTag ID="BT3" LABEL="Commentary" DESCRIPTION="block type Commentary"/><OtherTag ID="BT4" LABEL="Illustration" DESCRIPTION="block type Illustration"/>
    
  </Tags>
  
  <Layout>
    <Page WIDTH="975"
          HEIGHT="1425"
          PHYSICAL_IMG_NR="13"
          ID="eSc_dummypage_">
      <PrintSpace HPOS="0"
                  VPOS="0"
                  WIDTH="975"
                  HEIGHT="1425">
        
        <TextBlock ID="eSc_dummyblock_">
          
	  <TextLine ID="eSc_line_124054"
                    
                    BASELINE="448 199 579 195" 
                    HPOS="447"
                    VPOS="163"
                    WIDTH="131"
                    HEIGHT="48">
            <Shape><Polygon POINTS="447 198 448 176 459 171 471 172 479 163 513 163 529 179 542 172 561 172 574 163 578 194 546 195 534 206 514 197 497 197 488 205 470 205 463 211 450 209"/></Shape>
	    <String CONTENT="اسحن التواریخ"
                    HPOS="447"
                    VPOS="163"
                    WIDTH="131"
                    HEIGHT="48"></String>
          </TextLine>
          
          
	  <TextLine ID="eSc_line_124055"
                    
                    BASELINE="169 250 201 248 273 248 287 250 324 251 345 250 359 247 385 249 521 249 546 247 704 247 750 243 834 244 859 244" 
                    HPOS="168"
                    VPOS="216"
                    WIDTH="690"
                    HEIGHT="48">
            <Shape><Polygon POINTS="168 249 174 226 200 228 216 236 262 222 270 229 298 229 302 233 323 216 342 230 385 223 393 229 401 226 409 235 426 219 447 223 464 233 480 222 517 222 528 230 537 220 553 220 566 223 577 233 604 218 623 219 632 226 656 218 666 225 697 225 717 233 743 216 765 230 788 216 809 232 831 217 843 226 855 228 858 243 850 258 844 260 832 250 821 261 807 251 798 256 757 248 719 248 708 258 665 249 650 263 632 251 580 250 545 254 530 263 513 255 473 252 460 262 447 256 439 262 416 262 404 254 384 263 374 254 355 257 347 252 327 263 302 257 280 262 267 251 239 251 223 263 209 264 191 254 171 254"/></Shape>
	    <String CONTENT="رستم بیگ شد و بعد از ملاقات خاطر پادشاه و ارکان دولت برآن بود که من بعد"
                    HPOS="168"
                    VPOS="216"
                    WIDTH="690"
                    HEIGHT="48"></String>
          </TextLine>
          
          
	  <TextLine ID="eSc_line_124056"
                    
                    BASELINE="169 288 209 292 251 292 279 289 295 293 309 290 368 294 409 294 421 296 589 296 622 292 648 290 798 290 822 293 838 287 856 288" 
                    HPOS="169"
                    VPOS="260"
                    WIDTH="687"
                    HEIGHT="49">
            <Shape><Polygon POINTS="169 288 171 274 190 270 199 275 210 264 223 275 242 280 263 266 282 276 311 279 325 266 342 266 353 276 369 277 382 266 396 276 408 267 420 274 433 267 452 286 475 267 504 279 515 271 522 277 539 274 568 281 583 267 592 274 606 263 617 274 630 263 642 271 660 263 673 275 698 274 708 263 719 263 725 269 745 269 755 277 767 275 784 260 809 277 827 261 850 262 856 288 833 293 821 304 806 294 793 300 761 296 754 290 722 304 712 294 688 300 668 290 622 308 609 295 598 304 568 296 559 305 546 300 539 306 518 307 486 298 473 299 463 307 447 307 437 299 419 309 403 298 388 308 372 299 364 306 345 307 328 296 304 301 300 298 276 307 267 298 217 298 204 302 197 296 178 299 171 294"/></Shape>
	    <String CONTENT="قاسم بیگ بجانب شیراز نرود و چون بعضی از امراء پرناک بودند حمایت"
                    HPOS="169"
                    VPOS="260"
                    WIDTH="687"
                    HEIGHT="49"></String>
          </TextLine>
          
          
	  <TextLine ID="eSc_line_124057"
                    
                    BASELINE="166 334 252 333 340 337 395 337 483 333 789 334 862 328" 
                    HPOS="165"
                    VPOS="300"
                    WIDTH="695"
                    HEIGHT="52">
            <Shape><Polygon POINTS="165 333 166 314 186 300 205 315 228 311 236 319 262 319 283 307 289 312 299 309 311 321 330 315 353 326 382 308 400 320 418 314 428 318 441 307 461 313 476 300 489 307 504 301 524 318 552 313 574 318 589 308 600 320 616 309 627 319 644 317 649 321 673 321 687 309 704 321 716 320 731 306 756 320 783 306 802 318 818 307 838 312 850 306 857 312 860 327 838 347 798 333 789 339 774 339 763 350 750 343 711 343 703 338 687 340 668 352 634 342 602 347 592 338 562 347 554 339 540 337 513 347 504 342 475 340 467 333 451 346 427 342 419 347 396 336 380 347 366 346 358 352 327 343 318 349 304 342 252 344 233 339 217 344 199 338 174 342 166 334"/></Shape>
	    <String CONTENT="کردند قاسم بیگ خرج بسيار نموده مجدّداً ايالت فارس بدو شفقت شد امّا"
                    HPOS="165"
                    VPOS="300"
                    WIDTH="695"
                    HEIGHT="52"></String>
          </TextLine>
          
          
	  <TextLine ID="eSc_line_124044"
                    
                    BASELINE="399 380 445 380 482 382 551 381 691 382 714 380 730 376 776 376 765 383 790 377 858 375" 
                    HPOS="397"
                    VPOS="343"
                    WIDTH="460"
                    HEIGHT="61">
            <Shape><Polygon POINTS="397 380 401 361 415 364 431 353 451 359 461 349 470 349 479 358 485 352 510 355 522 364 530 358 567 364 579 352 591 357 600 353 618 364 627 356 642 352 657 368 675 351 691 361 706 351 719 356 732 343 755 362 786 361 793 355 807 358 815 350 827 357 841 352 853 362 857 374 852 381 834 383 822 394 814 385 803 388 795 383 762 395 748 383 735 385 714 380 700 393 679 387 655 404 627 382 603 396 558 388 535 394 527 385 480 389 473 383 463 391 447 394 439 385 400 384"/></Shape>
	    <String CONTENT="خواجه روح الله قزويني که وزيرش بود بقتل آوردند *"
                    HPOS="397"
                    VPOS="343"
                    WIDTH="460"
                    HEIGHT="61"></String>
          </TextLine>
          
          
	  <TextLine ID="eSc_line_124046"
                    
                    BASELINE="174 475 399 477 428 475 561 475 575 477 641 477 710 471 861 472" 
                    HPOS="173"
                    VPOS="431"
                    WIDTH="687"
                    HEIGHT="68">
            <Shape><Polygon POINTS="173 475 174 452 182 445 205 457 237 438 264 465 283 447 295 447 311 432 325 431 350 453 364 442 378 457 397 439 419 447 451 440 467 453 477 446 485 451 502 438 517 452 537 454 548 454 562 440 573 440 590 457 602 453 616 467 629 458 637 465 674 433 689 434 701 446 710 439 729 445 741 442 750 452 768 458 782 444 796 448 817 433 836 437 857 458 860 471 841 491 828 490 819 480 801 496 784 494 765 475 717 479 705 471 680 477 661 492 644 494 627 492 613 479 598 492 584 491 572 479 503 482 495 489 484 489 476 480 453 475 439 482 404 482 388 495 374 491 363 480 339 495 328 494 315 480 290 480 271 498 257 499 236 480 229 485 174 482"/></Shape>
	    <String CONTENT="وقایع سنۀ أثنی و تسعمایه گفتار در آمدن احمد"
                    HPOS="173"
                    VPOS="431"
                    WIDTH="687"
                    HEIGHT="68"></String>
          </TextLine>
          
          
	  <TextLine ID="eSc_line_124047"
                    
                    BASELINE="260 542 305 542 334 545 355 542 548 542 562 543 577 548 788 538" 
                    HPOS="258"
                    VPOS="504"
                    WIDTH="529"
                    HEIGHT="68">
            <Shape><Polygon POINTS="258 541 260 515 266 509 294 521 315 508 340 532 359 517 372 515 382 524 402 528 413 539 419 533 429 534 452 515 463 517 469 513 477 513 492 528 503 517 528 516 537 508 551 516 570 509 596 532 610 523 625 523 637 530 648 523 653 528 678 505 692 515 710 505 729 518 748 504 787 537 763 560 744 547 699 548 686 543 667 562 650 558 625 565 616 562 609 570 591 556 574 564 545 549 498 551 489 543 452 551 435 567 419 566 407 555 397 564 383 561 368 549 346 572 307 551 260 549"/></Shape>
	    <String CONTENT="پادشاه از روم وكشته شدن رستم پادشاه"
                    HPOS="258"
                    VPOS="504"
                    WIDTH="529"
                    HEIGHT="68"></String>
          </TextLine>
          
          
	  <TextLine ID="eSc_line_124049"
                    
                    BASELINE="172 616 198 609 276 609 305 612 361 615 378 610 404 609 428 615 458 612 470 615 540 615 559 610 750 610 810 606" 
                    HPOS="171"
                    VPOS="579"
                    WIDTH="638"
                    HEIGHT="51">
            <Shape><Polygon POINTS="171 615 175 584 203 592 218 585 245 591 252 584 264 584 273 592 286 594 326 585 342 597 363 583 378 585 393 596 407 589 423 596 463 592 477 585 491 599 522 589 535 599 548 602 568 584 592 590 606 584 622 599 638 583 662 598 695 590 712 596 733 579 756 594 796 586 809 605 788 619 770 622 750 611 730 618 712 612 687 613 676 623 665 623 654 612 623 628 606 613 593 624 571 616 554 630 533 613 503 625 488 617 472 623 464 615 438 615 421 623 397 615 368 623 338 619 305 627 292 617 273 623 264 615 245 621 228 612 201 613 172 623"/></Shape>
	    <String CONTENT="درین سال حسن علي ترخاني بروم رفت و به سلطان بایزید رسانید که دیار"
                    HPOS="171"
                    VPOS="579"
                    WIDTH="638"
                    HEIGHT="51"></String>
          </TextLine>
          
          
	  <TextLine ID="eSc_line_124050"
                    
                    BASELINE="169 649 203 653 216 651 242 655 345 654 357 651 466 651 516 657 623 657 646 654 710 656 724 654 737 655 769 651 857 653" 
                    HPOS="168"
                    VPOS="618"
                    WIDTH="688"
                    HEIGHT="50">
            <Shape><Polygon POINTS="168 648 173 632 185 634 192 627 205 635 239 641 263 618 290 638 307 632 319 638 336 632 350 637 372 627 388 637 418 641 437 634 451 638 473 627 485 637 498 635 509 646 518 643 534 628 554 640 573 624 603 641 627 628 651 627 661 636 676 625 689 637 711 625 739 643 748 636 761 644 782 625 803 631 814 624 826 632 840 618 853 622 856 651 822 665 795 665 786 657 768 665 760 656 743 666 731 655 711 667 695 666 681 655 667 668 650 656 628 657 612 668 591 667 580 656 555 657 546 667 535 663 524 668 513 667 501 655 492 660 438 662 421 657 408 668 395 660 327 661 318 656 295 668 283 661 271 667 254 662 239 668 229 660 197 660 180 666 169 659"/></Shape>
	    <String CONTENT="آذربایجان و عراق از لشکری که پای ممانعت و صدافعت در میدان محاربه"
                    HPOS="168"
                    VPOS="618"
                    WIDTH="688"
                    HEIGHT="50"></String>
          </TextLine>
          
          
	  <TextLine ID="eSc_line_124058"
                    
                    BASELINE="166 698 439 700 453 698 521 698 571 700 617 699 629 701 667 693 682 695 862 693" 
                    HPOS="165"
                    VPOS="665"
                    WIDTH="695"
                    HEIGHT="48">
            <Shape><Polygon POINTS="165 697 166 687 175 678 200 668 236 678 243 672 268 672 286 687 295 679 307 685 320 681 332 670 356 682 363 678 387 680 395 672 410 679 429 665 446 680 475 667 483 672 511 670 529 688 555 669 580 689 605 670 624 684 643 667 662 680 682 675 692 681 708 679 726 668 739 672 752 685 773 669 783 674 790 667 805 680 821 669 837 673 847 668 857 676 860 692 830 708 821 700 808 701 801 695 786 707 756 695 745 703 725 701 714 707 705 701 674 707 657 695 629 711 618 706 591 712 572 699 529 712 515 701 473 703 466 697 445 713 406 699 400 705 356 704 345 708 306 704 289 713 279 712 269 703 242 712 230 711 220 703 172 705 166 700"/></Shape>
	    <String CONTENT="تواند نهاد خالیست اگر رای عالی اقتضًا فرماید احمد بيک بن اغرلو محمّد"
                    HPOS="165"
                    VPOS="665"
                    WIDTH="695"
                    HEIGHT="48"></String>
          </TextLine>
          
          
	  <TextLine ID="eSc_line_124051"
                    
                    BASELINE="174 737 195 743 514 743 527 741 555 741 573 744 587 742 600 743 618 741 723 739 738 742 861 744" 
                    HPOS="173"
                    VPOS="710"
                    WIDTH="687"
                    HEIGHT="48">
            <Shape><Polygon POINTS="173 736 176 713 195 717 203 724 237 714 251 726 264 714 277 714 288 723 306 716 327 726 346 717 365 735 381 724 397 726 418 716 435 727 451 722 471 726 483 714 498 724 528 724 548 713 559 724 572 722 580 729 599 710 606 710 619 723 653 713 663 724 682 713 695 722 710 712 731 717 743 712 762 730 783 720 803 720 819 732 847 719 857 727 860 743 837 754 825 752 815 743 789 744 779 754 768 754 758 745 745 752 738 745 703 745 695 739 667 745 654 754 638 752 617 741 592 752 577 743 549 748 492 742 475 748 437 745 429 751 413 744 376 755 359 753 346 754 332 758 323 749 309 756 289 744 267 748 255 757 233 748 214 746 204 755 174 748"/></Shape>
	    <String CONTENT="بن حسن پادشاه كه وارث آن مملکت است با فوجي از سپاه ظفر پناه روانۀ"
                    HPOS="173"
                    VPOS="710"
                    WIDTH="687"
                    HEIGHT="48"></String>
          </TextLine>
          
          
	  <TextLine ID="eSc_line_124059"
                    
                    BASELINE="169 782 220 786 627 786 650 783 770 783 837 780 853 782" 
                    HPOS="169"
                    VPOS="751"
                    WIDTH="684"
                    HEIGHT="49">
            <Shape><Polygon POINTS="169 782 172 760 186 768 209 765 218 773 233 758 270 758 287 774 304 764 325 769 337 760 375 753 396 765 406 773 425 764 435 768 445 758 461 769 485 765 494 771 514 763 528 768 547 757 558 768 572 765 577 770 598 751 617 769 635 758 651 767 662 757 676 764 695 756 706 767 722 757 741 762 751 754 768 767 788 769 803 756 826 763 849 751 853 782 825 794 798 787 782 794 757 783 738 798 701 783 694 788 673 783 618 798 602 788 586 796 572 788 516 792 499 786 489 794 476 789 467 796 447 798 438 788 421 792 402 786 387 795 369 790 356 800 342 790 327 789 305 792 293 800 285 792 273 798 264 790 230 790 219 786 207 796 195 799 187 792 171 799"/></Shape>
	    <String CONTENT="آنجانب گردند که تسخير آن مملکت بسهولت ميسّر است پادشاه رومرا"
                    HPOS="169"
                    VPOS="751"
                    WIDTH="684"
                    HEIGHT="49"></String>
          </TextLine>
          
          
	  <TextLine ID="eSc_line_124052"
                    
                    BASELINE="165 832 384 832 396 834 415 831 479 828 513 833 644 833 717 827 730 828 862 825" 
                    HPOS="163"
                    VPOS="795"
                    WIDTH="697"
                    HEIGHT="54">
            <Shape><Polygon POINTS="163 831 165 821 185 803 201 812 225 813 243 805 262 822 276 812 292 813 302 803 317 802 326 809 336 801 353 817 363 817 381 801 404 817 418 807 439 811 447 802 463 812 472 803 498 803 508 813 532 802 540 811 551 809 558 815 578 802 589 803 597 812 615 813 635 801 659 813 675 814 692 800 711 809 725 801 739 812 763 795 781 809 799 808 812 798 834 801 841 808 847 805 860 824 846 834 781 833 773 827 745 840 704 839 698 833 689 840 675 836 659 840 651 833 636 843 622 841 611 833 594 841 580 834 571 843 560 843 548 832 526 846 513 845 499 833 469 837 459 831 435 836 406 832 389 841 355 836 346 843 332 834 323 839 309 831 298 841 279 841 270 849 261 849 248 837 231 847 223 840 205 838 178 841 166 833"/></Shape>
	    <String CONTENT="سلطنت آدر بايجان و عراق موافق مزاج افقاد احمد بيگ را با فوجي از رومیان"
                    HPOS="163"
                    VPOS="795"
                    WIDTH="697"
                    HEIGHT="54"></String>
          </TextLine>
          
          
	  <TextLine ID="eSc_line_124039"
                    
                    BASELINE="169 872 188 871 217 874 280 874 299 876 534 876 548 874 577 874 592 877 621 874 641 876 681 871 714 870 873 871" 
                    HPOS="168"
                    VPOS="832"
                    WIDTH="704"
                    HEIGHT="59">
            <Shape><Polygon POINTS="168 871 169 857 185 847 194 847 205 857 218 850 236 858 248 846 268 852 279 846 287 853 308 832 342 859 374 856 387 864 400 851 409 853 426 846 440 852 451 844 467 855 491 846 514 863 526 863 547 845 571 852 584 846 605 862 625 844 648 862 689 852 703 862 712 853 735 852 749 844 782 860 800 843 813 850 832 843 862 868 872 870 798 883 780 874 758 885 739 876 713 877 705 870 695 877 674 877 660 887 637 875 611 891 592 876 583 877 572 888 549 877 534 891 524 890 511 877 503 884 490 885 483 878 465 875 456 875 439 888 425 878 408 884 390 875 375 887 345 885 333 875 317 887 285 875 276 883 255 878 244 885 226 877 205 885 169 876"/></Shape>
	    <String CONTENT="سنگدل برفاقت حسن علي ترخاني روانه گردانید چون توجّه ایشان در بلاد"
                    HPOS="168"
                    VPOS="832"
                    WIDTH="704"
                    HEIGHT="59"></String>
          </TextLine>
          
          
	  <TextLine ID="eSc_line_124041"
                    
                    BASELINE="169 923 214 923 247 917 280 920 321 920 352 916 371 917 383 923 397 923 428 921 440 916 496 919 591 919 659 913 722 913 752 919 793 919 819 916 833 913 869 915" 
                    HPOS="168"
                    VPOS="884"
                    WIDTH="700"
                    HEIGHT="54">
            <Shape><Polygon POINTS="168 922 171 907 207 897 216 906 232 891 257 890 275 903 286 903 299 891 321 898 331 908 343 908 359 891 375 893 383 901 394 896 406 907 418 896 437 897 448 891 465 907 483 891 495 896 504 889 518 890 534 906 542 907 560 889 577 898 592 890 603 900 617 895 635 898 643 890 665 888 680 902 693 891 716 888 742 907 763 888 784 897 799 889 815 906 839 885 847 884 864 901 868 914 844 932 832 925 820 929 812 922 781 928 765 922 752 927 738 915 727 921 692 922 679 931 665 919 616 922 605 916 580 921 570 931 537 929 526 917 508 929 494 923 472 929 461 920 440 931 413 933 403 923 381 931 366 925 352 938 343 936 328 923 321 929 300 923 286 931 267 919 242 935 222 921 201 931 171 928"/></Shape>
	    <String CONTENT="آذر بايجان منتشر گشت امراى ترکمان طريق بيوفائي پيش گرفته روى"
                    HPOS="168"
                    VPOS="884"
                    WIDTH="700"
                    HEIGHT="54"></String>
          </TextLine>
          
          
	  <TextLine ID="eSc_line_124040"
                    
                    BASELINE="174 960 875 959" 
                    HPOS="173"
                    VPOS="927"
                    WIDTH="701"
                    HEIGHT="55">
            <Shape><Polygon POINTS="173 959 178 934 193 945 210 934 222 940 232 934 249 948 270 927 292 947 323 933 344 952 359 941 369 944 385 934 404 947 412 940 437 940 448 952 461 951 484 929 505 940 518 932 541 952 573 932 600 952 623 940 649 941 665 952 686 934 706 940 717 929 748 946 762 933 771 932 793 948 802 939 822 942 838 933 865 958 874 958 860 959 850 970 837 965 802 966 794 960 777 971 748 969 731 959 712 973 703 973 693 965 674 966 666 959 655 966 638 965 612 982 594 967 552 969 540 959 514 971 503 965 485 965 471 978 460 977 444 960 423 971 400 959 357 977 342 966 331 971 300 970 287 960 276 969 258 967 251 961 238 973 220 961 198 966 192 960 175 977"/></Shape>
	    <String CONTENT="باحمد بيگ آوردند حسين بيگ عليخاني عبد الكريم بيگ الله را که از"
                    HPOS="173"
                    VPOS="927"
                    WIDTH="701"
                    HEIGHT="55"></String>
          </TextLine>
          
          
	  <TextLine ID="eSc_line_124032"
                    
                    BASELINE="173 1003 869 1004" 
                    HPOS="172"
                    VPOS="974"
                    WIDTH="696"
                    HEIGHT="47">
            <Shape><Polygon POINTS="172 1002 173 986 191 990 210 978 230 990 243 979 256 979 279 996 299 979 338 989 350 978 362 983 370 979 381 988 408 986 426 974 440 989 454 978 473 980 485 990 523 977 537 978 555 991 567 982 579 988 589 983 616 996 635 982 649 990 657 982 679 984 688 992 720 974 742 991 757 976 788 991 807 977 818 982 824 977 839 978 868 1003 855 1003 847 1009 812 1009 802 1015 787 1008 777 1016 763 1008 752 1018 738 1010 722 1014 688 1005 666 1016 648 1003 627 1016 612 1007 571 1016 556 1004 503 1017 488 1009 479 1015 459 1011 444 1017 429 1007 416 1018 401 1018 389 1016 378 1005 361 1018 345 1010 334 1018 320 1011 286 1018 275 1009 242 1012 235 1007 229 1011 200 1012 188 1021 173 1015"/></Shape>
	    <String CONTENT="خاصان رستم بيگ بود در حدود سلطانيه بقتل آورده غرۀ رمضان سنۀ مذکوره"
                    HPOS="172"
                    VPOS="974"
                    WIDTH="696"
                    HEIGHT="47"></String>
          </TextLine>
          
          
	  <TextLine ID="eSc_line_124033"
                    
                    BASELINE="165 1060 181 1052 220 1050 572 1050 596 1053 609 1048 635 1046 822 1046 857 1047 864 1047" 
                    HPOS="163"
                    VPOS="1020"
                    WIDTH="700"
                    HEIGHT="47">
            <Shape><Polygon POINTS="163 1059 165 1036 173 1028 200 1022 239 1023 248 1031 261 1034 275 1021 289 1030 296 1024 319 1022 332 1034 355 1024 370 1037 380 1036 395 1021 413 1034 433 1020 456 1034 476 1021 502 1037 533 1029 549 1037 560 1027 579 1022 599 1035 617 1020 641 1035 649 1027 669 1030 682 1021 699 1031 718 1020 736 1033 744 1026 761 1023 777 1035 793 1035 801 1027 822 1021 830 1027 839 1023 863 1046 817 1059 796 1050 786 1060 770 1053 738 1050 731 1058 718 1053 704 1066 688 1052 649 1055 641 1050 624 1060 586 1052 562 1061 551 1049 537 1061 517 1062 498 1054 484 1060 476 1053 465 1064 452 1056 412 1056 404 1052 383 1062 365 1054 333 1061 311 1054 285 1062 275 1058 261 1062 251 1056 236 1060 228 1053 199 1054 178 1067 166 1059"/></Shape>
	    <String CONTENT="خطبه و سکه بنام احمد بیگ کرد چون رستم بیگ این خبر ناخوش را استماع"
                    HPOS="163"
                    VPOS="1020"
                    WIDTH="700"
                    HEIGHT="47"></String>
          </TextLine>
          
          
	  <TextLine ID="eSc_line_124035"
                    
                    BASELINE="174 1092 380 1094 397 1092 524 1092 621 1088 814 1088 856 1091" 
                    HPOS="174"
                    VPOS="1060"
                    WIDTH="682"
                    HEIGHT="50">
            <Shape><Polygon POINTS="174 1092 175 1078 195 1065 220 1080 230 1072 255 1075 263 1067 279 1077 299 1072 313 1077 325 1068 345 1066 370 1081 381 1077 390 1084 410 1072 428 1077 440 1067 452 1067 461 1077 475 1074 484 1084 498 1071 520 1072 528 1080 541 1068 552 1072 577 1065 585 1072 598 1065 611 1075 619 1068 634 1072 648 1060 679 1079 693 1067 706 1073 722 1064 743 1079 757 1066 788 1064 803 1079 814 1068 831 1075 846 1062 852 1068 856 1091 826 1103 818 1103 803 1090 794 1099 763 1094 746 1105 729 1096 697 1103 684 1090 669 1103 651 1091 635 1105 625 1104 613 1092 602 1100 589 1091 543 1104 532 1092 522 1102 510 1098 496 1110 476 1096 406 1100 394 1093 380 1106 364 1097 290 1100 281 1094 269 1099 226 1099 222 1094 206 1104 175 1100"/></Shape>
	    <String CONTENT="نمود بالشکر انبوه و گروه با شكوه بعزم صمانعت و مدافعت احمد بيگ"
                    HPOS="174"
                    VPOS="1060"
                    WIDTH="682"
                    HEIGHT="50"></String>
          </TextLine>
          
          
	  <TextLine ID="eSc_line_124031"
                    
                    BASELINE="165 1126 181 1136 195 1137 775 1136 864 1138" 
                    HPOS="163"
                    VPOS="1104"
                    WIDTH="700"
                    HEIGHT="50">
            <Shape><Polygon POINTS="163 1125 182 1110 193 1115 204 1111 216 1123 226 1123 241 1109 260 1110 277 1126 295 1115 311 1123 336 1109 353 1122 371 1110 394 1118 414 1110 431 1123 448 1110 471 1115 482 1109 501 1125 518 1113 535 1124 554 1105 585 1125 611 1107 627 1119 657 1104 669 1116 688 1106 701 1109 712 1119 729 1112 741 1123 752 1118 761 1125 788 1109 811 1125 834 1109 847 1116 863 1137 846 1147 825 1150 815 1149 802 1136 788 1141 763 1136 752 1147 743 1147 735 1138 718 1147 701 1137 669 1147 660 1137 637 1143 621 1136 606 1148 581 1150 566 1136 552 1147 541 1147 528 1136 504 1153 496 1144 484 1148 477 1141 450 1142 434 1136 402 1148 382 1148 357 1138 343 1145 307 1136 287 1149 276 1143 268 1149 255 1142 223 1145 210 1137 186 1154 165 1138"/></Shape>
	    <String CONTENT="روان شد و در كنار آب اس ارس آن دو پادشاه عاليجاه بلکه دو پلنگ كينه"
                    HPOS="163"
                    VPOS="1104"
                    WIDTH="700"
                    HEIGHT="50"></String>
          </TextLine>
          
          
	  <TextLine ID="eSc_line_124036"
                    
                    BASELINE="169 1183 389 1183 429 1182 441 1179 858 1179" 
                    HPOS="168"
                    VPOS="1147"
                    WIDTH="689"
                    HEIGHT="48">
            <Shape><Polygon POINTS="168 1182 171 1164 181 1166 191 1157 203 1156 219 1166 233 1160 244 1169 254 1160 275 1168 288 1155 299 1161 314 1155 345 1170 364 1156 388 1155 400 1167 418 1157 428 1168 444 1157 460 1170 478 1154 497 1159 514 1151 523 1161 536 1153 566 1155 579 1150 598 1169 627 1147 653 1164 669 1154 694 1167 708 1156 718 1157 727 1167 744 1153 771 1166 787 1156 799 1163 814 1153 827 1161 839 1154 857 1178 825 1192 817 1192 799 1178 779 1192 765 1186 751 1193 726 1193 717 1183 699 1193 687 1181 655 1187 637 1179 621 1192 604 1194 592 1193 579 1180 573 1185 529 1186 516 1178 495 1194 483 1187 465 1194 454 1183 432 1194 416 1186 399 1193 389 1183 363 1186 353 1194 330 1194 321 1186 295 1195 276 1194 267 1187 249 1195 239 1195 232 1188 214 1195 205 1187 169 1194"/></Shape>
	    <String CONTENT="خواه در برابر هم صف آرای گشتند گردان هر دو لشکر و دلیران هر دو کشور"
                    HPOS="168"
                    VPOS="1147"
                    WIDTH="689"
                    HEIGHT="48"></String>
          </TextLine>
          
          
	  <TextLine ID="eSc_line_124042"
                    
                    BASELINE="169 1225 282 1225 371 1224 389 1221 489 1221 542 1227 581 1225 666 1227 748 1221 820 1223 837 1220 858 1223" 
                    HPOS="168"
                    VPOS="1194"
                    WIDTH="689"
                    HEIGHT="46">
            <Shape><Polygon POINTS="168 1224 172 1197 191 1206 207 1204 225 1210 238 1197 249 1197 275 1216 288 1202 296 1204 307 1195 324 1207 345 1205 358 1195 378 1207 394 1198 406 1210 425 1195 465 1206 478 1194 485 1194 498 1207 516 1204 527 1214 552 1204 579 1201 589 1207 598 1205 608 1213 625 1197 653 1212 666 1200 679 1198 687 1198 707 1212 718 1202 736 1205 743 1199 757 1208 770 1201 784 1211 803 1201 819 1207 846 1202 857 1221 839 1231 801 1231 787 1224 777 1233 755 1221 744 1233 730 1238 722 1238 711 1227 699 1238 686 1231 676 1239 666 1238 655 1229 644 1237 631 1231 613 1237 598 1232 581 1239 561 1227 533 1239 520 1226 498 1238 486 1226 458 1235 452 1229 413 1231 402 1224 384 1240 368 1229 358 1229 340 1240 320 1224 313 1224 294 1239 275 1224 268 1231 223 1232 211 1227 190 1235 169 1230"/></Shape>
	    <String CONTENT="دست به نیزه و تیغ و تبر برده بهم در آمیختند از کثرت گرد خاک دیدۀ"
                    HPOS="168"
                    VPOS="1194"
                    WIDTH="689"
                    HEIGHT="46"></String>
          </TextLine>
          
          
	  <TextLine ID="eSc_line_124034"
                    
                    BASELINE="166 1273 204 1273 228 1269 813 1270 862 1266" 
                    HPOS="165"
                    VPOS="1239"
                    WIDTH="695"
                    HEIGHT="49">
            <Shape><Polygon POINTS="165 1273 169 1257 178 1258 197 1243 216 1255 223 1250 248 1254 256 1245 270 1254 299 1244 327 1252 345 1245 352 1252 369 1254 385 1242 402 1242 410 1250 425 1242 434 1251 450 1252 465 1243 484 1255 498 1256 505 1249 527 1249 534 1242 566 1251 580 1240 591 1250 612 1254 628 1240 643 1240 651 1249 679 1250 686 1243 701 1248 714 1240 730 1256 739 1258 760 1239 771 1245 781 1242 803 1252 814 1243 827 1240 846 1243 860 1265 841 1275 799 1275 788 1269 754 1288 736 1284 726 1276 719 1281 708 1274 685 1282 675 1273 651 1269 618 1273 610 1278 589 1269 574 1283 567 1283 556 1273 520 1278 502 1270 490 1281 467 1273 457 1281 427 1277 415 1286 400 1274 370 1275 359 1283 334 1276 312 1286 299 1276 217 1276 197 1282 174 1280 166 1274"/></Shape>
	    <String CONTENT="افلاک تيرگي پذيرفت غالب از مغلوب و مقهور از منصور تمیز نشد احمد بيگ"
                    HPOS="165"
                    VPOS="1239"
                    WIDTH="695"
                    HEIGHT="49"></String>
          </TextLine>
          
          
	  <TextLine ID="eSc_line_124037"
                    
                    BASELINE="172 1318 235 1318 286 1313 402 1312 866 1313" 
                    HPOS="171"
                    VPOS="1276"
                    WIDTH="694"
                    HEIGHT="65">
            <Shape><Polygon POINTS="171 1316 172 1299 178 1301 193 1287 217 1300 230 1287 245 1296 288 1297 296 1289 317 1286 324 1292 343 1281 356 1290 372 1288 384 1300 401 1284 419 1287 427 1295 437 1290 445 1296 459 1290 478 1293 489 1282 498 1281 522 1297 524 1276 543 1286 556 1294 571 1289 579 1296 598 1286 611 1293 621 1287 643 1301 662 1284 697 1294 714 1286 727 1293 741 1286 762 1293 771 1302 794 1286 801 1293 813 1290 822 1299 844 1290 865 1312 853 1312 831 1326 798 1318 787 1327 776 1327 758 1316 746 1316 732 1331 698 1316 675 1328 661 1321 642 1331 625 1318 617 1318 604 1331 586 1319 567 1338 558 1339 549 1331 536 1341 524 1339 497 1316 477 1331 470 1331 459 1320 434 1327 421 1316 410 1327 406 1324 388 1341 364 1324 343 1331 333 1321 286 1320 262 1321 245 1330 236 1321 225 1332 211 1325 172 1324"/></Shape>
	    <String CONTENT="در همان مقام که دریای معرکه در تموّج آمده بود لنگر وقار انداخت رستم بیگ"
                    HPOS="171"
                    VPOS="1276"
                    WIDTH="694"
                    HEIGHT="65"></String>
          </TextLine>
          </TextBlock>
          
        </PrintSpace>
      </Page>
    </Layout>
  </alto>
