<?xml version="1.0" encoding="UTF-8"?>
<alto xmlns:xsi="http://www.w3.org/2001/XMLSchema-instance"
      xmlns="http://www.loc.gov/standards/alto/ns-v4#"
      xsi:schemaLocation="http://www.loc.gov/standards/alto/ns-v4# https://gitlab.inria.fr/scripta/escriptorium/-/raw/develop/app/escriptorium/static/alto-4-1-baselines.xsd">
  <Description>
    <MeasurementUnit>pixel</MeasurementUnit>
    <sourceImageInformation>
      <fileName>15.jpg</fileName>
    </sourceImageInformation>
  </Description>
  
  <Tags>
    <OtherTag ID="BT1" LABEL="Title" DESCRIPTION="block type Title"/><OtherTag ID="BT2" LABEL="Main" DESCRIPTION="block type Main"/><OtherTag ID="BT3" LABEL="Commentary" DESCRIPTION="block type Commentary"/><OtherTag ID="BT4" LABEL="Illustration" DESCRIPTION="block type Illustration"/>
    
  </Tags>
  
  <Layout>
    <Page WIDTH="975"
          HEIGHT="1425"
          PHYSICAL_IMG_NR="14"
          ID="eSc_dummypage_">
      <PrintSpace HPOS="0"
                  VPOS="0"
                  WIDTH="975"
                  HEIGHT="1425">
        
        <TextBlock ID="eSc_dummyblock_">
          
	  <TextLine ID="eSc_line_124061"
                    
                    BASELINE="450 168 469 167 489 162 556 157 584 159" 
                    HPOS="448"
                    VPOS="130"
                    WIDTH="135"
                    HEIGHT="50">
            <Shape><Polygon POINTS="448 167 448 143 467 140 477 131 484 136 495 130 508 131 526 147 567 130 578 141 583 157 575 157 568 166 540 166 528 176 503 165 483 174 471 172 459 180 452 179"/></Shape>
	    <String CONTENT="احسن التواريخ"
                    HPOS="448"
                    VPOS="130"
                    WIDTH="135"
                    HEIGHT="50"></String>
          </TextLine>
          
          
	  <TextLine ID="eSc_line_124062"
                    
                    BASELINE="165 216 174 216 321 219 407 214 566 216 592 213 676 212 771 214 784 217 805 211 830 213 861 211" 
                    HPOS="163"
                    VPOS="178"
                    WIDTH="697"
                    HEIGHT="57">
            <Shape><Polygon POINTS="163 214 166 179 184 195 199 193 207 185 217 191 237 187 255 203 276 190 290 201 300 194 314 198 328 193 351 193 362 201 374 192 395 200 408 193 428 198 438 188 482 195 496 187 503 194 514 192 527 205 558 186 584 201 598 192 615 199 631 185 655 187 672 197 692 185 704 193 720 186 755 199 777 179 784 179 796 191 811 187 818 193 843 178 858 193 860 210 826 224 809 214 793 225 781 218 768 226 749 213 726 225 704 225 693 217 640 222 619 219 612 212 592 228 577 219 552 220 536 231 517 217 494 228 484 219 461 222 453 214 433 229 419 222 393 220 381 225 366 220 352 235 344 235 327 222 304 232 293 224 280 232 275 229 251 232 233 218 216 218 203 229 188 223 165 226"/></Shape>
	    <String CONTENT="نبز در آن موضع که حادثه در دامن دولت او دست زده بود پای (۱) ثبات"
                    HPOS="163"
                    VPOS="178"
                    WIDTH="697"
                    HEIGHT="57"></String>
          </TextLine>
          
          
	  <TextLine ID="eSc_line_124063"
                    
                    BASELINE="162 269 173 267 205 262 396 263 410 261 463 262 502 260 526 262 549 257 806 258 824 255 855 256" 
                    HPOS="161"
                    VPOS="225"
                    WIDTH="692"
                    HEIGHT="52">
            <Shape><Polygon POINTS="161 268 162 255 187 230 206 244 220 242 228 247 237 237 249 239 271 229 294 245 312 241 321 250 337 235 365 244 377 233 391 247 408 236 423 233 432 239 445 235 457 247 476 238 486 249 503 237 518 249 539 232 551 237 562 231 597 245 616 231 646 243 666 235 678 245 695 233 712 247 731 229 743 236 757 229 782 243 796 231 805 237 830 225 839 235 850 236 853 255 841 264 821 258 801 269 782 257 769 267 750 261 741 268 718 270 706 258 682 270 668 262 649 270 636 266 625 271 603 258 589 271 562 263 546 274 523 270 515 262 491 275 477 266 465 274 447 274 439 267 401 268 395 262 371 277 355 268 326 277 311 268 298 275 277 268 270 274 254 270 241 276 225 268 205 270 197 264 182 274 162 274"/></Shape>
	    <String CONTENT="بيفشرد بهادران هم دو سپاه و دلاوران هر دو پادشاه بار دیگر در ظلّ رایت آن"
                    HPOS="161"
                    VPOS="225"
                    WIDTH="692"
                    HEIGHT="52"></String>
          </TextLine>
          
          
	  <TextLine ID="eSc_line_124064"
                    
                    BASELINE="347 299 354 300 461 306 548 305 562 306 578 300 707 301 723 299 813 298 836 295 858 298" 
                    HPOS="346"
                    VPOS="271"
                    WIDTH="511"
                    HEIGHT="48">
            <Shape><Polygon POINTS="346 298 364 285 377 289 394 276 420 283 437 277 444 285 457 275 466 283 485 279 496 287 507 277 516 282 526 279 535 288 546 283 554 289 573 277 590 283 605 275 616 286 627 287 636 277 654 276 663 282 674 275 692 276 700 271 717 281 725 282 742 271 750 281 775 283 794 273 809 282 828 285 845 274 855 280 857 296 833 312 820 305 798 313 790 307 780 314 768 305 746 312 736 305 723 314 703 304 657 305 646 317 625 311 613 314 605 307 577 307 553 318 545 314 529 318 522 312 509 318 472 309 452 311 441 319 428 312 415 318 395 308 370 313 350 299"/></Shape>
	    <String CONTENT="دو سردار مجتمع گشته تیغ و شمشیر بر فرق یکدیگر کوفتند *"
                    HPOS="346"
                    VPOS="271"
                    WIDTH="511"
                    HEIGHT="48"></String>
          </TextLine>
          
          
	  <TextLine ID="eSc_line_124090"
                    
                    BASELINE="166 307 181 305 251 305" 
                    HPOS="165"
                    VPOS="277"
                    WIDTH="85"
                    HEIGHT="47">
            <Shape><Polygon POINTS="165 306 166 294 173 287 188 290 203 277 219 280 228 288 238 287 250 304 238 313 224 308 194 324 167 306"/></Shape>
	    <String CONTENT="* نظم *"
                    HPOS="165"
                    VPOS="277"
                    WIDTH="85"
                    HEIGHT="47"></String>
          </TextLine>
          
          
	  <TextLine ID="eSc_line_124065"
                    
                    BASELINE="535 352 556 351 578 346 592 349 667 349 681 346 745 346 771 343 845 343" 
                    HPOS="534"
                    VPOS="317"
                    WIDTH="310"
                    HEIGHT="44">
            <Shape><Polygon POINTS="534 351 535 337 552 330 575 328 585 334 598 324 623 333 647 317 665 325 675 319 688 332 700 331 716 318 730 319 741 330 757 325 764 332 777 320 799 318 812 330 834 320 844 342 821 358 803 346 782 361 767 347 744 358 731 349 714 359 669 347 613 353 597 353 589 347 572 358 536 359"/></Shape>
	    <String CONTENT="دم تيغ بر فرقهـا كنـده جوی"
                    HPOS="534"
                    VPOS="317"
                    WIDTH="310"
                    HEIGHT="44"></String>
          </TextLine>
          
          
	  <TextLine ID="eSc_line_124067"
                    
                    BASELINE="173 353 178 354 201 356 220 353 251 352 493 349" 
                    HPOS="172"
                    VPOS="319"
                    WIDTH="320"
                    HEIGHT="47">
            <Shape><Polygon POINTS="172 352 176 334 223 334 237 324 255 332 263 324 282 323 296 337 345 331 357 338 380 319 396 324 409 336 425 321 446 334 473 323 489 331 492 347 461 362 446 353 428 363 408 364 400 356 387 366 368 362 357 352 328 364 279 352 228 356 213 365 187 363 174 355"/></Shape>
	    <String CONTENT="دلیران ازآن جويهـا شسته روی"
                    HPOS="172"
                    VPOS="319"
                    WIDTH="320"
                    HEIGHT="47"></String>
          </TextLine>
          
          
	  <TextLine ID="eSc_line_124068"
                    
                    BASELINE="535 389 799 391 850 387" 
                    HPOS="534"
                    VPOS="358"
                    WIDTH="315"
                    HEIGHT="46">
            <Shape><Polygon POINTS="534 388 535 376 555 362 571 362 591 376 605 366 613 372 628 371 636 378 647 370 659 375 672 362 692 371 704 361 711 361 722 371 743 371 756 361 788 376 814 358 849 385 827 401 815 391 795 401 786 393 769 399 763 393 724 396 710 390 694 402 657 396 641 404 624 393 611 402 603 402 593 393 581 400 535 395"/></Shape>
	    <String CONTENT="چنان ريخت گوپال بر مرد جنگ"
                    HPOS="534"
                    VPOS="358"
                    WIDTH="315"
                    HEIGHT="46"></String>
          </TextLine>
          
          
	  <TextLine ID="eSc_line_124069"
                    
                    BASELINE="178 396 180 396 206 394 325 394 364 396 414 396 440 394 499 391" 
                    HPOS="176"
                    VPOS="362"
                    WIDTH="322"
                    HEIGHT="50">
            <Shape><Polygon POINTS="176 395 186 378 193 380 209 365 222 366 243 382 252 374 277 378 286 370 311 377 334 374 340 380 358 364 366 372 375 365 389 364 406 381 415 383 433 365 444 369 453 362 470 376 480 365 488 366 495 372 498 390 475 404 458 394 425 412 415 412 399 395 353 403 337 395 307 409 293 400 251 401 243 393 236 399 205 402 191 402 181 395"/></Shape>
	    <String CONTENT="تو گوئي ابابيل ميریخت سنگ"
                    HPOS="176"
                    VPOS="362"
                    WIDTH="322"
                    HEIGHT="50"></String>
          </TextLine>
          
          
	  <TextLine ID="eSc_line_124070"
                    
                    BASELINE="168 435 171 435 369 439 384 437 412 439 463 439 475 437 549 435 568 432 580 434 782 434 817 428 858 428" 
                    HPOS="167"
                    VPOS="402"
                    WIDTH="690"
                    HEIGHT="56">
            <Shape><Polygon POINTS="167 434 168 423 190 403 209 408 223 422 229 418 238 420 250 410 268 413 276 421 295 409 313 412 327 426 343 410 355 409 380 412 401 428 406 423 418 427 432 416 461 428 477 418 507 420 517 409 539 425 561 408 581 408 602 422 611 413 624 414 631 408 646 416 665 413 675 402 684 402 706 419 738 403 763 423 788 404 811 402 828 415 850 408 857 427 836 442 820 433 769 445 756 433 719 446 706 441 693 445 684 437 673 445 661 442 648 448 640 440 622 445 602 433 594 440 562 441 555 447 536 439 529 445 515 439 501 448 482 442 465 453 444 439 427 450 412 450 399 438 370 447 351 441 343 450 331 451 318 439 307 445 280 442 274 437 266 445 251 444 228 458 209 445 180 447 168 440"/></Shape>
	    <String CONTENT="در اثنای ستیز و آويز ايبه سلطان با جمعي بی حقيقتان فتنه انگیز صفّ"
                    HPOS="167"
                    VPOS="402"
                    WIDTH="690"
                    HEIGHT="56"></String>
          </TextLine>
          
          
	  <TextLine ID="eSc_line_124071"
                    
                    BASELINE="175 480 204 478 378 479 441 476 764 477 798 473 837 473 864 469" 
                    HPOS="174"
                    VPOS="444"
                    WIDTH="689"
                    HEIGHT="50">
            <Shape><Polygon POINTS="174 479 175 459 182 452 210 460 245 452 262 465 281 451 293 451 302 460 314 456 324 464 333 464 346 451 355 450 375 465 394 450 422 465 442 446 456 452 475 451 486 461 510 454 517 459 559 457 567 464 579 461 594 447 619 461 629 453 651 457 662 447 679 459 686 452 710 453 723 447 736 459 751 446 763 454 774 448 782 456 795 445 809 457 827 444 852 454 863 467 840 484 813 473 798 485 786 476 776 485 763 483 755 488 738 485 726 476 701 488 681 476 673 483 619 478 608 485 567 479 559 488 536 490 522 478 507 483 489 478 482 485 466 482 445 492 420 482 409 490 395 483 383 494 371 484 352 488 321 480 283 483 274 491 255 492 247 484 210 480 201 486 185 485 175 492"/></Shape>
	    <String CONTENT="سپاه را ویران کرده باحمد بیگ پیوست بنابرآن رستم بیگ دستگیر شده دفتر"
                    HPOS="174"
                    VPOS="444"
                    WIDTH="689"
                    HEIGHT="50"></String>
          </TextLine>
          
          
	  <TextLine ID="eSc_line_124072"
                    
                    BASELINE="172 529 228 524 264 523 300 518 854 515 863 515" 
                    HPOS="171"
                    VPOS="486"
                    WIDTH="691"
                    HEIGHT="54">
            <Shape><Polygon POINTS="171 528 176 511 213 505 231 495 248 499 268 492 319 504 338 491 363 509 391 491 408 502 415 495 442 495 451 503 472 492 483 492 489 498 501 492 517 508 530 497 547 503 566 494 580 508 613 501 628 509 646 492 668 498 679 488 699 494 710 504 727 491 749 502 765 488 773 492 786 486 806 504 819 491 831 489 839 495 849 489 858 497 862 514 843 529 827 524 815 528 806 521 801 526 783 522 768 530 752 521 735 529 707 517 700 523 685 523 674 515 666 523 642 524 630 517 616 533 593 535 572 522 521 522 504 532 498 526 464 527 453 521 435 537 418 527 399 540 393 534 383 536 364 518 355 526 321 530 307 524 283 540 270 539 258 527 218 527 201 537 181 537 173 532"/></Shape>
	    <String CONTENT="اوراق بقأ را بباد فنأ داد چون احمد پادشاه از شریک ملک فارغ گشته روی"
                    HPOS="171"
                    VPOS="486"
                    WIDTH="691"
                    HEIGHT="54"></String>
          </TextLine>
          
          
	  <TextLine ID="eSc_line_124073"
                    
                    BASELINE="175 568 192 566 301 567 314 565 349 565 407 561 844 561 855 559 867 557" 
                    HPOS="174"
                    VPOS="527"
                    WIDTH="692"
                    HEIGHT="53">
            <Shape><Polygon POINTS="174 567 175 545 184 540 209 552 251 546 274 552 286 540 300 542 306 536 326 537 339 548 355 536 371 536 382 546 406 537 416 548 434 536 446 546 471 537 480 547 510 545 518 536 546 536 566 551 587 541 599 546 608 537 629 536 638 546 650 542 659 551 673 546 679 552 691 540 704 543 712 535 727 545 733 540 751 543 760 535 768 535 777 545 786 537 801 543 822 527 832 528 841 537 852 535 866 556 838 574 824 572 808 561 795 570 777 560 749 575 731 575 722 566 707 574 695 574 684 564 669 574 655 568 632 575 624 567 583 570 568 561 555 568 510 568 498 578 480 561 470 570 415 566 385 572 376 566 368 574 344 566 334 574 315 579 307 571 289 571 280 578 248 572 229 580 212 578 201 570 176 571"/></Shape>
	    <String CONTENT="توجّه به تبریز اورد و بر تخت سلطنت نشسته شد قبۀ بارگاهش بمهر و ماه"
                    HPOS="174"
                    VPOS="527"
                    WIDTH="692"
                    HEIGHT="53"></String>
          </TextLine>
          
          
	  <TextLine ID="eSc_line_124074"
                    
                    BASELINE="175 606 209 610 648 610 687 606 705 608 748 604 839 605 868 602" 
                    HPOS="174"
                    VPOS="567"
                    WIDTH="692"
                    HEIGHT="57">
            <Shape><Polygon POINTS="174 605 175 593 201 574 225 593 232 587 251 587 277 596 301 581 324 599 344 581 370 589 382 580 403 597 415 594 429 580 438 580 460 599 483 587 510 589 523 597 534 586 549 587 568 580 584 591 612 567 642 594 648 589 657 592 678 579 697 579 712 593 725 580 741 587 768 578 790 593 802 589 808 594 821 583 852 585 866 600 850 616 832 617 812 606 801 617 774 609 732 619 712 611 703 618 681 611 655 618 643 610 635 617 625 612 600 619 580 609 546 618 523 609 467 622 457 612 447 618 432 613 415 617 399 609 377 619 347 613 336 623 320 622 307 610 296 615 282 611 274 619 261 616 245 624 220 609 201 623 176 613"/></Shape>
	    <String CONTENT="رسید و عنجوق رایتش بعیّوق کشید حسین بیگ علیخانی که بمزید قوّت"
                    HPOS="174"
                    VPOS="567"
                    WIDTH="692"
                    HEIGHT="57"></String>
          </TextLine>
          
          
	  <TextLine ID="eSc_line_124075"
                    
                    BASELINE="182 650 548 653 560 650 598 650 657 647 841 647 869 644" 
                    HPOS="181"
                    VPOS="618"
                    WIDTH="687"
                    HEIGHT="50">
            <Shape><Polygon POINTS="181 649 184 635 188 638 206 624 239 637 251 625 270 628 277 635 294 625 305 634 318 625 328 636 339 625 352 631 365 624 377 630 388 624 419 629 429 623 448 632 463 623 489 640 499 629 511 635 521 631 530 638 551 624 562 623 575 624 585 634 598 631 605 636 618 636 629 625 642 623 655 634 675 618 693 630 704 623 717 635 729 623 750 632 761 622 775 630 802 630 813 622 824 627 836 621 868 643 852 660 828 653 812 661 802 651 784 655 773 649 758 663 744 654 716 663 692 654 680 665 665 655 640 655 623 668 605 663 597 655 556 656 540 667 523 660 505 665 489 651 469 663 418 651 403 661 347 654 336 665 317 666 288 654 255 659 243 668 213 668 203 657 182 660"/></Shape>
	    <String CONTENT="و شوكت از ساير امرأ ممتاز و مستثنی بود بواسطۀ كينه که او را با مظفر پرناک"
                    HPOS="181"
                    VPOS="618"
                    WIDTH="687"
                    HEIGHT="50"></String>
          </TextLine>
          
          
	  <TextLine ID="eSc_line_124076"
                    
                    BASELINE="186 698 217 700 247 693 261 695 631 695 643 693 669 693 719 689 865 691" 
                    HPOS="185"
                    VPOS="665"
                    WIDTH="679"
                    HEIGHT="46">
            <Shape><Polygon POINTS="185 697 186 684 200 669 212 676 251 669 263 679 269 675 282 681 299 668 337 668 346 676 352 670 359 675 368 667 394 667 412 678 423 669 438 676 450 672 472 676 480 669 502 668 508 674 516 672 542 681 556 668 573 667 604 685 618 670 655 674 674 666 686 676 694 670 710 676 735 667 745 678 756 669 765 674 777 672 784 678 798 666 807 665 832 676 852 669 864 689 839 705 826 697 809 701 787 692 777 701 761 705 744 689 725 706 712 701 699 705 684 692 673 698 657 698 649 692 634 705 622 707 612 706 603 697 584 704 558 699 548 706 505 697 491 708 450 700 431 710 410 699 384 699 364 708 350 699 288 703 281 698 260 708 230 699 187 711"/></Shape>
	    <String CONTENT="در سينه بود فرمود كه عرق حياتش به تیغ بیدریغ منقطع ساختند مولانا ضیای"
                    HPOS="185"
                    VPOS="665"
                    WIDTH="679"
                    HEIGHT="46"></String>
          </TextLine>
          
          
	  <TextLine ID="eSc_line_124079"
                    
                    BASELINE="180 739 264 739 288 743 353 743 394 737 558 738 596 736 803 736 825 733 864 734" 
                    HPOS="179"
                    VPOS="706"
                    WIDTH="684"
                    HEIGHT="50">
            <Shape><Polygon POINTS="179 738 181 719 199 724 212 713 223 720 250 723 260 713 271 712 301 729 333 718 344 727 355 719 366 722 378 710 393 718 428 720 444 707 460 722 476 711 498 716 510 711 526 724 536 716 565 718 572 711 587 719 611 707 631 707 638 714 648 708 662 723 685 710 700 718 714 706 743 718 763 708 781 725 800 719 813 707 828 718 856 708 863 733 846 748 822 748 811 741 784 750 758 741 745 750 706 738 698 746 685 741 670 754 653 741 637 750 627 742 587 738 571 744 532 744 526 739 518 746 463 742 451 749 418 743 383 752 374 744 359 756 349 755 339 745 325 754 308 755 294 754 283 744 261 751 249 745 203 746 194 754 180 748"/></Shape>
	    <String CONTENT="اردوبادی قصیدۀ باسم او گفته احمد پادشاه يک بدرۀ زر بروی عنایت نمود"
                    HPOS="179"
                    VPOS="706"
                    WIDTH="684"
                    HEIGHT="50"></String>
          </TextLine>
          
          
	  <TextLine ID="eSc_line_124091"
                    
                    BASELINE="648 776 757 779 777 781 844 781 867 778" 
                    HPOS="647"
                    VPOS="750"
                    WIDTH="219"
                    HEIGHT="46">
            <Shape><Polygon POINTS="647 775 651 764 665 764 687 750 699 751 712 762 731 754 743 760 757 750 771 762 786 757 815 763 837 752 856 763 866 777 863 787 836 796 821 787 801 790 790 784 776 789 762 783 752 792 739 786 673 787 648 781"/></Shape>
	    <String CONTENT="چند بيت ثبت افتاد -"
                    HPOS="647"
                    VPOS="750"
                    WIDTH="219"
                    HEIGHT="46"></String>
          </TextLine>
          
          
	  <TextLine ID="eSc_line_124095"
                    
                    BASELINE="184 780 194 780 201 782 212 783 252 781" 
                    HPOS="182"
                    VPOS="755"
                    WIDTH="69"
                    HEIGHT="47">
            <Shape><Polygon POINTS="182 779 185 763 197 769 216 755 248 767 251 780 248 790 230 787 212 802 200 802 185 792"/></Shape>
	    <String CONTENT="* لظم *"
                    HPOS="182"
                    VPOS="755"
                    WIDTH="69"
                    HEIGHT="47"></String>
          </TextLine>
          
          
	  <TextLine ID="eSc_line_124083"
                    
                    BASELINE="327 826 371 828 479 825 491 822 715 824" 
                    HPOS="326"
                    VPOS="783"
                    WIDTH="388"
                    HEIGHT="58">
            <Shape><Polygon POINTS="326 825 327 805 347 784 356 783 397 813 413 803 427 811 437 801 448 808 461 796 477 793 495 807 511 803 521 808 562 795 583 812 596 801 618 796 630 808 674 808 687 800 708 809 714 822 699 837 675 824 631 838 619 827 596 830 586 822 553 830 541 838 529 830 502 832 490 822 465 832 433 831 426 826 400 840 394 834 382 839 375 832 355 832 342 841 327 833"/></Shape>
	    <String CONTENT="چه سرو لاله عذارست آنگـه در چمنش"
                    HPOS="326"
                    VPOS="783"
                    WIDTH="388"
                    HEIGHT="58"></String>
          </TextLine>
          
          
	  <TextLine ID="eSc_line_124089"
                    
                    BASELINE="331 871 584 871 643 870 715 866" 
                    HPOS="330"
                    VPOS="840"
                    WIDTH="384"
                    HEIGHT="43">
            <Shape><Polygon POINTS="330 870 331 855 340 857 352 845 365 841 377 851 412 843 425 856 445 841 459 856 494 845 503 855 514 847 543 850 559 859 573 853 580 860 593 846 613 851 638 840 670 859 707 840 714 865 666 882 653 869 627 879 604 879 584 870 571 881 555 872 545 879 524 882 501 870 480 879 447 874 431 881 418 870 393 881 366 874 342 883 331 879"/></Shape>
	    <String CONTENT="کسی نجويد و جوید ميـان انجمنش"
                    HPOS="330"
                    VPOS="840"
                    WIDTH="384"
                    HEIGHT="43"></String>
          </TextLine>
          
          
	  <TextLine ID="eSc_line_124081"
                    
                    BASELINE="334 912 508 914 522 912 583 912 602 914 717 914" 
                    HPOS="334"
                    VPOS="884"
                    WIDTH="383"
                    HEIGHT="43">
            <Shape><Polygon POINTS="334 912 337 898 365 888 372 888 384 900 423 890 442 898 450 891 475 885 484 887 505 904 552 884 558 890 583 891 593 903 615 885 630 897 651 890 666 891 674 900 687 888 710 890 717 914 712 920 694 923 681 914 662 914 648 922 618 917 605 925 589 913 562 922 533 917 522 927 513 927 499 914 457 920 439 914 413 917 403 926 383 926 375 919 336 922"/></Shape>
	    <String CONTENT="بود ميـان مجالس ستاده همچو الف"
                    HPOS="334"
                    VPOS="884"
                    WIDTH="383"
                    HEIGHT="43"></String>
          </TextLine>
          
          
	  <TextLine ID="eSc_line_124087"
                    
                    BASELINE="336 959 353 961 402 955 495 957 524 954 574 954 593 957 688 955 717 958" 
                    HPOS="336"
                    VPOS="922"
                    WIDTH="381"
                    HEIGHT="52">
            <Shape><Polygon POINTS="336 959 337 941 352 933 370 932 385 947 396 940 407 948 420 935 434 941 452 933 461 941 467 936 478 939 492 927 517 929 523 935 530 928 573 929 584 940 591 933 605 940 628 922 650 939 673 939 685 933 694 942 708 935 717 958 705 971 689 961 673 965 667 959 651 970 634 958 597 961 578 955 570 963 535 960 527 954 514 960 480 961 472 971 457 957 441 961 431 972 422 971 409 958 397 970 384 964 370 974 357 964 337 970"/></Shape>
	    <String CONTENT="ز بهـر آنكـه تماشا كننـد مرد و زنش"
                    HPOS="336"
                    VPOS="922"
                    WIDTH="381"
                    HEIGHT="52"></String>
          </TextLine>
          
          
	  <TextLine ID="eSc_line_124078"
                    
                    BASELINE="327 1002 358 998 717 999" 
                    HPOS="327"
                    VPOS="969"
                    WIDTH="390"
                    HEIGHT="47">
            <Shape><Polygon POINTS="327 1002 328 993 342 980 358 974 370 977 382 989 391 980 414 986 427 973 464 982 470 988 480 977 494 982 511 972 534 989 554 971 571 983 580 983 586 978 596 980 608 970 625 977 634 969 655 985 679 974 694 984 707 977 713 982 717 999 704 1014 687 1001 662 1010 648 999 625 1009 599 1003 590 1009 560 1004 543 1010 532 999 522 1004 478 1004 469 999 452 1010 442 1010 434 1005 389 1008 378 999 370 1007 346 1008 328 1016"/></Shape>
	    <String CONTENT="ز دور مجلسيـان هالـه ميكنـد ظاهر"
                    HPOS="327"
                    VPOS="969"
                    WIDTH="390"
                    HEIGHT="47"></String>
          </TextLine>
          
          
	  <TextLine ID="eSc_line_124080"
                    
                    BASELINE="326 1043 346 1047 378 1043 451 1041 660 1042 717 1039" 
                    HPOS="326"
                    VPOS="1011"
                    WIDTH="391"
                    HEIGHT="47">
            <Shape><Polygon POINTS="326 1043 332 1029 343 1030 369 1015 381 1017 401 1034 414 1021 440 1027 453 1024 466 1012 478 1018 495 1016 503 1023 520 1012 543 1031 558 1017 568 1027 581 1024 591 1031 603 1020 619 1016 643 1034 669 1011 682 1021 713 1021 717 1039 711 1049 695 1047 682 1053 663 1047 648 1056 634 1054 622 1042 616 1047 593 1042 578 1056 565 1048 548 1056 536 1046 513 1048 505 1042 458 1050 442 1047 423 1056 403 1043 384 1058 375 1049 358 1049 340 1058 327 1048"/></Shape>
	    <String CONTENT="بمجلسى كه چـو ماه فلك بود وطنش"
                    HPOS="326"
                    VPOS="1011"
                    WIDTH="391"
                    HEIGHT="47"></String>
          </TextLine>
          
          
	  <TextLine ID="eSc_line_124085"
                    
                    BASELINE="330 1086 346 1090 508 1090 520 1087 593 1084 718 1085" 
                    HPOS="328"
                    VPOS="1059"
                    WIDTH="389"
                    HEIGHT="47">
            <Shape><Polygon POINTS="328 1085 333 1064 347 1069 355 1064 363 1067 369 1061 390 1061 402 1072 416 1069 426 1075 442 1065 476 1080 496 1067 508 1074 529 1059 542 1072 577 1059 586 1067 600 1060 613 1073 630 1059 641 1060 650 1069 673 1061 684 1072 704 1059 713 1064 717 1084 713 1090 685 1100 672 1091 659 1092 647 1085 623 1104 606 1090 584 1099 571 1091 520 1093 504 1088 482 1106 472 1106 460 1096 438 1102 428 1092 414 1102 397 1100 384 1088 365 1088 349 1099 339 1099 330 1091"/></Shape>
	    <String CONTENT="نگر که نام شهشـاه مي برد چو (۲) ضيا"
                    HPOS="328"
                    VPOS="1059"
                    WIDTH="389"
                    HEIGHT="47"></String>
          </TextLine>
          
          
	  <TextLine ID="eSc_line_124077"
                    
                    BASELINE="327 1132 345 1135 418 1131 575 1132 610 1130 678 1130 700 1128 716 1129" 
                    HPOS="327"
                    VPOS="1103"
                    WIDTH="389"
                    HEIGHT="47">
            <Shape><Polygon POINTS="327 1132 334 1117 344 1121 356 1109 366 1106 402 1116 413 1106 440 1115 450 1105 465 1112 488 1107 494 1113 508 1115 521 1104 534 1113 554 1106 565 1117 586 1106 599 1119 616 1105 629 1111 640 1103 655 1115 675 1104 689 1115 712 1104 716 1129 704 1136 687 1130 672 1143 660 1144 647 1135 603 1136 587 1149 561 1132 548 1138 457 1138 447 1147 423 1136 408 1150 389 1138 358 1138 347 1145 330 1138"/></Shape>
	    <String CONTENT="كه نور شعله زند لحظـه لحظـه از دهنش"
                    HPOS="327"
                    VPOS="1103"
                    WIDTH="389"
                    HEIGHT="47"></String>
          </TextLine>
          
          
	  <TextLine ID="eSc_line_124082"
                    
                    BASELINE="333 1180 452 1176 464 1174 725 1175" 
                    HPOS="332"
                    VPOS="1147"
                    WIDTH="392"
                    HEIGHT="46">
            <Shape><Polygon POINTS="332 1179 333 1163 350 1151 364 1150 381 1167 395 1155 408 1162 425 1162 444 1157 452 1149 472 1164 515 1161 522 1155 536 1157 546 1150 565 1164 589 1148 615 1161 629 1147 655 1147 669 1161 680 1153 693 1160 706 1150 720 1160 724 1174 720 1187 712 1180 676 1180 670 1175 661 1185 653 1185 647 1179 628 1180 621 1174 605 1188 587 1182 573 1191 555 1178 529 1186 486 1182 470 1193 457 1180 396 1185 380 1178 346 1189 333 1186"/></Shape>
	    <String CONTENT="شـه يگانۀ روشن ضميـر احمـد خان"
                    HPOS="332"
                    VPOS="1147"
                    WIDTH="392"
                    HEIGHT="46"></String>
          </TextLine>
          
          
	  <TextLine ID="eSc_line_124088"
                    
                    BASELINE="333 1224 362 1221 517 1223 543 1221 556 1218 571 1217 594 1219 618 1217 725 1217" 
                    HPOS="332"
                    VPOS="1192"
                    WIDTH="392"
                    HEIGHT="45">
            <Shape><Polygon POINTS="332 1223 337 1205 346 1207 369 1194 391 1195 397 1201 420 1194 432 1206 441 1207 456 1199 465 1207 477 1202 494 1207 505 1198 527 1197 533 1202 545 1192 578 1192 591 1204 598 1204 609 1193 635 1201 669 1201 680 1192 693 1199 714 1192 724 1216 710 1224 686 1224 675 1233 654 1232 637 1224 624 1232 615 1225 603 1225 587 1235 566 1219 555 1219 539 1233 526 1225 515 1231 492 1226 483 1235 459 1237 441 1231 431 1235 420 1226 361 1226 349 1235 333 1229"/></Shape>
	    <String CONTENT="که شمع مجلس(۳) او دید چرخ و شد لكنش"
                    HPOS="332"
                    VPOS="1192"
                    WIDTH="392"
                    HEIGHT="45"></String>
          </TextLine>
          
          
	  <TextLine ID="eSc_line_124092"
                    
                    BASELINE="734 1285 837 1281" 
                    HPOS="733"
                    VPOS="1255"
                    WIDTH="101"
                    HEIGHT="44">
            <Shape><Polygon POINTS="733 1284 733 1255 749 1262 755 1256 770 1255 779 1259 794 1261 798 1255 832 1259 834 1299 827 1293 809 1296 746 1284 735 1288"/></Shape>
	    <String CONTENT="(۱) بساط ا"
                    HPOS="733"
                    VPOS="1255"
                    WIDTH="101"
                    HEIGHT="44"></String>
          </TextLine>
          
          
	  <TextLine ID="eSc_line_124094"
                    
                    BASELINE="589 1282 679 1282" 
                    HPOS="589"
                    VPOS="1258"
                    WIDTH="87"
                    HEIGHT="56">
            <Shape><Polygon POINTS="589 1282 591 1268 606 1267 617 1258 643 1268 655 1258 676 1263 676 1314 649 1293 637 1300 630 1293 619 1295 612 1290 599 1295 591 1289"/></Shape>
	    <String CONTENT="(۲) صباب"
                    HPOS="589"
                    VPOS="1258"
                    WIDTH="87"
                    HEIGHT="56"></String>
          </TextLine>
          
          
	  <TextLine ID="eSc_line_124086"
                    
                    BASELINE="189 1288 289 1290 302 1288 415 1288 464 1283 568 1284" 
                    HPOS="188"
                    VPOS="1257"
                    WIDTH="379"
                    HEIGHT="52">
            <Shape><Polygon POINTS="188 1287 190 1275 204 1261 217 1270 239 1261 260 1261 264 1265 283 1261 293 1268 314 1270 342 1268 357 1259 376 1270 387 1259 395 1259 406 1269 425 1257 459 1267 476 1265 485 1258 497 1263 503 1257 524 1262 530 1257 551 1257 564 1270 567 1283 549 1297 539 1293 528 1300 516 1289 494 1301 471 1302 454 1290 433 1300 421 1292 412 1297 376 1301 355 1292 328 1309 317 1300 299 1305 287 1299 279 1307 270 1299 252 1299 247 1293 219 1305 190 1288"/></Shape>
	    <String CONTENT="(۳) که شمع مجلس او چشم چرخ شد لكنش ا"
                    HPOS="188"
                    VPOS="1257"
                    WIDTH="379"
                    HEIGHT="52"></String>
          </TextLine>
          </TextBlock>
          
        </PrintSpace>
      </Page>
    </Layout>
  </alto>
