<?xml version="1.0" encoding="UTF-8"?>
<alto xmlns:xsi="http://www.w3.org/2001/XMLSchema-instance"
      xmlns="http://www.loc.gov/standards/alto/ns-v4#"
      xsi:schemaLocation="http://www.loc.gov/standards/alto/ns-v4# https://gitlab.inria.fr/scripta/escriptorium/-/raw/develop/app/escriptorium/static/alto-4-1-baselines.xsd">
  <Description>
    <MeasurementUnit>pixel</MeasurementUnit>
    <sourceImageInformation>
      <fileName>16.jpg</fileName>
    </sourceImageInformation>
  </Description>
  
  <Tags>
    <OtherTag ID="BT1" LABEL="Title" DESCRIPTION="block type Title"/><OtherTag ID="BT2" LABEL="Main" DESCRIPTION="block type Main"/><OtherTag ID="BT3" LABEL="Commentary" DESCRIPTION="block type Commentary"/><OtherTag ID="BT4" LABEL="Illustration" DESCRIPTION="block type Illustration"/>
    
  </Tags>
  
  <Layout>
    <Page WIDTH="975"
          HEIGHT="1425"
          PHYSICAL_IMG_NR="15"
          ID="eSc_dummypage_">
      <PrintSpace HPOS="0"
                  VPOS="0"
                  WIDTH="975"
                  HEIGHT="1425">
        
        <TextBlock ID="eSc_dummyblock_">
          
	  <TextLine ID="eSc_line_124100"
                    
                    BASELINE="454 180 509 176 605 176" 
                    HPOS="453"
                    VPOS="147"
                    WIDTH="151"
                    HEIGHT="47">
            <Shape><Polygon POINTS="453 179 454 167 466 155 483 154 491 147 522 147 540 163 584 153 604 175 593 175 581 186 556 182 543 192 511 181 502 188 488 186 467 194 456 185"/></Shape>
	    <String CONTENT="احسن التواريخ"
                    HPOS="453"
                    VPOS="147"
                    WIDTH="151"
                    HEIGHT="47"></String>
          </TextLine>
          
          
	  <TextLine ID="eSc_line_124101"
                    
                    BASELINE="336 230 420 229 444 232 488 235 547 233 562 235 579 239 642 239 667 245 681 243 720 244" 
                    HPOS="334"
                    VPOS="197"
                    WIDTH="385"
                    HEIGHT="59">
            <Shape><Polygon POINTS="334 229 337 205 349 197 359 206 374 199 383 209 395 200 409 200 423 212 433 203 448 212 463 201 477 213 499 211 505 216 515 206 532 216 552 206 567 219 580 214 592 225 598 219 615 220 640 212 661 229 688 217 697 223 706 218 717 228 719 243 698 256 689 248 660 252 651 244 622 242 610 242 600 251 586 242 562 249 552 238 528 248 517 238 484 239 476 233 459 241 448 238 438 245 418 232 401 233 389 245 371 231 358 237 336 236"/></Shape>
	    <String CONTENT="ز بهر خصـم بر افروخت تيـغ شام اجل"
                    HPOS="334"
                    VPOS="197"
                    WIDTH="385"
                    HEIGHT="59"></String>
          </TextLine>
          
          
	  <TextLine ID="eSc_line_124102"
                    
                    BASELINE="331 271 451 276 551 276 564 283 578 281 656 281 670 282 686 287 722 290" 
                    HPOS="330"
                    VPOS="244"
                    WIDTH="390"
                    HEIGHT="54">
            <Shape><Polygon POINTS="330 270 332 254 344 255 355 244 368 244 377 252 395 252 407 244 416 254 429 245 444 260 477 255 486 258 498 248 509 248 526 262 555 254 587 266 603 252 612 252 623 262 651 264 668 255 681 268 706 267 720 289 707 289 697 298 679 296 657 286 631 288 625 283 613 293 578 285 547 285 533 290 515 281 497 289 473 279 464 287 440 293 425 279 406 276 383 276 370 287 355 275 345 281 331 280"/></Shape>
	    <String CONTENT="چو يافت رنگ بخون نوک رمح شعله زنش"
                    HPOS="330"
                    VPOS="244"
                    WIDTH="390"
                    HEIGHT="54"></String>
          </TextLine>
          
          
	  <TextLine ID="eSc_line_124104"
                    
                    BASELINE="321 307 343 312 435 319 458 323 511 325 553 324 593 330 665 330 728 328" 
                    HPOS="320"
                    VPOS="288"
                    WIDTH="407"
                    HEIGHT="54">
            <Shape><Polygon POINTS="320 306 336 289 352 299 366 288 385 298 400 290 415 305 452 299 464 306 478 293 490 305 502 293 517 301 532 293 549 311 592 301 604 314 638 306 648 309 672 304 678 308 705 299 724 317 727 327 707 328 684 342 674 333 649 328 638 337 616 339 599 332 586 340 575 332 558 338 545 328 532 334 521 325 515 331 491 328 485 334 476 334 464 324 450 332 441 327 426 330 412 320 374 328 349 319 336 320 321 309"/></Shape>
	    <String CONTENT="گرفت روی زمین را بتیغ چون خورشیـد"
                    HPOS="320"
                    VPOS="288"
                    WIDTH="407"
                    HEIGHT="54"></String>
          </TextLine>
          
          
	  <TextLine ID="eSc_line_124105"
                    
                    BASELINE="321 358 414 357 491 363 518 362 540 369 555 366 593 368 610 365 628 371 676 371 688 374 723 374" 
                    HPOS="320"
                    VPOS="328"
                    WIDTH="402"
                    HEIGHT="57">
            <Shape><Polygon POINTS="320 357 330 340 338 343 352 328 365 328 378 342 391 339 402 347 423 333 434 343 448 334 475 349 489 334 516 350 528 338 546 349 561 350 573 339 579 338 587 346 599 340 616 358 659 351 672 361 694 352 722 372 708 372 695 385 679 385 666 375 642 375 635 382 622 383 608 371 602 375 574 370 554 382 536 368 520 378 508 369 477 368 471 362 451 374 435 365 413 366 403 358 389 365 352 362 333 370 321 358"/></Shape>
	    <String CONTENT="چو حسن طـالـع او داد دولت حسنش"
                    HPOS="320"
                    VPOS="328"
                    WIDTH="402"
                    HEIGHT="57"></String>
          </TextLine>
          
          
	  <TextLine ID="eSc_line_124106"
                    
                    BASELINE="321 396 350 402 395 400 431 403 445 407 460 404 490 404 511 409 540 410 643 409 656 413 722 416" 
                    HPOS="320"
                    VPOS="371"
                    WIDTH="400"
                    HEIGHT="56">
            <Shape><Polygon POINTS="320 395 343 371 352 377 363 376 372 385 388 375 403 390 409 385 435 390 459 384 470 395 492 389 501 396 516 383 542 377 558 393 575 384 587 396 608 389 625 396 640 385 654 397 684 399 699 388 720 415 706 415 681 427 668 419 638 419 629 413 621 421 608 416 586 423 575 413 555 421 543 409 510 420 496 408 467 420 460 412 448 409 416 410 404 418 390 406 331 407 321 401"/></Shape>
	    <String CONTENT="شهـا بدور تو آفاق سر بسـر شـادند"
                    HPOS="320"
                    VPOS="371"
                    WIDTH="400"
                    HEIGHT="56"></String>
          </TextLine>
          
          
	  <TextLine ID="eSc_line_124107"
                    
                    BASELINE="318 438 333 448 378 447 464 453 551 452 591 454 617 458 642 457 654 460 716 457" 
                    HPOS="317"
                    VPOS="419"
                    WIDTH="397"
                    HEIGHT="53">
            <Shape><Polygon POINTS="317 437 325 425 336 428 346 419 362 419 384 431 403 420 415 432 437 434 453 423 471 433 484 425 497 438 528 431 533 435 553 432 578 440 597 425 612 437 625 428 638 439 649 435 661 442 678 431 686 431 714 456 686 471 676 463 663 463 637 471 628 464 613 472 602 459 590 465 574 458 533 457 520 467 502 463 494 454 469 461 451 454 439 459 423 454 415 460 403 456 389 461 377 450 363 459 347 450 328 456 318 446"/></Shape>
	    <String CONTENT="چگویم از دل محزون خویش و از حزنش"
                    HPOS="317"
                    VPOS="419"
                    WIDTH="397"
                    HEIGHT="53"></String>
          </TextLine>
          
          
	  <TextLine ID="eSc_line_124121"
                    
                    BASELINE="319 488 368 486 418 489 432 491 472 491 501 489 536 496 605 495 619 496 632 501 684 499 712 501" 
                    HPOS="318"
                    VPOS="460"
                    WIDTH="393"
                    HEIGHT="57">
            <Shape><Polygon POINTS="318 486 325 470 346 460 358 467 369 461 382 475 389 467 403 473 416 465 427 476 433 471 445 475 458 461 469 460 483 476 513 467 522 475 534 466 545 475 559 470 580 485 593 473 609 471 643 490 667 476 679 475 689 484 699 482 711 499 698 515 688 517 675 504 656 507 648 514 622 509 608 515 581 497 566 510 551 499 532 499 517 510 504 497 472 497 461 505 447 505 429 492 401 502 381 491 362 492 351 501 338 492 327 502 319 498"/></Shape>
	    <String CONTENT="ز فقر و فاقه چنـانم که مرگ خود خواهم"
                    HPOS="318"
                    VPOS="460"
                    WIDTH="393"
                    HEIGHT="57"></String>
          </TextLine>
          
          
	  <TextLine ID="eSc_line_124122"
                    
                    BASELINE="318 530 404 535 418 534 429 539 484 537 529 543 712 543" 
                    HPOS="317"
                    VPOS="502"
                    WIDTH="394"
                    HEIGHT="54">
            <Shape><Polygon POINTS="317 529 319 515 331 516 342 505 356 502 365 510 391 514 397 520 418 507 431 520 438 517 447 526 470 509 486 523 513 517 529 524 545 511 561 527 579 518 596 528 608 516 616 516 629 530 654 517 666 529 674 522 698 524 711 542 685 556 661 542 647 549 628 543 606 556 591 548 584 554 574 549 562 556 551 545 533 555 521 545 499 549 492 543 472 542 463 548 446 537 434 547 420 539 409 549 390 537 344 535 332 543 318 539"/></Shape>
	    <String CONTENT="بود که باز رهم از جهـان و از محنش"
                    HPOS="317"
                    VPOS="502"
                    WIDTH="394"
                    HEIGHT="54"></String>
          </TextLine>
          
          
	  <TextLine ID="eSc_line_124125"
                    
                    BASELINE="313 578 342 573 371 573 423 575 435 579 452 578 464 583 479 580 552 581 597 585 679 587 708 590" 
                    HPOS="312"
                    VPOS="547"
                    WIDTH="395"
                    HEIGHT="53">
            <Shape><Polygon POINTS="312 577 314 565 334 552 369 561 384 547 400 547 412 558 422 551 432 559 444 549 469 568 479 559 488 559 510 570 522 560 545 570 558 556 573 556 585 566 600 556 615 571 627 561 634 561 643 572 685 564 698 571 707 589 686 600 674 594 665 600 655 596 640 599 632 592 621 599 598 591 581 600 560 587 518 587 509 580 497 587 479 587 461 581 444 584 422 597 401 575 371 583 337 578 323 587 313 579"/></Shape>
	    <String CONTENT="بيکجو ار بفروشنـد صد منِي گنـدم"
                    HPOS="312"
                    VPOS="547"
                    WIDTH="395"
                    HEIGHT="53"></String>
          </TextLine>
          
          
	  <TextLine ID="eSc_line_124126"
                    
                    BASELINE="313 619 372 618 402 624 445 624 457 629 470 628 482 630 502 624 540 630 572 628 613 628 708 630" 
                    HPOS="312"
                    VPOS="590"
                    WIDTH="395"
                    HEIGHT="53">
            <Shape><Polygon POINTS="312 618 318 602 328 604 349 591 362 596 374 590 384 602 395 593 410 609 441 604 451 612 467 597 477 605 494 599 508 609 524 599 543 613 556 613 571 603 585 617 596 609 604 615 623 598 644 618 650 612 687 604 707 629 693 642 656 640 644 634 628 643 619 635 598 637 585 628 579 634 541 635 507 625 454 641 441 628 415 635 401 624 381 638 365 624 346 623 324 631 313 623"/></Shape>
	    <String CONTENT="بذات پاک خـدا عاجزم من از ثمنش"
                    HPOS="312"
                    VPOS="590"
                    WIDTH="395"
                    HEIGHT="53"></String>
          </TextLine>
          
          
	  <TextLine ID="eSc_line_124116"
                    
                    BASELINE="251 698 280 698 299 695 416 695 432 693 463 693 511 694 592 700 628 699 703 703 716 705 752 703" 
                    HPOS="250"
                    VPOS="647"
                    WIDTH="501"
                    HEIGHT="77">
            <Shape><Polygon POINTS="250 697 252 653 266 647 287 669 324 665 343 680 381 670 408 674 422 668 448 686 478 657 490 654 504 662 516 657 548 691 565 688 589 670 600 680 613 681 635 666 649 680 661 674 684 680 704 666 718 679 748 684 751 703 739 712 704 711 686 724 640 700 632 706 611 708 598 719 580 712 558 724 535 703 488 703 463 719 454 718 437 700 406 697 385 706 375 704 362 713 347 713 328 694 298 699 289 706 251 701"/></Shape>
	    <String CONTENT="محاربه نمودن سلطان حسین میرزا"
                    HPOS="250"
                    VPOS="647"
                    WIDTH="501"
                    HEIGHT="77"></String>
          </TextLine>
          
          
	  <TextLine ID="eSc_line_124119"
                    
                    BASELINE="338 763 355 761 521 761 564 763 578 761 636 761 659 759" 
                    HPOS="337"
                    VPOS="713"
                    WIDTH="320"
                    HEIGHT="71">
            <Shape><Polygon POINTS="337 762 338 726 350 714 357 714 378 736 418 732 435 750 469 720 478 723 491 713 518 722 539 742 549 736 577 738 585 731 599 741 619 738 630 727 637 727 654 743 657 758 648 777 622 761 606 776 587 767 559 784 542 781 522 761 507 763 489 776 472 768 454 780 445 779 426 760 412 760 402 768 389 764 382 770 347 770 338 762"/></Shape>
	    <String CONTENT="با بدیع الزّمان ميرزا"
                    HPOS="337"
                    VPOS="713"
                    WIDTH="320"
                    HEIGHT="71"></String>
          </TextLine>
          
          
	  <TextLine ID="eSc_line_124113"
                    
                    BASELINE="150 802 314 814 425 813 488 819 537 819 553 824 642 824 682 827 746 827 795 831" 
                    HPOS="149"
                    VPOS="776"
                    WIDTH="645"
                    HEIGHT="67">
            <Shape><Polygon POINTS="149 801 157 781 179 781 184 776 193 777 211 794 230 777 237 777 248 786 263 779 275 792 295 783 314 796 328 789 368 799 382 786 406 784 419 798 438 792 446 799 459 789 470 802 479 795 502 796 513 790 541 794 551 803 574 800 589 805 606 788 613 792 631 786 650 806 680 802 695 811 713 795 741 817 749 809 782 806 792 814 794 830 774 841 745 843 735 830 713 837 674 831 659 840 643 826 624 837 609 827 596 834 580 822 548 836 535 834 524 824 515 828 509 822 495 831 486 825 473 827 453 821 437 830 425 818 409 824 387 819 380 826 361 817 337 817 313 826 298 813 288 820 258 825 249 814 233 812 209 824 193 808 171 811 150 802"/></Shape>
	    <String CONTENT="درین سال بدیع الزّمان میرزا با پدر خود سلطان حسین میرزا باغي شده"
                    HPOS="149"
                    VPOS="776"
                    WIDTH="645"
                    HEIGHT="67"></String>
          </TextLine>
          
          
	  <TextLine ID="eSc_line_124110"
                    
                    BASELINE="152 853 171 850 222 845 235 850 248 852 263 852 285 857 347 856 383 858 395 856 426 859 438 858 451 862 526 862 539 859 559 864 574 864 587 868 616 865 688 865 736 871 754 870 780 872 801 876 815 876 838 875" 
                    HPOS="150"
                    VPOS="819"
                    WIDTH="687"
                    HEIGHT="68">
            <Shape><Polygon POINTS="150 852 153 828 163 819 179 831 198 828 203 833 217 824 242 822 252 831 266 826 275 837 287 831 315 843 326 836 347 839 359 830 372 841 385 830 397 830 408 831 423 843 440 838 453 841 464 833 482 845 504 841 511 846 529 836 542 846 555 845 566 836 594 849 611 843 622 853 636 840 649 850 674 850 691 839 713 844 724 852 733 850 743 858 767 846 787 862 824 855 834 860 837 874 826 885 818 887 795 885 787 878 780 884 770 878 743 883 733 874 659 875 646 868 631 881 616 871 593 877 586 870 568 881 540 868 518 875 496 875 485 866 471 872 458 864 433 866 426 860 380 869 364 860 347 860 314 870 301 858 266 869 233 855 214 855 203 863 184 855 152 858"/></Shape>
	    <String CONTENT="چون خبر مخالفت او در هرات شهرت یافت سلطان حسین میرزا بالشکر بسیار"
                    HPOS="150"
                    VPOS="819"
                    WIDTH="687"
                    HEIGHT="68"></String>
          </TextLine>
          
          
	  <TextLine ID="eSc_line_124098"
                    
                    BASELINE="138 896 142 896 178 900 301 900 323 904 499 903 532 909 648 908 684 912 695 915 707 913 769 913 849 912" 
                    HPOS="137"
                    VPOS="864"
                    WIDTH="710"
                    HEIGHT="67">
            <Shape><Polygon POINTS="137 895 161 865 167 865 186 884 199 875 214 877 223 869 243 869 252 878 266 869 281 882 305 878 318 889 336 872 365 864 384 882 429 883 444 889 460 877 482 883 496 875 510 883 521 881 542 895 549 889 566 887 574 891 585 883 611 883 624 895 641 884 650 894 665 897 681 883 695 885 713 897 723 889 737 896 750 890 775 901 783 893 799 898 817 888 847 912 828 929 809 921 801 929 790 931 775 915 767 923 730 919 716 927 697 917 676 926 653 916 632 929 622 929 608 915 556 915 546 908 534 920 520 916 509 925 492 910 472 915 464 908 448 908 440 914 425 907 416 912 404 908 391 915 368 904 358 913 349 913 342 906 328 913 309 901 266 913 254 901 242 904 228 898 218 907 199 904 185 912 169 898 159 908 150 908 138 896"/></Shape>
	    <String CONTENT="و گروه بيشمار بطرف بلخ شتافت و از آنجانب بديع الزّمان ميرزا با فوجي از"
                    HPOS="137"
                    VPOS="864"
                    WIDTH="710"
                    HEIGHT="67"></String>
          </TextLine>
          
          
	  <TextLine ID="eSc_line_124108"
                    
                    BASELINE="148 936 162 936 292 941 304 948 365 946 403 947 415 950 453 952 585 951 608 957 703 955 738 960 841 961" 
                    HPOS="147"
                    VPOS="909"
                    WIDTH="693"
                    HEIGHT="65">
            <Shape><Polygon POINTS="147 935 149 917 155 912 187 917 198 909 207 915 229 909 248 928 266 913 290 913 299 921 306 915 315 925 336 917 343 923 353 919 370 928 388 917 406 919 413 925 429 919 442 931 461 935 478 921 490 929 501 921 514 931 522 928 533 939 547 925 560 934 585 931 593 939 602 932 618 936 630 928 638 933 648 929 661 941 678 928 699 931 712 942 727 929 736 936 770 944 790 934 802 941 815 934 838 950 840 960 795 974 754 965 741 969 731 963 710 970 703 963 668 967 659 960 642 960 634 969 623 969 617 963 606 965 590 958 568 965 546 961 534 971 520 957 501 963 495 955 484 961 458 952 447 961 416 964 401 950 375 957 357 947 333 958 269 945 249 958 231 941 204 947 192 940 174 946 149 935"/></Shape>
	    <String CONTENT="دلاوران بميدان قتال خرامید درميان درۀ پل چراغ تقارب فريقین بتلاقي انجامیده"
                    HPOS="147"
                    VPOS="909"
                    WIDTH="693"
                    HEIGHT="65"></String>
          </TextLine>
          
          
	  <TextLine ID="eSc_line_124114"
                    
                    BASELINE="145 976 149 976 204 983 254 985 289 990 407 989 439 990 454 995 485 993 496 996 502 999 646 998 693 1004 750 1003 795 1009 835 1009" 
                    HPOS="144"
                    VPOS="946"
                    WIDTH="690"
                    HEIGHT="74">
            <Shape><Polygon POINTS="144 974 146 964 154 957 171 953 176 958 188 946 205 958 223 954 241 972 274 957 304 976 324 969 338 974 352 961 370 960 378 961 395 978 409 964 428 967 441 961 457 976 469 967 484 966 499 982 515 966 526 973 535 971 545 980 572 970 584 983 596 978 612 979 619 985 637 972 644 976 653 967 665 966 685 984 706 980 730 992 749 978 780 997 786 991 817 986 832 997 834 1008 819 1018 789 1016 779 1008 758 1016 749 1008 735 1020 724 1010 691 1014 676 1003 653 1015 640 1004 623 1009 613 999 598 1008 570 1011 559 1001 535 1010 529 1004 497 1008 483 998 464 998 453 1005 434 995 391 1004 378 992 349 993 339 989 326 999 298 998 289 992 274 997 262 988 243 996 225 986 201 995 192 986 175 991 146 977"/></Shape>
	    <String CONTENT="چون چشم بدیع الزّمان میرزا بر لوای کشور گشای افتاد روی بوادی فرار آورده"
                    HPOS="144"
                    VPOS="946"
                    WIDTH="690"
                    HEIGHT="74"></String>
          </TextLine>
          
          
	  <TextLine ID="eSc_line_124096"
                    
                    BASELINE="142 1014 157 1022 169 1023 213 1022 241 1024 267 1029 327 1033 429 1031 488 1037 529 1037 542 1039 554 1042 661 1042 673 1047 780 1046 838 1048" 
                    HPOS="141"
                    VPOS="993"
                    WIDTH="696"
                    HEIGHT="68">
            <Shape><Polygon POINTS="141 1012 160 993 173 1005 191 1004 195 1009 213 997 247 999 256 1007 264 998 281 1012 298 1004 317 1018 325 1018 333 1010 358 1011 375 1023 397 1005 419 1007 435 1021 442 1014 479 1020 498 1009 524 1023 542 1012 566 1021 580 1033 600 1015 611 1023 623 1020 632 1028 644 1017 670 1017 679 1023 686 1017 701 1029 716 1021 726 1030 743 1027 750 1033 755 1028 776 1028 788 1016 799 1016 817 1033 826 1031 837 1047 825 1060 807 1055 790 1060 784 1054 751 1049 744 1056 730 1054 705 1060 694 1052 676 1061 666 1050 649 1050 640 1060 622 1048 611 1054 599 1050 578 1056 570 1052 558 1058 545 1046 528 1053 495 1042 456 1061 431 1037 399 1039 384 1046 372 1036 345 1036 318 1046 304 1034 280 1043 263 1043 237 1028 219 1029 201 1040 176 1029 169 1034 142 1031"/></Shape>
	    <String CONTENT="بمشقّت بسيار از تلاطم دريای زخار بكنار رسيد سلطان حسين ميرزا با غنايم بسيار"
                    HPOS="141"
                    VPOS="993"
                    WIDTH="696"
                    HEIGHT="68"></String>
          </TextLine>
          
          
	  <TextLine ID="eSc_line_124109"
                    
                    BASELINE="507 1080 554 1083 566 1085 619 1084 674 1087 686 1090 746 1088 806 1094 837 1092" 
                    HPOS="505"
                    VPOS="1058"
                    WIDTH="331"
                    HEIGHT="49">
            <Shape><Polygon POINTS="505 1079 516 1064 529 1068 537 1060 553 1068 567 1058 578 1067 594 1066 602 1071 625 1069 636 1061 663 1073 685 1061 712 1071 723 1062 750 1067 765 1058 776 1059 792 1073 801 1066 812 1074 825 1074 836 1091 824 1104 803 1102 795 1107 781 1099 738 1099 714 1093 686 1104 660 1091 632 1103 611 1092 583 1097 572 1088 542 1098 529 1087 517 1090 507 1080"/></Shape>
	    <String CONTENT="بدار السّلطنة هرات مراجعت نمود *"
                    HPOS="505"
                    VPOS="1058"
                    WIDTH="331"
                    HEIGHT="49"></String>
          </TextLine>
          
          
	  <TextLine ID="eSc_line_124117"
                    
                    BASELINE="422 1148 453 1151 466 1150 484 1153 509 1153 521 1150 557 1154" 
                    HPOS="421"
                    VPOS="1107"
                    WIDTH="135"
                    HEIGHT="63">
            <Shape><Polygon POINTS="421 1147 431 1125 453 1125 467 1113 475 1118 484 1109 496 1107 511 1125 518 1123 539 1132 556 1153 527 1162 517 1159 503 1170 491 1170 484 1164 471 1164 461 1155 439 1157 422 1148"/></Shape>
	    <String CONTENT="متوفّيات"
                    HPOS="421"
                    VPOS="1107"
                    WIDTH="135"
                    HEIGHT="63"></String>
          </TextLine>
          
          
	  <TextLine ID="eSc_line_124118"
                    
                    BASELINE="136 1193 146 1194 362 1211 415 1213 791 1218" 
                    HPOS="135"
                    VPOS="1170"
                    WIDTH="655"
                    HEIGHT="65">
            <Shape><Polygon POINTS="135 1192 143 1179 155 1173 166 1180 182 1170 190 1179 211 1174 218 1183 258 1175 266 1181 273 1179 285 1191 309 1176 339 1194 357 1185 374 1183 381 1191 390 1181 399 1181 408 1191 419 1186 445 1197 464 1188 470 1194 491 1193 503 1202 524 1186 535 1185 548 1187 572 1206 608 1194 615 1187 632 1202 637 1198 656 1198 666 1205 673 1200 684 1205 711 1202 720 1194 736 1204 762 1194 790 1217 780 1217 767 1229 744 1227 732 1219 706 1235 695 1226 685 1231 666 1216 646 1229 608 1232 602 1226 578 1229 566 1217 514 1225 502 1213 452 1225 434 1214 395 1226 371 1211 339 1223 324 1208 295 1216 282 1205 271 1213 250 1205 226 1207 216 1199 192 1211 163 1200 149 1212 136 1210"/></Shape>
	    <String CONTENT="شاه غریب میرزا بن سلطان حسین میرزا درین سال بعلت فجاء در"
                    HPOS="135"
                    VPOS="1170"
                    WIDTH="655"
                    HEIGHT="65"></String>
          </TextLine>
          
          
	  <TextLine ID="eSc_line_124111"
                    
                    BASELINE="132 1242 137 1242 444 1255 461 1258 504 1261 831 1263" 
                    HPOS="131"
                    VPOS="1212"
                    WIDTH="699"
                    HEIGHT="68">
            <Shape><Polygon POINTS="131 1240 142 1226 150 1231 176 1212 201 1217 213 1227 231 1225 241 1218 254 1226 269 1224 279 1230 289 1220 313 1230 328 1221 343 1221 351 1229 362 1224 377 1237 422 1233 434 1243 463 1235 470 1242 479 1242 498 1227 520 1244 532 1235 551 1243 573 1233 596 1251 618 1240 660 1235 669 1240 681 1236 695 1252 716 1233 741 1252 761 1244 776 1250 788 1242 818 1239 830 1262 803 1275 752 1274 743 1269 730 1278 717 1269 701 1280 693 1271 686 1277 666 1268 640 1271 631 1262 609 1275 590 1263 551 1265 539 1271 523 1261 499 1268 467 1259 460 1267 444 1270 429 1257 382 1267 338 1254 315 1252 306 1258 294 1252 283 1257 275 1251 254 1252 247 1246 231 1257 214 1259 200 1249 176 1246 149 1257 133 1245"/></Shape>
	    <String CONTENT="گذشت رستم پادشاه بن مقصود بیگ بن حسین پادشاه بغایت کریم النفس"
                    HPOS="131"
                    VPOS="1212"
                    WIDTH="699"
                    HEIGHT="68"></String>
          </TextLine>
          
          
	  <TextLine ID="eSc_line_124120"
                    
                    BASELINE="142 1276 172 1278 385 1294 454 1299 478 1299 522 1303 829 1310" 
                    HPOS="141"
                    VPOS="1255"
                    WIDTH="687"
                    HEIGHT="72">
            <Shape><Polygon POINTS="141 1275 143 1262 162 1255 180 1274 200 1261 220 1261 239 1275 254 1263 281 1280 308 1267 321 1273 343 1270 356 1281 366 1271 380 1269 400 1283 413 1271 431 1271 441 1277 451 1269 465 1276 473 1271 485 1284 498 1283 510 1274 518 1281 539 1274 548 1286 560 1275 573 1286 597 1277 616 1295 642 1276 646 1281 665 1281 681 1297 688 1292 703 1296 724 1281 737 1283 746 1294 769 1293 779 1301 795 1289 817 1307 828 1309 819 1309 800 1327 779 1313 744 1325 726 1318 706 1318 693 1325 678 1315 666 1322 654 1314 621 1324 612 1322 598 1307 579 1316 567 1307 552 1316 529 1311 514 1315 509 1308 498 1316 476 1307 463 1316 456 1308 440 1303 408 1313 394 1297 376 1309 368 1308 356 1295 339 1303 326 1301 320 1307 302 1297 287 1309 264 1299 251 1309 228 1294 213 1292 179 1306 163 1289 141 1307"/></Shape>
	    <String CONTENT="ود سیورغال و وظایفی که او بارباب استحقاق داد از سلاطین آق"
                    HPOS="141"
                    VPOS="1255"
                    WIDTH="687"
                    HEIGHT="72"></String>
          </TextLine>
          </TextBlock>
          
        </PrintSpace>
      </Page>
    </Layout>
  </alto>
