<?xml version="1.0" encoding="UTF-8"?>
<alto xmlns:xsi="http://www.w3.org/2001/XMLSchema-instance"
      xmlns="http://www.loc.gov/standards/alto/ns-v4#"
      xsi:schemaLocation="http://www.loc.gov/standards/alto/ns-v4# https://gitlab.inria.fr/scripta/escriptorium/-/raw/develop/app/escriptorium/static/alto-4-1-baselines.xsd">
  <Description>
    <MeasurementUnit>pixel</MeasurementUnit>
    <sourceImageInformation>
      <fileName>17.jpg</fileName>
    </sourceImageInformation>
  </Description>
  
  <Tags>
    <OtherTag ID="BT1" LABEL="Title" DESCRIPTION="block type Title"/><OtherTag ID="BT2" LABEL="Main" DESCRIPTION="block type Main"/><OtherTag ID="BT3" LABEL="Commentary" DESCRIPTION="block type Commentary"/><OtherTag ID="BT4" LABEL="Illustration" DESCRIPTION="block type Illustration"/>
    
  </Tags>
  
  <Layout>
    <Page WIDTH="975"
          HEIGHT="1425"
          PHYSICAL_IMG_NR="16"
          ID="eSc_dummypage_">
      <PrintSpace HPOS="0"
                  VPOS="0"
                  WIDTH="975"
                  HEIGHT="1425">
        
        <TextBlock ID="eSc_dummyblock_">
          
	  <TextLine ID="eSc_line_124138"
                    
                    BASELINE="451 100 579 96 600 98" 
                    HPOS="450"
                    VPOS="67"
                    WIDTH="149"
                    HEIGHT="51">
            <Shape><Polygon POINTS="450 99 467 79 491 76 502 68 510 74 533 68 551 84 579 78 592 67 599 97 585 104 565 102 555 111 543 114 524 100 508 111 490 109 483 118 473 117 454 99"/></Shape>
	    <String CONTENT="احسن التواريخ"
                    HPOS="450"
                    VPOS="67"
                    WIDTH="149"
                    HEIGHT="51"></String>
          </TextLine>
          
          
	  <TextLine ID="eSc_line_124139"
                    
                    BASELINE="199 149 307 148 320 150 378 152 391 150 448 154 886 148" 
                    HPOS="198"
                    VPOS="121"
                    WIDTH="687"
                    HEIGHT="48">
            <Shape><Polygon POINTS="198 148 199 131 222 131 230 123 260 122 274 133 314 123 339 142 351 130 362 133 375 121 382 121 397 135 408 123 422 122 447 140 465 123 472 123 499 143 520 130 541 129 552 140 573 124 583 130 593 123 602 130 615 127 640 143 672 128 679 128 693 141 719 122 730 131 742 124 755 133 764 124 782 125 796 140 815 127 824 129 840 122 852 131 869 125 885 147 858 165 836 157 826 166 812 161 798 166 786 155 770 166 751 153 732 166 717 159 704 167 688 160 680 166 662 157 653 166 637 167 621 154 610 163 562 160 547 152 530 163 505 169 491 156 460 165 447 154 437 162 426 156 403 163 387 153 378 159 353 160 340 150 326 165 309 156 261 155 249 165 235 156 199 156"/></Shape>
	    <String CONTENT="قوينلو و قرا قوينلو بکسی ندادند درین سال بقتل آمد چنانکه گذشت"
                    HPOS="198"
                    VPOS="121"
                    WIDTH="687"
                    HEIGHT="48"></String>
          </TextLine>
          
          
	  <TextLine ID="eSc_line_124141"
                    
                    BASELINE="729 195 881 192" 
                    HPOS="727"
                    VPOS="167"
                    WIDTH="152"
                    HEIGHT="42">
            <Shape><Polygon POINTS="727 194 736 176 760 182 784 167 794 173 809 168 832 181 844 171 868 171 879 191 868 201 847 200 836 209 826 209 817 200 799 206 777 200 757 209 730 194"/></Shape>
	    <String CONTENT="نقش نگينش -"
                    HPOS="727"
                    VPOS="167"
                    WIDTH="152"
                    HEIGHT="42"></String>
          </TextLine>
          
          
	  <TextLine ID="eSc_line_124140"
                    
                    BASELINE="194 192 237 191 275 194" 
                    HPOS="193"
                    VPOS="167"
                    WIDTH="81"
                    HEIGHT="43">
            <Shape><Polygon POINTS="193 191 198 174 211 179 226 167 243 169 250 176 261 175 274 193 255 203 247 198 228 200 218 210 194 199"/></Shape>
	    <String CONTENT="* نظم *"
                    HPOS="193"
                    VPOS="167"
                    WIDTH="81"
                    HEIGHT="43"></String>
          </TextLine>
          
          
	  <TextLine ID="eSc_line_124143"
                    
                    BASELINE="554 241 603 238 860 240" 
                    HPOS="553"
                    VPOS="209"
                    WIDTH="306"
                    HEIGHT="45">
            <Shape><Polygon POINTS="553 239 555 228 585 212 609 225 622 212 657 226 689 210 700 210 708 217 722 211 729 218 738 211 746 219 765 213 781 225 794 212 808 218 820 209 830 217 841 217 859 239 817 249 799 242 789 251 777 254 765 243 757 251 745 252 737 244 710 250 698 242 686 251 672 245 651 250 643 243 608 247 596 242 578 244 566 254 554 252"/></Shape>
	    <String CONTENT="عدل کن کز عدل گردی صف شکن"
                    HPOS="553"
                    VPOS="209"
                    WIDTH="306"
                    HEIGHT="45"></String>
          </TextLine>
          
          
	  <TextLine ID="eSc_line_124142"
                    
                    BASELINE="213 238 232 241 263 238 415 239 489 237 521 239" 
                    HPOS="212"
                    VPOS="210"
                    WIDTH="308"
                    HEIGHT="44">
            <Shape><Polygon POINTS="212 237 214 228 230 219 256 217 273 229 294 210 318 210 340 229 361 218 377 225 388 214 409 222 444 211 465 228 488 210 498 219 504 218 520 238 496 251 488 243 477 254 459 239 407 243 391 250 376 238 352 252 333 239 299 243 289 249 271 238 242 242 229 251 213 244"/></Shape>
	    <String CONTENT="رستم مقصـود بن سلطان حسن"
                    HPOS="212"
                    VPOS="210"
                    WIDTH="308"
                    HEIGHT="44"></String>
          </TextLine>
          
          
	  <TextLine ID="eSc_line_124144"
                    
                    BASELINE="195 282 338 281 371 285 483 285 517 281 840 281 875 283" 
                    HPOS="195"
                    VPOS="249"
                    WIDTH="680"
                    HEIGHT="52">
            <Shape><Polygon POINTS="195 282 197 263 206 254 230 260 237 252 252 261 264 249 273 249 289 266 302 269 313 261 339 258 356 269 378 254 422 271 441 261 463 258 470 264 485 255 509 260 518 269 523 264 533 269 546 257 565 255 581 264 598 264 616 256 648 269 660 257 680 255 705 273 724 254 752 269 768 255 800 269 812 257 844 255 871 266 875 283 857 289 814 288 803 296 787 290 761 301 741 288 717 293 706 286 689 296 680 287 670 287 643 296 632 286 615 288 599 283 579 289 556 287 537 296 526 294 514 282 495 295 473 293 464 285 433 298 420 287 407 294 395 285 381 296 368 296 347 282 326 296 305 286 289 294 276 282 251 292 212 287 197 292"/></Shape>
	    <String CONTENT="سلطنتش پنج سال و شش ماه ممالکش عراق عجم و عراق عرب و آدربايجان"
                    HPOS="195"
                    VPOS="249"
                    WIDTH="680"
                    HEIGHT="52"></String>
          </TextLine>
          
          
	  <TextLine ID="eSc_line_124145"
                    
                    BASELINE="699 327 782 330 858 330 879 330" 
                    HPOS="698"
                    VPOS="299"
                    WIDTH="180"
                    HEIGHT="44">
            <Shape><Polygon POINTS="698 326 713 306 727 313 741 301 752 309 765 300 818 317 845 299 863 311 875 309 878 328 866 338 850 331 836 340 814 343 803 336 792 339 782 331 757 340 738 333 725 342 705 327"/></Shape>
	    <String CONTENT="و فارس و دیار بكر *"
                    HPOS="698"
                    VPOS="299"
                    WIDTH="180"
                    HEIGHT="44"></String>
          </TextLine>
          
          
	  <TextLine ID="eSc_line_124147"
                    
                    BASELINE="180 387 187 387 881 390" 
                    HPOS="179"
                    VPOS="352"
                    WIDTH="700"
                    HEIGHT="63">
            <Shape><Polygon POINTS="179 385 201 362 222 370 239 352 245 352 274 380 302 358 312 368 328 370 349 355 368 374 380 362 404 368 421 353 437 364 466 369 478 380 495 364 507 366 518 355 537 369 551 365 558 370 570 370 583 357 592 356 610 374 621 370 632 380 642 370 651 371 657 365 670 370 686 355 706 352 720 365 729 358 743 364 761 363 792 382 808 366 821 369 837 355 855 355 877 377 879 389 859 412 839 401 821 415 809 415 784 394 774 399 732 399 720 389 700 399 668 400 650 400 636 391 617 410 602 408 590 396 524 397 505 406 476 389 465 397 426 397 412 409 400 409 382 395 369 395 356 387 346 395 327 396 315 407 295 403 271 415 248 393 235 404 212 404 181 385"/></Shape>
	    <String CONTENT="وقایع سنۀ ثلث و تسعمایه محاربه نمودن ایبه"
                    HPOS="179"
                    VPOS="352"
                    WIDTH="700"
                    HEIGHT="63"></String>
          </TextLine>
          
          
	  <TextLine ID="eSc_line_124148"
                    
                    BASELINE="373 452 426 451 441 453 541 452 554 453 586 451 618 453 682 453 688 453" 
                    HPOS="372"
                    VPOS="412"
                    WIDTH="315"
                    HEIGHT="65">
            <Shape><Polygon POINTS="372 451 374 432 390 415 415 427 439 416 465 441 483 423 508 434 541 415 561 434 572 433 590 448 623 415 637 412 647 421 660 416 684 439 687 452 680 459 631 459 618 472 604 477 583 459 568 471 558 471 540 457 503 461 477 459 467 452 447 471 431 457 391 458 374 451"/></Shape>
	    <String CONTENT="سلطان و احمد پادشاه"
                    HPOS="372"
                    VPOS="412"
                    WIDTH="315"
                    HEIGHT="65"></String>
          </TextLine>
          
          
	  <TextLine ID="eSc_line_124149"
                    
                    BASELINE="184 502 494 504 542 508 554 511 612 509 624 511 642 504 717 504 763 510 828 509" 
                    HPOS="182"
                    VPOS="472"
                    WIDTH="645"
                    HEIGHT="50">
            <Shape><Polygon POINTS="182 501 205 473 220 482 231 478 244 491 263 482 276 495 283 489 295 495 309 480 320 482 334 472 352 489 365 476 381 477 400 490 415 480 432 497 446 496 467 478 490 485 503 478 527 497 559 478 586 498 606 486 636 488 648 495 667 479 691 485 705 480 719 492 727 485 751 489 763 478 784 491 812 488 825 497 827 508 807 520 782 518 770 509 733 513 725 518 718 513 704 520 697 513 662 511 650 503 642 511 619 511 591 522 579 511 572 517 537 516 524 505 498 516 467 510 459 518 442 521 428 509 418 518 410 518 400 508 391 515 377 510 356 515 343 503 321 517 311 517 298 505 281 518 267 507 243 517 232 507 195 514 184 503"/></Shape>
	    <String CONTENT="چون احمد پادشاه حسين بيگ عليخانی را بقتل آورد و در کمال"
                    HPOS="182"
                    VPOS="472"
                    WIDTH="645"
                    HEIGHT="50"></String>
          </TextLine>
          
          
	  <TextLine ID="eSc_line_124150"
                    
                    BASELINE="185 546 200 548 476 547 509 553 573 551 603 547 616 548 656 546 684 551 883 550" 
                    HPOS="184"
                    VPOS="514"
                    WIDTH="698"
                    HEIGHT="51">
            <Shape><Polygon POINTS="184 545 185 533 193 524 206 528 217 520 232 534 243 530 251 539 261 529 301 530 312 522 327 522 337 532 366 530 375 522 401 522 415 533 450 533 458 524 480 524 494 537 507 528 516 535 524 528 543 533 556 522 568 530 577 522 606 524 629 514 641 523 654 523 673 539 692 528 706 539 723 522 735 527 751 523 767 539 777 535 784 541 794 532 818 536 847 526 882 549 866 555 809 560 787 552 774 564 756 552 739 561 729 558 719 562 703 551 684 562 667 553 653 555 643 564 630 555 573 553 542 564 520 562 513 556 490 565 479 555 432 556 419 551 410 555 350 556 337 547 325 553 279 554 254 547 235 560 224 549 204 556 185 546"/></Shape>
	    <String CONTENT="حشمت و اقبال در دارالسّلطنة تبريز بر نخت سلطنت نشست و ايبه"
                    HPOS="184"
                    VPOS="514"
                    WIDTH="698"
                    HEIGHT="51"></String>
          </TextLine>
          
          
	  <TextLine ID="eSc_line_124152"
                    
                    BASELINE="184 592 203 590 225 591 264 589 277 592 308 596 420 596 432 593 470 593 482 596 495 593 537 593 551 596 577 594 815 596 827 593 886 591" 
                    HPOS="182"
                    VPOS="564"
                    WIDTH="703"
                    HEIGHT="47">
            <Shape><Polygon POINTS="182 591 193 572 210 577 223 564 235 564 250 579 267 570 283 584 292 579 298 584 309 572 321 572 328 565 346 568 359 581 371 578 380 584 401 566 434 573 450 565 463 578 485 574 492 579 523 564 535 574 542 567 562 567 584 580 593 572 621 568 644 586 666 567 678 574 698 567 710 578 738 575 746 567 769 567 779 577 793 566 812 583 831 566 844 566 856 567 885 590 863 599 836 599 827 606 807 597 795 608 779 594 761 604 700 594 682 608 670 600 656 606 642 594 609 600 587 594 573 608 560 608 529 592 522 599 497 600 482 609 452 592 433 609 387 600 380 594 366 606 350 596 343 603 325 598 306 611 292 609 279 594 269 602 248 590 237 597 216 596 203 602 185 591"/></Shape>
	    <String CONTENT="سلطان را ايالت كرمان داده رواۀ آنصوب گردایند و ايلچي به طلب"
                    HPOS="182"
                    VPOS="564"
                    WIDTH="703"
                    HEIGHT="47"></String>
          </TextLine>
          
          
	  <TextLine ID="eSc_line_124153"
                    
                    BASELINE="178 638 881 636" 
                    HPOS="176"
                    VPOS="609"
                    WIDTH="703"
                    HEIGHT="51">
            <Shape><Polygon POINTS="176 637 192 617 219 618 228 610 250 616 257 609 280 627 292 629 324 609 340 610 355 624 363 624 383 609 407 627 432 611 445 612 456 623 470 611 480 611 492 621 504 612 516 623 530 616 553 624 566 611 579 618 598 612 612 627 623 628 641 611 663 625 686 611 714 623 735 609 771 628 807 611 828 629 855 612 869 612 879 635 866 643 851 644 838 655 825 644 807 649 782 647 774 641 762 651 746 653 733 642 712 647 698 636 686 643 667 640 655 650 642 647 619 651 605 640 564 653 551 643 530 651 514 637 490 653 479 643 464 644 450 637 433 643 416 660 401 646 362 646 350 637 338 646 323 641 299 654 276 641 262 649 256 643 241 648 236 643 224 646 190 637"/></Shape>
	    <String CONTENT="قاسم بیگ پرناک که والى شيراز بود فرستاد قاسم بيگ ايلچي را رعايت"
                    HPOS="176"
                    VPOS="609"
                    WIDTH="703"
                    HEIGHT="51"></String>
          </TextLine>
          
          
	  <TextLine ID="eSc_line_124154"
                    
                    BASELINE="180 677 200 675 212 674 229 681 589 680 608 686 689 686 733 681 763 680 878 680" 
                    HPOS="179"
                    VPOS="649"
                    WIDTH="698"
                    HEIGHT="50">
            <Shape><Polygon POINTS="179 676 194 657 214 662 226 659 237 666 257 655 271 661 283 649 312 653 330 667 343 659 362 657 372 668 382 665 389 669 400 659 427 668 445 659 477 674 494 657 504 655 511 655 524 668 537 655 551 663 573 655 584 666 591 659 609 660 623 670 643 650 651 650 673 672 692 657 711 668 727 660 744 666 755 655 769 656 780 666 795 656 807 668 817 666 824 670 836 660 851 666 868 656 877 679 845 695 826 685 815 694 799 687 782 699 769 687 749 692 743 687 722 689 716 684 701 694 691 689 681 698 668 687 649 695 630 695 619 686 596 694 580 680 568 686 549 682 530 695 516 686 499 695 473 695 461 686 406 694 393 684 380 693 363 684 347 692 327 693 314 681 289 685 280 680 233 692 205 691 182 676"/></Shape>
	    <String CONTENT="نمود و از غایت وهم برآن بود که از طرفی بدر رود و درین اثنأ خبر رسید"
                    HPOS="179"
                    VPOS="649"
                    WIDTH="698"
                    HEIGHT="50"></String>
          </TextLine>
          
          
	  <TextLine ID="eSc_line_124155"
                    
                    BASELINE="184 722 201 723 213 724 583 723 594 725 606 722 618 724 655 723 672 726 684 723 884 723" 
                    HPOS="182"
                    VPOS="691"
                    WIDTH="701"
                    HEIGHT="54">
            <Shape><Polygon POINTS="182 722 184 713 209 695 231 710 242 701 255 707 270 699 296 714 308 714 331 695 343 705 370 704 378 712 415 703 434 708 445 698 461 710 477 699 489 706 505 699 518 705 541 691 553 700 565 699 581 712 591 711 603 699 617 707 649 700 667 718 681 706 714 708 726 698 742 710 758 698 781 698 798 711 807 703 821 705 828 698 844 707 866 698 883 722 872 722 862 730 847 729 841 723 828 735 817 735 799 724 793 730 764 730 756 736 732 733 720 726 707 736 688 730 668 745 649 730 625 731 611 742 603 736 592 738 579 726 574 731 560 730 552 737 535 737 515 724 496 739 482 732 467 737 457 729 409 731 399 726 387 736 372 738 355 729 339 736 327 731 302 736 290 724 263 729 257 735 231 723 203 727 190 736 184 731"/></Shape>
	    <String CONTENT="که ايبه سلطان با جمعي لشکريان متوجّه كرمان است و بحوالی مشهد مادر"
                    HPOS="182"
                    VPOS="691"
                    WIDTH="701"
                    HEIGHT="54"></String>
          </TextLine>
          
          
	  <TextLine ID="eSc_line_124159"
                    
                    BASELINE="185 771 282 771 312 768 423 765 471 765 494 768 505 765 530 767 559 773 585 769 615 769 630 765 878 766" 
                    HPOS="184"
                    VPOS="733"
                    WIDTH="693"
                    HEIGHT="50">
            <Shape><Polygon POINTS="184 770 190 755 200 758 229 739 245 738 260 751 266 749 275 755 308 736 327 749 344 745 350 750 369 739 377 748 395 743 437 745 447 751 460 741 475 752 488 739 526 745 537 741 545 748 553 741 568 752 584 742 598 755 619 742 630 742 640 750 692 750 699 757 722 735 733 733 760 751 787 741 806 757 825 742 839 750 853 741 874 756 877 765 849 779 834 774 813 779 801 768 774 779 756 765 742 774 718 773 707 783 694 775 684 781 666 779 638 767 627 774 613 773 602 783 587 770 571 782 566 777 554 781 542 769 535 774 495 774 482 779 467 768 437 781 413 768 403 776 393 771 353 783 343 773 325 779 315 769 294 780 280 770 266 779 251 770 242 776 228 771 209 783 197 783 185 771"/></Shape>
	    <String CONTENT="سليمان عليه السّلام رسيده قاسم او را استقبال نموده بشيراز در آورد و ايلچي"
                    HPOS="184"
                    VPOS="733"
                    WIDTH="693"
                    HEIGHT="50"></String>
          </TextLine>
          
          
	  <TextLine ID="eSc_line_124160"
                    
                    BASELINE="180 809 410 808 439 811 451 808 483 807 509 811 656 814 668 812 826 812 885 807" 
                    HPOS="179"
                    VPOS="782"
                    WIDTH="705"
                    HEIGHT="45">
            <Shape><Polygon POINTS="179 808 199 784 211 783 225 796 254 783 266 788 277 783 289 795 312 783 325 796 347 782 364 783 382 798 393 788 407 790 415 783 432 798 454 784 470 792 504 783 511 790 522 787 536 801 549 788 570 794 577 787 594 800 606 792 624 793 635 800 649 790 666 800 685 784 700 788 708 783 723 790 733 786 745 798 763 786 780 784 787 790 800 786 817 800 827 789 851 794 865 784 884 806 855 819 824 818 818 813 803 825 793 817 760 818 750 812 732 824 719 811 700 825 691 825 668 811 641 825 629 819 606 827 591 815 578 822 540 811 497 821 476 812 466 820 452 815 439 827 422 814 416 820 401 820 383 808 376 814 345 815 337 821 327 821 317 811 300 817 283 808 260 822 248 815 232 825 213 812 194 825 180 814"/></Shape>
	    <String CONTENT="احمد پادشاه را گرفته در روز جمعه خطبه باسم ايبه سلطان كه ابراهيم نام"
                    HPOS="179"
                    VPOS="782"
                    WIDTH="705"
                    HEIGHT="45"></String>
          </TextLine>
          
          
	  <TextLine ID="eSc_line_124161"
                    
                    BASELINE="179 847 199 853 225 853 237 850 263 852 277 851 289 853 317 853 343 857 460 856 472 858 485 855 521 855 554 857 782 857 802 855 883 855" 
                    HPOS="178"
                    VPOS="824"
                    WIDTH="704"
                    HEIGHT="46">
            <Shape><Polygon POINTS="178 846 198 826 207 832 220 827 231 838 245 828 283 828 296 840 340 830 364 844 377 843 385 836 400 841 420 828 448 845 475 827 502 831 511 840 530 828 546 839 562 828 573 833 585 828 603 841 617 828 632 828 650 841 670 824 698 841 712 843 732 830 745 834 751 828 763 828 771 837 783 831 796 843 813 834 830 839 841 828 853 828 865 833 882 855 870 855 864 860 819 862 795 856 768 868 758 868 751 860 714 859 705 868 676 860 655 868 640 856 617 869 608 868 598 858 549 862 542 856 528 860 510 855 456 868 441 858 421 869 399 857 380 869 368 869 359 860 347 865 340 859 323 869 313 868 299 857 289 866 274 859 236 857 222 866 207 857 191 870 179 864"/></Shape>
	    <String CONTENT="داشت خواندند و بدآن قرار دادند که سلطان مراد بن يعقوب پادشاه را از"
                    HPOS="178"
                    VPOS="824"
                    WIDTH="704"
                    HEIGHT="46"></String>
          </TextLine>
          
          
	  <TextLine ID="eSc_line_124135"
                    
                    BASELINE="172 900 853 900 886 896" 
                    HPOS="171"
                    VPOS="869"
                    WIDTH="714"
                    HEIGHT="45">
            <Shape><Polygon POINTS="171 898 195 870 211 879 247 877 254 883 268 875 282 882 300 882 311 871 337 883 355 870 378 871 391 883 406 871 418 876 431 872 442 883 452 874 471 870 486 872 499 885 515 877 529 885 547 877 574 889 594 872 610 869 624 876 637 872 654 887 662 881 684 882 693 872 719 872 729 882 739 879 748 884 758 877 777 879 788 869 795 869 811 884 825 874 840 883 863 874 885 895 838 914 813 912 800 900 784 913 771 913 749 901 735 908 667 907 656 900 647 909 585 907 577 902 560 913 549 904 529 913 518 904 507 912 482 904 463 904 451 910 439 906 426 912 377 903 338 903 330 910 317 906 308 913 287 903 279 910 266 907 238 913 217 902 185 909 174 898"/></Shape>
	    <String CONTENT="شیروان آورده بسلطنت بنشانند و هر دو باتفاق وکیل باشند و از مردم زر بسیار"
                    HPOS="171"
                    VPOS="869"
                    WIDTH="714"
                    HEIGHT="45"></String>
          </TextLine>
          
          
	  <TextLine ID="eSc_line_124134"
                    
                    BASELINE="176 939 306 942 881 942" 
                    HPOS="175"
                    VPOS="907"
                    WIDTH="704"
                    HEIGHT="51">
            <Shape><Polygon POINTS="175 938 190 922 210 922 218 914 237 925 276 928 288 916 299 921 313 915 323 923 342 916 356 928 384 925 397 916 426 935 451 910 465 907 484 926 535 923 545 932 571 909 580 909 600 926 615 914 642 928 656 916 676 916 687 926 699 923 705 928 717 916 726 919 736 909 744 909 763 927 792 917 806 932 825 915 851 920 866 914 876 923 879 941 868 941 846 957 806 944 796 948 769 947 752 954 731 942 714 958 698 947 673 954 650 944 636 954 623 948 604 954 592 946 551 958 536 947 486 950 478 944 459 954 447 948 431 957 412 947 372 947 358 953 344 944 333 948 311 947 305 953 266 946 257 954 242 947 214 953 207 946 193 947 176 939"/></Shape>
	    <String CONTENT="گرفتند خصوصاً از مولانا جلال الدّین محمد دوّانی صاحب تصانیف و سیادت"
                    HPOS="175"
                    VPOS="907"
                    WIDTH="704"
                    HEIGHT="51"></String>
          </TextLine>
          
          
	  <TextLine ID="eSc_line_124156"
                    
                    BASELINE="182 981 404 984 463 990 503 989 520 991 532 986 656 989 730 984 841 984 879 991" 
                    HPOS="181"
                    VPOS="950"
                    WIDTH="697"
                    HEIGHT="54">
            <Shape><Polygon POINTS="181 980 203 958 222 973 239 957 257 965 268 961 281 970 320 950 342 970 355 958 372 964 383 961 394 972 402 965 425 971 438 963 451 972 472 961 486 974 504 957 514 955 534 972 542 965 566 967 574 976 585 966 632 967 643 978 672 955 686 954 701 970 717 966 739 972 767 953 786 974 802 967 818 971 830 959 845 959 864 971 878 990 855 999 847 992 824 997 818 992 796 995 788 989 775 1001 763 991 749 992 739 985 704 1001 691 992 650 1001 637 988 615 995 581 993 575 989 560 995 539 992 532 986 513 1004 502 998 492 1001 480 989 465 998 453 997 444 989 422 998 397 992 389 984 380 992 357 990 346 999 321 990 307 990 293 998 258 991 223 997 212 988 191 1002 182 995"/></Shape>
	    <String CONTENT="و نقابت پناه صدر الدّین محمد بعد ازآن ان دو بد اختر باتّفاق یکدیگر علم"
                    HPOS="181"
                    VPOS="950"
                    WIDTH="697"
                    HEIGHT="54"></String>
          </TextLine>
          
          
	  <TextLine ID="eSc_line_124158"
                    
                    BASELINE="188 1027 325 1027 337 1029 361 1029 383 1034 425 1031 729 1033 741 1030 879 1031" 
                    HPOS="187"
                    VPOS="1001"
                    WIDTH="691"
                    HEIGHT="42">
            <Shape><Polygon POINTS="187 1026 188 1009 193 1007 241 1015 255 1001 279 1011 287 1007 301 1012 321 1003 338 1017 355 1002 376 1009 385 1002 399 1014 412 1003 422 1009 439 1002 452 1015 477 1004 490 1017 522 1010 535 1017 552 1016 572 1002 610 1008 624 1004 635 1015 647 1011 655 1017 669 1005 679 1010 692 1002 700 1010 712 1004 729 1016 739 1016 760 1003 769 1009 818 1009 826 1014 860 1009 878 1030 868 1030 850 1043 826 1034 796 1033 790 1039 770 1041 748 1034 732 1040 717 1031 661 1043 651 1039 627 1043 619 1036 600 1043 589 1035 555 1033 545 1042 534 1035 527 1041 509 1041 488 1034 456 1042 447 1042 439 1034 399 1042 389 1034 380 1040 359 1035 347 1042 336 1035 325 1039 280 1033 261 1039 232 1034 217 1041 188 1034"/></Shape>
	    <String CONTENT="عزیمت بجانب اصفهان بر افراشتند و چون خبر طغیان ایشان باحمد بیگ رسید"
                    HPOS="187"
                    VPOS="1001"
                    WIDTH="691"
                    HEIGHT="42"></String>
          </TextLine>
          
          
	  <TextLine ID="eSc_line_124157"
                    
                    BASELINE="181 1075 199 1069 225 1069 237 1074 266 1075 501 1075 514 1073 598 1075 875 1072" 
                    HPOS="180"
                    VPOS="1037"
                    WIDTH="694"
                    HEIGHT="56">
            <Shape><Polygon POINTS="180 1074 181 1059 207 1043 224 1045 233 1053 245 1045 257 1055 266 1053 277 1062 287 1053 315 1058 328 1050 353 1060 363 1052 389 1052 400 1043 416 1055 426 1046 437 1052 447 1045 457 1054 470 1047 501 1047 516 1046 535 1058 546 1047 558 1045 574 1048 585 1058 602 1052 610 1060 627 1043 635 1043 644 1053 656 1048 681 1058 689 1049 703 1048 714 1059 730 1049 767 1062 780 1060 801 1037 809 1037 830 1058 838 1049 864 1047 870 1052 874 1071 862 1079 841 1079 827 1088 817 1083 769 1087 762 1080 738 1087 731 1080 713 1085 704 1078 687 1087 668 1079 647 1087 635 1078 621 1088 604 1078 589 1086 574 1079 540 1086 522 1078 499 1093 476 1075 446 1078 438 1085 414 1084 404 1074 390 1085 357 1078 342 1085 331 1078 311 1091 305 1085 286 1088 274 1077 263 1085 247 1080 237 1085 226 1077 212 1077 204 1083 184 1073"/></Shape>
	    <String CONTENT="لشکر جرّار و مردان کار بدفع آن دو نابکار متوّجه اصفهان گردید و در روز چهار شنبه"
                    HPOS="180"
                    VPOS="1037"
                    WIDTH="694"
                    HEIGHT="56"></String>
          </TextLine>
          
          
	  <TextLine ID="eSc_line_124136"
                    
                    BASELINE="185 1117 238 1115 302 1115 362 1118 876 1116" 
                    HPOS="184"
                    VPOS="1085"
                    WIDTH="691"
                    HEIGHT="51">
            <Shape><Polygon POINTS="184 1116 185 1103 209 1087 225 1088 239 1100 248 1094 262 1097 269 1090 286 1100 298 1091 320 1090 327 1097 339 1091 350 1102 362 1090 369 1090 378 1092 396 1110 415 1098 450 1104 457 1097 470 1097 491 1099 497 1105 517 1090 533 1097 558 1098 573 1110 599 1091 632 1107 650 1100 672 1105 681 1097 694 1100 710 1085 741 1106 757 1096 768 1102 794 1098 807 1105 818 1096 831 1098 849 1088 864 1097 875 1115 864 1123 824 1123 812 1134 802 1128 774 1131 762 1122 749 1130 723 1124 708 1134 676 1122 648 1124 630 1134 617 1123 598 1122 580 1136 568 1134 559 1124 534 1126 527 1122 503 1131 451 1122 438 1129 416 1123 391 1131 377 1121 332 1134 314 1121 296 1121 283 1130 242 1118 206 1122 195 1129 185 1122"/></Shape>
	    <String CONTENT="عفدهم ربيع در خولجه حسن ماضي بديشان رسيد جمعی کثير از لشکر ايبه سلطان"
                    HPOS="184"
                    VPOS="1085"
                    WIDTH="691"
                    HEIGHT="51"></String>
          </TextLine>
          
          
	  <TextLine ID="eSc_line_124162"
                    
                    BASELINE="180 1160 332 1159 345 1162 357 1160 875 1158" 
                    HPOS="179"
                    VPOS="1126"
                    WIDTH="695"
                    HEIGHT="49">
            <Shape><Polygon POINTS="179 1159 182 1134 230 1138 245 1144 256 1134 269 1132 276 1138 289 1134 299 1143 325 1136 342 1142 349 1135 362 1135 380 1144 407 1126 431 1144 450 1132 480 1147 510 1132 526 1148 554 1144 561 1149 585 1135 610 1140 623 1134 634 1144 659 1143 672 1136 686 1145 703 1136 725 1141 738 1136 751 1145 757 1140 782 1143 793 1135 814 1153 858 1135 870 1145 874 1157 870 1169 850 1173 807 1174 798 1167 738 1174 732 1169 687 1166 642 1175 630 1175 622 1167 564 1166 553 1174 534 1174 516 1168 495 1172 480 1164 428 1173 418 1164 401 1172 378 1162 342 1172 328 1164 224 1166 213 1159 186 1159"/></Shape>
	    <String CONTENT="باردوی احمد پادشاه ملحق گشتند چون ایبه سلطان قوّت مقاومت نداشت (١)"
                    HPOS="179"
                    VPOS="1126"
                    WIDTH="695"
                    HEIGHT="49"></String>
          </TextLine>
          
          
	  <TextLine ID="eSc_line_124165"
                    
                    BASELINE="398 1213 648 1216" 
                    HPOS="397"
                    VPOS="1188"
                    WIDTH="250"
                    HEIGHT="44">
            <Shape><Polygon POINTS="397 1212 407 1212 439 1191 458 1193 464 1188 492 1191 497 1195 510 1191 520 1199 537 1189 552 1195 564 1189 573 1199 581 1193 606 1191 612 1195 619 1189 637 1189 644 1192 647 1216 629 1226 619 1226 612 1219 599 1220 587 1231 554 1216 528 1226 508 1226 498 1218 476 1225 469 1219 442 1218 422 1232 399 1213"/></Shape>
	    <String CONTENT="(١) طوق ا طق را خابانیده ج"
                    HPOS="397"
                    VPOS="1188"
                    WIDTH="250"
                    HEIGHT="44"></String>
          </TextLine>
          </TextBlock>
          
        </PrintSpace>
      </Page>
    </Layout>
  </alto>
