<?xml version="1.0" encoding="UTF-8"?>
<alto xmlns:xsi="http://www.w3.org/2001/XMLSchema-instance"
      xmlns="http://www.loc.gov/standards/alto/ns-v4#"
      xsi:schemaLocation="http://www.loc.gov/standards/alto/ns-v4# https://gitlab.inria.fr/scripta/escriptorium/-/raw/develop/app/escriptorium/static/alto-4-1-baselines.xsd">
  <Description>
    <MeasurementUnit>pixel</MeasurementUnit>
    <sourceImageInformation>
      <fileName>18.jpg</fileName>
    </sourceImageInformation>
  </Description>
  
  <Tags>
    <OtherTag ID="BT1" LABEL="Title" DESCRIPTION="block type Title"/><OtherTag ID="BT2" LABEL="Main" DESCRIPTION="block type Main"/><OtherTag ID="BT3" LABEL="Commentary" DESCRIPTION="block type Commentary"/><OtherTag ID="BT4" LABEL="Illustration" DESCRIPTION="block type Illustration"/>
    
  </Tags>
  
  <Layout>
    <Page WIDTH="975"
          HEIGHT="1425"
          PHYSICAL_IMG_NR="17"
          ID="eSc_dummypage_">
      <PrintSpace HPOS="0"
                  VPOS="0"
                  WIDTH="975"
                  HEIGHT="1425">
        
        <TextBlock ID="eSc_dummyblock_">
          
	  <TextLine ID="eSc_line_124167"
                    
                    BASELINE="431 140 546 139 568 137 569 137" 
                    HPOS="429"
                    VPOS="105"
                    WIDTH="139"
                    HEIGHT="51">
            <Shape><Polygon POINTS="429 138 435 118 446 112 452 115 459 108 471 112 479 105 492 108 509 122 527 115 541 118 558 110 565 117 568 136 554 144 529 142 516 152 494 140 469 149 452 148 440 156 431 154"/></Shape>
	    <String CONTENT="احسن التواريخ"
                    HPOS="429"
                    VPOS="105"
                    WIDTH="139"
                    HEIGHT="51"></String>
          </TextLine>
          
          
	  <TextLine ID="eSc_line_124168"
                    
                    BASELINE="138 192 161 190 174 192 795 191 850 192" 
                    HPOS="137"
                    VPOS="161"
                    WIDTH="712"
                    HEIGHT="51">
            <Shape><Polygon POINTS="137 191 174 165 211 178 224 165 243 161 287 175 299 176 314 166 324 171 342 167 357 176 374 161 390 172 425 171 441 163 452 174 488 171 495 178 537 178 545 171 573 172 584 165 612 171 655 162 665 172 680 167 695 174 732 167 761 172 787 167 811 171 821 166 849 191 837 201 824 200 813 212 801 205 790 207 783 200 749 207 737 200 720 204 698 195 666 204 643 195 629 206 613 206 605 199 552 199 542 194 527 206 509 205 490 195 475 205 453 207 441 195 399 195 378 201 353 199 346 193 305 200 286 193 233 197 220 206 203 197 181 197 159 209 141 191"/></Shape>
	    <String CONTENT="علم را خوابانيده داعيۀ فرار داشت چون مردم احمد بیگ ضعف مخالفان معلوم"
                    HPOS="137"
                    VPOS="161"
                    WIDTH="712"
                    HEIGHT="51"></String>
          </TextLine>
          
          
	  <TextLine ID="eSc_line_124170"
                    
                    BASELINE="150 236 190 233 451 233 463 235 483 241 504 235 516 233 605 233 631 237 691 239 850 232" 
                    HPOS="149"
                    VPOS="205"
                    WIDTH="700"
                    HEIGHT="49">
            <Shape><Polygon POINTS="149 235 155 218 171 214 188 219 210 211 228 223 242 210 264 209 281 219 295 205 306 216 314 209 328 209 336 216 378 211 391 224 412 207 419 214 441 211 466 225 489 210 508 209 526 222 534 213 553 214 565 209 578 222 605 216 613 223 627 211 654 214 663 210 682 228 693 228 711 210 720 210 731 220 737 218 750 228 767 212 783 224 800 211 818 218 832 212 849 231 814 252 800 243 790 248 780 238 762 254 746 243 727 250 695 251 679 241 670 249 662 249 656 243 623 243 615 236 589 250 579 249 570 239 546 242 528 237 518 247 508 242 497 250 478 252 460 238 423 242 412 249 397 247 387 237 351 247 327 233 312 245 285 235 276 242 247 242 229 248 218 237 205 247 192 247 186 241 159 242 150 235"/></Shape>
	    <String CONTENT="کردند از حوالی پادشاه دور شده بتاراج مشغول شدند ايبه سلطان فرصت"
                    HPOS="149"
                    VPOS="205"
                    WIDTH="700"
                    HEIGHT="49"></String>
          </TextLine>
          
          
	  <TextLine ID="eSc_line_124171"
                    
                    BASELINE="150 279 171 281 210 276 276 276 327 280 362 280 375 282 441 282 454 280 560 280 587 282 800 282 841 275" 
                    HPOS="150"
                    VPOS="242"
                    WIDTH="691"
                    HEIGHT="54">
            <Shape><Polygon POINTS="150 279 154 263 165 266 187 247 211 250 230 267 237 260 248 262 266 249 299 260 306 267 333 242 361 266 378 263 390 251 404 264 420 254 433 267 440 264 450 270 460 260 471 261 483 254 513 268 529 255 546 254 554 260 567 256 583 270 598 261 604 264 615 252 635 269 647 258 660 263 667 256 687 269 698 258 717 258 725 264 741 255 758 268 781 260 800 264 825 250 838 263 841 275 834 287 813 293 755 282 730 287 718 295 695 282 668 286 657 294 634 285 618 293 609 283 589 294 568 294 561 287 524 286 517 280 497 293 490 286 469 290 453 282 438 294 425 286 414 296 407 296 396 286 381 296 370 295 355 280 336 293 327 293 308 280 294 288 268 282 241 285 231 276 223 283 180 283 166 292 153 285"/></Shape>
	    <String CONTENT="غنيمت شمرده خود را بر پادشاه رسانيد و از اوج عزّت بخاک مذلّتش"
                    HPOS="150"
                    VPOS="242"
                    WIDTH="691"
                    HEIGHT="54"></String>
          </TextLine>
          
          
	  <TextLine ID="eSc_line_124174"
                    
                    BASELINE="142 325 224 323 404 323 422 325 497 324 841 325" 
                    HPOS="141"
                    VPOS="295"
                    WIDTH="699"
                    HEIGHT="47">
            <Shape><Polygon POINTS="141 324 171 299 182 306 200 305 210 298 233 305 244 295 275 298 282 305 296 298 315 298 330 308 351 299 366 307 406 298 416 306 426 301 438 304 450 296 463 309 485 306 494 313 505 304 517 308 526 301 547 302 560 296 567 302 580 296 613 314 640 301 660 309 674 296 685 304 698 296 712 311 718 306 726 308 744 296 755 307 771 312 782 302 795 304 805 296 832 298 840 324 830 330 796 332 773 324 749 338 722 337 712 327 697 337 685 325 670 339 662 340 643 330 624 336 611 326 593 334 568 324 546 338 537 338 520 325 497 338 484 328 466 337 451 328 425 338 410 324 395 339 364 323 345 338 321 338 305 325 300 330 263 328 239 342 225 330 200 338 180 326 157 339 142 325"/></Shape>
	    <String CONTENT="افكنده سرش را از بدن جدا کرده بر سر نيزه کوده فرمود که نقارۀ بشارت فرو"
                    HPOS="141"
                    VPOS="295"
                    WIDTH="699"
                    HEIGHT="47"></String>
          </TextLine>
          
          
	  <TextLine ID="eSc_line_124175"
                    
                    BASELINE="319 366 347 365 359 368 843 365" 
                    HPOS="318"
                    VPOS="339"
                    WIDTH="523"
                    HEIGHT="44">
            <Shape><Polygon POINTS="318 365 337 351 349 352 370 339 375 344 389 340 406 350 415 340 432 342 442 352 452 347 459 351 469 342 489 342 496 349 513 342 528 349 543 345 553 355 567 340 579 340 598 355 608 347 634 349 641 342 657 351 668 343 695 345 713 340 722 342 735 355 763 351 774 357 794 342 811 342 819 347 830 342 838 347 841 364 815 382 803 374 773 374 764 382 748 383 733 381 723 370 698 368 687 376 669 372 657 381 642 374 598 372 589 381 573 374 554 382 543 372 526 378 489 371 476 382 453 377 439 382 431 375 414 381 399 372 357 374 330 365"/></Shape>
	    <String CONTENT="کوفتند چون (۱) لشکر احمد چنان دیدند قرار بر فرار دادند -"
                    HPOS="318"
                    VPOS="339"
                    WIDTH="523"
                    HEIGHT="44"></String>
          </TextLine>
          
          
	  <TextLine ID="eSc_line_124195"
                    
                    BASELINE="145 368 211 368 240 364" 
                    HPOS="144"
                    VPOS="339"
                    WIDTH="95"
                    HEIGHT="44">
            <Shape><Polygon POINTS="144 366 157 347 175 353 200 339 212 347 224 347 239 363 222 375 201 371 176 383 149 366"/></Shape>
	    <String CONTENT="* شعر *"
                    HPOS="144"
                    VPOS="339"
                    WIDTH="95"
                    HEIGHT="44"></String>
          </TextLine>
          
          
	  <TextLine ID="eSc_line_124179"
                    
                    BASELINE="505 412 527 414 551 409 562 412 581 409 624 409 636 412 666 412 679 415 783 416" 
                    HPOS="504"
                    VPOS="384"
                    WIDTH="278"
                    HEIGHT="45">
            <Shape><Polygon POINTS="504 410 524 385 565 399 592 384 606 396 619 390 630 399 665 395 678 387 692 400 707 384 724 397 738 397 755 384 779 401 782 415 748 423 724 418 714 427 694 427 682 415 668 420 613 419 604 412 583 419 565 413 541 428 515 429 505 420"/></Shape>
	    <String CONTENT="دليـران احمـد شه سرفراز"
                    HPOS="504"
                    VPOS="384"
                    WIDTH="278"
                    HEIGHT="45"></String>
          </TextLine>
          
          
	  <TextLine ID="eSc_line_124190"
                    
                    BASELINE="210 414 268 413 318 415 363 413 381 409 478 410" 
                    HPOS="209"
                    VPOS="382"
                    WIDTH="268"
                    HEIGHT="45">
            <Shape><Polygon POINTS="209 413 210 399 225 384 252 394 273 384 287 397 294 393 302 396 313 385 320 385 330 395 344 390 357 399 372 389 387 397 395 390 418 396 431 383 457 387 469 382 473 384 477 409 453 426 445 426 435 416 391 418 384 412 361 425 336 423 321 416 304 423 286 416 273 423 256 414 245 425 241 420 223 427 210 422"/></Shape>
	    <String CONTENT="گرفتنـد در پيـش راه دراز"
                    HPOS="209"
                    VPOS="382"
                    WIDTH="268"
                    HEIGHT="45"></String>
          </TextLine>
          
          
	  <TextLine ID="eSc_line_124192"
                    
                    BASELINE="514 454 554 452 753 456 778 458 783 459" 
                    HPOS="513"
                    VPOS="428"
                    WIDTH="269"
                    HEIGHT="43">
            <Shape><Polygon POINTS="513 453 523 433 548 439 568 429 590 439 610 428 619 439 642 433 653 439 678 428 688 429 697 438 716 433 726 440 765 433 780 446 782 458 773 457 749 471 725 459 717 463 693 458 673 466 655 459 623 459 613 469 598 459 581 470 567 461 549 460 541 469 527 469 514 459"/></Shape>
	    <String CONTENT="هزيمت غنيمت شمردند زود"
                    HPOS="513"
                    VPOS="428"
                    WIDTH="269"
                    HEIGHT="43"></String>
          </TextLine>
          
          
	  <TextLine ID="eSc_line_124191"
                    
                    BASELINE="216 450 267 456 328 456 359 452 447 452 481 454" 
                    HPOS="214"
                    VPOS="426"
                    WIDTH="266"
                    HEIGHT="44">
            <Shape><Polygon POINTS="214 448 223 434 237 437 242 432 260 445 286 428 307 447 320 435 336 444 358 428 385 432 400 426 406 433 434 439 450 428 458 438 469 437 480 453 446 469 437 464 423 466 400 456 353 463 336 454 314 470 299 460 268 466 255 454 238 467 228 467 216 457"/></Shape>
	    <String CONTENT="سراسیمه گشتند بر سان دود"
                    HPOS="214"
                    VPOS="426"
                    WIDTH="266"
                    HEIGHT="44"></String>
          </TextLine>
          
          
	  <TextLine ID="eSc_line_124183"
                    
                    BASELINE="153 502 160 502 264 505 296 502 390 503 408 499 758 499 805 503 838 503" 
                    HPOS="152"
                    VPOS="464"
                    WIDTH="685"
                    HEIGHT="53">
            <Shape><Polygon POINTS="152 501 153 485 161 478 180 482 198 477 214 490 230 479 275 483 292 471 308 480 325 480 339 472 357 486 376 478 393 483 410 473 425 488 440 478 458 479 470 492 501 466 513 464 530 482 539 480 546 488 589 473 610 490 618 488 624 492 640 480 649 483 661 472 680 488 703 471 722 471 741 485 752 476 765 478 777 472 790 485 825 480 833 485 837 502 822 513 795 510 784 501 768 510 744 498 704 504 695 510 678 502 665 511 653 502 634 514 616 513 609 505 592 516 581 505 556 505 548 498 476 514 463 499 439 510 429 511 406 508 369 515 345 502 325 516 312 503 304 504 290 517 274 509 225 516 210 514 199 504 166 510 153 503"/></Shape>
	    <String CONTENT="چون ايبه سلطان را بی زيادت مشقّتی صبح فيروزی از مطلع بهروزی دمید"
                    HPOS="152"
                    VPOS="464"
                    WIDTH="685"
                    HEIGHT="53"></String>
          </TextLine>
          
          
	  <TextLine ID="eSc_line_124193"
                    
                    BASELINE="155 542 447 542 459 547 488 548 577 548 596 545 609 545 621 547 680 548 694 543 706 542 796 542 846 542" 
                    HPOS="154"
                    VPOS="510"
                    WIDTH="691"
                    HEIGHT="50">
            <Shape><Polygon POINTS="154 541 155 523 174 515 186 522 195 520 207 532 220 528 239 510 250 510 263 523 288 522 300 511 320 526 333 516 344 523 361 517 394 517 407 529 416 521 434 514 451 516 472 534 497 524 509 530 517 522 537 523 554 532 565 526 570 529 584 517 593 522 602 515 625 532 662 523 675 532 688 523 701 528 739 516 774 534 795 516 803 522 814 516 845 541 830 555 802 548 786 559 767 546 712 549 703 545 679 558 640 555 632 560 617 546 584 547 570 555 554 547 532 560 513 547 479 558 467 556 456 546 441 558 409 545 401 552 370 548 355 555 338 547 326 559 309 546 296 555 282 555 274 547 262 546 225 548 213 556 201 549 166 553 155 548"/></Shape>
	    <String CONTENT="و نسيم سعادت بر پرچم علمش وزيد روى توجّه بقشلاق قم آورده سكّه و خطبه"
                    HPOS="154"
                    VPOS="510"
                    WIDTH="691"
                    HEIGHT="50"></String>
          </TextLine>
          
          
	  <TextLine ID="eSc_line_124185"
                    
                    BASELINE="152 590 384 590 396 592 410 589 464 589 479 585 853 582" 
                    HPOS="150"
                    VPOS="555"
                    WIDTH="702"
                    HEIGHT="50">
            <Shape><Polygon POINTS="150 589 152 571 162 560 182 573 203 565 211 567 224 555 245 571 312 568 321 577 342 562 377 577 395 561 428 580 451 559 470 570 479 560 491 560 505 573 521 562 533 561 541 568 549 562 568 579 583 566 603 568 611 577 618 570 630 574 663 560 680 572 700 560 730 578 749 560 771 560 795 577 812 560 820 559 845 581 852 581 832 597 818 593 807 604 789 592 738 598 726 586 697 600 676 585 646 603 616 590 598 605 586 602 570 586 561 594 532 602 524 594 509 593 499 584 479 594 456 593 446 602 435 600 423 589 393 593 377 604 362 592 336 600 320 592 311 598 280 600 273 593 257 594 244 589 232 589 218 600 201 596 187 599 174 589 162 599 152 599"/></Shape>
	    <String CONTENT="بنام سلطان مراد غایب زود خواند قاصدان سخن دان بجهت آوردن او"
                    HPOS="150"
                    VPOS="555"
                    WIDTH="702"
                    HEIGHT="50"></String>
          </TextLine>
          
          
	  <TextLine ID="eSc_line_124186"
                    
                    BASELINE="155 634 390 634 403 631 609 631 631 634 844 633" 
                    HPOS="154"
                    VPOS="602"
                    WIDTH="689"
                    HEIGHT="48">
            <Shape><Polygon POINTS="154 632 155 621 172 616 184 604 239 617 254 605 274 605 285 613 298 603 314 603 331 615 350 610 363 623 401 604 419 616 435 612 441 618 452 609 472 611 480 604 507 617 530 616 552 605 570 623 578 624 605 602 623 604 637 615 648 604 666 613 680 609 703 619 730 603 745 613 760 606 770 617 783 604 798 615 821 606 839 618 843 632 831 640 818 636 796 644 769 644 758 635 742 644 732 635 706 632 695 643 680 636 669 643 654 637 644 647 625 638 613 644 599 636 579 650 559 632 509 642 492 630 472 644 444 630 432 636 393 637 371 646 355 632 337 643 323 641 318 646 286 632 268 642 242 635 233 643 224 643 217 636 155 643"/></Shape>
	    <String CONTENT="بشیروان فرستاد و در قم بارگاهي نصب کرده مسندی در بارگاه نهاد و دستاری"
                    HPOS="154"
                    VPOS="602"
                    WIDTH="689"
                    HEIGHT="48"></String>
          </TextLine>
          
          
	  <TextLine ID="eSc_line_124194"
                    
                    BASELINE="152 672 262 674 293 676 799 675 822 680 841 680" 
                    HPOS="152"
                    VPOS="644"
                    WIDTH="689"
                    HEIGHT="49">
            <Shape><Polygon POINTS="152 672 159 653 181 646 197 648 205 656 220 654 230 659 255 648 274 656 289 648 305 663 313 663 330 648 352 650 361 659 375 644 383 644 394 655 407 649 415 657 434 649 454 666 485 649 495 649 503 657 526 656 533 663 551 649 585 663 597 654 613 661 621 654 641 654 650 660 662 650 676 660 688 651 704 651 718 663 742 648 754 659 771 656 781 665 792 656 805 656 813 665 832 655 841 680 796 693 780 689 770 680 719 679 710 688 684 689 670 678 641 689 631 682 624 687 613 676 593 688 578 680 546 693 530 680 523 685 489 681 477 689 450 689 438 678 420 681 410 676 394 680 383 689 366 680 339 680 308 689 300 684 287 687 274 678 243 691 229 679 153 679"/></Shape>
	    <String CONTENT="بر زير مسند وضع نموده هر صباح بدستوری که امرأ سلاطين را ملازمت کنند"
                    HPOS="152"
                    VPOS="644"
                    WIDTH="689"
                    HEIGHT="49"></String>
          </TextLine>
          
          
	  <TextLine ID="eSc_line_124187"
                    
                    BASELINE="154 720 159 720 223 722 274 718 844 722" 
                    HPOS="153"
                    VPOS="684"
                    WIDTH="690"
                    HEIGHT="57">
            <Shape><Polygon POINTS="153 719 155 701 167 689 200 711 220 699 239 697 258 710 270 698 295 708 305 699 319 700 325 695 364 700 378 708 397 695 413 699 419 694 437 706 456 694 484 693 502 703 533 684 554 705 565 701 575 711 592 694 603 700 627 694 637 704 655 700 666 710 678 705 685 711 710 698 719 703 731 695 738 701 763 705 776 692 788 699 812 692 830 699 840 710 843 722 832 727 802 724 792 731 763 722 730 735 720 726 700 727 687 720 675 732 641 725 624 735 615 726 608 732 597 726 587 736 570 722 553 731 540 727 530 737 516 725 496 741 479 725 445 726 437 719 414 731 400 727 394 732 368 722 350 730 338 724 313 730 296 723 287 732 279 733 273 727 266 735 249 722 231 731 213 732 195 722 173 724 161 731 154 727"/></Shape>
	    <String CONTENT="بدانجا ميرفت و بسرانجام مهامّ پرداخته شيلان میکشید وهم درين سال"
                    HPOS="153"
                    VPOS="684"
                    WIDTH="690"
                    HEIGHT="57"></String>
          </TextLine>
          
          
	  <TextLine ID="eSc_line_124188"
                    
                    BASELINE="154 767 188 765 203 762 223 765 338 764 391 761 407 763 434 761 446 763 497 765 598 765 615 768 629 764 693 764 711 767 752 763 776 767 793 767 846 767" 
                    HPOS="153"
                    VPOS="733"
                    WIDTH="692"
                    HEIGHT="47">
            <Shape><Polygon POINTS="153 765 154 751 176 739 219 745 230 736 249 750 268 736 283 737 298 750 308 748 315 754 326 745 345 742 352 746 361 738 374 737 400 754 438 736 450 745 466 738 485 752 501 743 516 749 526 739 564 750 591 736 624 751 634 744 663 749 687 743 699 744 710 755 733 736 744 736 762 750 780 733 807 751 828 739 841 752 845 765 815 775 803 768 769 775 757 763 737 768 725 777 704 765 680 779 668 770 641 771 629 763 617 773 600 776 590 769 561 775 537 767 527 776 496 780 482 769 428 773 409 770 400 762 390 770 331 770 318 764 305 776 287 764 258 780 242 764 225 779 211 769 204 776 178 769 166 776 154 773"/></Shape>
	    <String CONTENT="در بهار عنان عزيمت بجانب تبريز منعطف ساخت و قبل از رسيدن"
                    HPOS="153"
                    VPOS="733"
                    WIDTH="692"
                    HEIGHT="47"></String>
          </TextLine>
          
          
	  <TextLine ID="eSc_line_124189"
                    
                    BASELINE="154 805 269 805 290 809 558 809 593 807 674 806 700 811 713 807 786 806 838 806" 
                    HPOS="153"
                    VPOS="775"
                    WIDTH="684"
                    HEIGHT="49">
            <Shape><Polygon POINTS="153 803 154 781 167 777 194 789 209 783 222 789 231 780 249 779 260 787 286 784 295 775 306 775 323 792 359 787 368 795 383 780 399 790 415 780 429 788 438 781 458 781 469 792 488 780 515 794 536 779 555 779 585 800 602 787 625 788 638 796 651 784 663 789 674 784 701 793 720 777 745 790 761 782 768 788 780 783 786 789 798 786 807 792 824 775 831 775 837 805 820 817 809 817 800 808 782 819 760 819 746 808 741 814 722 812 710 820 693 811 673 812 659 820 642 806 625 818 606 812 596 821 575 820 567 812 518 819 509 811 489 821 471 811 459 820 447 811 432 824 418 812 397 820 370 820 362 814 333 820 318 817 309 808 295 818 281 818 263 809 250 814 241 806 226 818 213 811 195 818 187 809 169 809 154 819"/></Shape>
	    <String CONTENT="آن مردود بدان حدود جمعی سلطان مراد را از شیروان بیرون آورده با او در مقام"
                    HPOS="153"
                    VPOS="775"
                    WIDTH="684"
                    HEIGHT="49"></String>
          </TextLine>
          
          
	  <TextLine ID="eSc_line_124178"
                    
                    BASELINE="148 850 199 850 313 850 343 852 580 852 596 850 727 850 758 846 818 846 839 846" 
                    HPOS="147"
                    VPOS="819"
                    WIDTH="691"
                    HEIGHT="46">
            <Shape><Polygon POINTS="147 849 148 838 166 822 198 836 214 822 236 822 245 832 271 839 302 819 311 819 327 836 338 836 357 822 374 832 416 825 431 837 444 824 454 822 480 839 498 825 520 828 540 824 559 841 579 822 608 822 618 833 629 822 637 830 653 824 675 838 695 824 735 834 756 827 771 833 796 833 821 824 838 845 830 855 799 855 790 862 774 853 749 857 737 850 717 862 679 851 668 862 654 857 640 860 617 850 597 858 584 856 573 864 564 864 554 855 543 859 534 853 524 860 507 856 495 865 486 865 477 856 464 862 456 856 429 859 418 852 395 865 375 851 359 857 342 856 333 862 313 851 285 857 273 853 261 863 247 855 219 855 205 862 191 852 168 863 149 849"/></Shape>
	    <String CONTENT="خصومت بودند و ايبه سلطان با ایشان جنگ کرده غالب آمد و سلطان مراد"
                    HPOS="147"
                    VPOS="819"
                    WIDTH="691"
                    HEIGHT="46"></String>
          </TextLine>
          
          
	  <TextLine ID="eSc_line_124173"
                    
                    BASELINE="143 893 716 895 746 891 799 891 812 895 844 897" 
                    HPOS="142"
                    VPOS="863"
                    WIDTH="701"
                    HEIGHT="47">
            <Shape><Polygon POINTS="142 893 180 864 204 877 220 866 245 866 268 881 305 863 319 876 331 872 342 882 350 874 364 878 376 871 390 885 409 870 437 878 451 868 466 883 471 878 480 881 495 868 507 876 521 869 540 878 558 865 568 874 580 866 599 884 628 874 669 877 697 865 711 876 729 865 786 866 795 875 813 872 822 865 840 881 843 896 827 906 813 897 793 907 782 898 754 898 742 893 716 907 693 898 672 910 659 897 603 909 591 908 580 897 568 907 556 908 540 896 511 901 499 909 475 908 464 900 454 907 412 900 396 907 381 901 353 908 338 894 315 908 305 901 288 908 269 896 256 906 238 897 224 907 204 897 182 903 157 900 150 894"/></Shape>
	    <String CONTENT="را در قلعۀ (۲) رويندز محبوس كرده مادرش را بعقد خود در آورد و الوند بیگ"
                    HPOS="142"
                    VPOS="863"
                    WIDTH="701"
                    HEIGHT="47"></String>
          </TextLine>
          
          
	  <TextLine ID="eSc_line_124176"
                    
                    BASELINE="167 935 239 935 264 938 636 936 670 940 780 939 792 942 845 937" 
                    HPOS="166"
                    VPOS="907"
                    WIDTH="678"
                    HEIGHT="47">
            <Shape><Polygon POINTS="166 934 182 916 197 921 219 909 244 910 261 919 277 919 287 909 312 910 325 922 345 917 358 922 369 913 389 913 401 920 432 914 441 917 459 907 472 919 485 920 496 910 518 917 536 910 545 919 560 910 581 915 594 910 621 923 649 920 661 928 679 916 703 923 719 909 752 925 765 913 787 922 799 915 808 925 831 916 844 936 820 952 803 946 782 951 775 945 693 945 668 953 656 944 635 942 621 953 552 940 540 950 504 941 482 953 464 954 456 947 444 952 416 942 393 954 381 944 350 947 331 941 324 947 313 942 258 944 251 938 244 942 185 942 168 934"/></Shape>
	    <String CONTENT="بن يوسف بیگ بین حسن پادشاه را به تبریز آورده بر تخت سلطنت نشاند *"
                    HPOS="166"
                    VPOS="907"
                    WIDTH="678"
                    HEIGHT="47"></String>
          </TextLine>
          
          
	  <TextLine ID="eSc_line_124181"
                    
                    BASELINE="198 1004 343 1001 401 1005 539 1005 562 1002 644 998 784 1001" 
                    HPOS="197"
                    VPOS="954"
                    WIDTH="586"
                    HEIGHT="75">
            <Shape><Polygon POINTS="197 1003 238 966 250 971 271 954 305 979 318 978 324 983 347 972 362 980 382 964 403 980 425 965 446 985 484 980 501 995 508 989 521 991 530 984 571 983 580 977 612 997 653 961 661 961 669 970 681 964 713 993 749 965 761 974 769 969 777 971 783 999 760 1020 738 1029 724 1028 703 1007 657 1008 640 1023 627 1026 602 1004 578 1008 570 1016 558 1007 548 1016 536 1015 523 1026 510 1024 491 1005 473 1016 458 1015 445 1022 421 1022 406 1010 394 1017 381 1008 371 1016 342 1009 324 1024 308 1024 288 1005 281 1005 266 1018 244 1014 228 1026 216 1024 198 1007"/></Shape>
	    <String CONTENT="نزاع سلطان حسين ميرزا با بدیع الزّمان"
                    HPOS="197"
                    VPOS="954"
                    WIDTH="586"
                    HEIGHT="75"></String>
          </TextLine>
          
          
	  <TextLine ID="eSc_line_124182"
                    
                    BASELINE="347 1067 396 1066 413 1064 451 1065 466 1062 498 1066 511 1065 539 1067 594 1068 609 1068 636 1068" 
                    HPOS="346"
                    VPOS="1022"
                    WIDTH="289"
                    HEIGHT="68">
            <Shape><Polygon POINTS="346 1066 365 1052 375 1055 402 1028 421 1022 441 1041 459 1029 478 1043 499 1028 517 1045 533 1045 552 1026 561 1027 596 1047 623 1042 632 1052 635 1067 618 1068 606 1077 596 1074 587 1081 558 1084 537 1067 521 1069 508 1081 496 1081 489 1075 478 1078 470 1071 459 1072 450 1064 428 1064 423 1068 407 1068 387 1088 376 1090 347 1066"/></Shape>
	    <String CONTENT="ميرزا مرتبۀ ثاثي"
                    HPOS="346"
                    VPOS="1022"
                    WIDTH="289"
                    HEIGHT="68"></String>
          </TextLine>
          
          
	  <TextLine ID="eSc_line_124177"
                    
                    BASELINE="138 1122 142 1122 279 1123 312 1122 339 1117 797 1118" 
                    HPOS="137"
                    VPOS="1088"
                    WIDTH="659"
                    HEIGHT="47">
            <Shape><Polygon POINTS="137 1121 140 1106 146 1112 171 1090 206 1107 212 1102 222 1104 236 1091 257 1090 266 1098 280 1098 288 1107 301 1106 321 1093 338 1093 350 1105 359 1105 374 1091 401 1092 412 1103 420 1094 437 1092 464 1105 478 1097 489 1100 505 1091 520 1103 546 1098 558 1109 583 1097 608 1099 622 1107 647 1090 666 1090 688 1105 711 1088 739 1107 782 1093 794 1105 796 1117 752 1132 743 1131 731 1119 695 1128 685 1118 647 1123 638 1129 630 1129 619 1119 570 1132 562 1132 548 1118 534 1129 508 1135 490 1119 465 1132 435 1125 418 1131 406 1121 399 1125 358 1128 343 1118 314 1130 288 1130 281 1123 271 1130 249 1131 239 1122 223 1130 206 1122 175 1131 155 1131 146 1122 138 1128"/></Shape>
	    <String CONTENT="درين سال سلطان حسین ميرزا در ييلاق النگ نشين بپرشش جرايم"
                    HPOS="137"
                    VPOS="1088"
                    WIDTH="659"
                    HEIGHT="47"></String>
          </TextLine>
          
          
	  <TextLine ID="eSc_line_124180"
                    
                    BASELINE="141 1159 145 1159 263 1166 355 1166 408 1160 420 1161 432 1166 507 1166 534 1163 565 1163 577 1167 592 1160 665 1161 704 1159 718 1162 770 1160 838 1167" 
                    HPOS="140"
                    VPOS="1126"
                    WIDTH="697"
                    HEIGHT="52">
            <Shape><Polygon POINTS="140 1159 161 1140 186 1145 197 1144 206 1135 224 1147 245 1142 261 1151 276 1136 295 1129 308 1129 325 1145 350 1140 374 1147 384 1136 401 1143 415 1136 432 1136 440 1144 451 1138 467 1154 478 1154 495 1147 504 1151 524 1135 539 1145 559 1147 577 1129 590 1126 610 1141 641 1138 655 1149 676 1135 689 1145 703 1141 725 1149 743 1132 787 1144 806 1129 820 1142 834 1145 837 1166 831 1174 818 1178 805 1176 794 1166 760 1167 744 1178 724 1167 699 1175 684 1161 673 1168 654 1162 647 1169 617 1178 599 1167 566 1176 555 1166 522 1167 513 1175 501 1172 485 1178 470 1178 458 1166 440 1175 426 1167 412 1172 389 1169 380 1175 347 1168 330 1178 308 1168 299 1176 282 1169 268 1178 251 1166 239 1174 213 1178 197 1168 186 1178 178 1172 166 1173 142 1159"/></Shape>
	    <String CONTENT="وزرأ مشغول بود که خبر تفرّق عساكر وی در قندهار ببدیع الزّمان ميرزا رسید"
                    HPOS="140"
                    VPOS="1126"
                    WIDTH="697"
                    HEIGHT="52"></String>
          </TextLine>
          
          
	  <TextLine ID="eSc_line_124169"
                    
                    BASELINE="167 1222 198 1226 780 1227 798 1223" 
                    HPOS="166"
                    VPOS="1200"
                    WIDTH="630"
                    HEIGHT="43">
            <Shape><Polygon POINTS="166 1221 167 1208 176 1200 190 1208 243 1208 251 1202 266 1207 281 1201 293 1212 309 1202 321 1208 351 1206 357 1211 371 1201 388 1200 414 1206 435 1200 445 1205 482 1202 492 1211 503 1206 513 1211 530 1201 543 1211 554 1201 565 1207 578 1201 591 1210 598 1202 612 1200 625 1205 662 1202 673 1211 716 1202 723 1210 731 1202 755 1200 762 1207 769 1202 790 1204 796 1221 789 1236 767 1237 757 1231 730 1237 674 1233 661 1239 643 1233 629 1242 619 1232 599 1243 584 1233 552 1242 534 1233 495 1235 482 1240 473 1233 441 1231 427 1243 407 1243 401 1237 388 1242 378 1233 350 1233 332 1243 314 1233 308 1238 279 1238 271 1232 257 1240 243 1240 235 1235 219 1239 210 1232 180 1233 167 1226"/></Shape>
	    <String CONTENT="(۱) لشکر احمد پادشاه قرار دلیران احمد پادشاه فراز گرفتند در پیش راه زاز هزیمت ا"
                    HPOS="166"
                    VPOS="1200"
                    WIDTH="630"
                    HEIGHT="43"></String>
          </TextLine>
          
          
	  <TextLine ID="eSc_line_124184"
                    
                    BASELINE="618 1262 640 1261 680 1264 749 1265 803 1261" 
                    HPOS="617"
                    VPOS="1233"
                    WIDTH="185"
                    HEIGHT="49">
            <Shape><Polygon POINTS="617 1261 629 1243 646 1235 663 1245 674 1240 684 1245 697 1233 703 1239 708 1235 729 1238 738 1248 751 1235 762 1242 788 1238 802 1259 787 1275 780 1269 770 1273 761 1264 746 1275 736 1275 724 1265 713 1267 698 1282 678 1271 666 1274 649 1267 628 1273 619 1264"/></Shape>
	    <String CONTENT="(۲) فی النسخ رو بندر"
                    HPOS="617"
                    VPOS="1233"
                    WIDTH="185"
                    HEIGHT="49"></String>
          </TextLine>
          </TextBlock>
          
        </PrintSpace>
      </Page>
    </Layout>
  </alto>
