<?xml version="1.0" encoding="UTF-8"?>
<alto xmlns:xsi="http://www.w3.org/2001/XMLSchema-instance"
      xmlns="http://www.loc.gov/standards/alto/ns-v4#"
      xsi:schemaLocation="http://www.loc.gov/standards/alto/ns-v4# https://gitlab.inria.fr/scripta/escriptorium/-/raw/develop/app/escriptorium/static/alto-4-1-baselines.xsd">
  <Description>
    <MeasurementUnit>pixel</MeasurementUnit>
    <sourceImageInformation>
      <fileName>19.jpg</fileName>
    </sourceImageInformation>
  </Description>
  
  <Tags>
    <OtherTag ID="BT1" LABEL="Title" DESCRIPTION="block type Title"/><OtherTag ID="BT2" LABEL="Main" DESCRIPTION="block type Main"/><OtherTag ID="BT3" LABEL="Commentary" DESCRIPTION="block type Commentary"/><OtherTag ID="BT4" LABEL="Illustration" DESCRIPTION="block type Illustration"/>
    
  </Tags>
  
  <Layout>
    <Page WIDTH="975"
          HEIGHT="1425"
          PHYSICAL_IMG_NR="18"
          ID="eSc_dummypage_">
      <PrintSpace HPOS="0"
                  VPOS="0"
                  WIDTH="975"
                  HEIGHT="1425">
        
        <TextBlock ID="eSc_dummyblock_">
          
	  <TextLine ID="eSc_line_124476"
                    
                    BASELINE="473 159 515 159 527 155 609 152" 
                    HPOS="472"
                    VPOS="121"
                    WIDTH="136"
                    HEIGHT="52">
            <Shape><Polygon POINTS="472 157 473 142 479 136 489 130 497 133 515 121 539 124 554 140 566 131 604 125 608 152 599 156 572 155 559 167 539 156 526 156 514 166 494 166 488 173 475 168"/></Shape>
	    <String CONTENT="احسن التواريخ"
                    HPOS="472"
                    VPOS="121"
                    WIDTH="136"
                    HEIGHT="52"></String>
          </TextLine>
          
          
	  <TextLine ID="eSc_line_124477"
                    
                    BASELINE="200 212 407 216 460 211 578 211 616 205 761 206 794 200 891 201" 
                    HPOS="199"
                    VPOS="162"
                    WIDTH="691"
                    HEIGHT="68">
            <Shape><Polygon POINTS="199 211 201 195 210 199 223 186 235 185 249 195 258 195 274 185 313 186 320 191 334 186 339 191 352 178 364 176 381 190 396 184 404 192 415 193 428 182 459 187 475 182 482 190 496 191 507 180 534 192 556 175 565 175 583 194 602 178 630 176 647 186 655 178 679 178 694 192 708 180 717 187 727 187 746 172 768 184 784 173 807 178 819 172 830 180 857 162 868 162 888 179 890 200 877 207 855 203 837 212 822 204 809 205 775 219 762 210 743 216 716 206 700 219 687 218 678 210 644 220 632 212 622 219 611 211 589 220 579 220 570 212 561 218 530 219 503 210 491 220 470 217 460 222 447 214 435 225 420 224 408 216 396 225 381 225 372 219 357 226 333 223 324 230 307 219 271 220 261 228 241 219 230 228 220 228 212 219 200 218"/></Shape>
	    <String CONTENT="باتّفاق شجاع بیگ بن امیر ذوالنون ارغون با چهار هزار سوار جرّار از قندهار بطرف"
                    HPOS="199"
                    VPOS="162"
                    WIDTH="691"
                    HEIGHT="68"></String>
          </TextLine>
          
          
	  <TextLine ID="eSc_line_124478"
                    
                    BASELINE="193 259 197 259 283 257 428 258 440 257 459 251 533 252 635 248 673 249 685 247 765 243 897 247" 
                    HPOS="192"
                    VPOS="214"
                    WIDTH="704"
                    HEIGHT="65">
            <Shape><Polygon POINTS="192 258 193 247 216 231 262 243 274 231 285 236 305 233 323 247 331 244 337 249 364 230 377 233 385 229 402 241 409 235 419 239 429 236 437 242 445 235 454 238 464 229 483 224 496 237 524 226 548 239 565 229 580 238 589 233 598 238 616 223 636 229 649 222 659 230 667 222 697 220 710 231 733 216 754 229 784 229 807 219 821 233 832 235 872 214 893 233 896 247 877 247 866 257 856 252 830 260 813 245 773 260 748 243 718 260 703 251 686 260 674 254 662 262 647 254 630 263 621 254 599 252 589 263 572 255 555 264 542 254 526 266 502 262 492 254 483 260 467 258 454 268 437 260 427 268 410 271 400 263 384 262 369 269 358 262 340 279 318 260 282 271 205 264 195 258"/></Shape>
	    <String CONTENT="اردوی نصرت آثار ايلغار کردند و در عرض شش روز بنواحي سبزوار رسیدند"
                    HPOS="192"
                    VPOS="214"
                    WIDTH="704"
                    HEIGHT="65"></String>
          </TextLine>
          
          
	  <TextLine ID="eSc_line_124479"
                    
                    BASELINE="194 293 224 300 238 301 295 300 357 301 401 300 422 295 504 296 597 294 630 290 892 287" 
                    HPOS="193"
                    VPOS="263"
                    WIDTH="698"
                    HEIGHT="58">
            <Shape><Polygon POINTS="193 292 212 271 233 274 262 294 275 282 319 282 327 274 345 280 358 274 371 286 400 263 414 277 427 270 444 281 453 273 492 281 508 267 534 269 542 276 561 275 579 263 591 275 604 268 628 285 643 273 662 275 676 266 689 274 699 266 718 275 743 270 754 281 776 270 800 270 818 279 849 266 866 269 878 263 891 286 870 301 853 294 843 300 827 299 817 292 793 294 765 305 748 292 710 308 694 298 679 298 670 304 650 298 640 308 629 309 611 294 581 309 565 298 546 307 533 300 498 300 458 315 437 302 394 305 378 315 363 306 321 302 298 306 292 313 277 313 267 321 238 308 219 314 195 299"/></Shape>
	    <String CONTENT="فریدون حسین میرزا باجمعي امرأ در قلعۀ سبزوار متحصّن شده مسرعي بدرگاه"
                    HPOS="193"
                    VPOS="263"
                    WIDTH="698"
                    HEIGHT="58"></String>
          </TextLine>
          
          
	  <TextLine ID="eSc_line_124480"
                    
                    BASELINE="200 343 206 343 478 343 491 345 503 342 559 338 572 339 642 337 672 333 887 333" 
                    HPOS="199"
                    VPOS="305"
                    WIDTH="686"
                    HEIGHT="54">
            <Shape><Polygon POINTS="199 342 200 325 222 314 235 323 245 318 258 330 277 312 287 313 298 324 306 315 318 317 326 325 353 325 368 317 375 324 400 324 408 331 435 318 452 334 480 314 497 324 510 311 528 319 541 312 556 326 567 315 590 315 596 321 618 307 651 311 669 325 686 325 694 317 711 313 722 319 730 311 748 308 770 325 790 306 817 320 839 315 856 305 863 312 879 312 885 332 838 345 814 337 805 345 786 347 775 347 764 337 732 342 699 342 691 337 678 349 665 344 657 350 640 340 594 338 575 343 562 353 548 342 526 352 489 344 465 356 448 344 407 355 400 347 345 350 325 342 296 359 287 355 247 357 239 350 223 355 200 349"/></Shape>
	    <String CONTENT="همایون روان ساخت و چاشتگاه دهم شوال این خبر محنت اثر بآن پادشاه"
                    HPOS="199"
                    VPOS="305"
                    WIDTH="686"
                    HEIGHT="54"></String>
          </TextLine>
          
          
	  <TextLine ID="eSc_line_124481"
                    
                    BASELINE="201 388 208 388 457 387 521 381 710 382 749 376 892 377" 
                    HPOS="200"
                    VPOS="345"
                    WIDTH="691"
                    HEIGHT="58">
            <Shape><Polygon POINTS="200 387 201 371 226 359 249 365 269 361 279 368 292 361 301 370 317 371 346 361 353 365 363 363 370 370 390 365 400 375 428 359 446 376 464 358 489 368 495 363 504 365 517 355 530 364 545 353 562 365 568 359 579 362 592 355 606 369 622 353 644 364 675 353 681 359 692 356 704 366 725 352 741 351 754 361 770 362 783 356 811 358 818 364 845 345 869 347 891 376 874 388 850 376 839 385 822 389 770 382 764 388 746 383 730 393 725 388 710 390 699 382 675 394 647 384 638 393 612 395 596 382 574 395 558 381 546 387 527 381 486 397 472 389 454 403 434 390 402 402 389 391 374 401 361 393 344 402 319 388 296 401 235 388 213 403 201 396"/></Shape>
	    <String CONTENT="والا گهر رسید یساولان هرات روان کرد که امیر علي شیر در هرات سوار شده گرد"
                    HPOS="200"
                    VPOS="345"
                    WIDTH="691"
                    HEIGHT="58"></String>
          </TextLine>
          
          
	  <TextLine ID="eSc_line_124482"
                    
                    BASELINE="200 434 220 434 232 432 312 432 340 427 353 429 471 429 542 426 555 423 654 425 666 422 732 419 856 420 888 420" 
                    HPOS="199"
                    VPOS="383"
                    WIDTH="688"
                    HEIGHT="65">
            <Shape><Polygon POINTS="199 433 204 418 232 404 256 418 279 412 289 416 294 412 311 420 339 406 357 421 374 403 399 419 433 402 446 415 461 419 482 401 497 410 511 403 522 413 548 399 566 412 589 399 606 408 616 399 627 402 636 397 663 412 684 395 697 404 708 401 717 407 731 394 744 403 752 399 788 401 805 393 817 403 845 383 863 399 881 401 887 419 830 427 809 419 787 435 745 421 726 438 710 427 685 427 666 440 653 429 636 439 616 439 609 432 590 434 570 427 561 434 526 439 514 432 494 444 483 433 465 432 452 442 435 433 400 444 387 434 359 448 342 437 309 446 301 438 274 435 258 442 242 434 201 447"/></Shape>
	    <String CONTENT="محلّات گرديده از عساكر هركرا يابد باردو فرستد و امير علي شير حسب الامر"
                    HPOS="199"
                    VPOS="383"
                    WIDTH="688"
                    HEIGHT="65"></String>
          </TextLine>
          
          
	  <TextLine ID="eSc_line_124483"
                    
                    BASELINE="202 475 210 475 403 477 435 475 477 475 515 471 647 472 673 466 732 467 744 465 786 464 800 461 890 462" 
                    HPOS="201"
                    VPOS="434"
                    WIDTH="688"
                    HEIGHT="60">
            <Shape><Polygon POINTS="201 475 203 465 211 466 228 450 241 457 251 450 268 451 280 461 289 454 298 457 306 448 331 460 339 454 345 457 355 447 366 447 383 459 402 451 416 459 440 459 458 441 490 463 508 445 522 456 529 450 547 443 573 448 586 456 619 441 627 448 651 448 657 453 678 440 685 447 695 444 707 454 737 434 744 434 757 447 767 441 777 450 792 450 801 441 815 447 826 437 841 446 858 435 866 444 878 441 889 461 851 473 834 465 808 477 796 469 782 477 768 470 752 479 742 470 723 472 713 480 698 471 679 472 673 478 662 480 654 476 630 485 615 473 589 483 572 473 526 476 496 492 479 480 472 488 458 479 431 479 418 486 407 478 384 488 336 478 325 488 302 479 275 490 248 478 220 494 203 486"/></Shape>
	    <String CONTENT="عمل نمود و در آخر همان روز امیر محمّد ولي بیگ و عمر بیگ و امیر بابا علي"
                    HPOS="201"
                    VPOS="434"
                    WIDTH="688"
                    HEIGHT="60"></String>
          </TextLine>
          
          
	  <TextLine ID="eSc_line_124484"
                    
                    BASELINE="202 517 208 517 311 520 326 517 453 517 480 514 602 515 673 509 827 510 892 504" 
                    HPOS="201"
                    VPOS="480"
                    WIDTH="690"
                    HEIGHT="53">
            <Shape><Polygon POINTS="201 516 203 502 217 494 236 499 254 498 270 490 287 503 306 492 319 497 340 483 349 483 359 494 370 492 388 505 402 496 422 502 440 489 450 498 473 489 482 497 495 496 504 505 527 490 546 505 555 496 572 501 591 492 606 498 625 494 647 502 673 485 695 494 711 492 717 498 735 482 768 482 773 486 783 482 794 492 803 490 811 495 832 480 860 494 879 480 891 503 870 523 856 514 845 518 824 513 811 518 788 509 779 518 765 513 751 523 718 511 705 523 679 516 656 520 649 515 632 527 617 520 605 527 581 520 568 526 551 514 523 520 514 529 498 517 466 528 448 516 420 532 389 516 382 523 366 523 358 532 340 530 320 517 305 530 294 527 283 532 270 520 254 533 203 524"/></Shape>
	    <String CONTENT="از جانب استراباد رسیدند و بموجب حکم عمل نموده متوجّه اردو گردیدند"
                    HPOS="201"
                    VPOS="480"
                    WIDTH="690"
                    HEIGHT="53"></String>
          </TextLine>
          
          
	  <TextLine ID="eSc_line_124486"
                    
                    BASELINE="197 565 201 565 222 567 235 564 266 561 616 562 631 560 644 561 659 556 892 553" 
                    HPOS="195"
                    VPOS="523"
                    WIDTH="696"
                    HEIGHT="55">
            <Shape><Polygon POINTS="195 564 204 549 231 529 243 529 263 545 302 545 318 536 331 543 343 536 363 542 375 535 406 551 433 536 452 553 471 535 498 535 508 543 520 532 537 534 554 549 602 529 618 542 635 529 668 527 684 541 699 527 717 532 729 526 735 532 743 523 756 524 769 536 777 533 793 540 808 524 825 537 838 524 860 524 872 536 882 536 891 552 876 564 862 554 841 562 830 562 820 554 805 568 792 561 784 567 773 560 764 566 749 565 736 555 725 562 706 559 694 568 685 568 673 556 654 571 606 561 597 570 559 573 543 562 524 565 513 574 498 566 479 566 467 575 457 574 447 565 426 573 402 571 396 575 376 567 370 572 347 572 324 565 286 570 271 578 250 568 232 578 223 570 207 575 197 566"/></Shape>
	    <String CONTENT="و قبل از وصول ايشان قراولان اردوی ظفر نشان خبر رسانيدند که بديع الزّمان"
                    HPOS="195"
                    VPOS="523"
                    WIDTH="696"
                    HEIGHT="55"></String>
          </TextLine>
          
          
	  <TextLine ID="eSc_line_124487"
                    
                    BASELINE="195 609 222 616 235 609 285 606 375 604 498 605 561 599 615 600 692 594 851 594 894 596" 
                    HPOS="194"
                    VPOS="568"
                    WIDTH="699"
                    HEIGHT="56">
            <Shape><Polygon POINTS="194 608 206 593 213 598 230 586 248 596 255 589 281 589 295 579 312 590 326 587 337 597 352 592 365 579 384 592 407 578 422 593 427 589 441 593 454 580 480 585 486 591 508 580 520 585 535 581 540 586 562 581 570 589 581 578 603 580 619 573 632 585 646 572 654 577 686 570 703 580 725 571 746 575 755 568 771 578 784 568 808 577 820 570 830 575 841 568 853 579 869 571 887 579 893 594 885 594 874 606 847 611 830 599 825 604 782 600 763 611 748 597 738 603 711 603 701 596 692 604 676 606 643 606 630 598 599 615 574 602 564 611 549 608 537 617 529 617 520 608 509 610 490 604 466 619 445 609 435 617 426 617 419 611 409 613 385 605 359 621 344 619 332 608 277 615 247 608 225 623 212 624 197 609"/></Shape>
	    <String CONTENT="ميرزا بمحاصرۀ قلعه التفات نكرده بسرعث برق و باد طى مسافت مي"
                    HPOS="194"
                    VPOS="568"
                    WIDTH="699"
                    HEIGHT="56"></String>
          </TextLine>
          
          
	  <TextLine ID="eSc_line_124489"
                    
                    BASELINE="201 653 312 653 402 647 606 648 662 642 706 643 779 637 870 638 893 635" 
                    HPOS="200"
                    VPOS="611"
                    WIDTH="691"
                    HEIGHT="55">
            <Shape><Polygon POINTS="200 651 201 640 217 625 228 625 244 615 266 634 287 629 306 636 313 631 334 635 364 619 384 634 399 619 418 631 426 625 445 628 456 623 467 634 492 629 502 622 524 628 534 618 552 632 560 627 577 627 589 636 612 623 640 627 650 636 676 616 694 616 703 624 722 625 733 613 752 613 761 622 779 615 792 625 814 619 824 611 840 621 863 611 870 617 881 611 888 617 891 634 877 644 866 643 858 649 834 638 795 656 780 646 752 647 738 655 720 651 711 643 667 656 649 647 622 648 593 660 581 649 543 661 528 653 515 663 501 651 478 655 465 648 453 655 427 654 416 647 388 665 372 654 338 654 328 662 308 651 298 661 286 659 277 666 266 665 257 656 241 665 225 657 207 663 201 657"/></Shape>
	    <String CONTENT="نمايد لاجرم اضطراب سلطان حسين میرزا زيادت شده اگر آنشب بديع الزّمان"
                    HPOS="200"
                    VPOS="611"
                    WIDTH="691"
                    HEIGHT="55"></String>
          </TextLine>
          
          
	  <TextLine ID="eSc_line_124490"
                    
                    BASELINE="193 697 241 694 260 697 286 694 337 694 349 697 363 693 393 693 432 689 572 689 600 692 612 688 672 688 701 685 820 686 887 681" 
                    HPOS="192"
                    VPOS="656"
                    WIDTH="693"
                    HEIGHT="54">
            <Shape><Polygon POINTS="192 695 207 679 230 667 254 685 271 667 286 669 294 678 304 675 315 684 332 672 346 678 362 667 394 667 407 678 431 665 452 669 472 656 498 680 546 659 579 675 597 663 612 663 623 674 646 662 660 676 681 662 707 675 718 666 773 666 781 674 811 657 826 667 837 657 851 666 881 662 885 680 869 693 839 700 828 689 783 697 775 688 765 697 748 700 708 689 699 698 684 692 661 701 648 689 629 694 622 688 613 695 589 694 578 700 556 688 549 694 522 698 508 708 486 693 463 698 453 691 423 705 402 693 387 705 343 695 324 706 311 698 289 708 276 705 267 710 255 710 239 697 226 707 204 707 193 697"/></Shape>
	    <String CONTENT="میرزا باردو میرسید يمکن که غالب آمدي امّا تائید نیافته در حوالی اردو"
                    HPOS="192"
                    VPOS="656"
                    WIDTH="693"
                    HEIGHT="54"></String>
          </TextLine>
          
          
	  <TextLine ID="eSc_line_124491"
                    
                    BASELINE="207 738 222 738 674 733 692 727 891 729" 
                    HPOS="206"
                    VPOS="698"
                    WIDTH="684"
                    HEIGHT="56">
            <Shape><Polygon POINTS="206 737 207 720 219 710 231 717 244 712 252 720 271 712 282 722 305 712 319 725 326 725 344 710 366 722 382 710 403 717 414 708 429 722 437 722 452 710 465 723 476 717 494 717 501 724 540 698 566 718 594 712 611 720 637 706 651 716 686 703 707 720 719 711 731 713 749 703 767 711 790 710 805 703 817 713 821 708 830 711 840 700 852 706 864 701 883 708 890 727 882 736 862 732 852 739 820 730 807 739 793 731 779 737 744 731 713 750 694 735 657 748 642 733 628 748 611 736 605 742 591 741 573 748 559 736 540 748 524 741 509 746 497 738 491 745 456 754 441 743 426 750 416 741 400 748 391 745 382 754 363 745 347 754 339 745 317 743 308 748 298 741 277 752 261 742 250 748 207 748"/></Shape>
	    <String CONTENT="بخواب رفت تا صبح طلوع کرد بديع الزّمان میرزا و شجاع بیگ با سپاه یکدل"
                    HPOS="206"
                    VPOS="698"
                    WIDTH="684"
                    HEIGHT="56"></String>
          </TextLine>
          
          
	  <TextLine ID="eSc_line_124492"
                    
                    BASELINE="196 786 201 786 235 786 300 780 634 781 670 775 832 776 896 771" 
                    HPOS="195"
                    VPOS="743"
                    WIDTH="700"
                    HEIGHT="55">
            <Shape><Polygon POINTS="195 784 225 755 232 761 268 767 283 754 302 758 311 754 331 755 343 767 357 752 375 754 402 770 421 751 464 769 488 754 507 754 520 765 534 767 552 752 568 755 577 748 584 748 602 765 632 751 640 758 648 752 669 751 680 761 692 749 705 757 722 746 743 762 758 746 765 746 799 764 819 745 832 752 841 743 857 752 882 752 895 770 879 783 860 775 827 787 807 784 796 775 783 783 764 786 757 781 748 788 737 787 725 776 691 787 673 779 655 793 646 792 634 780 610 792 598 790 587 780 564 790 537 782 526 793 473 787 464 781 450 793 438 786 410 790 403 784 390 794 378 784 347 792 337 782 308 798 298 787 270 786 261 793 226 788 207 794 198 784"/></Shape>
	    <String CONTENT="و مبارزان جوشن گسل تیغ کين آخته و رايات جدال و قتال افراخته بمیدان"
                    HPOS="195"
                    VPOS="743"
                    WIDTH="700"
                    HEIGHT="55"></String>
          </TextLine>
          
          
	  <TextLine ID="eSc_line_124498"
                    
                    BASELINE="197 828 311 828 323 826 371 826 414 828 448 826 470 822 570 822 581 825 597 820 679 821 720 818 761 820 774 817 809 813 897 814" 
                    HPOS="195"
                    VPOS="784"
                    WIDTH="701"
                    HEIGHT="59">
            <Shape><Polygon POINTS="195 827 197 819 217 799 235 808 250 806 263 811 285 799 299 800 308 809 320 801 343 800 351 808 370 812 389 800 408 796 420 806 431 798 446 809 473 806 483 815 503 803 529 803 547 814 568 794 589 794 609 808 615 802 635 806 654 793 680 809 707 788 731 803 748 807 767 792 788 796 800 784 819 798 834 793 844 801 853 792 868 795 881 787 893 799 896 813 863 828 856 828 841 815 819 828 809 820 767 825 751 820 736 832 726 824 713 836 681 825 670 836 655 825 629 831 611 820 597 828 575 827 562 837 545 825 490 838 478 826 435 843 423 832 408 832 391 841 378 832 368 838 347 826 321 831 311 840 296 834 288 843 275 831 241 833 235 828 211 841 198 839"/></Shape>
	    <String CONTENT="نبرد در آمدند و ازآن جانب سلطان حسين ميرزا بترتيب لشکر قيامت اثر"
                    HPOS="195"
                    VPOS="784"
                    WIDTH="701"
                    HEIGHT="59"></String>
          </TextLine>
          
          
	  <TextLine ID="eSc_line_124499"
                    
                    BASELINE="198 870 200 870 366 870 382 872 394 869 454 869 490 865 730 866 754 863 794 860 827 862 875 857 893 858" 
                    HPOS="197"
                    VPOS="831"
                    WIDTH="694"
                    HEIGHT="54">
            <Shape><Polygon POINTS="197 869 198 859 216 841 229 841 244 856 268 853 281 846 293 858 306 850 314 852 323 844 340 856 353 843 370 851 395 850 406 840 416 841 427 851 437 841 460 850 477 841 488 846 497 841 511 853 518 849 543 853 552 845 585 850 599 843 612 855 632 837 651 838 674 855 708 841 724 856 762 840 779 847 802 833 819 845 833 831 885 840 891 857 843 872 826 870 817 862 789 868 779 860 758 875 732 876 722 865 686 879 669 868 637 871 629 877 619 877 608 868 600 875 573 872 559 881 543 868 501 885 484 871 465 872 444 882 433 874 399 870 387 876 372 875 364 882 344 882 333 874 301 883 286 876 264 876 244 885 235 877 210 877 201 869"/></Shape>
	    <String CONTENT="مشغول شد درین حنی سلطان مسعود ميرزا که بواسطهٔ عصيان امير خسرو شاه"
                    HPOS="197"
                    VPOS="831"
                    WIDTH="694"
                    HEIGHT="54"></String>
          </TextLine>
          
          
	  <TextLine ID="eSc_line_124495"
                    
                    BASELINE="196 917 199 917 300 913 396 913 434 915 450 910 503 908 637 909 650 907 701 906 726 903 855 904 898 901" 
                    HPOS="195"
                    VPOS="875"
                    WIDTH="702"
                    HEIGHT="56">
            <Shape><Polygon POINTS="195 916 209 902 230 898 239 889 270 897 289 888 301 894 311 887 326 897 334 890 345 896 368 890 387 894 397 883 404 883 420 898 433 887 454 890 464 883 483 894 496 884 511 882 521 889 533 885 545 896 560 883 571 882 597 889 605 897 619 888 629 894 638 885 672 889 679 895 689 885 704 889 714 878 735 894 751 878 770 887 780 879 799 878 809 888 824 877 832 884 851 882 864 890 883 875 894 885 897 900 876 919 852 907 828 909 819 916 805 908 794 914 763 908 751 916 735 910 725 915 713 909 701 917 676 907 654 916 630 910 615 921 602 914 586 914 575 923 553 914 534 923 527 916 491 916 484 912 459 923 441 917 429 927 420 927 408 916 389 927 363 916 346 926 338 926 330 917 324 923 312 919 300 928 289 920 260 922 250 916 216 931 199 916"/></Shape>
	    <String CONTENT="از حصار شادمان باميد مدد رو بدرگاه پادشاه عاليشان آورده بود با پانصد کس"
                    HPOS="195"
                    VPOS="875"
                    WIDTH="702"
                    HEIGHT="56"></String>
          </TextLine>
          
          
	  <TextLine ID="eSc_line_124496"
                    
                    BASELINE="196 959 264 963 276 958 313 959 342 955 565 957 635 951 756 952 789 947 859 947 904 944" 
                    HPOS="195"
                    VPOS="922"
                    WIDTH="708"
                    HEIGHT="55">
            <Shape><Polygon POINTS="195 958 197 951 219 931 237 947 254 931 268 936 277 931 293 931 308 944 321 936 327 939 337 929 365 946 372 940 381 941 397 927 423 945 447 935 477 945 510 927 534 946 543 946 561 928 579 941 587 934 603 924 618 932 637 933 647 940 657 932 667 934 679 923 695 938 711 922 743 938 761 922 809 935 821 925 863 933 883 922 903 942 893 944 871 958 832 957 815 950 798 961 789 953 769 953 761 960 750 960 744 954 729 964 719 955 700 964 687 952 649 967 638 958 589 960 584 955 574 965 554 972 543 971 532 960 510 965 479 959 469 969 453 960 426 970 418 964 377 964 369 959 356 970 336 961 314 971 285 967 274 960 248 976 238 976 226 964 211 977 198 966"/></Shape>
	    <String CONTENT="در رسيد و همان زمان امير محمّد ولي بيگ و عمر بیگ و امير بابا علي از"
                    HPOS="195"
                    VPOS="922"
                    WIDTH="708"
                    HEIGHT="55"></String>
          </TextLine>
          
          
	  <TextLine ID="eSc_line_124488"
                    
                    BASELINE="205 1002 260 1002 273 998 647 999 689 993 756 995 811 989 903 990" 
                    HPOS="204"
                    VPOS="961"
                    WIDTH="698"
                    HEIGHT="55">
            <Shape><Polygon POINTS="204 1001 205 986 216 976 243 977 267 969 282 979 296 974 308 986 327 974 344 986 355 984 362 989 402 972 432 972 442 980 471 978 479 986 494 978 499 980 513 969 528 983 537 983 549 971 556 971 567 982 590 977 604 986 627 974 653 977 665 985 717 969 745 980 768 964 794 964 801 969 812 964 822 974 839 977 866 961 902 989 878 999 851 995 845 1001 818 989 809 996 793 996 782 1005 749 993 737 1005 724 997 712 1007 698 1001 687 1008 675 1007 663 996 638 999 617 1010 606 1009 596 998 559 1012 542 1002 528 1010 517 1001 485 1011 470 1003 458 1009 438 1002 407 1009 363 1003 351 1012 331 1005 309 1016 293 1005 285 1005 274 1016 258 1009 237 1012 225 1007 205 1015"/></Shape>
	    <String CONTENT="جانب استراباد و فريدون حسین ميرزا و امير عبد اللطيف وساير امرأ بايلغار"
                    HPOS="204"
                    VPOS="961"
                    WIDTH="698"
                    HEIGHT="55"></String>
          </TextLine>
          
          
	  <TextLine ID="eSc_line_124493"
                    
                    BASELINE="193 1047 472 1047 511 1041 605 1042 618 1040 647 1040 681 1036 851 1037 901 1030" 
                    HPOS="192"
                    VPOS="1007"
                    WIDTH="708"
                    HEIGHT="55">
            <Shape><Polygon POINTS="192 1046 210 1029 219 1031 231 1020 258 1022 280 1033 289 1033 306 1017 330 1030 346 1018 364 1027 382 1020 394 1031 407 1033 423 1018 431 1021 446 1009 469 1027 494 1023 508 1028 522 1017 568 1024 579 1014 591 1022 605 1015 616 1023 628 1011 644 1015 656 1027 673 1015 686 1023 710 1020 717 1026 726 1017 744 1023 756 1011 802 1024 807 1020 817 1022 830 1009 847 1011 863 1007 872 1014 888 1008 900 1029 877 1052 863 1042 838 1052 828 1043 809 1043 802 1037 769 1053 737 1049 717 1040 700 1046 673 1045 660 1054 648 1046 631 1045 619 1055 596 1046 561 1055 528 1048 498 1054 492 1050 480 1059 469 1058 460 1049 444 1059 428 1052 419 1058 406 1054 397 1059 370 1052 337 1062 327 1055 313 1061 305 1053 212 1053 204 1046"/></Shape>
	    <String CONTENT="از اطراف سبزوار به معسکر ظفر شعار رسيدند بدیع الزّمان و شجاع بیگ بخلاف"
                    HPOS="192"
                    VPOS="1007"
                    WIDTH="708"
                    HEIGHT="55"></String>
          </TextLine>
          
          
	  <TextLine ID="eSc_line_124497"
                    
                    BASELINE="197 1095 248 1093 261 1094 314 1092 387 1092 402 1088 694 1090 801 1084 840 1084 856 1086 866 1080 902 1083" 
                    HPOS="195"
                    VPOS="1046"
                    WIDTH="706"
                    HEIGHT="64">
            <Shape><Polygon POINTS="195 1094 218 1066 231 1065 242 1072 257 1066 269 1077 286 1072 312 1075 326 1068 351 1071 359 1078 380 1071 391 1077 403 1065 414 1065 425 1074 440 1065 453 1077 469 1064 488 1071 501 1067 511 1077 527 1061 560 1075 578 1062 587 1072 599 1072 608 1079 653 1061 679 1072 695 1059 704 1067 714 1060 727 1071 754 1065 765 1075 817 1055 832 1066 856 1046 888 1064 901 1083 885 1090 856 1087 836 1097 824 1087 812 1097 781 1100 755 1088 717 1105 701 1092 688 1104 629 1091 618 1102 609 1102 599 1093 583 1109 555 1093 520 1103 504 1094 479 1100 473 1096 457 1099 450 1093 434 1107 426 1107 416 1098 399 1104 391 1098 370 1100 361 1093 337 1107 313 1097 283 1098 273 1106 254 1098 232 1100 222 1110 206 1106 197 1097"/></Shape>
	    <String CONTENT="متصّور اردوی میرزا از پياده و سوار مملو دیدند از غايت دهشت و اضطرار"
                    HPOS="195"
                    VPOS="1046"
                    WIDTH="706"
                    HEIGHT="64"></String>
          </TextLine>
          
          
	  <TextLine ID="eSc_line_124494"
                    
                    BASELINE="572 1130 581 1130 667 1132 755 1130 782 1126 863 1128 875 1125 887 1124 903 1124" 
                    HPOS="571"
                    VPOS="1098"
                    WIDTH="331"
                    HEIGHT="51">
            <Shape><Polygon POINTS="571 1129 583 1115 598 1117 616 1106 635 1115 648 1115 659 1105 670 1112 679 1104 705 1112 738 1098 768 1100 782 1111 796 1100 807 1105 817 1100 827 1110 898 1106 902 1123 900 1132 858 1132 853 1137 834 1132 822 1138 806 1132 794 1144 784 1135 757 1140 746 1135 704 1137 695 1132 666 1149 644 1141 632 1148 617 1140 589 1141 575 1129"/></Shape>
	    <String CONTENT="دست باستعمال آلت کارزار بردند *"
                    HPOS="571"
                    VPOS="1098"
                    WIDTH="331"
                    HEIGHT="51"></String>
          </TextLine>
          
          
	  <TextLine ID="eSc_line_124502"
                    
                    BASELINE="574 1180 661 1178 682 1174 754 1175 825 1173 861 1174 863 1174" 
                    HPOS="573"
                    VPOS="1140"
                    WIDTH="289"
                    HEIGHT="52">
            <Shape><Polygon POINTS="573 1179 574 1162 587 1162 599 1150 616 1150 635 1168 657 1154 670 1164 685 1153 692 1153 703 1163 714 1155 730 1162 739 1154 746 1156 762 1140 780 1155 784 1151 794 1157 820 1147 839 1154 850 1151 858 1159 862 1173 847 1188 799 1175 776 1188 761 1178 743 1182 730 1178 716 1192 699 1179 676 1192 663 1182 641 1191 630 1180 603 1192 575 1180"/></Shape>
	    <String CONTENT="دهاده بر آمد ز هر دو طرف"
                    HPOS="573"
                    VPOS="1140"
                    WIDTH="289"
                    HEIGHT="52"></String>
          </TextLine>
          
          
	  <TextLine ID="eSc_line_124506"
                    
                    BASELINE="245 1185 499 1185 542 1179" 
                    HPOS="244"
                    VPOS="1150"
                    WIDTH="297"
                    HEIGHT="48">
            <Shape><Polygon POINTS="244 1183 245 1169 252 1163 258 1167 273 1153 319 1161 332 1150 359 1169 388 1155 408 1172 439 1155 457 1168 472 1155 488 1162 498 1154 509 1164 527 1159 541 1178 513 1195 501 1186 488 1194 476 1191 459 1197 444 1186 420 1198 404 1191 382 1197 372 1189 361 1195 344 1183 330 1195 314 1195 293 1185 270 1191 247 1185"/></Shape>
	    <String CONTENT="دو دریای کین برلب آورده کف"
                    HPOS="244"
                    VPOS="1150"
                    WIDTH="297"
                    HEIGHT="48"></String>
          </TextLine>
          
          
	  <TextLine ID="eSc_line_124501"
                    
                    BASELINE="579 1223 751 1223 832 1220 864 1217" 
                    HPOS="578"
                    VPOS="1189"
                    WIDTH="285"
                    HEIGHT="49">
            <Shape><Polygon POINTS="578 1221 579 1202 586 1195 602 1200 612 1191 634 1208 662 1200 680 1211 704 1189 733 1206 751 1199 765 1202 775 1193 783 1193 789 1199 800 1197 812 1208 851 1193 863 1216 821 1235 809 1224 793 1231 783 1223 746 1226 737 1221 720 1233 706 1226 695 1233 681 1227 672 1237 662 1238 648 1226 637 1235 624 1231 613 1238 596 1227 579 1238"/></Shape>
	    <String CONTENT="فرو ريخت پيكان زهر آبدار"
                    HPOS="578"
                    VPOS="1189"
                    WIDTH="285"
                    HEIGHT="49"></String>
          </TextLine>
          
          
	  <TextLine ID="eSc_line_124503"
                    
                    BASELINE="239 1231 257 1231 459 1232 489 1230 534 1230" 
                    HPOS="238"
                    VPOS="1197"
                    WIDTH="295"
                    HEIGHT="47">
            <Shape><Polygon POINTS="238 1230 239 1220 257 1202 273 1214 300 1208 309 1213 318 1205 331 1205 345 1218 383 1199 408 1216 435 1200 444 1200 454 1211 471 1198 482 1197 501 1212 518 1206 528 1208 533 1229 522 1237 495 1232 471 1238 440 1231 433 1238 410 1242 385 1231 366 1244 353 1243 342 1231 319 1242 307 1236 289 1240 282 1235 262 1235 248 1242 239 1233"/></Shape>
	    <String CONTENT="چو باران قوس قزح در بهـار"
                    HPOS="238"
                    VPOS="1197"
                    WIDTH="295"
                    HEIGHT="47"></String>
          </TextLine>
          
          
	  <TextLine ID="eSc_line_124504"
                    
                    BASELINE="573 1271 611 1269 685 1269 862 1261" 
                    HPOS="572"
                    VPOS="1235"
                    WIDTH="288"
                    HEIGHT="59">
            <Shape><Polygon POINTS="572 1270 577 1249 602 1249 627 1237 643 1248 656 1239 669 1250 686 1251 698 1251 717 1238 737 1252 752 1242 765 1246 773 1237 793 1250 811 1235 830 1240 840 1237 857 1249 860 1259 849 1270 826 1270 821 1276 786 1269 765 1282 755 1273 738 1286 719 1275 685 1286 673 1278 663 1281 651 1294 627 1274 618 1282 610 1282 600 1274 587 1278 573 1273"/></Shape>
	    <String CONTENT="خدنگ از دو جانب روارو گرفت"
                    HPOS="572"
                    VPOS="1235"
                    WIDTH="288"
                    HEIGHT="59"></String>
          </TextLine>
          
          
	  <TextLine ID="eSc_line_124505"
                    
                    BASELINE="241 1275 242 1275 533 1273" 
                    HPOS="239"
                    VPOS="1243"
                    WIDTH="293"
                    HEIGHT="56">
            <Shape><Polygon POINTS="239 1274 241 1264 254 1252 268 1248 279 1252 302 1243 320 1256 345 1245 352 1252 361 1248 372 1258 409 1248 425 1263 447 1251 471 1251 482 1261 490 1252 498 1256 527 1250 532 1273 521 1284 486 1286 479 1281 466 1294 452 1282 429 1287 420 1277 393 1293 368 1276 359 1283 338 1282 298 1299 274 1280 257 1282 249 1274 242 1275"/></Shape>
	    <String CONTENT="بروی زمين خون دوادو گرفت"
                    HPOS="239"
                    VPOS="1243"
                    WIDTH="293"
                    HEIGHT="56"></String>
          </TextLine>
          </TextBlock>
          
        </PrintSpace>
      </Page>
    </Layout>
  </alto>
