<?xml version="1.0" encoding="UTF-8"?>
<alto xmlns:xsi="http://www.w3.org/2001/XMLSchema-instance"
      xmlns="http://www.loc.gov/standards/alto/ns-v4#"
      xsi:schemaLocation="http://www.loc.gov/standards/alto/ns-v4# https://gitlab.inria.fr/scripta/escriptorium/-/raw/develop/app/escriptorium/static/alto-4-1-baselines.xsd">
  <Description>
    <MeasurementUnit>pixel</MeasurementUnit>
    <sourceImageInformation>
      <fileName>20.jpg</fileName>
    </sourceImageInformation>
  </Description>
  
  <Tags>
    <OtherTag ID="BT1" LABEL="Title" DESCRIPTION="block type Title"/><OtherTag ID="BT2" LABEL="Main" DESCRIPTION="block type Main"/><OtherTag ID="BT3" LABEL="Commentary" DESCRIPTION="block type Commentary"/><OtherTag ID="BT4" LABEL="Illustration" DESCRIPTION="block type Illustration"/>
    
  </Tags>
  
  <Layout>
    <Page WIDTH="975"
          HEIGHT="1425"
          PHYSICAL_IMG_NR="19"
          ID="eSc_dummypage_">
      <PrintSpace HPOS="0"
                  VPOS="0"
                  WIDTH="975"
                  HEIGHT="1425">
        
        <TextBlock ID="eSc_dummyblock_">
          
	  <TextLine ID="eSc_line_124564"
                    
                    BASELINE="403 152 440 148 536 147" 
                    HPOS="402"
                    VPOS="116"
                    WIDTH="133"
                    HEIGHT="47">
            <Shape><Polygon POINTS="402 152 403 129 423 125 432 118 441 122 458 116 480 134 514 128 521 121 532 122 535 146 524 153 497 152 489 160 478 161 464 149 451 149 444 159 404 163"/></Shape>
	    <String CONTENT="احسن التواريخ"
                    HPOS="402"
                    VPOS="116"
                    WIDTH="133"
                    HEIGHT="47"></String>
          </TextLine>
          
          
	  <TextLine ID="eSc_line_124567"
                    
                    BASELINE="117 207 120 207 171 204 186 200 473 200 501 203 572 204 644 200 781 200 812 203" 
                    HPOS="116"
                    VPOS="171"
                    WIDTH="695"
                    HEIGHT="47">
            <Shape><Polygon POINTS="116 206 117 194 144 174 167 178 174 172 193 181 217 171 266 181 290 171 298 178 333 182 342 175 355 181 368 171 385 185 400 172 413 179 445 175 457 185 472 174 495 178 507 188 516 190 548 171 572 190 587 182 605 185 631 173 661 178 670 187 685 174 698 175 706 184 725 174 768 188 779 178 801 176 807 180 811 201 794 213 770 216 757 207 744 209 735 217 726 217 716 207 707 216 688 210 673 216 637 203 621 218 604 209 589 211 577 204 562 217 549 209 513 217 497 203 461 216 450 205 408 207 399 213 384 210 378 214 366 209 340 214 332 206 315 207 306 201 281 210 268 204 247 206 237 200 225 206 182 203 162 212 148 209 134 214 119 206"/></Shape>
	    <String CONTENT="غبار معرکۀ پيگار بالا گرفت و آتش قتال اشتعال پذيرفت عاقبت لطف ايزدی"
                    HPOS="116"
                    VPOS="171"
                    WIDTH="695"
                    HEIGHT="47"></String>
          </TextLine>
          
          
	  <TextLine ID="eSc_line_124568"
                    
                    BASELINE="119 250 137 248 236 249 261 245 344 243 356 245 371 243 394 249 817 250" 
                    HPOS="118"
                    VPOS="212"
                    WIDTH="697"
                    HEIGHT="52">
            <Shape><Polygon POINTS="118 249 119 235 128 226 181 224 187 229 201 214 217 216 230 229 242 231 256 218 269 219 277 228 300 229 311 219 324 225 336 218 352 223 365 217 381 220 391 231 403 225 427 236 444 228 472 229 485 237 513 218 527 220 545 232 562 218 587 235 604 219 616 228 628 219 640 220 656 237 685 212 719 232 738 226 754 231 765 220 776 220 795 233 805 232 815 249 801 260 786 252 758 258 752 252 719 249 697 262 682 254 657 262 643 251 611 251 603 257 577 251 551 257 542 250 509 254 499 261 490 261 480 252 457 252 428 261 414 251 381 263 364 250 318 249 285 261 269 251 254 264 236 255 226 256 219 249 204 248 193 257 178 252 173 257 127 258 119 252"/></Shape>
	    <String CONTENT="و عنایت سرمدّی شامل حال سلطان حسین میرزا گشته نسیم فتح و ظفر بر پرچم"
                    HPOS="118"
                    VPOS="212"
                    WIDTH="697"
                    HEIGHT="52"></String>
          </TextLine>
          
          
	  <TextLine ID="eSc_line_124565"
                    
                    BASELINE="115 289 118 289 155 292 171 288 213 288 247 292 258 290 815 292" 
                    HPOS="114"
                    VPOS="260"
                    WIDTH="700"
                    HEIGHT="45">
            <Shape><Polygon POINTS="114 288 127 268 140 270 150 260 167 268 176 260 192 267 206 260 222 261 239 274 262 262 275 266 286 276 301 268 324 268 333 275 349 267 359 271 374 269 381 276 397 261 415 273 434 263 446 275 469 264 485 271 501 263 524 280 536 271 547 276 559 264 573 274 581 267 598 264 609 275 619 264 641 260 668 280 684 269 710 275 718 282 724 276 732 279 744 267 761 266 768 273 781 264 789 273 802 270 814 290 808 300 782 296 760 304 746 296 732 305 717 295 708 302 687 305 669 293 660 302 641 293 624 295 613 304 600 295 581 295 564 296 555 304 535 300 529 305 521 305 513 296 451 296 444 290 408 304 384 300 374 290 355 304 338 305 315 305 307 298 289 304 274 293 263 293 255 300 226 301 217 292 180 292 166 301 156 292 131 301 115 294"/></Shape>
	    <String CONTENT="همايونش وزيد و آثار انكسار بر صفحات احوال مردم زمین داور و قندهار ظهور"
                    HPOS="114"
                    VPOS="260"
                    WIDTH="700"
                    HEIGHT="45"></String>
          </TextLine>
          
          
	  <TextLine ID="eSc_line_124554"
                    
                    BASELINE="110 334 193 328 243 334 577 333 617 337 661 338 699 333 818 333" 
                    HPOS="109"
                    VPOS="296"
                    WIDTH="708"
                    HEIGHT="57">
            <Shape><Polygon POINTS="109 333 130 307 147 313 159 304 173 315 193 296 217 304 228 314 250 305 267 319 287 305 320 323 328 315 339 318 351 306 370 307 389 319 399 309 420 314 432 302 439 302 451 314 484 308 499 320 515 307 535 307 560 321 573 309 589 317 599 308 613 321 625 315 641 317 653 326 672 309 681 313 704 301 719 315 742 313 760 323 770 313 786 319 802 309 817 332 783 347 761 337 754 344 742 342 732 349 719 347 710 339 688 351 679 344 663 350 647 338 603 353 586 340 567 352 554 339 508 339 501 333 457 347 440 337 406 339 393 334 383 343 369 340 358 349 324 333 308 344 290 339 276 344 260 333 241 345 230 344 220 334 201 344 173 330 138 343 123 333"/></Shape>
	    <String CONTENT="نمود بدیع الزّمان میرزا از مقاتله عاجز آمده بطرف جبال غور توجّه نمود"
                    HPOS="109"
                    VPOS="296"
                    WIDTH="708"
                    HEIGHT="57"></String>
          </TextLine>
          
          
	  <TextLine ID="eSc_line_124569"
                    
                    BASELINE="106 374 161 377 461 376 475 377 489 382 780 381 816 380" 
                    HPOS="105"
                    VPOS="347"
                    WIDTH="710"
                    HEIGHT="50">
            <Shape><Polygon POINTS="105 372 130 352 163 355 172 363 195 352 212 363 245 347 266 362 288 353 305 365 318 357 325 359 334 350 350 359 356 355 376 356 383 362 400 352 412 363 420 359 432 366 451 352 476 352 486 358 497 351 516 370 542 363 556 370 575 353 592 361 600 355 624 352 640 363 660 347 673 358 680 352 694 359 704 351 718 353 736 371 751 361 764 363 777 353 792 368 803 363 815 380 798 391 782 381 769 391 749 390 733 397 718 383 703 396 676 383 663 393 654 393 646 384 634 393 612 384 583 395 555 383 534 394 523 394 511 384 497 393 480 381 447 383 431 393 409 377 400 384 370 388 346 376 302 391 290 380 267 390 218 382 211 376 201 384 190 381 181 387 167 382 153 387 138 385 118 374"/></Shape>
	    <String CONTENT="و فوجي از امرأ و لشكريان وى را تعاقب نموده امیر عمر بیگ بدو رسید"
                    HPOS="105"
                    VPOS="347"
                    WIDTH="710"
                    HEIGHT="50"></String>
          </TextLine>
          
          
	  <TextLine ID="eSc_line_124570"
                    
                    BASELINE="109 421 162 422 195 419 276 419 334 425 438 425 472 422 534 422 552 425 811 422" 
                    HPOS="108"
                    VPOS="388"
                    WIDTH="701"
                    HEIGHT="51">
            <Shape><Polygon POINTS="108 420 134 399 150 408 172 391 184 391 206 409 229 393 245 396 260 391 268 400 281 395 293 407 319 402 331 413 350 396 378 388 400 408 429 400 447 410 467 401 489 406 507 400 516 407 529 395 540 401 551 395 565 409 575 401 593 404 600 397 616 409 628 397 646 403 655 396 668 396 676 404 687 397 706 410 720 399 732 408 755 404 764 413 777 403 788 406 800 396 806 400 809 421 802 428 768 438 756 433 736 437 730 431 707 433 693 426 625 437 608 427 600 434 583 438 566 425 552 435 540 427 524 439 508 427 467 429 451 423 439 431 427 427 415 437 404 435 393 423 370 437 356 429 338 434 324 423 302 434 279 438 261 420 241 434 211 418 188 433 180 425 161 431 148 421 124 433 111 421"/></Shape>
	    <String CONTENT="مير يوسف اسفندیار نیزه را از دست بدیع الزّمان ميرزا گرفته چنان بر"
                    HPOS="108"
                    VPOS="388"
                    WIDTH="701"
                    HEIGHT="51"></String>
          </TextLine>
          
          
	  <TextLine ID="eSc_line_124556"
                    
                    BASELINE="117 464 332 461 374 465 485 465 530 467 815 465" 
                    HPOS="116"
                    VPOS="433"
                    WIDTH="698"
                    HEIGHT="51">
            <Shape><Polygon POINTS="116 463 117 448 128 439 166 441 182 433 204 450 228 435 262 452 268 446 293 450 313 437 327 448 340 437 356 447 372 437 388 447 410 439 423 452 435 453 450 441 469 439 478 445 489 439 510 453 535 439 554 451 573 441 586 448 598 445 613 457 647 439 673 457 698 446 716 457 729 447 739 450 751 440 767 456 782 446 801 446 814 464 800 475 784 473 774 483 743 471 717 480 705 470 681 479 666 472 650 478 616 470 596 484 580 469 554 470 539 478 532 471 517 472 505 465 498 471 478 473 452 471 434 479 418 466 389 471 362 470 352 464 333 480 319 467 279 475 262 463 231 478 223 471 213 477 200 475 187 463 162 476 122 463"/></Shape>
	    <String CONTENT="دهن امیر عمر بیگ زد که چند دندانش شکسته از اسب سرنگون گردیده"
                    HPOS="116"
                    VPOS="433"
                    WIDTH="698"
                    HEIGHT="51"></String>
          </TextLine>
          
          
	  <TextLine ID="eSc_line_124557"
                    
                    BASELINE="100 510 152 510 741 509 782 515 815 515" 
                    HPOS="99"
                    VPOS="473"
                    WIDTH="715"
                    HEIGHT="59">
            <Shape><Polygon POINTS="99 509 110 507 140 479 154 486 175 479 188 491 224 479 250 497 286 479 308 498 330 482 350 489 366 484 382 492 399 482 415 497 427 486 440 491 447 484 465 495 485 475 495 473 517 494 535 489 549 492 560 483 571 484 586 496 600 484 615 497 657 480 675 497 699 492 708 501 732 485 751 495 762 485 773 491 783 484 803 497 814 514 802 526 793 526 784 517 768 521 752 514 719 532 700 516 676 526 660 516 637 517 628 524 615 524 606 517 589 528 575 515 558 521 526 516 518 509 498 522 485 523 475 522 465 513 435 523 415 509 401 522 384 511 377 517 355 514 347 521 337 516 314 522 305 513 285 518 263 516 252 509 242 520 231 521 223 513 204 517 184 509 130 523 115 509"/></Shape>
	    <String CONTENT="و گدا علي مير آخور از غايت تهوّر خود را بشجاع بیگ رسانيد شجاع"
                    HPOS="99"
                    VPOS="473"
                    WIDTH="715"
                    HEIGHT="59"></String>
          </TextLine>
          
          
	  <TextLine ID="eSc_line_124558"
                    
                    BASELINE="112 555 116 550 192 551 204 553 495 552 511 558 545 555 564 558 634 558 659 555 674 556 688 554 716 558 811 558" 
                    HPOS="111"
                    VPOS="518"
                    WIDTH="698"
                    HEIGHT="52">
            <Shape><Polygon POINTS="111 554 112 543 125 530 153 530 178 520 194 533 206 533 220 522 252 526 261 534 277 523 286 532 305 536 319 522 333 518 347 533 361 533 370 542 390 524 402 532 409 527 421 539 445 526 458 539 465 532 476 534 490 528 505 542 521 527 532 527 554 542 572 527 584 539 599 528 613 542 638 530 654 537 669 529 681 541 699 535 731 539 743 532 756 545 788 528 806 540 809 556 799 566 769 565 750 556 727 570 711 561 692 562 682 554 669 561 642 560 621 568 612 568 603 559 593 567 571 568 555 556 543 568 526 560 511 570 492 554 477 568 467 567 452 552 442 558 418 552 401 562 388 558 371 566 361 555 323 562 307 556 296 562 285 558 264 562 255 555 245 561 231 555 209 555 184 565 173 555 159 562 150 554 142 558 121 551"/></Shape>
	    <String CONTENT="بیگ ضربت شمشیر او را چنان کرد که دیگر محلّ جدل نپافته بر گشت"
                    HPOS="111"
                    VPOS="518"
                    WIDTH="698"
                    HEIGHT="52"></String>
          </TextLine>
          
          
	  <TextLine ID="eSc_line_124559"
                    
                    BASELINE="117 597 122 596 148 592 233 596 362 594 427 600 564 599 814 600" 
                    HPOS="116"
                    VPOS="562"
                    WIDTH="697"
                    HEIGHT="55">
            <Shape><Polygon POINTS="116 596 117 581 123 575 137 574 147 567 173 578 206 578 213 571 236 568 245 578 262 574 274 579 299 568 323 585 339 568 364 572 371 578 387 571 394 578 400 572 414 580 422 578 433 587 448 578 480 578 491 586 513 570 530 570 545 579 556 570 571 581 599 579 608 587 623 573 630 574 649 562 668 580 692 577 712 587 729 571 750 581 760 573 774 580 803 579 813 599 803 609 771 603 755 617 731 608 712 613 689 606 672 613 660 604 643 613 629 608 610 613 598 603 560 617 543 602 516 603 504 611 480 602 441 613 419 603 410 611 385 615 372 605 352 602 338 616 330 617 319 609 312 612 299 602 281 602 264 610 255 602 236 605 173 598 148 611 121 596"/></Shape>
	    <String CONTENT="بعد از رفتن بدیع الزّمان میرزا سلطان حسين میرزا با فتح و نصوت بتخت هرات"
                    HPOS="116"
                    VPOS="562"
                    WIDTH="697"
                    HEIGHT="55"></String>
          </TextLine>
          
          
	  <TextLine ID="eSc_line_124560"
                    
                    BASELINE="676 641 814 643" 
                    HPOS="675"
                    VPOS="615"
                    WIDTH="138"
                    HEIGHT="42">
            <Shape><Polygon POINTS="675 640 687 623 700 628 711 618 727 615 738 624 768 623 781 616 799 623 813 642 800 650 782 648 767 657 756 649 733 644 708 656 699 647 686 649 676 641"/></Shape>
	    <String CONTENT="معاودت كرد *"
                    HPOS="675"
                    VPOS="615"
                    WIDTH="138"
                    HEIGHT="42"></String>
          </TextLine>
          
          
	  <TextLine ID="eSc_line_124571"
                    
                    BASELINE="402 697 422 700 514 701 528 698 531 698" 
                    HPOS="401"
                    VPOS="654"
                    WIDTH="129"
                    HEIGHT="64">
            <Shape><Polygon POINTS="401 695 409 673 433 672 445 660 456 666 475 654 489 668 501 666 515 679 522 679 530 697 518 706 497 705 483 718 451 714 441 704 413 705 402 699"/></Shape>
	    <String CONTENT="متوفّيات"
                    HPOS="401"
                    VPOS="654"
                    WIDTH="129"
                    HEIGHT="64"></String>
          </TextLine>
          
          
	  <TextLine ID="eSc_line_124561"
                    
                    BASELINE="111 756 712 757 764 756" 
                    HPOS="110"
                    VPOS="716"
                    WIDTH="653"
                    HEIGHT="53">
            <Shape><Polygon POINTS="110 755 111 745 135 727 148 735 161 735 171 727 180 732 236 733 248 731 266 716 274 716 293 735 319 735 328 725 352 733 382 725 389 731 402 726 419 742 451 733 479 741 489 733 497 736 522 717 542 735 551 731 564 741 577 729 599 725 617 738 625 733 649 739 662 739 674 727 685 726 703 741 713 732 735 737 749 727 760 737 763 755 755 756 742 769 733 761 703 758 682 765 649 757 629 769 619 768 609 757 594 758 584 768 567 768 555 757 499 757 478 768 464 758 440 758 420 769 395 760 357 756 350 762 337 758 328 763 292 756 283 762 231 756 224 763 209 765 186 760 171 763 163 756 152 764 138 756 121 763 111 756"/></Shape>
	    <String CONTENT="احمد بیگ بن اغرلو محمّد بن حسن پادشاه بغایت رعیّت پرور بود و در"
                    HPOS="110"
                    VPOS="716"
                    WIDTH="653"
                    HEIGHT="53"></String>
          </TextLine>
          
          
	  <TextLine ID="eSc_line_124566"
                    
                    BASELINE="121 794 391 794 407 796 465 798 621 798 660 800 742 799 774 801 821 799" 
                    HPOS="119"
                    VPOS="760"
                    WIDTH="701"
                    HEIGHT="55">
            <Shape><Polygon POINTS="119 793 122 777 137 765 157 775 166 768 176 773 193 762 205 774 212 768 224 774 244 769 256 781 275 762 288 760 315 780 324 771 351 781 378 771 389 782 406 776 434 779 444 769 460 779 473 769 483 770 502 782 530 769 540 779 549 776 555 781 566 776 599 782 623 771 635 779 642 771 655 777 662 771 679 771 697 781 707 771 720 777 733 771 742 780 755 771 768 784 782 771 792 780 803 779 820 798 798 815 784 805 774 813 757 806 742 812 732 805 711 812 685 801 661 803 647 814 622 803 611 809 598 800 566 803 554 811 546 811 535 801 486 801 466 811 451 801 441 802 432 812 414 803 396 805 390 799 363 802 352 811 338 806 327 809 318 801 308 806 276 801 267 809 252 809 241 799 222 798 204 799 193 809 179 803 167 807 157 798 146 799 135 808 121 803"/></Shape>
	    <String CONTENT="زمان او ابواب اخراجات مسدود شد مانع شربت خمر بود بحدّی که امرأ را منع"
                    HPOS="119"
                    VPOS="760"
                    WIDTH="701"
                    HEIGHT="55"></String>
          </TextLine>
          
          
	  <TextLine ID="eSc_line_124547"
                    
                    BASELINE="110 836 115 837 135 840 155 840 168 843 185 843 199 836 226 838 255 837 317 843 789 841 815 844" 
                    HPOS="109"
                    VPOS="809"
                    WIDTH="705"
                    HEIGHT="49">
            <Shape><Polygon POINTS="109 836 138 809 147 811 162 826 185 822 198 811 213 819 223 811 237 811 243 817 256 812 267 821 281 824 293 812 317 828 345 813 365 822 383 824 400 818 414 831 426 825 434 833 486 814 499 821 511 815 521 824 542 821 549 826 561 815 583 822 593 812 600 812 616 815 634 832 657 814 668 821 682 817 692 826 708 820 719 831 730 826 739 834 751 833 771 820 786 826 800 815 811 825 814 843 789 847 776 857 768 851 746 857 737 849 720 855 712 846 692 855 682 846 660 849 638 858 625 845 597 847 591 843 583 851 570 847 560 852 548 846 528 849 514 841 496 855 486 849 464 847 448 856 432 847 415 851 406 841 387 853 372 844 357 851 333 845 323 853 312 853 300 843 282 852 273 843 258 849 252 844 213 840 193 844 179 857 169 857 159 847 124 850 110 836"/></Shape>
	    <String CONTENT="نمودی و در تعظیم علمأ بغایت کوشیدی و در مجلس او مباحثۀ علمي واقع"
                    HPOS="109"
                    VPOS="809"
                    WIDTH="705"
                    HEIGHT="49"></String>
          </TextLine>
          
          
	  <TextLine ID="eSc_line_124551"
                    
                    BASELINE="118 882 149 881 219 885 312 884 336 887 397 888 435 884 591 884 619 888 707 888 762 890 808 888 811 888" 
                    HPOS="117"
                    VPOS="847"
                    WIDTH="692"
                    HEIGHT="61">
            <Shape><Polygon POINTS="117 881 118 870 129 860 157 852 174 864 185 871 207 849 217 847 238 865 304 865 333 875 352 856 366 850 393 872 413 852 426 852 444 869 458 857 483 869 492 859 515 859 524 869 541 866 559 872 572 864 586 871 617 868 628 875 647 862 679 875 687 866 701 870 714 862 727 875 739 871 748 879 799 860 806 868 809 887 799 893 779 893 767 901 750 898 738 908 719 891 693 901 680 890 670 897 651 893 641 900 622 890 592 902 564 890 552 898 532 891 513 898 492 889 477 896 463 891 452 897 435 889 401 900 377 890 366 897 353 893 345 901 333 902 321 891 313 897 300 888 276 898 256 888 238 897 229 890 214 890 192 900 175 888 127 889 118 882"/></Shape>
	    <String CONTENT="شدی و خود بدان میرسید و بمولانا جلال الدّین دوّاني و میر صدر الدّین محمّد"
                    HPOS="117"
                    VPOS="847"
                    WIDTH="692"
                    HEIGHT="61"></String>
          </TextLine>
          
          
	  <TextLine ID="eSc_line_124548"
                    
                    BASELINE="128 923 188 928 439 927 451 933 496 933 515 931 813 932" 
                    HPOS="127"
                    VPOS="898"
                    WIDTH="685"
                    HEIGHT="50">
            <Shape><Polygon POINTS="127 922 128 904 137 900 150 907 174 907 184 915 203 898 243 915 256 904 282 908 293 903 327 912 337 902 358 901 378 914 390 913 404 902 426 916 444 909 451 916 483 910 503 917 521 908 537 913 553 903 560 909 571 904 591 922 615 910 627 916 644 909 659 914 669 903 682 903 703 916 723 906 744 923 776 903 783 910 802 910 812 931 802 939 787 941 776 935 764 945 750 944 741 934 719 935 705 945 693 933 666 939 624 931 598 948 575 932 559 942 546 934 505 932 494 941 477 934 454 942 440 936 425 945 413 933 394 932 381 938 364 927 338 936 326 932 307 934 292 927 262 941 247 931 236 939 204 933 179 944 168 938 156 939 146 928 128 931"/></Shape>
	    <String CONTENT="بجای حکم کتابت مي نوشت و مهر بر عقب کتابت میزد و بدان بود که"
                    HPOS="127"
                    VPOS="898"
                    WIDTH="685"
                    HEIGHT="50"></String>
          </TextLine>
          
          
	  <TextLine ID="eSc_line_124549"
                    
                    BASELINE="118 972 137 971 161 974 191 974 203 977 237 970 435 970 460 976 535 974 561 972 616 976 813 972" 
                    HPOS="117"
                    VPOS="942"
                    WIDTH="695"
                    HEIGHT="46">
            <Shape><Polygon POINTS="117 971 118 954 136 948 152 954 173 951 195 960 217 945 230 953 250 945 267 955 283 944 299 948 333 945 355 957 368 958 383 951 419 953 428 961 441 954 452 955 464 944 480 957 492 945 513 945 524 955 554 958 571 952 609 953 622 942 638 953 663 952 676 958 707 957 723 947 757 961 774 958 786 947 801 947 808 953 812 971 777 986 762 986 752 978 692 982 684 977 668 986 662 980 649 984 632 976 617 986 603 986 584 977 528 980 520 974 505 986 480 984 473 978 463 988 447 977 431 988 418 977 403 985 381 988 371 979 361 986 353 982 342 984 336 978 324 980 315 972 299 984 270 974 239 985 228 974 214 988 207 988 181 976 157 980 119 971"/></Shape>
	    <String CONTENT="قانون عدالت پدید آورده دست ترکان از سر عجزه و رعایا کوتاه سازد ازین جهت"
                    HPOS="117"
                    VPOS="942"
                    WIDTH="695"
                    HEIGHT="46"></String>
          </TextLine>
          
          
	  <TextLine ID="eSc_line_124546"
                    
                    BASELINE="119 1015 138 1012 428 1012 466 1016 535 1016 579 1018 815 1018" 
                    HPOS="118"
                    VPOS="980"
                    WIDTH="696"
                    HEIGHT="54">
            <Shape><Polygon POINTS="118 1014 119 1002 133 993 147 998 159 988 180 991 187 984 200 984 214 998 254 980 269 996 287 990 302 998 318 992 339 1001 355 990 366 1002 388 989 397 993 403 989 423 989 433 997 446 995 458 1001 479 989 496 991 508 1003 535 990 564 1002 597 1001 605 993 630 1003 641 995 659 1002 679 988 698 1003 714 989 733 991 744 1001 760 992 774 999 782 995 792 1002 803 998 814 1017 788 1031 769 1018 749 1023 741 1017 722 1034 710 1027 697 1028 688 1020 673 1022 662 1031 647 1030 631 1020 623 1027 612 1022 579 1022 567 1028 551 1018 534 1024 522 1022 503 1031 495 1023 446 1024 427 1016 400 1014 370 1029 356 1023 340 1029 330 1021 321 1027 309 1023 293 1030 283 1021 188 1017 180 1024 166 1017 152 1028 137 1021 119 1028"/></Shape>
	    <String CONTENT="بود که تركان اگرچه بحسب ظاهر اطاعت (۱) امر او ميكردند امّا ضمنًا با او در"
                    HPOS="118"
                    VPOS="980"
                    WIDTH="696"
                    HEIGHT="54"></String>
          </TextLine>
          
          
	  <TextLine ID="eSc_line_124545"
                    
                    BASELINE="119 1062 149 1066 176 1061 216 1060 515 1061 529 1059 562 1065 590 1062 616 1066 630 1064 691 1060 776 1061 815 1059" 
                    HPOS="118"
                    VPOS="1031"
                    WIDTH="696"
                    HEIGHT="49">
            <Shape><Polygon POINTS="118 1061 123 1046 133 1049 149 1039 165 1042 178 1036 192 1043 211 1031 232 1040 244 1033 266 1052 286 1035 302 1046 309 1040 336 1045 352 1033 381 1052 395 1039 412 1046 427 1035 447 1037 459 1031 472 1043 498 1033 516 1047 540 1042 553 1052 572 1034 610 1049 621 1047 632 1035 659 1049 678 1035 718 1047 732 1035 745 1034 763 1046 780 1034 801 1043 814 1058 801 1066 780 1067 769 1078 754 1066 722 1067 711 1078 691 1074 682 1066 662 1065 647 1075 637 1068 617 1075 602 1065 578 1066 564 1080 540 1068 526 1077 513 1071 504 1073 497 1066 480 1066 466 1073 458 1065 423 1067 412 1062 388 1074 375 1068 364 1074 353 1066 336 1066 327 1073 308 1077 286 1067 279 1073 263 1073 255 1067 239 1072 219 1064 198 1069 184 1062 163 1072 155 1064 134 1078 119 1067"/></Shape>
	    <String CONTENT="مقام عناد بودند و این معني برو ظاهر گشته هر چند روز یکی را بقتل در مي"
                    HPOS="118"
                    VPOS="1031"
                    WIDTH="696"
                    HEIGHT="49"></String>
          </TextLine>
          
          
	  <TextLine ID="eSc_line_124552"
                    
                    BASELINE="116 1100 168 1104 353 1103 369 1106 410 1106 422 1103 452 1103 473 1106 515 1109 623 1109 635 1106 697 1103 807 1103" 
                    HPOS="115"
                    VPOS="1071"
                    WIDTH="691"
                    HEIGHT="52">
            <Shape><Polygon POINTS="115 1099 148 1074 169 1075 182 1085 204 1075 217 1084 236 1075 257 1075 269 1086 280 1083 298 1088 312 1074 326 1073 333 1080 344 1075 361 1092 377 1075 391 1085 406 1077 419 1086 435 1081 444 1090 453 1081 464 1087 469 1083 480 1090 501 1090 521 1078 529 1077 541 1085 551 1078 566 1091 586 1077 621 1094 630 1087 641 1091 651 1080 662 1086 674 1077 700 1090 712 1079 724 1085 736 1073 746 1071 767 1090 773 1085 783 1087 794 1077 801 1077 806 1102 790 1119 775 1119 761 1105 748 1112 732 1111 724 1104 714 1111 693 1113 644 1109 625 1121 605 1110 584 1123 571 1121 559 1109 549 1117 521 1107 496 1115 480 1106 461 1117 447 1109 438 1117 429 1110 414 1116 404 1109 396 1115 362 1118 345 1107 319 1107 302 1119 290 1107 258 1116 244 1105 219 1107 210 1103 155 1106 128 1116 116 1105"/></Shape>
	    <String CONTENT="آورد امّا امساک بر مزاج او غالب بود در اجرای احکام سیورغالات که سلاطین"
                    HPOS="115"
                    VPOS="1071"
                    WIDTH="691"
                    HEIGHT="52"></String>
          </TextLine>
          
          
	  <TextLine ID="eSc_line_124553"
                    
                    BASELINE="121 1144 137 1144 145 1144 162 1147 217 1145 230 1147 248 1151 376 1151 402 1148 419 1148 433 1144 467 1148 680 1149 718 1151 767 1151 779 1149 811 1149" 
                    HPOS="119"
                    VPOS="1117"
                    WIDTH="690"
                    HEIGHT="51">
            <Shape><Polygon POINTS="119 1143 121 1131 128 1124 166 1121 184 1130 194 1119 206 1117 238 1136 261 1129 276 1132 295 1123 315 1129 328 1121 352 1136 369 1122 384 1132 391 1126 402 1130 415 1124 422 1131 439 1135 454 1123 469 1121 477 1125 488 1122 510 1136 528 1123 566 1134 573 1126 603 1132 629 1125 638 1135 650 1123 661 1128 674 1123 689 1136 705 1126 717 1132 732 1130 756 1142 777 1125 788 1124 806 1135 809 1148 801 1154 777 1155 763 1168 754 1168 741 1155 724 1155 713 1163 701 1159 689 1164 679 1154 659 1155 643 1168 629 1154 609 1164 603 1160 590 1162 570 1150 559 1159 542 1161 535 1154 511 1157 505 1151 461 1157 438 1148 422 1159 408 1155 399 1163 380 1150 356 1162 346 1161 338 1151 308 1160 296 1151 280 1160 242 1160 230 1148 199 1160 171 1148 157 1156 140 1149 121 1150"/></Shape>
	    <String CONTENT="ماضي بمردم انعام فرموده بودند مضايقه میکرد این شیوه بر وی مبارک نیامد"
                    HPOS="119"
                    VPOS="1117"
                    WIDTH="690"
                    HEIGHT="51"></String>
          </TextLine>
          
          
	  <TextLine ID="eSc_line_124550"
                    
                    BASELINE="120 1186 124 1186 154 1189 330 1188 383 1192 476 1192 488 1194 787 1194 814 1191" 
                    HPOS="119"
                    VPOS="1156"
                    WIDTH="694"
                    HEIGHT="55">
            <Shape><Polygon POINTS="119 1185 121 1168 130 1162 141 1167 147 1162 166 1175 180 1163 197 1162 218 1178 231 1166 250 1162 274 1163 290 1175 315 1157 326 1156 345 1175 364 1164 391 1174 414 1163 429 1175 473 1164 485 1175 497 1178 518 1166 535 1175 547 1163 562 1162 589 1175 597 1170 615 1175 634 1164 651 1173 673 1164 699 1180 713 1167 726 1166 738 1176 756 1173 765 1178 784 1172 793 1180 801 1178 813 1189 809 1204 788 1208 777 1202 762 1211 739 1208 723 1200 701 1206 692 1198 673 1201 657 1197 627 1199 610 1210 593 1198 587 1204 567 1199 552 1208 529 1198 511 1202 497 1198 484 1206 470 1198 442 1198 437 1204 403 1198 389 1205 375 1204 368 1197 342 1195 318 1204 311 1197 288 1194 267 1197 255 1205 232 1199 211 1204 203 1195 182 1195 165 1204 152 1195 121 1194"/></Shape>
	    <String CONTENT="و در زمستان سنهٔ مذکوره مقتول شد چنانکه مذکور شد مدّت سلطنتش شش ماه"
                    HPOS="119"
                    VPOS="1156"
                    WIDTH="694"
                    HEIGHT="55"></String>
          </TextLine>
          
          
	  <TextLine ID="eSc_line_124555"
                    
                    BASELINE="401 1270 405 1270 528 1270" 
                    HPOS="400"
                    VPOS="1242"
                    WIDTH="124"
                    HEIGHT="48">
            <Shape><Polygon POINTS="400 1269 408 1254 423 1255 437 1242 450 1250 458 1243 472 1251 480 1243 492 1250 499 1244 524 1249 524 1290 509 1277 498 1280 488 1274 459 1286 448 1275 420 1287 402 1283"/></Shape>
	    <String CONTENT="(۱) امراء او ج"
                    HPOS="400"
                    VPOS="1242"
                    WIDTH="124"
                    HEIGHT="48"></String>
          </TextLine>
          </TextBlock>
          
        </PrintSpace>
      </Page>
    </Layout>
  </alto>
