<?xml version="1.0" encoding="UTF-8"?>
<alto xmlns:xsi="http://www.w3.org/2001/XMLSchema-instance"
      xmlns="http://www.loc.gov/standards/alto/ns-v4#"
      xsi:schemaLocation="http://www.loc.gov/standards/alto/ns-v4# https://gitlab.inria.fr/scripta/escriptorium/-/raw/develop/app/escriptorium/static/alto-4-1-baselines.xsd">
  <Description>
    <MeasurementUnit>pixel</MeasurementUnit>
    <sourceImageInformation>
      <fileName>21.jpg</fileName>
    </sourceImageInformation>
  </Description>
  
  <Tags>
    <OtherTag ID="BT1" LABEL="Title" DESCRIPTION="block type Title"/><OtherTag ID="BT2" LABEL="Main" DESCRIPTION="block type Main"/><OtherTag ID="BT3" LABEL="Commentary" DESCRIPTION="block type Commentary"/><OtherTag ID="BT4" LABEL="Illustration" DESCRIPTION="block type Illustration"/>
    
  </Tags>
  
  <Layout>
    <Page WIDTH="975"
          HEIGHT="1425"
          PHYSICAL_IMG_NR="20"
          ID="eSc_dummypage_">
      <PrintSpace HPOS="0"
                  VPOS="0"
                  WIDTH="975"
                  HEIGHT="1425">
        
        <TextBlock ID="eSc_dummyblock_">
          
	  <TextLine ID="eSc_line_124677"
                    
                    BASELINE="483 156 516 153 567 154 579 154 614 150" 
                    HPOS="482"
                    VPOS="121"
                    WIDTH="131"
                    HEIGHT="47">
            <Shape><Polygon POINTS="482 155 483 133 505 129 514 121 545 121 560 134 568 125 593 130 610 122 613 149 606 155 580 154 567 165 556 163 547 154 530 155 497 168 483 167"/></Shape>
	    <String CONTENT="احسن التواريخ"
                    HPOS="482"
                    VPOS="121"
                    WIDTH="131"
                    HEIGHT="47"></String>
          </TextLine>
          
          
	  <TextLine ID="eSc_line_124680"
                    
                    BASELINE="197 205 666 205 707 211 720 209 798 209 809 211 890 210" 
                    HPOS="195"
                    VPOS="169"
                    WIDTH="694"
                    HEIGHT="55">
            <Shape><Polygon POINTS="195 204 197 194 206 185 257 180 266 186 282 169 290 169 298 176 314 173 324 182 338 175 369 176 382 190 396 176 427 190 442 184 467 187 478 181 492 187 504 178 527 188 536 179 562 178 577 191 597 186 604 179 632 186 648 178 659 188 684 193 699 185 712 192 751 185 768 188 776 180 814 191 826 179 840 178 856 190 877 187 885 194 889 209 875 219 858 222 841 213 821 220 788 212 780 218 764 212 751 218 736 210 708 224 697 224 684 213 674 220 660 212 640 219 616 210 587 223 581 218 568 222 556 211 499 213 490 207 483 212 432 209 421 218 378 217 369 210 349 218 338 209 306 209 273 218 256 206 237 216 224 210 206 217 197 207"/></Shape>
	    <String CONTENT="جبهه اش بغايت سرخ و سفيد قصير القامت دست و پاى كوتاه بنابر آن مرسوم"
                    HPOS="195"
                    VPOS="169"
                    WIDTH="694"
                    HEIGHT="55"></String>
          </TextLine>
          
          
	  <TextLine ID="eSc_line_124681"
                    
                    BASELINE="383 251 400 247 413 247 427 249 605 248 663 252 827 249 863 254 896 252" 
                    HPOS="382"
                    VPOS="219"
                    WIDTH="513"
                    HEIGHT="49">
            <Shape><Polygon POINTS="382 250 394 231 432 226 441 219 466 219 482 233 499 222 514 233 534 219 547 232 560 228 566 233 579 222 596 231 606 223 619 231 632 223 653 243 670 226 687 237 701 237 708 230 732 233 742 224 775 233 784 229 798 233 811 225 846 225 856 233 883 233 895 251 870 267 850 252 825 252 814 262 803 258 796 264 781 258 765 262 751 255 730 262 703 257 694 264 672 260 656 267 638 262 619 268 605 255 577 264 562 257 546 263 532 257 526 262 496 256 480 260 469 249 463 254 384 250"/></Shape>
	    <String CONTENT="بود (١) بکودجه احمد و یکی از شعراء در آن باب گفته : ___"
                    HPOS="382"
                    VPOS="219"
                    WIDTH="513"
                    HEIGHT="49"></String>
          </TextLine>
          
          
	  <TextLine ID="eSc_line_124683"
                    
                    BASELINE="368 288 593 290 605 294 625 294 641 296 733 297" 
                    HPOS="366"
                    VPOS="264"
                    WIDTH="366"
                    HEIGHT="45">
            <Shape><Polygon POINTS="366 287 369 273 382 266 402 270 413 264 426 276 433 274 438 279 450 268 470 267 482 279 501 274 518 286 540 268 558 280 571 267 585 266 608 280 622 269 630 276 647 269 659 281 682 275 692 283 713 264 730 276 732 296 711 300 701 309 687 300 670 309 659 308 647 296 619 300 608 293 592 300 545 300 537 307 524 306 513 294 491 305 456 298 438 305 418 290 396 306 382 298 368 298"/></Shape>
	    <String CONTENT="کلم روم كه سلطان جهانش کردند"
                    HPOS="366"
                    VPOS="264"
                    WIDTH="366"
                    HEIGHT="45"></String>
          </TextLine>
          
          
	  <TextLine ID="eSc_line_124684"
                    
                    BASELINE="361 335 461 333 554 337 568 340 580 338 727 339" 
                    HPOS="359"
                    VPOS="307"
                    WIDTH="367"
                    HEIGHT="46">
            <Shape><Polygon POINTS="359 334 362 325 383 308 401 315 412 309 431 324 441 313 459 309 469 315 480 309 498 320 515 307 533 311 546 323 565 315 574 324 587 324 594 317 604 320 623 307 642 326 659 315 697 319 713 312 724 323 726 338 713 351 699 343 680 346 668 339 635 353 622 343 587 344 579 351 564 344 549 351 536 342 515 339 492 345 482 339 471 349 444 343 433 350 423 350 410 340 393 351 382 340 370 342 361 334"/></Shape>
	    <String CONTENT="وقت دی آمد و در خاک نهانش کردند"
                    HPOS="359"
                    VPOS="307"
                    WIDTH="367"
                    HEIGHT="46"></String>
          </TextLine>
          
          
	  <TextLine ID="eSc_line_124685"
                    
                    BASELINE="729 380 855 382 891 378" 
                    HPOS="727"
                    VPOS="353"
                    WIDTH="163"
                    HEIGHT="44">
            <Shape><Polygon POINTS="727 380 729 364 762 358 775 368 786 357 799 353 808 359 821 353 844 368 862 356 879 355 890 377 887 396 865 389 839 396 830 388 806 395 792 388 770 397 751 385 729 384"/></Shape>
	    <String CONTENT="نقش نگینش :-"
                    HPOS="727"
                    VPOS="353"
                    WIDTH="163"
                    HEIGHT="44"></String>
          </TextLine>
          
          
	  <TextLine ID="eSc_line_124686"
                    
                    BASELINE="359 423 727 424" 
                    HPOS="358"
                    VPOS="395"
                    WIDTH="368"
                    HEIGHT="44">
            <Shape><Polygon POINTS="358 422 359 412 382 395 428 408 440 396 456 404 466 399 480 412 497 396 505 396 521 412 535 400 554 408 577 403 584 396 604 396 623 407 634 396 644 395 655 402 666 400 676 409 703 409 719 400 726 423 700 435 680 428 619 432 608 423 580 423 561 437 549 438 535 431 524 439 513 437 503 427 488 438 475 431 446 438 408 434 402 429 365 429 359 423"/></Shape>
	    <String CONTENT="لب خشک (٢) درویش گو خوش بخند"
                    HPOS="358"
                    VPOS="395"
                    WIDTH="368"
                    HEIGHT="44"></String>
          </TextLine>
          
          
	  <TextLine ID="eSc_line_124687"
                    
                    BASELINE="359 464 391 467 578 466 612 472 640 472 684 466 725 468" 
                    HPOS="358"
                    VPOS="439"
                    WIDTH="366"
                    HEIGHT="51">
            <Shape><Polygon POINTS="358 463 359 447 380 439 394 440 408 454 439 453 465 441 478 448 490 442 515 459 524 452 545 454 556 442 570 441 592 461 603 451 655 452 665 442 692 457 712 441 720 445 724 467 703 476 691 467 682 476 660 470 649 479 622 476 608 490 581 471 575 476 534 475 521 484 510 473 476 480 466 480 459 473 450 478 425 473 412 483 397 469 374 475 359 469"/></Shape>
	    <String CONTENT="که ما بیـخ ظالـم بخواهيـم كند"
                    HPOS="358"
                    VPOS="439"
                    WIDTH="366"
                    HEIGHT="51"></String>
          </TextLine>
          
          
	  <TextLine ID="eSc_line_124688"
                    
                    BASELINE="194 510 211 511 228 509 336 509 419 515 518 514 776 515 895 514" 
                    HPOS="193"
                    VPOS="476"
                    WIDTH="701"
                    HEIGHT="56">
            <Shape><Polygon POINTS="193 509 194 501 216 482 236 483 262 496 273 486 286 489 309 483 331 491 374 490 380 496 390 490 418 495 429 489 440 496 445 492 458 497 482 484 508 501 529 479 541 476 559 492 585 485 600 488 611 496 642 486 659 502 669 495 681 498 700 480 711 480 724 494 741 494 750 503 774 479 792 483 805 496 817 491 836 495 843 502 876 486 890 499 894 513 847 529 833 528 825 520 800 527 790 518 779 530 769 523 751 529 741 518 685 517 665 529 647 529 634 518 603 527 597 521 585 523 556 514 515 529 496 517 461 517 451 526 439 526 429 518 418 526 383 528 375 520 366 522 358 516 330 513 298 527 279 515 267 527 258 522 249 532 228 515 205 522 194 514"/></Shape>
	    <String CONTENT="امیر صدر الدّین محمّد بن امیر غیاث الدّین منصور در روز جمعه دوازدهم رمضان"
                    HPOS="193"
                    VPOS="476"
                    WIDTH="701"
                    HEIGHT="56"></String>
          </TextLine>
          
          
	  <TextLine ID="eSc_line_124689"
                    
                    BASELINE="195 552 282 552 382 555 399 558 893 555" 
                    HPOS="194"
                    VPOS="520"
                    WIDTH="697"
                    HEIGHT="52">
            <Shape><Polygon POINTS="194 551 200 526 223 527 232 536 248 537 271 528 294 537 304 528 317 534 327 527 338 536 358 520 378 536 390 533 400 542 412 534 439 545 458 528 475 541 503 530 522 546 533 542 539 547 555 532 573 529 599 543 613 542 630 529 643 541 657 536 668 545 675 539 699 540 708 532 718 532 727 541 758 532 775 545 784 536 801 541 820 530 839 541 850 532 863 532 891 554 876 565 841 561 811 565 802 572 789 571 780 561 762 571 754 562 731 561 725 567 711 562 682 565 668 555 634 571 610 570 598 559 591 564 542 560 532 571 518 566 508 570 501 562 486 570 477 562 452 567 438 561 413 570 399 556 378 568 364 562 351 564 344 571 330 559 315 565 306 559 295 564 282 555 266 567 258 567 247 555 218 565 195 552"/></Shape>
	    <String CONTENT="سنۀ مذكوره وفات يافت عمرش هفتاد و پنجسال بود در ايّام شباب نزد مولانا"
                    HPOS="194"
                    VPOS="520"
                    WIDTH="697"
                    HEIGHT="52"></String>
          </TextLine>
          
          
	  <TextLine ID="eSc_line_124690"
                    
                    BASELINE="191 594 193 594 245 594 292 600 689 599 738 605 895 605" 
                    HPOS="190"
                    VPOS="565"
                    WIDTH="704"
                    HEIGHT="53">
            <Shape><Polygon POINTS="190 593 191 583 205 568 222 579 248 568 260 580 270 571 283 578 299 571 312 584 332 577 339 584 351 585 364 577 377 577 389 584 403 573 419 587 440 566 448 565 473 583 489 571 503 580 533 572 546 584 564 579 577 585 586 578 599 585 616 574 628 586 640 574 661 585 672 574 698 565 711 577 720 575 736 591 756 574 783 574 796 587 820 567 828 568 846 585 858 575 878 577 890 589 894 604 879 604 866 615 850 618 834 605 801 617 781 606 736 618 720 605 663 611 655 604 631 617 618 604 589 613 580 605 535 611 517 602 480 611 466 602 451 613 426 618 409 602 385 612 358 602 345 611 331 604 312 611 296 603 258 612 247 602 220 609 192 593"/></Shape>
	    <String CONTENT="قوام الدّین گلباري تحصّل علم نمود بدرجۀ کمال ترقّي نموده و در شیراز مدرسۀ"
                    HPOS="190"
                    VPOS="565"
                    WIDTH="704"
                    HEIGHT="53"></String>
          </TextLine>
          
          
	  <TextLine ID="eSc_line_124691"
                    
                    BASELINE="195 635 232 640 299 641 323 643 529 642 541 646 618 646 630 649 646 646 750 644 840 646 865 648 892 648" 
                    HPOS="194"
                    VPOS="612"
                    WIDTH="697"
                    HEIGHT="53">
            <Shape><Polygon POINTS="194 634 195 621 206 612 217 619 236 615 255 630 271 627 282 617 292 623 306 617 314 625 336 617 346 627 380 619 391 631 404 618 419 619 431 631 452 617 471 625 486 617 501 627 520 630 537 618 548 629 562 631 580 618 599 621 613 616 625 627 641 616 648 623 669 621 693 632 720 619 737 619 744 627 756 619 771 627 789 615 806 628 822 629 838 618 853 624 864 621 891 647 849 654 819 649 799 660 786 650 763 657 754 650 738 655 732 650 705 651 697 646 653 651 642 659 612 646 605 650 565 648 553 657 540 650 528 662 514 653 477 650 470 644 451 650 437 665 428 665 414 650 401 660 385 649 357 655 349 649 318 648 304 656 294 648 282 648 266 655 252 647 224 647 211 653 195 642"/></Shape>
	    <String CONTENT="ساخته در آنجا بافاده مشغول گشته و از جملۀ نتايج قلم خجسته رقمش حاشيۀ"
                    HPOS="194"
                    VPOS="612"
                    WIDTH="697"
                    HEIGHT="53"></String>
          </TextLine>
          
          
	  <TextLine ID="eSc_line_124692"
                    
                    BASELINE="194 684 233 684 247 687 261 685 380 685 412 688 490 691 831 691 862 686 892 689" 
                    HPOS="193"
                    VPOS="654"
                    WIDTH="698"
                    HEIGHT="56">
            <Shape><Polygon POINTS="193 684 194 663 205 655 217 662 236 657 254 674 273 674 292 660 307 660 317 669 328 670 340 660 349 660 355 666 374 661 393 676 410 670 422 675 441 673 457 663 464 663 476 675 482 669 495 670 502 663 516 662 547 676 555 669 578 673 600 663 617 673 642 663 665 676 679 662 686 662 692 668 710 663 730 679 737 674 748 679 757 669 789 670 825 654 838 667 877 665 888 675 891 688 853 691 832 701 807 691 771 705 751 694 733 704 724 695 684 700 669 691 644 710 611 691 574 704 552 695 536 704 527 695 510 700 479 692 467 703 445 700 438 694 425 700 412 693 395 701 387 694 371 693 345 698 331 687 324 692 300 692 292 700 282 700 271 692 260 700 248 689 207 694 194 685"/></Shape>
	    <String CONTENT="(٣) اجدّ تجريد و حاشيۀ جديد تجريد و اثبات واجب وحاشيۀ مطالع و حاشیۀ"
                    HPOS="193"
                    VPOS="654"
                    WIDTH="698"
                    HEIGHT="56"></String>
          </TextLine>
          
          
	  <TextLine ID="eSc_line_124693"
                    
                    BASELINE="194 726 220 731 283 726 295 730 366 733 524 732 548 737 574 737 589 732 839 732 889 732" 
                    HPOS="193"
                    VPOS="700"
                    WIDTH="695"
                    HEIGHT="49">
            <Shape><Polygon POINTS="193 725 194 712 205 701 219 708 238 703 251 716 263 704 274 703 293 717 300 710 313 714 330 700 365 718 378 717 393 704 419 718 425 713 439 716 461 705 482 719 498 704 527 724 539 722 548 712 568 711 580 722 598 711 613 723 640 707 660 723 668 714 681 714 688 708 707 713 718 707 731 718 742 712 752 714 762 706 776 707 788 718 795 716 803 722 828 701 840 700 857 717 874 707 884 718 888 731 875 741 852 739 840 745 820 738 808 748 754 736 735 746 719 738 694 739 668 749 651 737 621 749 605 738 584 749 572 737 556 745 532 748 520 736 497 743 479 736 442 737 434 744 421 744 415 738 399 742 366 735 353 744 339 743 328 732 320 737 298 730 282 736 269 733 257 745 241 732 209 743 194 739"/></Shape>
	    <String CONTENT="شمسيّه و رسالهٔ در تحقيق علوم هم درين سال منصو بیگ پرناک حاکم شيراز"
                    HPOS="193"
                    VPOS="700"
                    WIDTH="695"
                    HEIGHT="49"></String>
          </TextLine>
          
          
	  <TextLine ID="eSc_line_124694"
                    
                    BASELINE="195 773 212 779 233 776 472 775 526 781 647 781 670 779 684 775 754 775 796 777 846 777 893 780" 
                    HPOS="194"
                    VPOS="745"
                    WIDTH="697"
                    HEIGHT="51">
            <Shape><Polygon POINTS="194 771 195 762 206 751 225 754 235 745 250 757 261 746 276 746 292 758 307 748 324 746 330 752 342 748 355 760 363 754 385 758 394 750 407 756 425 750 442 760 460 755 483 758 495 746 502 746 517 762 537 761 552 750 570 768 586 751 612 751 631 770 650 757 660 761 672 749 714 749 729 760 739 750 750 755 770 752 777 760 799 756 803 761 819 752 833 763 864 752 891 779 865 792 857 783 836 782 822 788 807 782 784 784 775 777 767 783 731 787 711 776 688 784 666 780 636 796 616 782 603 790 591 784 573 796 556 784 543 794 532 788 510 794 498 782 458 781 438 790 426 782 356 781 346 788 336 780 300 780 294 775 285 783 269 775 256 786 242 779 222 788 214 783 195 786"/></Shape>
	    <String CONTENT="وفات يافت فاضل (۴) نقط چي اوغلي از روم آمده بودند احمد پادشاه با او طريق"
                    HPOS="194"
                    VPOS="745"
                    WIDTH="697"
                    HEIGHT="51"></String>
          </TextLine>
          
          
	  <TextLine ID="eSc_line_124695"
                    
                    BASELINE="185 818 192 818 242 815 306 819 489 818 547 821 763 820 788 824 800 821 828 824 890 821" 
                    HPOS="184"
                    VPOS="784"
                    WIDTH="705"
                    HEIGHT="52">
            <Shape><Polygon POINTS="184 817 203 794 214 789 230 796 243 792 257 806 292 790 305 801 326 790 342 801 362 790 374 795 385 792 397 799 413 793 421 800 429 793 441 799 454 793 476 798 489 794 499 805 513 799 526 805 543 794 555 803 565 795 585 795 594 801 617 784 637 805 650 805 657 811 674 800 687 808 699 800 713 806 726 795 757 809 764 803 774 808 788 794 796 795 821 811 858 796 876 796 885 806 889 820 865 836 853 828 831 830 822 822 793 834 764 830 757 822 741 833 717 828 707 836 686 822 660 836 651 827 603 833 592 822 565 832 547 825 524 830 502 826 490 833 482 826 440 821 426 832 412 826 389 836 376 824 345 824 339 819 307 824 300 818 257 831 248 822 219 828 193 817"/></Shape>
	    <String CONTENT="ارادت سلوک مینمود در محلّ قتل احمد پادشاه او نیز کشته شد امیر خواند"
                    HPOS="184"
                    VPOS="784"
                    WIDTH="705"
                    HEIGHT="52"></String>
          </TextLine>
          
          
	  <TextLine ID="eSc_line_124699"
                    
                    BASELINE="190 860 223 859 252 862 423 860 438 863 522 866 889 864" 
                    HPOS="188"
                    VPOS="831"
                    WIDTH="700"
                    HEIGHT="51">
            <Shape><Polygon POINTS="188 859 198 841 206 845 218 833 235 843 244 839 257 844 286 843 298 834 314 845 343 837 359 850 394 836 412 846 423 837 435 837 447 849 467 841 482 845 497 838 514 853 533 834 548 850 568 843 581 849 609 834 637 831 648 840 673 839 694 850 722 852 742 841 765 850 781 833 793 833 807 847 818 850 836 832 845 831 863 849 876 849 888 863 871 872 824 872 817 868 798 881 775 882 763 872 727 872 720 878 704 874 684 879 676 872 660 869 634 872 605 865 585 877 571 870 551 879 536 870 509 878 496 868 469 872 457 868 421 871 415 866 383 869 374 877 350 877 331 868 302 871 298 866 273 869 257 863 238 866 225 876 201 872 190 860"/></Shape>
	    <String CONTENT="محمّد مؤرّخ صاحب روضة الصّفأ در دوم ذى قعده سنۀ مذكور وفات يافت عمرش"
                    HPOS="188"
                    VPOS="831"
                    WIDTH="700"
                    HEIGHT="51"></String>
          </TextLine>
          
          
	  <TextLine ID="eSc_line_124696"
                    
                    BASELINE="186 904 216 903 255 909 580 908 599 914 643 908 892 909" 
                    HPOS="185"
                    VPOS="869"
                    WIDTH="706"
                    HEIGHT="57">
            <Shape><Polygon POINTS="185 903 216 877 235 890 266 869 293 887 319 884 337 895 363 888 371 879 389 891 397 887 415 888 422 895 457 884 477 890 495 874 504 875 518 889 540 894 558 879 583 897 616 885 631 895 641 887 656 893 670 887 695 895 712 879 729 891 749 896 763 884 782 883 794 895 805 897 821 890 844 895 870 883 891 908 860 917 807 914 795 923 781 915 765 915 745 926 732 914 707 921 693 914 675 922 651 914 637 926 621 915 610 922 590 925 574 914 554 920 537 915 528 922 520 914 478 912 456 923 442 917 431 925 413 912 377 923 364 913 347 921 319 913 298 920 285 910 263 920 252 912 237 916 212 908 198 919 186 915"/></Shape>
	    <String CONTENT="شصت و شش سال بود هم درین سال محمّد موممن میرزا بن بدیع الزّمان بامر"
                    HPOS="185"
                    VPOS="869"
                    WIDTH="706"
                    HEIGHT="57"></String>
          </TextLine>
          
          
	  <TextLine ID="eSc_line_124698"
                    
                    BASELINE="530 951 627 951 669 957 751 957 763 954 815 954 830 957 883 954" 
                    HPOS="529"
                    VPOS="919"
                    WIDTH="353"
                    HEIGHT="51">
            <Shape><Polygon POINTS="529 950 530 934 541 939 551 932 558 935 573 921 591 934 602 931 610 938 623 926 651 933 660 925 675 939 701 935 719 944 731 934 749 938 780 926 798 927 807 936 826 940 845 921 857 919 878 940 882 953 863 967 855 961 822 967 811 959 742 961 724 970 713 970 701 959 678 970 660 970 637 959 623 964 598 959 590 965 574 958 540 957 530 961"/></Shape>
	    <String CONTENT="جدّش سلطانحسین میرزا بقتل در آمد *"
                    HPOS="529"
                    VPOS="919"
                    WIDTH="353"
                    HEIGHT="51"></String>
          </TextLine>
          
          
	  <TextLine ID="eSc_line_124703"
                    
                    BASELINE="229 1029 368 1033 397 1030 679 1029 763 1030 790 1034 825 1034 849 1033" 
                    HPOS="228"
                    VPOS="992"
                    WIDTH="619"
                    HEIGHT="62">
            <Shape><Polygon POINTS="228 1028 229 1010 237 1003 252 1011 273 1002 282 1010 299 1005 324 1026 350 1003 361 1005 372 1017 395 995 414 1003 450 997 464 1010 471 1004 482 1008 501 993 516 1009 536 1012 546 1012 561 997 570 997 586 1014 599 1010 608 1017 629 1007 656 1009 676 992 689 1004 698 997 712 1003 729 1001 760 1021 773 1008 789 1009 809 992 824 996 844 1016 847 1031 830 1050 815 1049 806 1041 789 1054 780 1054 754 1034 707 1039 694 1031 682 1034 666 1049 648 1047 641 1054 629 1054 609 1039 594 1053 587 1053 568 1036 499 1039 482 1046 453 1029 441 1037 400 1037 385 1050 371 1048 359 1036 328 1048 313 1034 290 1035 277 1047 269 1047 249 1041 233 1029"/></Shape>
	    <String CONTENT="وقایع سنۀ اربع و تسعمابه گفتار در حرب"
                    HPOS="228"
                    VPOS="992"
                    WIDTH="619"
                    HEIGHT="62"></String>
          </TextLine>
          
          
	  <TextLine ID="eSc_line_124700"
                    
                    BASELINE="350 1092 381 1091 406 1094 714 1093" 
                    HPOS="349"
                    VPOS="1049"
                    WIDTH="364"
                    HEIGHT="73">
            <Shape><Polygon POINTS="349 1091 368 1068 380 1075 399 1056 416 1053 454 1081 473 1064 484 1066 495 1059 505 1067 520 1054 540 1068 555 1058 587 1088 599 1083 608 1090 640 1065 671 1049 667 1069 704 1074 713 1092 704 1100 638 1100 616 1121 606 1122 581 1097 566 1109 543 1093 533 1093 504 1111 492 1112 479 1099 460 1093 439 1107 418 1106 408 1098 372 1099 362 1091"/></Shape>
	    <String CONTENT="محمدي با الوند بيگ"
                    HPOS="349"
                    VPOS="1049"
                    WIDTH="364"
                    HEIGHT="73"></String>
          </TextLine>
          
          
	  <TextLine ID="eSc_line_124704"
                    
                    BASELINE="184 1143 212 1141 225 1147 389 1145 445 1151 768 1150 780 1153 799 1148 832 1148" 
                    HPOS="182"
                    VPOS="1112"
                    WIDTH="649"
                    HEIGHT="55">
            <Shape><Polygon POINTS="182 1142 199 1121 213 1122 219 1116 238 1129 247 1129 262 1115 271 1116 296 1132 309 1123 334 1132 349 1123 364 1130 378 1119 414 1119 433 1136 454 1129 475 1130 489 1141 510 1129 521 1130 529 1122 536 1122 548 1134 559 1128 597 1135 608 1124 615 1124 622 1131 644 1129 654 1138 698 1122 710 1134 716 1129 737 1130 746 1138 776 1113 787 1112 802 1128 827 1131 831 1147 821 1153 799 1154 793 1160 784 1154 773 1155 757 1167 737 1151 698 1166 684 1156 660 1164 649 1156 625 1162 618 1155 592 1157 583 1150 533 1164 522 1154 504 1163 496 1163 485 1153 458 1153 439 1161 429 1154 418 1159 409 1151 372 1151 366 1145 342 1157 332 1153 313 1163 292 1150 277 1155 271 1149 244 1153 233 1147 210 1155 191 1142"/></Shape>
	    <String CONTENT="محمّدي ميرزا بن يوسف ميرزا بن حسن پادشاه در روز جنگ ايبه"
                    HPOS="182"
                    VPOS="1112"
                    WIDTH="649"
                    HEIGHT="55"></String>
          </TextLine>
          
          
	  <TextLine ID="eSc_line_124697"
                    
                    BASELINE="190 1187 225 1187 237 1191 252 1188 293 1188 402 1193 460 1192 475 1194 515 1191 675 1194 742 1191 768 1192 781 1195 841 1192 883 1192" 
                    HPOS="188"
                    VPOS="1155"
                    WIDTH="694"
                    HEIGHT="55">
            <Shape><Polygon POINTS="188 1186 194 1162 214 1167 233 1155 248 1168 262 1162 282 1176 299 1163 314 1166 321 1173 334 1166 371 1176 385 1163 395 1163 407 1173 433 1175 456 1164 470 1179 486 1164 523 1172 535 1166 543 1174 572 1172 578 1176 589 1169 622 1179 638 1164 659 1175 673 1172 685 1176 703 1163 714 1173 735 1172 739 1176 781 1168 793 1179 807 1169 821 1178 836 1164 845 1163 859 1164 878 1180 882 1191 871 1198 840 1199 831 1205 813 1199 792 1206 784 1199 762 1202 755 1197 719 1200 708 1195 649 1205 612 1199 591 1210 579 1199 570 1204 541 1198 523 1210 509 1198 492 1198 472 1207 458 1197 406 1202 362 1197 333 1208 323 1198 314 1206 301 1197 261 1194 244 1205 232 1193 220 1194 212 1202 190 1188"/></Shape>
	    <String CONTENT="سلطان در خدمت احمد بیگ بود بعد از کشتن احمد بیگ بیزد رفته حاکم آنجا"
                    HPOS="188"
                    VPOS="1155"
                    WIDTH="694"
                    HEIGHT="55"></String>
          </TextLine>
          
          
	  <TextLine ID="eSc_line_124701"
                    
                    BASELINE="749 1263 782 1263 794 1265 843 1262" 
                    HPOS="748"
                    VPOS="1238"
                    WIDTH="93"
                    HEIGHT="37">
            <Shape><Polygon POINTS="748 1262 749 1243 754 1239 763 1244 803 1244 812 1238 834 1245 841 1261 830 1275 809 1275 798 1265 777 1275 749 1267"/></Shape>
	    <String CONTENT="(۱) كوده ا"
                    HPOS="748"
                    VPOS="1238"
                    WIDTH="93"
                    HEIGHT="37"></String>
          </TextLine>
          
          
	  <TextLine ID="eSc_line_124709"
                    
                    BASELINE="496 1263 613 1262" 
                    HPOS="495"
                    VPOS="1237"
                    WIDTH="117"
                    HEIGHT="41">
            <Shape><Polygon POINTS="495 1262 505 1245 528 1249 547 1237 577 1246 587 1239 605 1240 612 1261 608 1275 581 1276 568 1270 560 1276 533 1278 520 1271 508 1273 496 1262"/></Shape>
	    <String CONTENT="(۲) مظلوم ب"
                    HPOS="495"
                    VPOS="1237"
                    WIDTH="117"
                    HEIGHT="41"></String>
          </TextLine>
          
          
	  <TextLine ID="eSc_line_124707"
                    
                    BASELINE="239 1257 277 1261 398 1258" 
                    HPOS="238"
                    VPOS="1232"
                    WIDTH="159"
                    HEIGHT="46">
            <Shape><Polygon POINTS="238 1256 241 1238 257 1239 264 1232 287 1243 300 1235 314 1235 330 1248 343 1235 353 1240 378 1237 397 1257 363 1273 347 1267 337 1277 319 1275 308 1267 298 1276 277 1278 264 1268 239 1265"/></Shape>
	    <String CONTENT="(۳) فی النسخ احد"
                    HPOS="238"
                    VPOS="1232"
                    WIDTH="159"
                    HEIGHT="46"></String>
          </TextLine>
          
          
	  <TextLine ID="eSc_line_124705"
                    
                    BASELINE="591 1293 838 1293" 
                    HPOS="590"
                    VPOS="1270"
                    WIDTH="247"
                    HEIGHT="48">
            <Shape><Polygon POINTS="590 1292 593 1274 613 1283 653 1270 692 1274 699 1281 712 1282 724 1271 741 1273 751 1283 767 1271 788 1277 795 1273 806 1277 833 1275 837 1292 834 1308 830 1309 812 1309 800 1301 794 1307 776 1303 760 1312 742 1307 731 1316 719 1307 706 1318 667 1303 636 1302 610 1315 592 1307"/></Shape>
	    <String CONTENT="(۴) کمافی النسخ (? نفط چي)"
                    HPOS="590"
                    VPOS="1270"
                    WIDTH="247"
                    HEIGHT="48"></String>
          </TextLine>
          </TextBlock>
          
        </PrintSpace>
      </Page>
    </Layout>
  </alto>
