<?xml version="1.0" encoding="UTF-8"?>
<alto xmlns:xsi="http://www.w3.org/2001/XMLSchema-instance"
      xmlns="http://www.loc.gov/standards/alto/ns-v4#"
      xsi:schemaLocation="http://www.loc.gov/standards/alto/ns-v4# https://gitlab.inria.fr/scripta/escriptorium/-/raw/develop/app/escriptorium/static/alto-4-1-baselines.xsd">
  <Description>
    <MeasurementUnit>pixel</MeasurementUnit>
    <sourceImageInformation>
      <fileName>22.jpg</fileName>
    </sourceImageInformation>
  </Description>
  
  <Tags>
    <OtherTag ID="BT1" LABEL="Title" DESCRIPTION="block type Title"/><OtherTag ID="BT2" LABEL="Main" DESCRIPTION="block type Main"/><OtherTag ID="BT3" LABEL="Commentary" DESCRIPTION="block type Commentary"/><OtherTag ID="BT4" LABEL="Illustration" DESCRIPTION="block type Illustration"/>
    
  </Tags>
  
  <Layout>
    <Page WIDTH="975"
          HEIGHT="1425"
          PHYSICAL_IMG_NR="21"
          ID="eSc_dummypage_">
      <PrintSpace HPOS="0"
                  VPOS="0"
                  WIDTH="975"
                  HEIGHT="1425">
        
        <TextBlock ID="eSc_dummyblock_">
          
	  <TextLine ID="eSc_line_124786"
                    
                    BASELINE="364 158 403 157 426 154 484 156 497 155 532 153" 
                    HPOS="363"
                    VPOS="123"
                    WIDTH="167"
                    HEIGHT="49">
            <Shape><Polygon POINTS="363 157 375 155 400 130 413 131 420 124 432 128 456 123 470 137 504 133 516 124 527 134 530 152 508 159 490 156 477 166 466 165 457 155 442 156 433 165 410 163 395 172 381 157"/></Shape>
	    <String CONTENT="احسن التواريخ"
                    HPOS="363"
                    VPOS="123"
                    WIDTH="167"
                    HEIGHT="49"></String>
          </TextLine>
          
          
	  <TextLine ID="eSc_line_124787"
                    
                    BASELINE="105 207 391 205 441 211 545 211 558 209 621 209 760 211 806 211" 
                    HPOS="104"
                    VPOS="169"
                    WIDTH="701"
                    HEIGHT="55">
            <Shape><Polygon POINTS="104 206 121 186 127 187 136 178 148 178 157 186 172 179 185 186 193 179 207 186 216 179 229 186 248 179 256 186 271 172 283 169 293 179 314 175 339 186 351 179 362 185 382 179 394 185 404 179 414 188 427 180 439 191 450 180 467 194 492 179 516 193 529 192 542 180 554 186 577 181 589 187 623 173 644 188 661 187 667 181 687 182 701 195 712 194 726 180 752 194 774 182 783 191 795 191 805 210 789 213 777 224 770 224 755 211 742 219 711 218 701 212 694 219 678 220 666 214 651 222 616 213 591 220 579 211 543 223 535 214 518 211 507 219 477 218 460 210 446 222 410 222 400 212 369 213 357 209 344 219 314 210 262 224 249 211 210 223 198 211 131 211 118 222 106 210"/></Shape>
	    <String CONTENT="مراد بیگ بایندر باتّفاق اشرف بیگ او را پادشاه کوده متوجّه شیراز شدند قاسم"
                    HPOS="104"
                    VPOS="169"
                    WIDTH="701"
                    HEIGHT="55"></String>
          </TextLine>
          
          
	  <TextLine ID="eSc_line_124788"
                    
                    BASELINE="103 251 530 252 570 258 609 257 624 260 641 254 654 252 713 252 726 257 805 255" 
                    HPOS="102"
                    VPOS="219"
                    WIDTH="701"
                    HEIGHT="49">
            <Shape><Polygon POINTS="102 250 147 223 185 222 204 241 220 224 260 237 274 229 312 232 330 219 344 233 356 230 366 241 382 226 402 232 413 226 426 239 444 226 467 239 482 231 495 238 508 236 529 224 554 244 570 242 579 233 596 241 611 226 623 231 631 223 651 232 665 226 678 238 685 233 695 236 712 224 749 243 780 226 801 239 803 254 792 264 749 257 738 267 722 268 708 257 703 261 679 255 666 263 655 255 643 261 636 258 628 266 600 266 590 258 560 268 548 260 537 264 528 256 503 260 494 252 473 266 460 261 448 267 434 263 422 268 397 258 369 267 357 256 338 266 328 256 305 258 286 252 267 263 244 256 236 263 223 258 203 264 186 251 161 251 118 264 104 251"/></Shape>
	    <String CONTENT="بيگ پرناک با دلاوران بی باک در برابر ايشان در آمده در حوالی (١) نایین"
                    HPOS="102"
                    VPOS="219"
                    WIDTH="701"
                    HEIGHT="49"></String>
          </TextLine>
          
          
	  <TextLine ID="eSc_line_124790"
                    
                    BASELINE="110 288 127 295 173 296 522 295 559 301 685 301 708 299 741 301 803 299" 
                    HPOS="109"
                    VPOS="267"
                    WIDTH="693"
                    HEIGHT="46">
            <Shape><Polygon POINTS="109 287 138 267 165 281 179 269 198 268 205 274 218 268 229 279 249 282 261 270 294 269 300 275 313 269 320 276 355 279 376 268 390 277 414 269 428 283 452 268 476 282 485 282 498 269 511 268 528 280 545 269 560 285 568 285 591 270 612 286 628 273 649 273 659 282 667 275 679 276 689 285 704 273 730 270 742 282 756 276 767 287 786 268 794 268 802 298 780 313 761 300 743 311 729 302 710 302 695 311 667 312 655 304 638 302 622 312 610 306 598 309 591 302 584 307 542 309 534 301 520 307 513 301 482 304 473 296 439 311 426 305 401 309 385 300 345 305 340 300 318 299 306 311 298 311 286 299 264 300 254 307 238 302 225 307 216 299 206 307 198 307 190 299 162 307 150 298 133 299 121 309 111 305"/></Shape>
	    <String CONTENT="آن دو لشکر پر خشم و کین را جنگ عظيم واقع شد بعد از کشش و کوشش قاسم"
                    HPOS="109"
                    VPOS="267"
                    WIDTH="693"
                    HEIGHT="46"></String>
          </TextLine>
          
          
	  <TextLine ID="eSc_line_124791"
                    
                    BASELINE="109 339 125 342 138 338 681 338 693 340 739 342 752 344 805 339" 
                    HPOS="108"
                    VPOS="306"
                    WIDTH="695"
                    HEIGHT="47">
            <Shape><Polygon POINTS="108 338 109 328 131 311 156 327 175 313 207 325 224 312 244 321 254 312 273 320 300 312 312 321 327 315 338 319 350 312 375 327 389 313 404 319 429 312 442 324 450 318 463 323 473 314 486 325 498 313 514 323 520 317 545 321 574 306 594 323 604 320 615 328 631 320 644 325 669 312 689 324 701 321 711 312 746 328 760 327 773 314 781 314 800 327 803 338 793 351 763 350 742 343 714 346 704 353 676 342 672 346 637 347 623 347 615 342 605 350 590 345 539 345 528 350 516 345 491 351 484 345 471 345 463 352 454 352 446 344 433 352 397 344 378 353 369 353 357 343 327 344 317 352 305 344 288 350 267 342 228 345 216 351 192 343 176 344 165 353 155 352 146 343 124 350 109 344"/></Shape>
	    <String CONTENT="بیگ مغلوب گشت بمشقّت بسیار خود را بصاین قلعه رسانید قاصدان سخن دان"
                    HPOS="108"
                    VPOS="306"
                    WIDTH="695"
                    HEIGHT="47"></String>
          </TextLine>
          
          
	  <TextLine ID="eSc_line_124792"
                    
                    BASELINE="111 381 299 381 325 382 342 387 353 388 368 384 399 383 412 380 440 382 471 381 484 383 619 384 635 388 661 385 678 387 703 383 808 384" 
                    HPOS="110"
                    VPOS="349"
                    WIDTH="697"
                    HEIGHT="59">
            <Shape><Polygon POINTS="110 380 112 362 146 366 163 365 175 358 191 369 201 361 222 364 232 353 249 362 260 357 268 365 282 357 295 364 326 356 338 368 361 362 378 372 406 349 415 349 431 364 446 364 453 371 463 362 485 359 492 365 505 358 523 366 541 358 547 364 558 359 564 365 584 363 597 369 606 359 621 365 642 357 663 372 684 357 704 358 718 369 726 363 741 365 749 358 763 369 770 362 792 358 803 370 807 383 779 399 760 384 746 395 717 388 686 390 676 399 660 394 641 397 616 388 585 399 564 388 496 391 486 387 465 399 450 384 395 390 378 401 363 387 328 401 293 385 267 395 254 408 232 389 171 388 156 396 144 387 123 389 111 383"/></Shape>
	    <String CONTENT="نزد ایبه سلطان روانه نموده استمداد کرد محمّدي میرزا به شیراز آمده حکومت"
                    HPOS="110"
                    VPOS="349"
                    WIDTH="697"
                    HEIGHT="59"></String>
          </TextLine>
          
          
	  <TextLine ID="eSc_line_124797"
                    
                    BASELINE="104 423 165 423 200 428 239 429 543 428 713 429 808 426" 
                    HPOS="103"
                    VPOS="390"
                    WIDTH="704"
                    HEIGHT="52">
            <Shape><Polygon POINTS="103 422 118 403 134 409 148 399 156 404 168 393 180 390 207 408 223 399 233 407 262 413 285 401 324 412 345 400 355 408 376 414 388 404 415 401 429 402 438 409 461 406 470 412 490 403 505 415 515 406 534 412 551 401 565 408 574 402 603 402 622 416 636 402 661 414 679 414 700 400 712 410 733 401 743 410 751 402 770 409 792 397 803 409 807 425 768 440 750 431 738 441 699 433 661 442 617 438 610 431 579 434 565 442 556 434 530 441 521 435 503 440 494 433 463 441 444 432 431 437 421 428 390 434 384 440 356 437 347 441 312 434 302 438 294 432 263 437 250 428 230 440 210 439 199 431 186 439 172 438 165 431 154 435 140 431 122 438 105 422"/></Shape>
	    <String CONTENT="آنجا را بمنصور بیگ افشار تفويض نموده با لشکر و یراق بجانب عراق توجّه نمود"
                    HPOS="103"
                    VPOS="390"
                    WIDTH="704"
                    HEIGHT="52"></String>
          </TextLine>
          
          
	  <TextLine ID="eSc_line_124798"
                    
                    BASELINE="101 466 302 466 399 472 447 471 484 477 621 475 649 471 675 471 687 475 710 471 805 471" 
                    HPOS="100"
                    VPOS="438"
                    WIDTH="703"
                    HEIGHT="52">
            <Shape><Polygon POINTS="100 465 116 447 130 448 153 438 180 441 190 451 207 438 223 450 236 446 243 453 257 441 274 442 280 448 287 444 343 442 351 451 377 441 389 453 431 451 444 444 459 457 473 444 499 461 510 461 528 451 536 458 543 453 552 458 565 445 584 446 605 460 625 446 634 451 647 445 655 453 667 447 681 461 699 446 716 450 729 444 739 453 752 447 762 457 770 451 795 453 803 470 793 482 758 475 744 489 736 490 723 477 708 488 699 483 681 488 669 477 643 478 631 486 581 478 565 486 542 476 526 484 503 485 494 477 486 483 459 484 447 476 419 478 407 473 388 484 369 476 352 484 332 471 283 480 270 472 254 484 238 472 222 480 207 473 194 480 180 472 147 471 138 478 125 479 102 465"/></Shape>
	    <String CONTENT="بعد از گرفتن اصفهان بطرف ری روان شده در آنجا قشلاق کرد در آن اثنا ایبه"
                    HPOS="100"
                    VPOS="438"
                    WIDTH="703"
                    HEIGHT="52"></String>
          </TextLine>
          
          
	  <TextLine ID="eSc_line_124799"
                    
                    BASELINE="103 514 646 514 660 517 708 517 720 521 757 513 807 514" 
                    HPOS="102"
                    VPOS="477"
                    WIDTH="704"
                    HEIGHT="53">
            <Shape><Polygon POINTS="102 513 103 505 127 484 146 490 157 485 166 494 179 485 188 492 200 485 213 497 238 492 247 501 257 501 282 480 295 477 314 496 323 494 345 501 365 488 385 495 399 483 415 495 437 489 445 497 459 496 469 503 483 501 499 486 524 503 548 489 561 489 572 499 585 489 608 489 625 502 646 488 667 503 686 490 694 495 711 490 732 505 754 490 764 489 779 490 806 513 792 521 757 522 744 529 733 521 722 529 704 521 693 530 666 518 647 527 619 523 610 515 586 516 574 528 547 520 536 530 521 522 480 523 469 516 460 524 448 521 438 529 418 526 407 516 349 516 334 527 321 517 282 517 255 529 241 515 204 528 186 516 166 528 157 520 136 516 116 523 103 513"/></Shape>
	    <String CONTENT="سلطان و الوند بيگ (٢) و قاسم بيگ بعراق آمدند و محمّدي ميرزا از ایشان"
                    HPOS="102"
                    VPOS="477"
                    WIDTH="704"
                    HEIGHT="53"></String>
          </TextLine>
          
          
	  <TextLine ID="eSc_line_124800"
                    
                    BASELINE="109 554 125 558 399 556 439 558 452 562 560 561 649 562 673 559 727 559 770 562 803 559" 
                    HPOS="108"
                    VPOS="528"
                    WIDTH="694"
                    HEIGHT="50">
            <Shape><Polygon POINTS="108 553 109 541 119 530 131 528 161 529 168 536 184 529 195 540 209 534 216 541 233 529 256 530 273 542 290 530 300 535 315 530 336 545 359 530 375 530 393 543 400 537 414 540 421 533 434 540 454 533 478 548 511 534 534 551 542 551 560 533 570 537 579 534 593 548 604 542 631 541 646 549 657 540 681 543 706 532 717 541 745 540 754 533 765 540 771 534 792 535 802 558 777 574 764 573 756 566 745 575 738 574 726 565 720 570 707 565 691 574 678 562 650 575 634 566 592 574 581 565 553 574 541 574 530 566 517 575 508 566 484 578 467 577 434 562 423 570 396 562 323 570 312 561 302 570 293 570 273 560 238 561 226 568 210 560 194 572 182 565 169 571 159 560 135 560 124 567 110 564"/></Shape>
	    <String CONTENT="فرار کرده بنزد میر حسین کیای پلاوي رفته ايبه سلطان و الوند سلطان در قم قشلاق"
                    HPOS="108"
                    VPOS="528"
                    WIDTH="694"
                    HEIGHT="50"></String>
          </TextLine>
          
          
	  <TextLine ID="eSc_line_124801"
                    
                    BASELINE="106 601 179 599 204 602 243 599 276 603 308 603 324 605 559 604 731 605 771 602 796 603" 
                    HPOS="105"
                    VPOS="572"
                    WIDTH="690"
                    HEIGHT="49">
            <Shape><Polygon POINTS="105 600 106 586 121 572 133 572 143 577 152 573 160 580 173 574 187 589 204 573 225 574 239 585 251 579 264 581 270 575 286 585 308 575 330 587 337 580 345 586 361 586 369 578 384 586 395 575 418 575 438 592 458 578 476 585 490 578 508 584 520 575 533 585 541 578 554 585 573 578 581 586 591 575 598 575 627 587 640 577 653 589 666 590 686 575 708 592 732 577 745 578 752 585 762 580 780 583 789 575 795 602 779 618 752 603 727 609 718 618 704 610 686 613 656 608 647 615 631 608 612 617 602 609 583 605 539 621 521 609 507 619 491 610 476 615 441 608 429 617 415 608 400 618 378 608 369 617 358 609 331 608 306 617 296 609 289 613 277 608 262 612 244 604 210 606 200 615 191 615 185 610 157 610 147 602 108 613"/></Shape>
	    <String CONTENT="کرده قاسم بیگ را روانهٔ شیراز گردانیدند و گزل احمد برادر ایبه سلطان را با اکثر"
                    HPOS="105"
                    VPOS="572"
                    WIDTH="690"
                    HEIGHT="49"></String>
          </TextLine>
          
          
	  <TextLine ID="eSc_line_124802"
                    
                    BASELINE="106 645 799 646" 
                    HPOS="105"
                    VPOS="610"
                    WIDTH="693"
                    HEIGHT="53">
            <Shape><Polygon POINTS="105 644 106 632 118 621 149 610 174 635 195 627 239 627 247 631 257 621 275 632 283 627 304 629 321 616 342 619 358 636 393 625 407 634 423 622 435 625 451 619 465 630 480 623 494 636 521 629 528 622 553 636 567 623 609 622 628 636 640 634 657 619 668 619 692 636 707 623 732 622 744 631 765 616 777 628 793 623 798 646 788 654 777 651 764 662 751 656 738 660 730 651 707 653 697 661 684 651 667 651 638 662 621 653 611 656 604 651 581 651 572 659 554 653 548 659 533 660 524 651 496 662 483 650 461 661 451 651 414 654 403 648 384 660 363 662 347 649 331 653 306 646 290 656 263 663 245 648 190 655 180 662 149 651 131 651 121 657 106 651"/></Shape>
	    <String CONTENT="امرأ و لشکر سنگين بقشلاق ورامين فرستادند درين اثنأ ميرزا محمدي باتّفاق"
                    HPOS="105"
                    VPOS="610"
                    WIDTH="693"
                    HEIGHT="53"></String>
          </TextLine>
          
          
	  <TextLine ID="eSc_line_124803"
                    
                    BASELINE="98 691 125 691 390 689 419 692 431 695 732 695 750 692 777 689 798 691" 
                    HPOS="97"
                    VPOS="660"
                    WIDTH="699"
                    HEIGHT="50">
            <Shape><Polygon POINTS="97 689 98 666 133 672 152 662 162 670 171 662 184 665 191 660 204 668 213 662 230 666 244 660 262 676 274 665 294 662 328 681 353 663 376 663 384 670 407 667 422 679 438 663 450 667 456 662 475 675 485 673 495 682 527 667 553 673 565 666 585 681 610 667 621 667 642 685 676 665 682 669 693 666 707 680 725 672 760 679 771 672 790 673 796 689 760 707 748 697 733 697 708 707 693 695 684 703 670 699 657 705 640 695 629 705 615 698 590 710 572 695 555 703 524 698 505 707 490 698 473 706 465 706 456 697 444 706 422 698 406 707 381 689 372 695 352 693 337 706 327 707 309 699 290 703 282 694 260 703 244 691 223 704 198 689 179 703 156 693 112 695 100 689"/></Shape>
	    <String CONTENT="میر حسین کیای چلاوي شبیخون بر گزل زده تمامي یراقش گرفته گزل احمد"
                    HPOS="97"
                    VPOS="660"
                    WIDTH="699"
                    HEIGHT="50"></String>
          </TextLine>
          
          
	  <TextLine ID="eSc_line_124804"
                    
                    BASELINE="104 735 151 734 181 732 547 732 585 739 597 736 629 738 802 738" 
                    HPOS="103"
                    VPOS="700"
                    WIDTH="698"
                    HEIGHT="50">
            <Shape><Polygon POINTS="103 733 125 707 147 714 159 706 171 714 190 700 207 717 220 706 233 706 244 717 266 714 273 722 292 707 305 716 332 712 349 720 366 706 390 718 406 707 416 712 431 707 440 717 448 712 467 716 485 704 499 718 511 707 532 707 551 722 559 713 573 716 584 707 597 720 605 713 636 707 660 724 682 708 693 718 704 714 727 726 751 708 780 720 792 718 801 737 789 748 769 749 761 741 743 748 727 741 711 748 703 739 687 750 680 745 668 748 659 741 648 745 632 737 605 749 592 736 580 745 570 746 549 736 545 741 516 741 498 749 486 738 452 743 438 732 412 748 400 739 371 745 338 737 317 748 273 741 262 750 247 739 233 738 212 746 181 738 168 746 130 741 122 748 104 739"/></Shape>
	    <String CONTENT="پریشان و عریان به نزد ایبه سلطان آمده الوند بیگ درمیان زمستان بآدربایجان"
                    HPOS="103"
                    VPOS="700"
                    WIDTH="698"
                    HEIGHT="50"></String>
          </TextLine>
          
          
	  <TextLine ID="eSc_line_124805"
                    
                    BASELINE="105 783 122 779 134 781 805 781" 
                    HPOS="104"
                    VPOS="743"
                    WIDTH="699"
                    HEIGHT="56">
            <Shape><Polygon POINTS="104 782 105 763 112 757 140 757 161 767 171 761 191 765 206 758 239 760 250 749 262 757 275 750 296 769 311 757 323 761 339 755 344 760 353 750 363 749 381 764 399 751 409 761 428 758 435 765 451 754 475 752 482 758 495 751 509 755 522 750 532 758 548 743 556 743 577 763 591 754 616 760 623 767 643 757 657 770 667 770 685 758 708 746 712 760 742 763 770 762 783 755 803 780 784 793 771 784 755 787 741 780 720 786 694 784 669 799 648 783 631 793 611 784 603 793 592 794 578 790 568 781 552 793 524 780 507 793 497 793 478 781 450 783 437 793 416 783 369 790 359 782 347 792 338 792 325 780 307 790 290 790 280 781 223 790 207 782 194 790 155 790 144 782 121 792 105 783"/></Shape>
	    <String CONTENT="رفت محمّدي در عراق قوّت گرفته لشکر بسیار و گروه بی شمار بر سر وی جمع"
                    HPOS="104"
                    VPOS="743"
                    WIDTH="699"
                    HEIGHT="56"></String>
          </TextLine>
          
          
	  <TextLine ID="eSc_line_124781"
                    
                    BASELINE="105 822 152 821 166 824 396 822 425 826 452 826 483 822 748 822 793 825" 
                    HPOS="104"
                    VPOS="793"
                    WIDTH="688"
                    HEIGHT="48">
            <Shape><Polygon POINTS="104 821 105 808 114 800 144 793 162 806 185 793 194 802 206 801 217 812 262 793 275 794 282 801 314 800 324 808 342 799 355 809 375 795 389 801 402 795 422 809 438 795 460 811 484 796 499 803 511 798 534 811 543 811 554 800 578 812 598 803 608 813 622 799 643 800 651 808 723 806 730 813 750 800 768 808 782 794 788 795 792 824 788 830 767 833 731 828 722 836 710 831 698 840 681 831 662 832 650 825 629 831 615 841 603 830 586 838 571 828 536 836 518 824 508 834 492 827 469 834 460 827 452 834 428 837 410 825 391 828 351 822 331 834 314 826 300 836 261 825 247 827 231 838 213 822 194 831 173 832 156 821 134 833 106 822"/></Shape>
	    <String CONTENT="آمدند بسرعت تمام در عقب ایشان روان شدند در عزيز کندي ميان الوند"
                    HPOS="104"
                    VPOS="793"
                    WIDTH="688"
                    HEIGHT="48"></String>
          </TextLine>
          
          
	  <TextLine ID="eSc_line_124780"
                    
                    BASELINE="102 863 195 866 504 865 541 870 568 871 708 871 735 869 749 871 799 870" 
                    HPOS="100"
                    VPOS="830"
                    WIDTH="698"
                    HEIGHT="55">
            <Shape><Polygon POINTS="100 862 102 851 110 843 131 846 146 833 172 851 181 850 192 839 210 838 225 852 247 831 257 830 276 849 293 853 306 843 313 845 328 838 339 839 355 855 364 855 389 832 400 831 419 849 429 847 437 853 447 845 465 849 473 840 486 847 510 840 523 852 532 846 540 849 548 840 579 857 603 840 629 857 661 840 692 859 723 849 723 841 740 833 771 850 789 855 798 869 782 882 768 872 720 876 703 884 691 872 672 879 666 874 635 876 623 870 587 883 573 875 558 881 547 877 535 885 514 871 498 872 490 879 477 871 454 877 435 865 421 871 380 872 364 883 350 871 342 875 326 870 314 876 294 865 267 879 247 871 230 882 213 868 186 869 175 876 156 864 150 870 118 871 103 863"/></Shape>
	    <String CONTENT="و محمّدي جنگ عظيم بوقوع انجاميد محمّدي بتائيد سرمدّي غالب آمده"
                    HPOS="100"
                    VPOS="830"
                    WIDTH="698"
                    HEIGHT="55"></String>
          </TextLine>
          
          
	  <TextLine ID="eSc_line_124782"
                    
                    BASELINE="99 910 142 908 558 908 627 912 684 912 708 915 720 912 746 910 758 914 799 915" 
                    HPOS="98"
                    VPOS="882"
                    WIDTH="700"
                    HEIGHT="45">
            <Shape><Polygon POINTS="98 909 118 885 137 896 150 883 186 896 210 882 237 903 269 888 281 894 286 889 307 893 325 884 346 897 364 884 389 884 397 893 427 883 442 898 475 883 488 894 501 884 514 883 548 896 560 884 572 883 598 896 604 891 615 895 636 882 665 902 680 891 691 900 712 884 731 885 748 897 761 889 774 891 784 885 794 895 798 914 773 923 752 914 741 919 714 917 704 923 688 916 672 927 656 917 608 917 598 910 590 917 564 914 552 919 533 910 524 916 492 916 483 910 432 926 396 909 374 923 345 914 334 920 320 912 290 915 281 922 267 917 252 925 243 923 233 914 218 923 209 915 188 913 181 919 168 916 142 923 134 915 99 922"/></Shape>
	    <String CONTENT="ایبه سلطان بر خاک هلاک افتاد امیر زاده الوند با معدودی چند بديار بكر"
                    HPOS="98"
                    VPOS="882"
                    WIDTH="700"
                    HEIGHT="45"></String>
          </TextLine>
          
          
	  <TextLine ID="eSc_line_124783"
                    
                    BASELINE="97 952 100 952 305 952 330 950 344 953 364 954 495 954 516 958 540 955 796 956" 
                    HPOS="96"
                    VPOS="923"
                    WIDTH="699"
                    HEIGHT="51">
            <Shape><Polygon POINTS="96 951 110 935 128 933 135 938 146 928 167 927 176 936 194 931 214 931 224 936 237 926 250 934 261 923 273 929 290 923 300 932 324 926 337 939 347 939 363 923 387 939 402 928 427 928 437 935 444 932 454 938 470 928 489 935 509 925 529 945 545 929 554 929 565 940 583 929 602 939 622 928 631 929 648 946 667 928 692 926 713 936 741 939 749 931 769 936 787 927 793 932 795 955 786 955 767 971 751 961 714 961 707 955 691 955 679 967 665 964 654 973 646 973 629 958 612 960 603 970 587 959 566 961 556 969 545 964 527 974 509 959 494 960 482 969 469 958 448 967 432 958 412 966 387 959 370 965 336 958 321 969 311 958 298 965 287 957 255 964 242 955 214 966 193 957 166 966 157 958 119 961 97 951"/></Shape>
	    <String CONTENT="گريخت (٣) والي قاسم كه و الي آنجا بود الوند بيگ را استقبال نموده بر تخت"
                    HPOS="96"
                    VPOS="923"
                    WIDTH="699"
                    HEIGHT="51"></String>
          </TextLine>
          
          
	  <TextLine ID="eSc_line_124777"
                    
                    BASELINE="98 999 99 999 129 997 167 997 200 999 798 996" 
                    HPOS="97"
                    VPOS="964"
                    WIDTH="699"
                    HEIGHT="52">
            <Shape><Polygon POINTS="97 998 98 979 128 977 137 967 143 972 179 967 197 983 209 971 223 976 244 966 257 979 268 976 274 980 287 972 302 985 319 971 340 978 355 971 366 979 385 966 401 980 427 982 445 972 456 983 470 982 477 989 485 985 490 990 501 982 521 984 529 978 543 989 555 988 586 964 611 983 621 980 643 989 654 979 674 973 700 973 710 982 737 982 748 972 773 973 796 995 784 1005 719 1007 707 998 700 1005 675 1005 667 1011 646 1003 635 1012 627 1012 618 1004 578 1004 556 1016 537 1001 520 1012 502 1009 494 1015 483 1014 472 1003 407 1005 396 998 363 1010 328 1010 324 1005 308 1010 300 1002 286 1010 274 998 252 1011 238 1002 220 1011 210 1007 197 1010 180 997 159 1011 130 996 111 1009 98 1003"/></Shape>
	    <String CONTENT="سلطنت نشانید و محمّدي عروس مملکت آدربایجان را در آغوش گرفته در"
                    HPOS="97"
                    VPOS="964"
                    WIDTH="699"
                    HEIGHT="52"></String>
          </TextLine>
          
          
	  <TextLine ID="eSc_line_124796"
                    
                    BASELINE="101 1042 111 1043 376 1047 389 1043 434 1041 451 1043 488 1045 558 1045 597 1047 675 1046 689 1048 704 1045 720 1043 789 1043" 
                    HPOS="100"
                    VPOS="1009"
                    WIDTH="688"
                    HEIGHT="51">
            <Shape><Polygon POINTS="100 1041 106 1029 128 1014 137 1014 146 1022 157 1014 176 1014 185 1022 192 1015 201 1018 212 1014 224 1026 258 1026 273 1016 283 1021 315 1012 337 1016 351 1030 383 1020 396 1029 412 1023 427 1028 438 1018 461 1021 466 1016 486 1029 498 1023 507 1028 523 1023 540 1029 561 1028 575 1021 592 1034 604 1034 621 1017 631 1023 642 1018 649 1026 670 1028 680 1018 727 1020 749 1009 760 1018 783 1023 788 1042 783 1050 763 1058 742 1049 712 1050 701 1056 691 1047 670 1059 648 1058 638 1049 628 1058 608 1059 591 1050 573 1050 560 1060 545 1049 511 1047 490 1056 482 1056 473 1048 452 1059 441 1049 404 1050 397 1042 359 1056 350 1056 339 1046 301 1046 276 1053 249 1045 228 1056 210 1058 199 1048 182 1058 169 1045 155 1043 144 1054 131 1050 112 1058 102 1047"/></Shape>
	    <String CONTENT="دار الّسلطنة تبريز لواى حکومت بر افراخت درين اثنا الوند میرزا از (٣) والي"
                    HPOS="100"
                    VPOS="1009"
                    WIDTH="688"
                    HEIGHT="51"></String>
          </TextLine>
          
          
	  <TextLine ID="eSc_line_124779"
                    
                    BASELINE="95 1084 99 1084 305 1084 355 1090 795 1087" 
                    HPOS="93"
                    VPOS="1052"
                    WIDTH="701"
                    HEIGHT="54">
            <Shape><Polygon POINTS="93 1083 108 1062 129 1056 146 1068 180 1059 197 1075 224 1058 251 1072 261 1062 279 1057 295 1060 306 1067 317 1060 326 1069 340 1060 353 1073 365 1067 382 1068 393 1079 442 1052 461 1071 477 1072 485 1065 495 1067 508 1061 517 1069 529 1066 542 1072 559 1061 574 1069 597 1067 606 1072 627 1066 647 1073 655 1066 674 1068 686 1062 694 1069 706 1064 730 1072 744 1084 777 1064 790 1067 794 1086 786 1094 769 1096 755 1106 742 1093 723 1100 697 1090 666 1096 649 1087 627 1102 611 1093 584 1094 570 1088 559 1099 520 1100 509 1090 488 1102 476 1090 433 1093 412 1104 403 1104 388 1088 339 1104 324 1090 309 1104 295 1094 289 1099 270 1096 252 1085 244 1093 224 1099 217 1092 204 1098 194 1088 154 1097 148 1091 137 1094 96 1083"/></Shape>
	    <String CONTENT="قاسم جدا شده عزيمت تبريز کرد محمّدي ميرزا از توجّه برادر خبر يافته"
                    HPOS="93"
                    VPOS="1052"
                    WIDTH="701"
                    HEIGHT="54"></String>
          </TextLine>
          
          
	  <TextLine ID="eSc_line_124778"
                    
                    BASELINE="103 1128 130 1129 211 1130 223 1132 286 1132 340 1130 383 1130 412 1132 796 1132" 
                    HPOS="102"
                    VPOS="1093"
                    WIDTH="693"
                    HEIGHT="52">
            <Shape><Polygon POINTS="102 1126 104 1113 116 1115 127 1104 136 1106 143 1100 159 1102 180 1115 203 1103 218 1112 233 1097 243 1094 252 1104 263 1103 275 1112 301 1112 311 1104 323 1106 330 1102 356 1106 380 1093 391 1105 403 1104 421 1115 439 1109 448 1118 460 1117 477 1103 501 1118 521 1105 547 1105 558 1116 587 1113 598 1105 625 1105 636 1116 655 1097 665 1096 674 1105 691 1105 711 1119 719 1113 727 1119 737 1118 749 1106 760 1106 767 1113 786 1115 795 1131 786 1143 776 1141 769 1145 756 1137 727 1143 712 1132 705 1137 667 1137 657 1143 637 1131 627 1137 580 1138 552 1131 530 1144 501 1134 494 1141 480 1142 453 1138 445 1131 427 1143 403 1136 391 1144 381 1136 330 1136 323 1131 296 1144 276 1143 267 1134 241 1135 223 1144 210 1134 181 1134 167 1142 156 1132 141 1140 103 1132"/></Shape>
	    <String CONTENT="بجانب سلطانيّه شتافت الوند بيگ در دارالّسلطنة تبريز متمکّن شد و لطيف"
                    HPOS="102"
                    VPOS="1093"
                    WIDTH="693"
                    HEIGHT="52"></String>
          </TextLine>
          
          
	  <TextLine ID="eSc_line_124785"
                    
                    BASELINE="97 1172 155 1172 171 1175 182 1173 212 1173 237 1175 792 1176" 
                    HPOS="96"
                    VPOS="1137"
                    WIDTH="694"
                    HEIGHT="56">
            <Shape><Polygon POINTS="96 1170 97 1155 114 1138 125 1137 136 1148 148 1145 162 1156 175 1145 185 1151 204 1145 224 1166 245 1153 270 1157 281 1147 295 1156 307 1148 337 1148 352 1162 369 1148 377 1148 395 1162 401 1157 416 1161 432 1149 440 1149 461 1164 478 1148 485 1148 510 1167 529 1155 541 1157 549 1153 564 1164 579 1153 609 1164 622 1153 634 1160 651 1150 663 1162 676 1149 686 1154 699 1150 708 1160 724 1150 738 1164 771 1149 787 1159 790 1175 787 1187 781 1188 737 1181 724 1191 712 1181 699 1192 693 1187 667 1187 656 1179 630 1189 612 1180 599 1189 583 1182 572 1193 554 1180 539 1191 516 1192 497 1182 479 1191 459 1179 418 1182 397 1189 343 1180 314 1180 306 1188 296 1188 275 1178 263 1186 245 1179 225 1193 206 1179 192 1179 180 1188 163 1186 155 1178 144 1178 135 1187 117 1186 97 1170"/></Shape>
	    <String CONTENT="بیگ را وکیل نمود و عم درین سال منصور بیگ افشار با جمعي اشرار متوجّه"
                    HPOS="96"
                    VPOS="1137"
                    WIDTH="694"
                    HEIGHT="56"></String>
          </TextLine>
          
          
	  <TextLine ID="eSc_line_124794"
                    
                    BASELINE="654 1246 750 1246" 
                    HPOS="653"
                    VPOS="1220"
                    WIDTH="93"
                    HEIGHT="39">
            <Shape><Polygon POINTS="653 1245 660 1221 675 1232 697 1220 713 1230 723 1223 746 1225 745 1256 732 1252 723 1257 713 1248 686 1259 655 1246"/></Shape>
	    <String CONTENT="(١) نائین ا"
                    HPOS="653"
                    VPOS="1220"
                    WIDTH="93"
                    HEIGHT="39"></String>
          </TextLine>
          
          
	  <TextLine ID="eSc_line_124806"
                    
                    BASELINE="157 1239 377 1242" 
                    HPOS="156"
                    VPOS="1217"
                    WIDTH="220"
                    HEIGHT="52">
            <Shape><Polygon POINTS="156 1238 159 1223 175 1218 185 1223 197 1218 206 1226 226 1229 239 1217 258 1217 274 1227 292 1219 334 1218 342 1224 346 1219 364 1219 374 1227 376 1240 353 1269 321 1248 293 1261 283 1251 266 1249 244 1250 235 1256 219 1252 213 1258 203 1250 192 1250 171 1261 157 1254"/></Shape>
	    <String CONTENT="(٢) تا الوند سلطان ب ندارد"
                    HPOS="156"
                    VPOS="1217"
                    WIDTH="220"
                    HEIGHT="52"></String>
          </TextLine>
          
          
	  <TextLine ID="eSc_line_124795"
                    
                    BASELINE="580 1282 637 1284 758 1277" 
                    HPOS="579"
                    VPOS="1252"
                    WIDTH="178"
                    HEIGHT="49">
            <Shape><Polygon POINTS="579 1281 594 1265 611 1259 634 1265 665 1252 682 1267 699 1254 716 1264 727 1256 744 1257 757 1276 739 1301 732 1301 714 1286 698 1288 685 1299 650 1286 636 1301 625 1301 613 1290 605 1299 581 1299"/></Shape>
	    <String CONTENT="(٣) دایي قاسم ب ج"
                    HPOS="579"
                    VPOS="1252"
                    WIDTH="178"
                    HEIGHT="49"></String>
          </TextLine>
          </TextBlock>
          
        </PrintSpace>
      </Page>
    </Layout>
  </alto>
