<?xml version="1.0" encoding="UTF-8"?>
<alto xmlns:xsi="http://www.w3.org/2001/XMLSchema-instance"
      xmlns="http://www.loc.gov/standards/alto/ns-v4#"
      xsi:schemaLocation="http://www.loc.gov/standards/alto/ns-v4# https://gitlab.inria.fr/scripta/escriptorium/-/raw/develop/app/escriptorium/static/alto-4-1-baselines.xsd">
  <Description>
    <MeasurementUnit>pixel</MeasurementUnit>
    <sourceImageInformation>
      <fileName>24.jpg</fileName>
    </sourceImageInformation>
  </Description>
  
  <Tags>
    <OtherTag ID="BT1" LABEL="Title" DESCRIPTION="block type Title"/><OtherTag ID="BT2" LABEL="Main" DESCRIPTION="block type Main"/><OtherTag ID="BT3" LABEL="Commentary" DESCRIPTION="block type Commentary"/><OtherTag ID="BT4" LABEL="Illustration" DESCRIPTION="block type Illustration"/>
    
  </Tags>
  
  <Layout>
    <Page WIDTH="975"
          HEIGHT="1425"
          PHYSICAL_IMG_NR="23"
          ID="eSc_dummypage_">
      <PrintSpace HPOS="0"
                  VPOS="0"
                  WIDTH="975"
                  HEIGHT="1425">
        
        <TextBlock ID="eSc_dummyblock_">
          
	  <TextLine ID="eSc_line_124916"
                    
                    BASELINE="423 181 453 181 467 184 478 178 490 176 555 174" 
                    HPOS="423"
                    VPOS="146"
                    WIDTH="132"
                    HEIGHT="48">
            <Shape><Polygon POINTS="423 181 425 163 456 146 465 153 484 146 505 166 528 155 536 159 552 152 555 174 551 184 522 182 513 193 503 193 489 182 475 182 426 194"/></Shape>
	    <String CONTENT="احسن التواريخ"
                    HPOS="423"
                    VPOS="146"
                    WIDTH="132"
                    HEIGHT="48"></String>
          </TextLine>
          
          
	  <TextLine ID="eSc_line_124917"
                    
                    BASELINE="140 225 141 225 226 224 277 230 362 229 427 235 615 233 701 239 849 238" 
                    HPOS="138"
                    VPOS="193"
                    WIDTH="709"
                    HEIGHT="63">
            <Shape><Polygon POINTS="138 224 140 204 146 200 157 199 190 211 211 198 237 213 245 205 257 204 266 211 277 211 298 193 324 216 351 201 372 203 394 217 409 203 418 203 428 213 446 201 453 209 475 204 480 210 523 203 536 216 546 211 560 217 566 211 591 206 603 207 624 222 638 209 661 207 684 222 700 213 710 219 723 211 737 224 749 219 771 226 807 211 824 216 847 237 830 238 809 255 799 248 782 249 769 238 751 251 720 256 707 243 687 251 675 247 660 251 649 242 636 249 628 249 619 241 605 247 592 236 577 250 568 250 559 241 542 242 529 233 521 241 484 237 476 245 465 237 457 243 429 247 418 237 401 250 390 242 378 244 371 237 337 238 324 232 308 242 299 233 273 236 263 230 245 242 233 233 224 239 212 232 180 232 163 242 142 224"/></Shape>
	    <String CONTENT="کپک میرزا در برانغار جا گرفت آنکاه طالبان نام و ننگ چنگ در جنگ زده"
                    HPOS="138"
                    VPOS="193"
                    WIDTH="709"
                    HEIGHT="63"></String>
          </TextLine>
          
          
	  <TextLine ID="eSc_line_124918"
                    
                    BASELINE="137 273 290 276 308 277 351 274 384 277 491 276 527 282 843 281" 
                    HPOS="136"
                    VPOS="242"
                    WIDTH="705"
                    HEIGHT="56">
            <Shape><Polygon POINTS="136 271 137 262 153 249 173 254 181 249 191 251 201 242 220 251 232 243 263 244 275 256 289 242 296 242 311 256 325 248 344 256 355 252 363 261 393 244 409 258 429 250 438 258 448 255 467 262 478 252 496 262 514 250 527 262 537 257 559 270 593 251 616 267 630 267 644 255 663 254 669 260 684 255 704 271 711 266 720 269 731 258 762 256 787 269 799 258 821 254 841 280 792 295 780 295 767 283 760 288 733 288 726 294 712 294 704 286 694 294 679 286 661 294 649 285 625 292 615 282 609 288 596 285 562 298 543 283 526 292 509 283 499 293 491 293 480 285 444 283 435 276 425 282 412 282 404 276 377 289 363 289 352 280 311 286 296 276 285 288 263 275 233 275 223 285 200 276 185 288 174 280 137 281"/></Shape>
	    <String CONTENT="آتش کشش و کوشش بنوعي بر افروخت که تأثير دخان آن (١) گردۀ زمهریر"
                    HPOS="136"
                    VPOS="242"
                    WIDTH="705"
                    HEIGHT="56"></String>
          </TextLine>
          
          
	  <TextLine ID="eSc_line_124919"
                    
                    BASELINE="137 312 154 315 169 313 232 315 276 314 325 320 482 319 532 325 628 324 674 328 707 330 841 329" 
                    HPOS="136"
                    VPOS="286"
                    WIDTH="704"
                    HEIGHT="56">
            <Shape><Polygon POINTS="136 311 156 290 169 299 176 292 187 294 198 287 206 293 214 286 237 296 266 287 290 304 315 296 332 307 352 295 365 304 382 292 399 294 408 304 432 304 446 293 460 306 483 294 507 314 553 296 572 313 594 292 602 292 611 301 623 296 638 306 650 299 665 313 669 308 682 314 695 304 705 306 716 295 744 313 758 300 773 311 803 311 818 302 840 328 832 328 818 342 803 333 799 338 742 342 725 328 710 339 695 338 688 331 665 338 655 330 622 332 605 324 589 336 568 326 548 328 536 338 511 338 497 325 473 328 463 321 442 332 431 320 407 333 394 325 364 319 342 330 326 321 302 333 292 333 279 320 260 324 239 321 232 315 205 328 192 323 176 328 166 318 137 325"/></Shape>
	    <String CONTENT="را بجوش آورد و شعلۀ آن خرمن ماه را سوخته در جرم فلک اثر کرد هر"
                    HPOS="136"
                    VPOS="286"
                    WIDTH="704"
                    HEIGHT="56"></String>
          </TextLine>
          
          
	  <TextLine ID="eSc_line_124927"
                    
                    BASELINE="137 358 171 357 210 363 418 362 845 371" 
                    HPOS="136"
                    VPOS="331"
                    WIDTH="708"
                    HEIGHT="58">
            <Shape><Polygon POINTS="136 357 138 343 148 333 163 340 178 332 195 349 212 332 239 333 249 343 263 346 283 332 308 352 324 347 338 333 357 339 370 331 385 345 413 345 428 337 444 352 457 339 469 342 490 336 513 358 532 339 540 338 570 359 594 347 611 347 619 356 637 346 661 353 678 342 694 353 708 342 722 353 729 346 744 344 762 362 784 344 798 351 813 346 834 368 844 370 828 370 821 377 806 380 779 380 768 389 755 387 743 375 719 371 704 385 694 385 686 377 672 381 649 374 644 378 623 370 605 387 593 381 583 385 568 374 548 380 539 371 511 385 492 366 471 372 393 372 378 362 371 368 323 374 307 363 294 371 252 374 214 368 197 375 180 364 150 369 138 357"/></Shape>
	    <String CONTENT="خدنگي که از شست زرین چنگي گشاد یافت آهنگ جان پهلوانی نمود"
                    HPOS="136"
                    VPOS="331"
                    WIDTH="708"
                    HEIGHT="58"></String>
          </TextLine>
          
          
	  <TextLine ID="eSc_line_124920"
                    
                    BASELINE="142 407 176 400 213 406 274 404 323 410 459 409 486 414 508 415 564 412 575 409 603 415 665 414 682 419 707 420 812 419 833 417" 
                    HPOS="141"
                    VPOS="374"
                    WIDTH="691"
                    HEIGHT="58">
            <Shape><Polygon POINTS="141 406 142 389 149 390 166 374 192 376 201 384 212 378 229 393 264 381 280 391 315 374 330 387 343 378 355 390 365 387 374 395 389 385 407 396 425 390 456 391 469 384 482 397 489 397 503 384 510 384 532 397 552 389 564 394 593 389 602 397 618 383 630 395 651 385 673 403 704 387 718 396 735 387 746 399 764 395 775 406 795 391 808 404 821 401 832 416 815 429 801 421 773 429 760 420 727 432 712 419 691 427 667 427 654 415 635 419 628 414 605 429 592 418 543 418 536 413 521 425 509 423 502 416 485 426 471 414 454 414 421 427 400 409 380 420 369 415 332 422 317 410 288 413 277 404 254 418 232 418 220 406 203 415 190 407 173 406 153 416 142 413"/></Shape>
	    <String CONTENT="و هر مرغ تیری که از دست روشن ضمیری در پرواز آمد دری در فضای"
                    HPOS="141"
                    VPOS="374"
                    WIDTH="691"
                    HEIGHT="58"></String>
          </TextLine>
          
          
	  <TextLine ID="eSc_line_124921"
                    
                    BASELINE="650 454 667 458 699 457 725 460 829 456" 
                    HPOS="649"
                    VPOS="431"
                    WIDTH="179"
                    HEIGHT="44">
            <Shape><Polygon POINTS="649 453 650 440 668 433 676 439 703 431 724 448 732 442 756 442 768 432 777 437 786 431 820 445 828 456 826 466 811 471 775 463 745 475 720 473 697 464 682 464 668 472 650 459"/></Shape>
	    <String CONTENT="سینۀ امیری بگشود -"
                    HPOS="649"
                    VPOS="431"
                    WIDTH="179"
                    HEIGHT="44"></String>
          </TextLine>
          
          
	  <TextLine ID="eSc_line_124939"
                    
                    BASELINE="134 441 221 445" 
                    HPOS="133"
                    VPOS="418"
                    WIDTH="87"
                    HEIGHT="48">
            <Shape><Polygon POINTS="133 440 147 423 159 429 178 418 190 419 198 428 212 428 220 444 204 453 181 451 165 466 134 442"/></Shape>
	    <String CONTENT="* نظم *"
                    HPOS="133"
                    VPOS="418"
                    WIDTH="87"
                    HEIGHT="48"></String>
          </TextLine>
          
          
	  <TextLine ID="eSc_line_124922"
                    
                    BASELINE="502 501 567 499 610 505 743 504 765 507" 
                    HPOS="501"
                    VPOS="470"
                    WIDTH="263"
                    HEIGHT="48">
            <Shape><Polygon POINTS="501 499 502 483 520 476 529 484 545 470 561 477 572 473 586 488 600 483 623 485 635 479 661 482 676 494 698 475 712 475 739 491 748 483 756 483 764 505 750 518 733 507 708 515 701 510 686 513 678 504 659 514 610 505 591 515 577 501 554 514 545 504 526 499 502 514"/></Shape>
	    <String CONTENT="ز مرغان چوبيـن فولاد دم"
                    HPOS="501"
                    VPOS="470"
                    WIDTH="263"
                    HEIGHT="48"></String>
          </TextLine>
          
          
	  <TextLine ID="eSc_line_124933"
                    
                    BASELINE="200 491 313 490 361 494 464 494" 
                    HPOS="199"
                    VPOS="459"
                    WIDTH="264"
                    HEIGHT="49">
            <Shape><Polygon POINTS="199 490 200 477 224 459 233 469 248 471 258 464 273 475 288 466 301 479 321 465 337 475 351 464 381 480 395 472 409 478 447 467 459 478 463 494 433 505 409 495 395 508 382 507 372 497 349 505 339 496 325 505 305 490 269 507 252 499 241 501 224 491 209 505 200 503"/></Shape>
	    <String CONTENT="شده در هوا راه خورشید گم"
                    HPOS="199"
                    VPOS="459"
                    WIDTH="264"
                    HEIGHT="49"></String>
          </TextLine>
          
          
	  <TextLine ID="eSc_line_124929"
                    
                    BASELINE="502 544 594 548 744 548 767 545" 
                    HPOS="501"
                    VPOS="514"
                    WIDTH="264"
                    HEIGHT="45">
            <Shape><Polygon POINTS="501 543 503 528 517 516 528 521 542 514 555 527 568 514 583 515 600 529 609 522 624 528 640 518 665 532 685 520 708 530 724 523 738 528 750 522 765 543 752 554 712 548 698 556 665 547 616 559 590 556 573 548 566 555 554 554 546 546 526 556 502 552"/></Shape>
	    <String CONTENT="شده سینه صندوق پیکان گران"
                    HPOS="501"
                    VPOS="514"
                    WIDTH="264"
                    HEIGHT="45"></String>
          </TextLine>
          
          
	  <TextLine ID="eSc_line_124938"
                    
                    BASELINE="196 533 262 533 304 539 396 537 444 542 461 540" 
                    HPOS="195"
                    VPOS="503"
                    WIDTH="265"
                    HEIGHT="52">
            <Shape><Polygon POINTS="195 532 198 523 224 503 238 515 266 513 306 521 320 507 333 507 346 518 385 510 414 529 439 518 454 520 460 539 453 553 442 555 431 543 408 554 395 541 352 542 345 549 325 541 315 547 286 548 270 539 249 537 231 548 222 540 209 546 197 536"/></Shape>
	    <String CONTENT="زبس مانده پیکان بیحد در آن"
                    HPOS="195"
                    VPOS="503"
                    WIDTH="265"
                    HEIGHT="52"></String>
          </TextLine>
          
          
	  <TextLine ID="eSc_line_124923"
                    
                    BASELINE="135 578 163 575 255 575 281 579 336 579 350 583 362 580 433 580 464 585 489 586 502 592 516 590 751 590 826 592" 
                    HPOS="134"
                    VPOS="551"
                    WIDTH="691"
                    HEIGHT="58">
            <Shape><Polygon POINTS="134 577 135 560 147 554 179 561 187 554 210 556 223 552 230 556 242 551 254 561 271 566 296 552 319 553 327 561 351 564 371 555 384 560 401 554 413 565 457 555 479 572 495 565 507 574 526 558 547 566 560 559 574 572 604 561 617 567 628 562 642 575 660 560 693 568 724 562 735 573 745 562 771 564 795 577 808 566 817 566 822 572 825 591 807 608 799 609 790 600 769 605 757 596 743 602 733 602 726 594 701 596 681 604 665 594 646 602 634 590 615 602 596 594 577 603 564 590 551 599 530 591 522 599 511 600 501 591 477 600 451 598 442 590 427 596 416 589 403 596 384 583 358 585 340 593 323 580 296 584 288 591 270 584 245 586 223 579 210 591 199 592 184 578 163 586 135 587"/></Shape>
	    <String CONTENT="از جرانغار شاهزادگان ابراهیم ترخان بر برنغار سپاه نصرت نشان حمله کرده حیدر"
                    HPOS="134"
                    VPOS="551"
                    WIDTH="691"
                    HEIGHT="58"></String>
          </TextLine>
          
          
	  <TextLine ID="eSc_line_124924"
                    
                    BASELINE="125 624 133 624 406 623 421 629 433 628 485 634 826 637" 
                    HPOS="124"
                    VPOS="593"
                    WIDTH="701"
                    HEIGHT="58">
            <Shape><Polygon POINTS="124 623 160 594 176 604 191 604 204 593 219 603 244 604 257 594 275 596 287 609 295 604 332 608 345 596 372 606 397 608 412 598 429 605 439 598 453 602 470 619 496 604 517 610 527 618 540 605 554 603 567 611 580 608 598 612 606 604 625 605 636 616 650 603 657 603 674 617 684 609 704 613 716 609 727 621 736 615 758 619 775 603 788 602 805 618 812 617 825 636 813 641 756 637 711 651 698 638 672 643 661 635 638 648 627 637 597 644 564 634 533 646 521 638 503 643 489 636 479 643 465 643 454 632 445 640 426 638 415 630 376 631 370 627 356 638 319 627 275 640 262 629 245 637 236 628 226 632 212 625 142 635 125 623"/></Shape>
	    <String CONTENT="محمّد میرزا تاب آن نیاورده عنان بوادی فرار تافت کپک میرزا از میمنه ب ابن"
                    HPOS="124"
                    VPOS="593"
                    WIDTH="701"
                    HEIGHT="58"></String>
          </TextLine>
          
          
	  <TextLine ID="eSc_line_124931"
                    
                    BASELINE="125 667 149 667 261 666 274 667 289 672 460 670 486 672 502 678 514 675 616 681 824 679" 
                    HPOS="124"
                    VPOS="632"
                    WIDTH="698"
                    HEIGHT="62">
            <Shape><Polygon POINTS="124 666 141 643 186 651 198 640 216 641 224 649 277 641 290 653 300 647 333 657 344 649 374 654 394 634 403 632 431 655 460 655 490 647 508 661 520 653 530 656 541 647 554 655 574 648 597 666 606 660 623 665 653 656 669 660 680 649 717 651 729 663 750 657 767 668 779 660 807 662 822 678 811 689 800 686 762 694 749 684 713 694 701 682 642 680 628 689 592 689 584 684 572 688 561 678 510 691 497 678 441 679 432 673 415 678 397 675 385 685 370 675 327 684 314 673 275 685 262 672 242 669 219 680 210 672 194 670 182 676 169 669 146 678 131 666"/></Shape>
	    <String CONTENT="حسین میرزا تاخت و وی را منهزم ساخت مظفّر حسین میرزا که در قلب بود"
                    HPOS="124"
                    VPOS="632"
                    WIDTH="698"
                    HEIGHT="62"></String>
          </TextLine>
          
          
	  <TextLine ID="eSc_line_124932"
                    
                    BASELINE="131 717 164 712 181 713 248 713 260 717 280 719 670 718 701 722 749 722 776 724 819 722" 
                    HPOS="130"
                    VPOS="680"
                    WIDTH="688"
                    HEIGHT="57">
            <Shape><Polygon POINTS="130 716 134 697 143 699 161 681 169 680 192 695 206 684 219 684 247 703 266 685 325 704 342 687 369 687 377 695 410 694 419 699 431 689 444 688 453 698 467 691 483 706 499 691 522 705 537 692 558 691 578 706 590 700 599 703 610 692 623 701 643 693 650 699 661 694 670 703 684 693 699 695 707 704 730 695 739 704 756 701 762 706 771 706 784 697 793 704 806 699 818 722 813 729 798 729 789 736 774 727 751 730 732 722 724 727 703 722 686 735 672 735 661 725 632 730 617 723 575 733 565 724 523 730 514 722 485 737 470 724 452 733 440 722 427 726 418 720 393 719 385 726 365 720 352 726 345 720 326 731 313 720 304 725 244 725 231 713 211 716 204 722 160 719 146 729 131 717"/></Shape>
	    <String CONTENT="خواست که فرار نماید امیر سلطان علي از غایت پهلواني و پردلی عنان بارگي"
                    HPOS="130"
                    VPOS="680"
                    WIDTH="688"
                    HEIGHT="57"></String>
          </TextLine>
          
          
	  <TextLine ID="eSc_line_124926"
                    
                    BASELINE="122 750 149 757 173 754 315 757 408 756 444 760 485 760 526 762 580 761 618 763 723 763 788 764 826 766" 
                    HPOS="121"
                    VPOS="726"
                    WIDTH="704"
                    HEIGHT="62">
            <Shape><Polygon POINTS="121 749 135 733 154 738 172 726 181 737 194 738 209 729 238 729 250 738 267 738 276 748 286 746 302 730 320 730 339 743 357 729 374 739 399 741 408 731 429 730 448 746 472 733 490 745 505 733 516 733 535 744 565 745 581 736 609 754 634 731 647 742 656 736 667 745 679 738 727 738 738 749 767 739 777 745 808 739 822 754 825 765 805 773 788 771 777 781 767 781 745 769 730 783 714 771 692 788 665 764 644 781 632 770 616 775 606 765 572 776 564 768 545 769 533 761 498 775 484 764 451 762 441 771 433 771 425 764 381 764 370 757 340 773 321 762 281 771 269 760 249 761 232 769 219 758 198 773 186 762 171 768 160 758 140 768 122 750"/></Shape>
	    <String CONTENT="شاهزاده را گرفته از آن حرکت مانع شد و گفت اگر فضای معرکه از موکب"
                    HPOS="121"
                    VPOS="726"
                    WIDTH="704"
                    HEIGHT="62"></String>
          </TextLine>
          
          
	  <TextLine ID="eSc_line_124925"
                    
                    BASELINE="128 794 203 798 218 800 361 799 394 805 600 803 678 807 694 809 782 809 819 809" 
                    HPOS="127"
                    VPOS="768"
                    WIDTH="691"
                    HEIGHT="56">
            <Shape><Polygon POINTS="127 793 128 783 146 770 162 770 172 779 188 777 195 783 207 773 222 782 264 783 274 774 294 780 305 769 317 768 330 781 362 784 387 777 404 792 413 792 429 777 450 789 469 779 483 786 496 779 510 789 529 777 556 792 570 779 585 774 617 789 628 788 636 796 668 777 682 780 705 799 722 783 742 783 760 801 774 801 792 783 799 783 814 794 818 808 782 821 768 822 755 811 743 818 727 813 708 824 685 808 662 824 635 806 629 812 578 809 566 819 558 819 545 806 509 819 495 811 473 818 458 809 445 817 432 811 408 818 395 807 374 817 363 806 328 803 321 809 308 803 269 806 252 814 235 801 205 813 193 803 181 807 166 799 143 803 128 799"/></Shape>
	    <String CONTENT="عالی خالی گردد مخالفان دلیر شوند و این هزیمت بآنحضرت سرایت کند"
                    HPOS="127"
                    VPOS="768"
                    WIDTH="691"
                    HEIGHT="56"></String>
          </TextLine>
          
          
	  <TextLine ID="eSc_line_124913"
                    
                    BASELINE="119 847 172 850 190 847 238 846 251 853 263 850 292 852 642 851 653 857 798 857 820 854" 
                    HPOS="118"
                    VPOS="814"
                    WIDTH="701"
                    HEIGHT="57">
            <Shape><Polygon POINTS="118 846 119 833 136 817 156 831 181 825 193 832 207 818 226 815 247 830 268 814 289 830 304 818 317 831 342 827 353 838 382 828 404 831 419 840 440 822 450 821 463 822 482 837 494 828 526 833 543 828 554 837 571 826 591 834 622 825 638 834 651 828 662 839 689 836 699 845 718 836 754 841 771 824 784 821 809 839 819 853 807 863 779 863 768 871 752 862 731 862 707 871 692 859 649 871 635 857 613 864 606 858 589 859 580 855 548 869 541 862 515 868 504 857 486 851 438 860 416 851 369 862 351 851 340 851 302 863 290 851 281 851 274 858 249 859 237 850 195 847 184 858 157 858 146 849 137 856 128 856 121 849"/></Shape>
	    <String CONTENT="مظفّر حسين ميرزا اثبات قدم ورزیده سلطان حسین میرزا درآن اثناء چون از"
                    HPOS="118"
                    VPOS="814"
                    WIDTH="701"
                    HEIGHT="57"></String>
          </TextLine>
          
          
	  <TextLine ID="eSc_line_124910"
                    
                    BASELINE="117 896 154 894 433 894 499 897 511 900 704 900 724 906 754 903 819 902" 
                    HPOS="116"
                    VPOS="856"
                    WIDTH="702"
                    HEIGHT="61">
            <Shape><Polygon POINTS="116 895 131 875 149 864 163 874 191 878 201 868 218 875 232 869 239 876 248 871 257 877 275 876 288 868 299 877 309 872 326 876 344 863 365 879 395 875 412 858 421 856 444 878 458 881 470 870 482 878 507 879 524 871 541 888 566 874 584 887 604 877 610 883 643 881 665 888 691 874 700 883 719 881 730 890 745 875 758 874 781 883 789 876 798 879 811 875 818 901 794 916 783 917 774 908 750 908 732 916 720 906 704 913 668 902 656 913 648 913 640 904 631 910 613 904 596 914 583 901 542 912 535 904 490 906 478 898 459 913 446 900 399 900 374 909 355 906 345 897 250 907 237 896 184 900 174 894 140 908 117 895"/></Shape>
	    <String CONTENT="گریختگان میمنه و میسره خبر یافت از محفّه بیرون آمده باوجود ضعف مزاج"
                    HPOS="116"
                    VPOS="856"
                    WIDTH="702"
                    HEIGHT="61"></String>
          </TextLine>
          
          
	  <TextLine ID="eSc_line_124909"
                    
                    BASELINE="126 941 361 936 413 942 651 941 665 944 730 947 815 947" 
                    HPOS="125"
                    VPOS="908"
                    WIDTH="689"
                    HEIGHT="55">
            <Shape><Polygon POINTS="125 940 127 925 146 915 176 916 190 923 210 908 230 910 245 922 262 909 281 923 293 915 307 921 321 909 336 914 381 912 394 925 413 916 434 928 514 922 530 914 549 915 556 922 577 914 589 925 599 916 616 917 631 927 669 925 681 916 697 926 707 917 719 928 742 927 748 932 768 932 784 921 798 933 811 932 814 946 812 955 789 963 780 954 763 951 750 957 736 947 714 958 694 958 686 950 654 950 647 955 627 950 609 960 598 950 587 957 571 948 558 954 549 946 485 944 473 954 445 953 435 946 427 953 408 946 394 954 383 944 369 942 346 953 331 942 285 952 267 944 257 953 239 941 213 941 204 948 194 948 185 940 161 940 140 948 128 944"/></Shape>
	    <String CONTENT="بر اسب سوار شده بمعرکۀ پیگار شتافت چون چشم شاهزادگان بر علم سلطان حسین"
                    HPOS="125"
                    VPOS="908"
                    WIDTH="689"
                    HEIGHT="55"></String>
          </TextLine>
          
          
	  <TextLine ID="eSc_line_124912"
                    
                    BASELINE="118 976 187 978 199 980 295 979 344 985 463 984 505 985 545 990 730 989 782 992 813 990" 
                    HPOS="117"
                    VPOS="950"
                    WIDTH="695"
                    HEIGHT="59">
            <Shape><Polygon POINTS="117 974 130 959 143 963 156 953 174 952 200 960 213 950 232 967 245 954 256 953 279 964 293 954 330 969 346 960 358 970 376 953 409 967 423 955 453 967 472 958 486 958 498 967 515 959 533 974 552 959 567 965 579 961 586 969 596 961 621 964 632 976 650 967 662 974 675 961 708 964 716 971 739 963 768 965 780 977 803 972 812 989 796 1002 769 1009 751 996 712 992 698 1003 679 1005 657 995 641 1003 615 995 598 995 580 1003 554 992 539 1002 528 996 514 1001 504 991 488 995 459 989 431 1001 420 992 403 991 378 1002 353 990 347 996 337 996 317 988 302 995 294 986 281 995 262 988 247 995 229 995 211 985 193 996 181 986 130 985 118 976"/></Shape>
	    <String CONTENT="میرزا افتاد تزلزل در خاطر ایشان راه یافته هریک ازآن دو سردار بطرفی گریختند *"
                    HPOS="117"
                    VPOS="950"
                    WIDTH="695"
                    HEIGHT="59"></String>
          </TextLine>
          
          
	  <TextLine ID="eSc_line_124934"
                    
                    BASELINE="399 1058 454 1060 467 1062 488 1060 536 1060" 
                    HPOS="397"
                    VPOS="1016"
                    WIDTH="138"
                    HEIGHT="64">
            <Shape><Polygon POINTS="397 1056 399 1048 412 1036 437 1035 447 1024 458 1028 467 1018 479 1016 497 1034 507 1031 524 1042 535 1059 522 1067 498 1068 486 1079 477 1080 445 1066 415 1066 406 1058"/></Shape>
	    <String CONTENT="متوفّیات"
                    HPOS="397"
                    VPOS="1016"
                    WIDTH="138"
                    HEIGHT="64"></String>
          </TextLine>
          
          
	  <TextLine ID="eSc_line_124915"
                    
                    BASELINE="118 1100 156 1107 176 1109 254 1107 326 1113 413 1112 435 1116 492 1118 643 1118 656 1116 668 1119 682 1121 760 1123" 
                    HPOS="117"
                    VPOS="1080"
                    WIDTH="641"
                    HEIGHT="55">
            <Shape><Polygon POINTS="117 1099 131 1080 147 1090 161 1085 181 1091 226 1080 237 1090 248 1087 260 1096 266 1091 304 1093 327 1081 344 1083 355 1093 366 1088 377 1093 391 1083 408 1097 419 1088 444 1097 451 1090 460 1090 467 1097 479 1096 492 1104 515 1081 536 1080 565 1105 584 1097 611 1098 623 1105 635 1098 643 1102 654 1091 668 1100 680 1088 710 1110 729 1099 749 1097 756 1099 758 1122 722 1135 711 1134 701 1124 673 1130 661 1123 621 1134 609 1123 568 1132 556 1123 541 1121 517 1121 510 1128 496 1130 469 1122 460 1130 427 1119 402 1126 394 1121 378 1124 369 1118 347 1126 338 1118 273 1116 256 1124 249 1117 231 1123 222 1115 201 1122 181 1112 161 1113 148 1123 118 1109"/></Shape>
	    <String CONTENT="درین سال امیر حسین معمّائی بمرض اسهال در گذشت و در گنبد مدرسهٔ"
                    HPOS="117"
                    VPOS="1080"
                    WIDTH="641"
                    HEIGHT="55"></String>
          </TextLine>
          
          
	  <TextLine ID="eSc_line_124914"
                    
                    BASELINE="291 1156 370 1156 390 1161 579 1160 615 1163 641 1162 681 1166 693 1164 708 1167 720 1163 808 1163" 
                    HPOS="290"
                    VPOS="1128"
                    WIDTH="517"
                    HEIGHT="50">
            <Shape><Polygon POINTS="290 1155 292 1140 328 1128 346 1128 355 1135 366 1131 377 1142 395 1138 406 1130 426 1141 441 1138 453 1144 466 1138 486 1140 498 1128 505 1128 517 1140 536 1130 543 1137 552 1132 572 1153 591 1137 637 1145 644 1138 667 1134 685 1148 698 1138 716 1138 726 1145 741 1131 752 1130 763 1141 803 1140 807 1162 801 1170 765 1169 752 1175 731 1167 700 1170 688 1178 666 1166 648 1172 609 1166 575 1178 556 1167 540 1178 527 1166 516 1164 496 1174 490 1168 454 1172 446 1164 418 1161 381 1178 364 1166 355 1172 342 1162 324 1166 292 1159"/></Shape>
	    <String CONTENT="اخلاصیّه مدفون گشت یکی از شعرأ بجهت تاریخ او گفته -"
                    HPOS="290"
                    VPOS="1128"
                    WIDTH="517"
                    HEIGHT="50"></String>
          </TextLine>
          
          
	  <TextLine ID="eSc_line_124943"
                    
                    BASELINE="115 1148 156 1156 169 1157 184 1151 214 1153" 
                    HPOS="114"
                    VPOS="1125"
                    WIDTH="99"
                    HEIGHT="53">
            <Shape><Polygon POINTS="114 1147 130 1130 142 1138 178 1125 186 1126 193 1136 203 1134 213 1151 203 1164 181 1159 148 1178 115 1148"/></Shape>
	    <String CONTENT="* تاریخ *"
                    HPOS="114"
                    VPOS="1125"
                    WIDTH="99"
                    HEIGHT="53"></String>
          </TextLine>
          
          
	  <TextLine ID="eSc_line_124930"
                    
                    BASELINE="479 1208 755 1206" 
                    HPOS="478"
                    VPOS="1179"
                    WIDTH="276"
                    HEIGHT="44">
            <Shape><Polygon POINTS="478 1207 486 1192 504 1183 533 1186 546 1195 560 1186 579 1186 590 1197 630 1187 647 1199 673 1179 687 1183 701 1198 729 1181 749 1191 754 1205 749 1213 707 1223 682 1212 654 1220 643 1210 616 1211 608 1220 596 1221 581 1208 554 1218 537 1208 489 1218 479 1208"/></Shape>
	    <String CONTENT="مظهر خلق حسن مير حسین"
                    HPOS="478"
                    VPOS="1179"
                    WIDTH="276"
                    HEIGHT="44"></String>
          </TextLine>
          
          
	  <TextLine ID="eSc_line_124936"
                    
                    BASELINE="165 1197 194 1197 209 1200 233 1198 302 1198 377 1204 443 1200" 
                    HPOS="163"
                    VPOS="1170"
                    WIDTH="279"
                    HEIGHT="47">
            <Shape><Polygon POINTS="163 1197 178 1178 199 1170 223 1185 238 1173 249 1182 261 1172 286 1179 298 1173 317 1188 330 1178 339 1180 344 1175 352 1175 364 1187 375 1178 394 1182 404 1175 418 1183 439 1176 442 1199 432 1208 418 1207 412 1201 396 1213 368 1212 353 1201 337 1217 318 1202 306 1213 294 1212 282 1200 238 1213 225 1200 198 1207 165 1197"/></Shape>
	    <String CONTENT="كه اجل كرد ورا قطـع حيات"
                    HPOS="163"
                    VPOS="1170"
                    WIDTH="279"
                    HEIGHT="47"></String>
          </TextLine>
          
          
	  <TextLine ID="eSc_line_124911"
                    
                    BASELINE="478 1246 497 1254 529 1250 660 1250 755 1252" 
                    HPOS="478"
                    VPOS="1221"
                    WIDTH="277"
                    HEIGHT="44">
            <Shape><Polygon POINTS="478 1246 490 1233 501 1235 507 1229 523 1229 533 1238 551 1221 566 1224 583 1240 611 1232 674 1232 684 1224 717 1239 725 1231 737 1231 748 1224 755 1252 737 1265 726 1265 718 1257 697 1265 689 1258 655 1258 646 1254 637 1261 619 1257 603 1264 586 1264 577 1255 520 1259 511 1265 479 1259"/></Shape>
	    <String CONTENT="كرد رحلت بسوی خلد برين"
                    HPOS="478"
                    VPOS="1221"
                    WIDTH="277"
                    HEIGHT="44"></String>
          </TextLine>
          
          
	  <TextLine ID="eSc_line_124935"
                    
                    BASELINE="164 1239 287 1242 347 1246 444 1244" 
                    HPOS="163"
                    VPOS="1216"
                    WIDTH="279"
                    HEIGHT="47">
            <Shape><Polygon POINTS="163 1238 174 1223 193 1216 206 1225 235 1217 249 1231 264 1220 281 1221 289 1229 302 1216 315 1216 321 1220 332 1218 351 1235 369 1219 383 1220 393 1230 399 1224 412 1229 419 1221 431 1221 439 1229 442 1243 439 1257 432 1259 422 1252 402 1252 397 1257 382 1246 363 1263 355 1262 345 1251 299 1251 290 1244 282 1251 266 1250 256 1258 244 1257 236 1249 216 1254 209 1248 181 1250 171 1245 165 1251"/></Shape>
	    <String CONTENT="یافت از حادثۀ دهر نجـات"
                    HPOS="163"
                    VPOS="1216"
                    WIDTH="279"
                    HEIGHT="47"></String>
          </TextLine>
          
          
	  <TextLine ID="eSc_line_124937"
                    
                    BASELINE="355 1313 561 1312" 
                    HPOS="353"
                    VPOS="1286"
                    WIDTH="207"
                    HEIGHT="45">
            <Shape><Polygon POINTS="353 1312 369 1295 384 1301 399 1292 454 1292 465 1287 482 1296 494 1286 524 1293 548 1289 556 1296 560 1311 549 1326 521 1321 498 1330 464 1320 452 1330 442 1324 420 1322 396 1331 384 1324 368 1328 356 1316"/></Shape>
	    <String CONTENT="(١) كرۀ ب کرد زمهریر ج"
                    HPOS="353"
                    VPOS="1286"
                    WIDTH="207"
                    HEIGHT="45"></String>
          </TextLine>
          </TextBlock>
          
        </PrintSpace>
      </Page>
    </Layout>
  </alto>
