<?xml version="1.0" encoding="UTF-8"?>
<alto xmlns:xsi="http://www.w3.org/2001/XMLSchema-instance"
      xmlns="http://www.loc.gov/standards/alto/ns-v4#"
      xsi:schemaLocation="http://www.loc.gov/standards/alto/ns-v4# https://gitlab.inria.fr/scripta/escriptorium/-/raw/develop/app/escriptorium/static/alto-4-1-baselines.xsd">
  <Description>
    <MeasurementUnit>pixel</MeasurementUnit>
    <sourceImageInformation>
      <fileName>25.jpg</fileName>
    </sourceImageInformation>
  </Description>
  
  <Tags>
    <OtherTag ID="BT1" LABEL="Title" DESCRIPTION="block type Title"/><OtherTag ID="BT2" LABEL="Main" DESCRIPTION="block type Main"/><OtherTag ID="BT3" LABEL="Commentary" DESCRIPTION="block type Commentary"/><OtherTag ID="BT4" LABEL="Illustration" DESCRIPTION="block type Illustration"/>
    
  </Tags>
  
  <Layout>
    <Page WIDTH="975"
          HEIGHT="1425"
          PHYSICAL_IMG_NR="24"
          ID="eSc_dummypage_">
      <PrintSpace HPOS="0"
                  VPOS="0"
                  WIDTH="975"
                  HEIGHT="1425">
        
        <TextBlock ID="eSc_dummyblock_">
          
	  <TextLine ID="eSc_line_124947"
                    
                    BASELINE="483 192 545 187 599 185" 
                    HPOS="483"
                    VPOS="159"
                    WIDTH="116"
                    HEIGHT="48">
            <Shape><Polygon POINTS="483 192 483 168 501 167 514 159 540 160 560 172 589 168 594 161 599 185 597 193 579 192 559 203 545 192 514 201 498 200 485 207"/></Shape>
	    <String CONTENT="احسن التواريخ"
                    HPOS="483"
                    VPOS="159"
                    WIDTH="116"
                    HEIGHT="48"></String>
          </TextLine>
          
          
	  <TextLine ID="eSc_line_124949"
                    
                    BASELINE="560 244 847 244" 
                    HPOS="559"
                    VPOS="214"
                    WIDTH="287"
                    HEIGHT="47">
            <Shape><Polygon POINTS="559 243 561 231 573 219 591 216 603 226 616 214 640 217 651 225 675 223 685 231 701 224 725 229 741 219 781 219 803 230 832 216 844 226 846 243 836 243 820 255 806 255 799 249 788 256 776 248 736 250 722 243 708 256 688 256 680 248 654 257 641 245 621 261 598 245 570 250 561 243"/></Shape>
	    <String CONTENT="نور رحمت چو برو نازل شد"
                    HPOS="559"
                    VPOS="214"
                    WIDTH="287"
                    HEIGHT="47"></String>
          </TextLine>
          
          
	  <TextLine ID="eSc_line_124948"
                    
                    BASELINE="251 245 268 243 305 245 333 243 514 243 528 242" 
                    HPOS="250"
                    VPOS="214"
                    WIDTH="277"
                    HEIGHT="44">
            <Shape><Polygon POINTS="250 244 255 225 279 218 296 229 312 214 340 228 355 226 365 216 390 225 401 216 447 225 467 218 489 228 517 216 527 241 503 257 473 257 465 249 425 250 416 243 391 257 374 250 361 258 338 249 312 257 296 252 289 258 251 249"/></Shape>
	    <String CONTENT="نور رحمت شودش سال وفات"
                    HPOS="250"
                    VPOS="214"
                    WIDTH="277"
                    HEIGHT="44"></String>
          </TextLine>
          
          
	  <TextLine ID="eSc_line_124950"
                    
                    BASELINE="468 289 488 288 543 286 892 286" 
                    HPOS="467"
                    VPOS="250"
                    WIDTH="424"
                    HEIGHT="52">
            <Shape><Polygon POINTS="467 288 483 269 498 269 527 250 548 267 570 250 579 250 592 263 603 256 615 267 636 264 654 269 669 258 682 266 705 258 714 268 738 271 763 256 774 262 790 258 796 264 806 258 833 257 862 270 881 258 888 264 891 285 870 302 858 295 847 298 838 290 815 288 786 290 775 298 754 290 743 298 725 293 716 299 703 290 679 288 665 296 615 288 597 299 584 295 574 301 564 300 554 290 509 293 475 288"/></Shape>
	    <String CONTENT="از جملۀ تصانيفش رساله ايست در فنّ معمّا : __"
                    HPOS="467"
                    VPOS="250"
                    WIDTH="424"
                    HEIGHT="52"></String>
          </TextLine>
          
          
	  <TextLine ID="eSc_line_124951"
                    
                    BASELINE="197 372 456 372 518 369 898 369" 
                    HPOS="195"
                    VPOS="332"
                    WIDTH="702"
                    HEIGHT="65">
            <Shape><Polygon POINTS="195 371 239 332 255 340 267 334 298 363 314 362 333 345 362 353 380 337 397 350 408 343 431 350 448 332 463 344 494 349 501 355 515 343 526 345 539 333 559 349 568 345 579 351 589 350 603 336 612 336 644 357 654 352 661 358 675 349 700 350 716 336 731 347 743 336 762 343 774 340 784 351 806 358 819 346 833 349 847 334 862 334 897 368 875 390 852 381 830 395 818 393 800 375 764 377 741 369 730 375 686 375 668 388 655 387 644 378 625 389 609 377 594 376 545 378 527 384 501 372 494 378 456 377 445 388 433 390 391 371 384 377 364 380 350 390 333 385 319 396 304 395 287 378 242 380 223 397 207 396 198 387"/></Shape>
	    <String CONTENT="وقایع سنۀ خمس و تسعماید محاربه نمودن سلطان"
                    HPOS="195"
                    VPOS="332"
                    WIDTH="702"
                    HEIGHT="65"></String>
          </TextLine>
          
          
	  <TextLine ID="eSc_line_124953"
                    
                    BASELINE="382 439 441 442 453 439 466 438 494 439 507 434 535 433 662 434 675 432 701 432" 
                    HPOS="381"
                    VPOS="384"
                    WIDTH="319"
                    HEIGHT="75">
            <Shape><Polygon POINTS="381 438 383 407 393 397 420 418 458 413 473 427 484 420 494 428 522 403 541 384 559 407 583 413 608 396 632 420 665 395 682 413 695 413 700 431 667 451 635 433 619 447 598 434 589 440 527 438 501 459 490 458 470 438 456 440 447 448 431 446 415 453 394 453 382 446"/></Shape>
	    <String CONTENT="مراد با محمّدي میرزاً"
                    HPOS="381"
                    VPOS="384"
                    WIDTH="319"
                    HEIGHT="75"></String>
          </TextLine>
          
          
	  <TextLine ID="eSc_line_124954"
                    
                    BASELINE="204 497 262 495 841 494" 
                    HPOS="203"
                    VPOS="457"
                    WIDTH="637"
                    HEIGHT="54">
            <Shape><Polygon POINTS="203 496 204 478 216 470 231 479 250 482 267 469 286 469 305 480 326 469 334 469 343 477 352 473 369 479 385 467 402 478 427 466 463 479 477 465 502 477 516 465 532 466 543 476 567 457 587 472 622 457 646 475 669 475 685 465 698 475 711 463 732 463 744 473 760 463 788 482 807 472 828 470 837 478 840 494 802 507 790 505 780 495 748 503 736 494 717 505 701 503 692 495 642 496 635 502 611 497 594 505 580 496 560 509 548 508 536 497 503 497 490 504 454 499 429 504 418 499 403 508 385 502 368 509 345 509 331 502 319 510 304 498 268 502 258 509 241 499 218 511 204 503"/></Shape>
	    <String CONTENT="درین سال گزل احمد باتّفاق فرّخ شاد بیگ بایندر بتبریز بنزد سلطان مراد"
                    HPOS="203"
                    VPOS="457"
                    WIDTH="637"
                    HEIGHT="54"></String>
          </TextLine>
          
          
	  <TextLine ID="eSc_line_124955"
                    
                    BASELINE="200 539 231 543 309 543 355 537 822 539 858 536 896 534" 
                    HPOS="199"
                    VPOS="508"
                    WIDTH="696"
                    HEIGHT="48">
            <Shape><Polygon POINTS="199 537 200 522 223 523 236 510 243 510 262 529 290 521 304 526 313 516 325 514 345 522 352 515 363 517 372 510 407 517 418 511 435 524 458 510 479 526 502 511 515 511 526 521 539 510 567 514 577 508 592 517 600 511 617 517 630 510 640 520 655 508 670 510 689 523 710 509 732 509 748 517 762 517 775 509 787 521 801 508 815 522 824 520 831 527 859 508 875 511 895 533 878 549 868 542 844 543 833 537 822 548 805 540 796 548 771 549 763 541 745 551 730 542 693 539 673 549 662 541 640 537 598 553 591 553 580 542 527 543 520 537 496 545 486 554 473 546 456 549 425 543 407 555 395 545 364 542 346 548 313 547 305 554 292 551 258 556 244 546 200 546"/></Shape>
	    <String CONTENT="رفتند و او را برداشته روانۀ شیراز گشتند قاسم بیگ از قلعۀ اصطخر بیرون آمده"
                    HPOS="199"
                    VPOS="508"
                    WIDTH="696"
                    HEIGHT="48"></String>
          </TextLine>
          
          
	  <TextLine ID="eSc_line_124956"
                    
                    BASELINE="199 589 263 587 276 585 364 586 402 581 429 580 484 580 502 584 547 580 892 578" 
                    HPOS="198"
                    VPOS="552"
                    WIDTH="693"
                    HEIGHT="47">
            <Shape><Polygon POINTS="198 589 199 575 226 556 243 568 273 566 280 571 305 558 325 572 339 556 389 566 404 556 422 560 437 554 445 562 459 556 466 564 488 562 494 567 509 552 529 565 541 556 556 565 568 555 579 562 597 555 609 565 640 552 655 564 679 564 688 554 698 553 706 561 717 554 739 568 763 559 773 564 814 562 825 570 846 555 862 560 875 556 891 577 877 592 847 587 834 594 824 587 811 594 802 589 787 592 780 585 757 587 745 581 735 593 720 590 710 598 693 586 679 596 663 586 636 594 606 579 587 592 559 599 536 586 520 596 494 586 484 593 475 586 469 593 446 596 433 586 420 597 410 597 391 585 370 594 346 587 332 598 317 589 294 596 282 587 270 598 242 594 233 587 213 599 199 592"/></Shape>
	    <String CONTENT="بایشان پیوست و از گرمسیرات شیراز اموال بسیار گرفته بدیشان داد چون این"
                    HPOS="198"
                    VPOS="552"
                    WIDTH="693"
                    HEIGHT="47"></String>
          </TextLine>
          
          
	  <TextLine ID="eSc_line_124957"
                    
                    BASELINE="189 631 226 629 238 627 273 629 298 627 428 625 440 622 452 624 489 627 511 622 555 627 573 623 857 623 887 625" 
                    HPOS="188"
                    VPOS="596"
                    WIDTH="697"
                    HEIGHT="46">
            <Shape><Polygon POINTS="188 630 190 622 204 608 231 610 255 598 271 609 281 600 302 605 312 599 324 610 346 606 368 612 377 604 399 597 414 598 432 609 441 599 453 604 466 599 492 611 510 600 536 613 542 609 549 611 561 599 578 610 593 606 600 612 613 602 644 599 656 610 662 604 697 608 707 599 722 611 749 606 765 615 784 604 802 596 838 606 845 613 872 602 885 624 881 631 844 641 828 631 793 630 769 642 750 628 711 642 699 634 669 636 656 630 651 635 640 630 613 631 604 640 583 631 554 640 530 630 509 630 497 641 465 630 448 631 438 638 426 630 414 630 406 638 370 630 358 631 343 642 323 627 311 636 290 631 275 642 258 630 220 635 195 630"/></Shape>
	    <String CONTENT="خبر بمحمّدي میرزا رسید بالشكر بسيار و حشم بیشمار متوجّه حرب ایشان گشت"
                    HPOS="188"
                    VPOS="596"
                    WIDTH="697"
                    HEIGHT="46"></String>
          </TextLine>
          
          
	  <TextLine ID="eSc_line_124958"
                    
                    BASELINE="209 676 241 675 257 670 687 672 699 669 729 668 894 668" 
                    HPOS="206"
                    VPOS="634"
                    WIDTH="687"
                    HEIGHT="57">
            <Shape><Polygon POINTS="207 675 209 655 222 644 229 650 241 643 249 651 260 646 271 657 286 646 304 654 314 646 327 653 346 646 355 654 365 655 380 642 395 650 401 644 422 644 439 653 448 644 461 650 482 644 489 651 509 634 532 650 545 651 561 643 578 651 587 642 600 649 619 635 635 650 647 644 657 655 682 634 706 651 720 642 735 650 760 642 776 654 795 642 805 651 817 650 825 659 845 642 868 642 893 667 881 674 850 675 841 682 831 682 819 670 793 682 775 669 768 676 750 670 729 681 706 668 694 678 666 682 655 675 624 681 617 674 579 682 558 672 523 673 492 684 479 675 466 687 454 681 440 687 429 676 408 684 401 676 351 674 312 688 305 688 294 678 283 688 271 691 258 678 243 676 206 687"/></Shape>
	    <String CONTENT="سلطان مراد با سپاه جرّار خونخوار با صد عزّ و ناز از دارالملک شیراز عازم اصفهان"
                    HPOS="206"
                    VPOS="634"
                    WIDTH="687"
                    HEIGHT="57"></String>
          </TextLine>
          
          
	  <TextLine ID="eSc_line_124959"
                    
                    BASELINE="193 714 892 712" 
                    HPOS="192"
                    VPOS="676"
                    WIDTH="699"
                    HEIGHT="54">
            <Shape><Polygon POINTS="192 713 203 699 209 688 226 687 242 698 274 692 318 700 331 687 340 686 346 692 363 689 394 700 409 686 439 692 451 688 459 697 473 691 482 698 497 682 511 680 536 704 553 686 565 693 580 689 590 699 611 691 621 699 641 680 670 698 695 676 719 695 738 687 765 703 782 692 799 701 817 684 824 684 845 703 876 687 888 698 891 711 877 720 858 720 850 714 837 726 822 719 813 727 803 727 793 717 773 726 760 718 739 726 720 713 693 725 670 720 657 725 647 716 627 724 615 714 594 725 579 717 567 725 554 720 541 727 527 724 520 730 503 720 485 727 475 718 458 726 448 718 437 727 427 727 419 719 384 719 366 726 355 718 315 727 287 725 263 716 207 722 197 713"/></Shape>
	    <String CONTENT="شد و آن دو سپاه جرّار و آن دو دریای زخّار در کرالنگ بیکدیگر رسیده مستعدّ"
                    HPOS="192"
                    VPOS="676"
                    WIDTH="699"
                    HEIGHT="54"></String>
          </TextLine>
          
          
	  <TextLine ID="eSc_line_124961"
                    
                    BASELINE="191 764 267 761 353 762 374 757 406 757 422 762 464 762 555 756 892 756" 
                    HPOS="190"
                    VPOS="723"
                    WIDTH="701"
                    HEIGHT="52">
            <Shape><Polygon POINTS="190 763 225 732 235 736 239 731 277 749 317 732 338 744 357 730 375 736 384 731 393 738 406 733 418 744 434 730 463 746 499 730 527 748 543 731 561 732 570 741 590 745 608 730 622 730 630 736 655 725 665 733 676 723 688 724 711 742 718 735 738 736 750 730 764 743 783 730 803 732 824 748 841 730 849 730 876 739 891 755 888 768 851 763 834 769 826 762 814 771 801 763 774 769 760 760 722 762 713 756 705 762 679 764 660 757 642 769 631 762 590 762 560 773 551 763 540 773 522 762 514 768 499 762 472 771 458 765 447 770 437 762 426 769 409 769 401 763 391 771 382 771 374 763 338 770 330 763 313 771 295 773 283 773 273 763 248 763 241 770 229 765 213 775 195 763"/></Shape>
	    <String CONTENT="جدال و قتال شده صفّ آراستند جوانان جانبین و نو خواستگان طرفین حملهای"
                    HPOS="190"
                    VPOS="723"
                    WIDTH="701"
                    HEIGHT="52"></String>
          </TextLine>
          
          
	  <TextLine ID="eSc_line_124967"
                    
                    BASELINE="192 802 230 802 242 805 368 805 395 802 460 801 473 799 594 799 606 801 651 802 827 801 870 805 893 801" 
                    HPOS="191"
                    VPOS="770"
                    WIDTH="700"
                    HEIGHT="51">
            <Shape><Polygon POINTS="191 801 216 776 238 786 266 783 283 795 302 784 315 788 328 775 340 777 345 773 363 777 372 787 382 782 406 787 426 770 438 771 450 783 461 773 486 780 504 776 520 786 532 776 542 781 554 775 565 786 579 776 589 786 602 783 615 792 630 775 656 788 673 774 687 787 694 784 700 789 722 775 744 786 762 775 781 794 800 782 813 787 830 775 847 782 860 775 872 786 882 783 891 800 883 811 870 815 859 808 839 815 812 801 783 820 764 806 736 814 726 806 703 803 693 813 678 807 663 818 650 807 643 812 632 808 621 817 611 807 583 807 566 819 554 807 534 815 508 803 466 807 454 819 439 807 425 817 396 806 376 815 355 807 339 812 328 807 313 817 304 808 285 821 270 812 261 815 247 809 230 815 223 808 203 808 194 801"/></Shape>
	    <String CONTENT="بهادرانه مي نمودند و از جام حسام شراب تلخکام مرگ بر یکدیگر مي پیمودند"
                    HPOS="191"
                    VPOS="770"
                    WIDTH="700"
                    HEIGHT="51"></String>
          </TextLine>
          
          
	  <TextLine ID="eSc_line_124969"
                    
                    BASELINE="199 844 218 847 718 846 750 849 789 846 895 845" 
                    HPOS="198"
                    VPOS="813"
                    WIDTH="696"
                    HEIGHT="51">
            <Shape><Polygon POINTS="198 843 199 828 212 831 230 817 263 832 273 832 290 819 313 832 334 820 347 820 358 831 383 817 395 817 406 819 419 832 444 820 459 836 475 820 486 827 501 820 518 831 535 820 555 839 572 827 584 831 593 821 608 819 624 831 635 820 655 822 667 818 680 831 689 831 703 818 711 817 733 836 742 836 754 827 780 826 796 814 812 815 830 831 852 813 866 826 877 822 894 844 865 858 851 851 834 857 822 846 787 847 777 857 752 860 737 859 727 851 711 857 672 846 666 851 642 851 634 858 604 850 589 859 571 857 562 864 553 864 540 852 521 863 510 852 465 862 450 850 421 859 397 851 358 862 343 851 330 851 321 858 264 852 256 859 239 860 228 850 199 850"/></Shape>
	    <String CONTENT="در آن اثنأ پیری بیگ افشار با فوجي از دلیران شیر شکار بر قاسم بیگ پرناک"
                    HPOS="198"
                    VPOS="813"
                    WIDTH="696"
                    HEIGHT="51"></String>
          </TextLine>
          
          
	  <TextLine ID="eSc_line_124962"
                    
                    BASELINE="194 896 223 890 248 889 733 890 757 888 899 887" 
                    HPOS="193"
                    VPOS="855"
                    WIDTH="705"
                    HEIGHT="54">
            <Shape><Polygon POINTS="193 895 194 881 206 869 218 871 236 864 252 874 274 855 300 866 309 857 324 858 336 870 352 871 361 879 382 868 399 875 413 868 425 872 433 864 447 871 460 863 470 866 478 862 517 869 527 863 539 868 555 863 565 870 585 870 592 877 604 869 632 868 644 872 659 865 687 876 710 860 725 870 750 864 765 878 786 862 811 872 821 863 836 871 853 860 864 871 875 871 898 885 868 895 832 889 807 901 799 901 790 893 771 895 764 889 743 896 704 894 689 902 675 897 663 901 655 894 615 893 593 903 578 893 549 903 534 891 515 904 499 895 472 891 423 906 414 896 400 902 388 895 369 909 349 894 312 901 295 894 277 902 241 893 211 904 194 895"/></Shape>
	    <String CONTENT="حمله نمودند خدمتش پشت بر معرکه کرده تا شیراز در هیچ محلّ توقّف نکرد"
                    HPOS="193"
                    VPOS="855"
                    WIDTH="705"
                    HEIGHT="54"></String>
          </TextLine>
          
          
	  <TextLine ID="eSc_line_124965"
                    
                    BASELINE="199 944 271 936 450 938 502 932 858 933 892 930" 
                    HPOS="198"
                    VPOS="904"
                    WIDTH="693"
                    HEIGHT="48">
            <Shape><Polygon POINTS="198 942 199 915 209 907 232 926 258 907 273 907 287 921 301 907 319 907 328 916 356 920 385 904 397 907 412 921 431 913 453 913 461 921 477 913 485 920 505 906 535 921 552 907 578 907 591 917 604 907 627 907 634 914 665 907 676 917 692 904 731 921 744 917 750 922 768 904 792 907 809 921 825 907 846 904 864 916 879 912 891 929 866 946 840 938 809 946 796 935 769 944 751 936 739 946 727 939 719 945 703 939 685 945 674 938 641 946 625 934 599 932 593 938 560 939 549 945 530 934 510 947 486 935 465 948 451 950 437 942 414 947 402 936 361 938 352 946 324 946 318 951 312 946 289 948 277 938 255 939 239 952 230 952 219 941 200 950"/></Shape>
	    <String CONTENT="در اثنای قتال و جدال طوق (١) سلطان مراد بر زمین افتاد وپهلوان شاهي از"
                    HPOS="198"
                    VPOS="904"
                    WIDTH="693"
                    HEIGHT="48"></String>
          </TextLine>
          
          
	  <TextLine ID="eSc_line_124971"
                    
                    BASELINE="195 980 212 978 248 980 448 980 476 978 547 977 574 980 831 980 866 976 892 976" 
                    HPOS="194"
                    VPOS="947"
                    WIDTH="697"
                    HEIGHT="48">
            <Shape><Polygon POINTS="194 979 195 963 203 957 220 955 231 961 242 951 254 958 262 950 287 958 305 951 314 959 330 951 340 960 357 964 372 951 396 950 416 965 433 951 445 958 459 954 467 961 482 958 502 965 520 955 536 960 548 950 561 950 577 959 590 959 603 951 617 964 628 953 641 955 650 950 669 969 676 969 694 951 760 967 781 950 793 953 801 947 812 958 840 955 852 960 866 950 878 950 888 959 891 974 860 988 855 982 828 982 820 989 801 983 787 989 780 984 761 995 745 982 733 990 706 991 699 985 678 991 662 979 642 990 624 989 617 983 602 990 593 982 573 991 560 982 516 984 508 978 497 989 480 983 463 992 447 980 432 991 421 991 412 982 380 983 371 989 346 982 328 991 311 979 283 980 269 992 252 991 245 984 223 992 198 979"/></Shape>
	    <String CONTENT="غایت پهلواني و پردلی طوق را برداشت و مردمان سلطان مراد که فرار نموده"
                    HPOS="194"
                    VPOS="947"
                    WIDTH="697"
                    HEIGHT="48"></String>
          </TextLine>
          
          
	  <TextLine ID="eSc_line_124968"
                    
                    BASELINE="199 1020 232 1024 280 1022 395 1023 408 1021 435 1021 447 1023 571 1023 603 1021 805 1020 818 1017 891 1021" 
                    HPOS="198"
                    VPOS="984"
                    WIDTH="692"
                    HEIGHT="57">
            <Shape><Polygon POINTS="198 1018 203 996 216 1005 228 996 249 1008 266 1004 273 1011 296 1003 316 986 349 1004 355 1010 377 995 391 1002 407 995 415 1002 427 993 445 1003 456 995 465 995 486 1011 517 1002 534 1010 558 993 567 999 585 993 597 1004 628 992 638 1001 660 1001 666 1007 691 993 708 992 724 1007 745 988 758 996 779 984 801 1004 821 997 831 1005 849 992 871 1002 881 999 890 1020 870 1031 856 1024 841 1027 828 1018 808 1031 794 1023 769 1030 755 1020 738 1031 723 1024 705 1031 663 1020 640 1031 623 1024 606 1035 591 1023 546 1027 534 1022 522 1033 495 1034 482 1022 427 1028 410 1021 389 1036 352 1023 327 1029 302 1027 282 1041 264 1027 237 1041 222 1028 213 1035 199 1030"/></Shape>
	    <String CONTENT="بودند در ظلّ آن رایات مجتمع شدند چون ملاحظه کردند محمّدي میرزا را"
                    HPOS="198"
                    VPOS="984"
                    WIDTH="692"
                    HEIGHT="57"></String>
          </TextLine>
          
          
	  <TextLine ID="eSc_line_124966"
                    
                    BASELINE="199 1069 217 1069 231 1064 250 1068 262 1065 779 1066 792 1064 820 1062 895 1062" 
                    HPOS="198"
                    VPOS="1035"
                    WIDTH="696"
                    HEIGHT="45">
            <Shape><Polygon POINTS="198 1068 199 1053 222 1039 239 1052 269 1048 280 1053 301 1040 331 1054 346 1039 366 1037 378 1048 391 1050 407 1035 423 1047 434 1037 445 1037 459 1049 466 1043 491 1049 518 1037 530 1037 540 1047 549 1037 564 1045 579 1036 594 1050 604 1043 616 1043 622 1049 636 1041 651 1049 666 1039 692 1050 711 1049 727 1035 737 1043 748 1037 763 1053 774 1054 792 1042 799 1045 815 1036 830 1046 850 1036 864 1043 879 1041 894 1061 869 1073 834 1069 824 1061 815 1068 801 1067 783 1077 769 1077 758 1067 725 1077 711 1069 695 1075 688 1068 672 1067 656 1079 641 1068 611 1080 591 1077 580 1068 570 1079 555 1071 542 1074 537 1069 497 1069 477 1078 461 1069 454 1074 441 1069 423 1079 408 1072 391 1077 377 1069 352 1071 334 1080 320 1069 312 1078 296 1080 280 1069 266 1080 233 1073 199 1080"/></Shape>
	    <String CONTENT="دیدند که بی خیل و حشم در زیر علم ایستاده بود بنابر آن سلطان مراد چون شیر"
                    HPOS="198"
                    VPOS="1035"
                    WIDTH="696"
                    HEIGHT="45"></String>
          </TextLine>
          
          
	  <TextLine ID="eSc_line_124963"
                    
                    BASELINE="197 1110 213 1107 260 1107 300 1111 314 1107 707 1109 720 1106 786 1105 801 1103 868 1103 890 1104" 
                    HPOS="195"
                    VPOS="1075"
                    WIDTH="694"
                    HEIGHT="50">
            <Shape><Polygon POINTS="195 1109 200 1090 225 1091 236 1081 248 1088 266 1079 283 1092 292 1088 307 1096 319 1088 330 1090 338 1081 351 1087 368 1081 378 1092 403 1080 419 1088 440 1086 447 1092 461 1083 477 1092 496 1081 523 1098 534 1090 543 1093 562 1079 597 1102 612 1088 625 1096 643 1080 656 1087 668 1080 712 1099 732 1085 758 1090 771 1078 786 1091 792 1086 802 1090 824 1075 844 1087 851 1081 870 1080 889 1103 878 1111 865 1112 795 1112 788 1107 781 1115 764 1109 750 1117 738 1111 717 1125 708 1124 693 1109 653 1123 630 1119 623 1112 596 1123 581 1113 536 1115 529 1109 521 1115 496 1115 473 1107 438 1121 412 1107 389 1122 372 1107 352 1117 323 1117 312 1123 268 1121 260 1112 236 1121 229 1113 216 1117 197 1110"/></Shape>
	    <String CONTENT="خشمناک با جمعي مبارزان بی باک حمله نموده کرد ادبار بر چهرۀ دولت"
                    HPOS="195"
                    VPOS="1075"
                    WIDTH="694"
                    HEIGHT="50"></String>
          </TextLine>
          
          
	  <TextLine ID="eSc_line_124960"
                    
                    BASELINE="199 1153 228 1150 285 1156 429 1156 475 1151 490 1151 547 1156 564 1153 592 1150 805 1151 890 1148" 
                    HPOS="198"
                    VPOS="1113"
                    WIDTH="691"
                    HEIGHT="54">
            <Shape><Polygon POINTS="198 1151 199 1137 214 1128 231 1129 239 1136 250 1135 258 1126 271 1126 290 1144 299 1143 315 1126 328 1134 343 1131 355 1142 378 1123 396 1132 408 1128 418 1137 438 1122 451 1134 478 1134 494 1124 530 1141 547 1125 560 1132 572 1124 585 1132 604 1124 613 1134 623 1125 632 1131 649 1124 674 1137 688 1137 698 1129 710 1131 719 1124 731 1124 738 1131 750 1124 764 1136 774 1130 793 1131 801 1140 821 1132 840 1113 847 1113 868 1132 878 1131 889 1147 879 1154 828 1155 817 1166 808 1166 793 1153 752 1167 743 1160 733 1163 724 1155 712 1161 692 1155 680 1164 665 1156 649 1163 632 1153 615 1164 603 1156 590 1159 583 1154 567 1162 539 1167 483 1156 450 1164 432 1156 421 1166 407 1159 396 1166 382 1157 366 1167 357 1166 346 1155 330 1166 318 1161 308 1167 295 1167 286 1159 270 1166 256 1155 238 1167 222 1159 199 1157"/></Shape>
	    <String CONTENT="محمّدي میرزا پاشید و سپاه او که شیران بیسهٔ هیجأ و نهنگان دریای وغا بودند"
                    HPOS="198"
                    VPOS="1113"
                    WIDTH="691"
                    HEIGHT="54"></String>
          </TextLine>
          
          
	  <TextLine ID="eSc_line_124964"
                    
                    BASELINE="198 1195 214 1193 312 1193 380 1197 394 1199 450 1199 478 1197 585 1197 623 1199 666 1199 686 1194 701 1193 858 1193 870 1195 892 1194" 
                    HPOS="197"
                    VPOS="1164"
                    WIDTH="694"
                    HEIGHT="47">
            <Shape><Polygon POINTS="197 1194 198 1182 214 1170 237 1178 248 1172 266 1180 280 1166 306 1178 323 1175 333 1180 346 1179 358 1167 381 1176 393 1168 407 1181 431 1166 441 1176 463 1180 475 1168 486 1174 507 1168 528 1182 542 1169 572 1169 591 1182 611 1168 634 1187 643 1187 663 1176 686 1175 698 1168 716 1170 725 1164 745 1175 764 1167 777 1176 802 1173 811 1178 826 1174 836 1164 863 1176 877 1166 888 1175 891 1193 871 1208 864 1208 851 1197 824 1206 815 1198 790 1200 777 1194 737 1207 712 1199 685 1201 676 1210 665 1206 647 1211 629 1202 592 1206 578 1199 547 1201 539 1210 528 1205 515 1208 505 1200 491 1201 480 1210 469 1201 432 1206 399 1198 376 1210 359 1200 347 1210 305 1198 286 1202 275 1199 263 1210 249 1202 232 1207 198 1200"/></Shape>
	    <String CONTENT="از مقاومت عاجز گشته پیری بیگ افشار و اشرف بیگ نیز شربت فنأ چشیدند"
                    HPOS="197"
                    VPOS="1164"
                    WIDTH="694"
                    HEIGHT="47"></String>
          </TextLine>
          
          
	  <TextLine ID="eSc_line_124972"
                    
                    BASELINE="194 1236 370 1239 397 1242 427 1239 574 1239 587 1243 602 1240 675 1242 689 1239 761 1239 783 1242 890 1242" 
                    HPOS="193"
                    VPOS="1204"
                    WIDTH="696"
                    HEIGHT="54">
            <Shape><Polygon POINTS="193 1235 204 1220 235 1223 247 1212 262 1212 273 1223 285 1213 302 1221 317 1219 332 1205 343 1207 355 1219 376 1220 383 1229 418 1219 441 1220 464 1211 479 1223 501 1212 520 1221 534 1214 542 1223 570 1213 597 1229 616 1211 638 1226 655 1219 670 1224 686 1212 705 1214 714 1208 729 1218 741 1206 756 1204 787 1224 802 1212 818 1227 836 1211 851 1219 865 1210 887 1225 889 1240 882 1250 869 1250 860 1243 853 1250 820 1254 788 1252 777 1243 756 1243 746 1251 736 1251 719 1239 681 1248 672 1244 662 1254 621 1249 599 1258 581 1244 558 1255 546 1246 530 1254 517 1243 507 1250 483 1250 476 1257 457 1243 437 1255 419 1246 409 1254 382 1255 371 1244 365 1249 327 1249 315 1244 296 1254 285 1250 271 1257 255 1244 228 1244 219 1249 207 1248 194 1238"/></Shape>
	    <String CONTENT="و امرای او متفرّق گشته پير علي ساوه را مضبوط کرده پیر محمّد در قم اقامت"
                    HPOS="193"
                    VPOS="1204"
                    WIDTH="696"
                    HEIGHT="54"></String>
          </TextLine>
          
          
	  <TextLine ID="eSc_line_124970"
                    
                    BASELINE="442 1314 634 1311" 
                    HPOS="441"
                    VPOS="1289"
                    WIDTH="191"
                    HEIGHT="44">
            <Shape><Polygon POINTS="441 1313 463 1293 475 1289 488 1294 509 1289 521 1300 536 1289 561 1297 578 1289 597 1295 622 1290 632 1311 629 1322 622 1326 587 1322 580 1331 567 1325 553 1332 542 1324 530 1328 515 1325 508 1333 494 1322 454 1324 442 1313"/></Shape>
	    <String CONTENT="(١) تا مردمان ا ندارد"
                    HPOS="441"
                    VPOS="1289"
                    WIDTH="191"
                    HEIGHT="44"></String>
          </TextLine>
          </TextBlock>
          
        </PrintSpace>
      </Page>
    </Layout>
  </alto>
