<?xml version="1.0" encoding="UTF-8"?>
<alto xmlns:xsi="http://www.w3.org/2001/XMLSchema-instance"
      xmlns="http://www.loc.gov/standards/alto/ns-v4#"
      xsi:schemaLocation="http://www.loc.gov/standards/alto/ns-v4# https://gitlab.inria.fr/scripta/escriptorium/-/raw/develop/app/escriptorium/static/alto-4-1-baselines.xsd">
  <Description>
    <MeasurementUnit>pixel</MeasurementUnit>
    <sourceImageInformation>
      <fileName>26.jpg</fileName>
    </sourceImageInformation>
  </Description>
  
  <Tags>
    <OtherTag ID="BT1" LABEL="Title" DESCRIPTION="block type Title"/><OtherTag ID="BT2" LABEL="Main" DESCRIPTION="block type Main"/><OtherTag ID="BT3" LABEL="Commentary" DESCRIPTION="block type Commentary"/><OtherTag ID="BT4" LABEL="Illustration" DESCRIPTION="block type Illustration"/>
    
  </Tags>
  
  <Layout>
    <Page WIDTH="975"
          HEIGHT="1425"
          PHYSICAL_IMG_NR="25"
          ID="eSc_dummypage_">
      <PrintSpace HPOS="0"
                  VPOS="0"
                  WIDTH="975"
                  HEIGHT="1425">
        
        <TextBlock ID="eSc_dummyblock_">
          
	  <TextLine ID="eSc_line_125248"
                    
                    BASELINE="402 210 420 212 432 206 446 206 469 199 495 201 543 198" 
                    HPOS="402"
                    VPOS="172"
                    WIDTH="141"
                    HEIGHT="50">
            <Shape><Polygon POINTS="402 210 403 199 416 184 433 181 440 173 472 173 488 187 520 182 528 172 540 176 543 198 530 206 505 207 491 217 460 206 448 216 439 212 418 222 404 212"/></Shape>
	    <String CONTENT="احسن التواريخ"
                    HPOS="402"
                    VPOS="172"
                    WIDTH="141"
                    HEIGHT="50"></String>
          </TextLine>
          
          
	  <TextLine ID="eSc_line_125249"
                    
                    BASELINE="125 262 169 262 199 257 621 258 647 256 749 256 762 252 818 255" 
                    HPOS="124"
                    VPOS="219"
                    WIDTH="693"
                    HEIGHT="57">
            <Shape><Polygon POINTS="124 261 125 247 141 232 154 242 169 242 179 232 209 241 224 232 236 239 249 232 263 239 277 232 290 243 313 225 325 223 343 238 357 233 366 243 376 236 407 242 427 232 452 244 471 228 505 242 534 229 546 239 570 219 577 219 587 230 596 226 615 241 632 228 654 226 668 232 678 225 694 239 720 225 736 235 758 228 774 235 796 235 812 228 817 254 784 269 768 256 758 266 744 260 731 266 699 263 689 257 672 268 657 261 621 268 609 260 593 261 584 269 571 266 564 271 554 271 541 258 518 264 471 264 464 270 445 262 428 273 410 264 374 266 364 258 344 276 321 264 306 276 294 276 271 264 263 273 250 266 235 271 212 263 186 274 171 273 162 264 147 273 125 269"/></Shape>
	    <String CONTENT="نمود قيا بیگ در کاشان متوطّن شد سلطان مراد بعد از اطّلاع با پنجاه هزار سوار"
                    HPOS="124"
                    VPOS="219"
                    WIDTH="693"
                    HEIGHT="57"></String>
          </TextLine>
          
          
	  <TextLine ID="eSc_line_125250"
                    
                    BASELINE="127 308 182 311 194 308 209 308 224 305 344 306 407 302 456 302 469 300 526 300 551 302 564 299 583 302 606 300 796 300 822 298" 
                    HPOS="125"
                    VPOS="267"
                    WIDTH="696"
                    HEIGHT="53">
            <Shape><Polygon POINTS="125 307 127 286 135 277 155 293 186 288 192 282 218 288 235 276 254 283 263 275 279 286 288 277 300 276 320 290 349 275 364 289 388 267 395 267 410 282 426 275 446 292 463 286 473 275 489 285 504 280 516 290 543 274 570 290 581 290 597 275 621 290 632 282 646 282 653 288 661 280 670 281 688 270 698 280 723 274 732 283 748 285 782 274 802 286 812 285 821 296 808 312 790 313 751 302 744 309 724 306 708 313 694 300 688 306 654 305 644 313 623 317 608 306 585 320 567 307 560 313 532 311 513 301 491 314 472 307 453 315 444 315 435 307 388 308 382 314 368 315 357 306 323 306 313 315 286 306 276 315 262 308 249 315 239 308 222 306 213 314 191 320 184 315 156 318 130 308"/></Shape>
	    <String CONTENT="و پیاده بساوه آمد پیر علي بیگ در شهر متحصّن شد و تا پنجاه روزوی را"
                    HPOS="125"
                    VPOS="267"
                    WIDTH="696"
                    HEIGHT="53"></String>
          </TextLine>
          
          
	  <TextLine ID="eSc_line_125251"
                    
                    BASELINE="119 347 137 346 161 349 383 349 396 346 480 343 680 344 714 342 821 339" 
                    HPOS="118"
                    VPOS="311"
                    WIDTH="702"
                    HEIGHT="53">
            <Shape><Polygon POINTS="118 346 136 320 162 323 182 320 211 320 217 325 237 320 248 331 258 321 273 330 302 327 313 321 327 334 344 321 363 330 372 320 383 320 397 330 406 321 427 328 434 321 453 318 466 324 486 318 502 326 516 318 527 328 549 317 565 330 580 328 593 317 615 326 631 325 649 311 693 326 701 320 722 323 733 317 742 324 755 321 761 327 779 315 786 323 812 325 820 338 809 349 768 349 756 357 737 344 719 357 694 345 678 350 644 347 638 353 621 355 589 347 577 358 553 361 537 350 516 359 498 347 471 359 458 351 431 351 419 356 408 352 397 361 384 352 349 353 340 359 325 356 317 361 304 351 281 362 263 357 254 361 239 352 168 351 136 364 121 349"/></Shape>
	    <String CONTENT="محاصره كرده مطلقاً  بديدۀ چهرۀ مراد فایز نگشت و قاصدان را درمیان انداخته مهمّ"
                    HPOS="118"
                    VPOS="311"
                    WIDTH="702"
                    HEIGHT="53"></String>
          </TextLine>
          
          
	  <TextLine ID="eSc_line_125252"
                    
                    BASELINE="131 394 194 390 420 390 447 394 476 394 495 390 613 391 673 385 821 387" 
                    HPOS="130"
                    VPOS="359"
                    WIDTH="690"
                    HEIGHT="49">
            <Shape><Polygon POINTS="130 393 131 380 156 363 162 368 172 365 191 378 224 364 241 377 260 365 280 374 309 372 320 362 328 362 344 377 400 371 407 364 426 371 439 365 456 382 473 374 483 378 511 371 527 377 545 362 568 374 580 362 593 365 599 359 640 372 653 372 667 361 682 370 693 361 742 368 757 359 794 372 812 366 820 385 794 401 781 390 713 390 704 400 692 402 666 393 634 395 627 389 610 399 590 395 580 401 520 396 505 403 497 396 488 406 452 406 441 399 428 408 410 396 353 406 330 395 280 394 264 396 251 408 238 407 228 396 204 399 197 406 181 397 154 399 144 404 131 401"/></Shape>
	    <String CONTENT="بر مصالحه فرار يافت ابدال بیگ پسر وى از قلعه بيرون آمده ملازم شد و سلطان"
                    HPOS="130"
                    VPOS="359"
                    WIDTH="690"
                    HEIGHT="49"></String>
          </TextLine>
          
          
	  <TextLine ID="eSc_line_125260"
                    
                    BASELINE="128 438 207 438 222 440 235 437 323 437 346 433 730 433 819 427" 
                    HPOS="127"
                    VPOS="399"
                    WIDTH="691"
                    HEIGHT="54">
            <Shape><Polygon POINTS="127 437 135 419 180 415 190 409 201 418 211 408 225 413 238 408 276 410 301 423 319 410 344 410 355 420 381 410 416 419 428 409 441 418 458 414 467 419 478 409 497 404 513 419 524 407 536 414 560 407 575 415 590 402 609 414 628 399 653 407 669 420 678 412 703 412 711 406 725 419 746 419 760 406 767 403 775 410 786 403 799 414 812 414 818 426 814 434 788 446 768 433 742 450 730 448 716 434 693 447 673 432 648 438 638 446 610 439 603 432 573 445 537 445 530 440 520 448 511 447 498 434 483 440 437 438 387 453 353 434 326 451 314 442 304 442 295 450 274 450 263 440 211 447 192 440 184 448 171 451 154 439 128 448"/></Shape>
	    <String CONTENT="مراد کوچ کرده متوجّه آذبایجان گنشت امیر زاده الوند وبرا استقبال کرده در"
                    HPOS="127"
                    VPOS="399"
                    WIDTH="691"
                    HEIGHT="54"></String>
          </TextLine>
          
          
	  <TextLine ID="eSc_line_125261"
                    
                    BASELINE="127 482 245 482 343 478 384 482 590 480 617 482 647 478 660 482 755 482 822 474" 
                    HPOS="125"
                    VPOS="446"
                    WIDTH="696"
                    HEIGHT="52">
            <Shape><Polygon POINTS="125 480 127 472 137 463 154 454 162 460 169 453 186 454 195 463 209 459 222 465 233 458 256 466 306 459 313 464 330 453 343 458 351 452 364 459 376 454 389 466 406 456 422 454 447 471 467 453 486 463 507 457 516 465 529 452 551 448 574 465 584 458 597 460 605 454 615 461 623 456 637 461 649 450 662 458 674 446 687 454 700 451 712 463 741 450 757 465 776 447 784 448 821 473 808 483 788 489 777 483 768 490 750 488 742 480 712 491 699 483 682 490 654 479 630 491 616 480 593 491 572 491 560 482 522 485 513 480 496 491 466 484 458 494 444 496 427 482 419 490 404 486 390 492 371 484 363 492 336 480 331 485 305 484 293 497 280 489 262 498 250 489 235 494 223 485 217 490 176 490 171 484 128 494"/></Shape>
	    <String CONTENT="حوالی ابهر نزول نمود درین اثنأ درویشي نیکو خواه که موسوم بود به بابا خیر"
                    HPOS="125"
                    VPOS="446"
                    WIDTH="696"
                    HEIGHT="52"></String>
          </TextLine>
          
          
	  <TextLine ID="eSc_line_125262"
                    
                    BASELINE="127 524 307 523 406 526 419 522 460 522 485 520 821 520" 
                    HPOS="125"
                    VPOS="485"
                    WIDTH="695"
                    HEIGHT="57">
            <Shape><Polygon POINTS="125 523 127 511 138 501 166 497 179 503 187 495 197 495 205 503 225 495 235 504 254 505 261 511 279 495 289 503 312 507 324 495 342 496 351 503 364 494 383 508 397 499 410 507 427 499 437 508 451 495 467 499 518 495 524 501 534 494 554 495 570 503 586 494 608 502 619 494 641 502 655 495 670 494 678 498 688 494 704 507 717 497 731 505 748 489 769 492 780 502 796 485 817 502 820 518 773 529 758 520 743 532 725 523 707 533 642 522 602 532 572 522 523 528 508 522 492 536 471 524 452 532 423 527 413 535 399 528 369 535 356 524 318 533 289 528 270 542 241 529 203 529 197 523 180 537 172 537 163 529 146 533 127 524"/></Shape>
	    <String CONTENT="لله با آ« دو پادشاه عالیجاه ملاقات کرده دل هر دو را مایل بصلح و صفاء گردانید"
                    HPOS="125"
                    VPOS="485"
                    WIDTH="695"
                    HEIGHT="57"></String>
          </TextLine>
          
          
	  <TextLine ID="eSc_line_125263"
                    
                    BASELINE="125 566 162 566 665 566 680 568 694 565 724 562 821 559" 
                    HPOS="124"
                    VPOS="528"
                    WIDTH="696"
                    HEIGHT="57">
            <Shape><Polygon POINTS="124 565 130 556 142 559 168 540 188 540 209 553 231 540 245 540 257 552 276 540 289 548 301 539 318 554 327 554 342 541 357 539 365 547 380 533 388 532 421 552 438 542 452 554 478 533 491 545 499 537 528 539 541 552 560 539 587 554 605 546 616 547 625 539 640 551 660 535 674 537 685 548 710 533 726 546 755 534 769 540 779 530 792 528 820 558 786 578 770 577 762 568 727 570 720 562 703 580 684 567 673 568 660 580 634 566 603 581 584 567 553 577 543 577 533 567 496 577 480 567 461 577 446 565 426 578 413 571 375 573 365 566 342 572 331 580 261 568 237 579 225 572 195 579 188 572 163 571 150 584 141 585 125 571"/></Shape>
	    <String CONTENT="مقرّر آنكه آب قزل اوزن میان الكائی آن دو  صفّ شکن واسطه باشد و تمامي"
                    HPOS="124"
                    VPOS="528"
                    WIDTH="696"
                    HEIGHT="57"></String>
          </TextLine>
          
          
	  <TextLine ID="eSc_line_125264"
                    
                    BASELINE="124 614 156 613 250 615 276 609 513 609 631 612 643 615 672 610 817 608" 
                    HPOS="123"
                    VPOS="573"
                    WIDTH="692"
                    HEIGHT="54">
            <Shape><Polygon POINTS="123 613 131 597 142 600 166 584 195 597 206 586 219 584 244 598 254 590 277 594 298 584 307 593 318 591 342 599 364 584 380 584 390 594 408 584 419 587 428 581 445 593 460 592 471 581 484 591 499 583 510 593 524 584 535 594 552 583 593 598 624 573 655 598 675 580 686 587 697 589 711 581 723 589 735 577 742 577 760 589 775 586 781 591 794 580 802 580 812 590 815 608 807 619 745 609 719 619 680 615 662 624 653 615 644 621 630 615 621 622 599 619 593 613 580 622 568 613 545 621 520 615 511 623 485 625 475 615 438 623 428 613 419 622 403 615 391 613 382 619 375 615 343 613 326 623 318 615 295 616 287 622 280 615 261 618 236 613 222 624 197 618 188 624 172 616 161 624 140 627 124 615"/></Shape>
	    <String CONTENT="ولايت آدربايجان و ارّان و ديار بكر از امير الوند باشد و مملكت عراق و فارس"
                    HPOS="123"
                    VPOS="573"
                    WIDTH="692"
                    HEIGHT="54"></String>
          </TextLine>
          
          
	  <TextLine ID="eSc_line_125265"
                    
                    BASELINE="126 653 163 653 187 657 203 653 214 651 228 654 276 656 381 657 393 655 448 655 478 651 802 651 821 650" 
                    HPOS="125"
                    VPOS="616"
                    WIDTH="695"
                    HEIGHT="54">
            <Shape><Polygon POINTS="125 651 127 642 142 629 174 644 190 629 213 628 230 640 245 627 268 640 280 632 295 638 314 627 330 641 337 641 358 624 378 641 399 627 422 627 434 637 450 622 457 622 466 631 477 627 488 637 492 632 523 636 543 625 558 625 571 636 590 625 600 636 609 634 618 641 637 624 657 624 674 635 697 616 724 625 742 640 762 624 774 632 795 625 820 649 807 663 788 656 777 665 765 656 749 662 738 653 700 657 689 666 681 666 670 656 624 663 613 654 584 666 572 656 566 662 553 656 515 662 483 654 466 669 453 660 433 667 423 659 399 667 378 656 369 663 326 659 275 669 226 660 197 661 187 669 178 669 160 660 146 670 127 657"/></Shape>
	    <String CONTENT="و کرمان متعلّق سلطان مراد باشد بعد از آن الوند بیگ بتبریز رفته سلطان مراد"
                    HPOS="125"
                    VPOS="616"
                    WIDTH="695"
                    HEIGHT="54"></String>
          </TextLine>
          
          
	  <TextLine ID="eSc_line_125266"
                    
                    BASELINE="124 701 152 699 210 699 222 701 243 698 266 698 279 700 605 699 619 701 640 695 653 694 704 694 718 695 735 700 817 694" 
                    HPOS="123"
                    VPOS="663"
                    WIDTH="692"
                    HEIGHT="53">
            <Shape><Polygon POINTS="123 700 124 688 148 672 163 680 175 668 185 668 195 679 205 672 222 682 252 673 281 686 293 684 309 669 330 679 345 663 356 663 371 679 390 679 399 686 412 678 425 678 432 685 441 680 452 688 485 668 517 687 536 669 559 685 584 676 591 684 603 680 611 687 627 673 638 680 653 669 666 680 680 670 714 669 736 684 746 675 758 678 780 668 789 678 808 674 815 693 793 707 777 699 767 708 738 710 720 700 691 700 673 708 660 698 646 700 634 710 610 699 597 708 586 705 558 712 541 701 523 716 507 706 467 705 457 699 441 708 427 706 421 711 399 711 390 703 338 706 333 701 315 708 280 700 273 707 255 704 236 716 223 704 209 707 191 698 180 704 135 707 127 700"/></Shape>
	    <String CONTENT="در قزوین قشلاق نمود و پیر علي بیگ و پیر محمّد بیگ بملازمت آمدند"
                    HPOS="123"
                    VPOS="663"
                    WIDTH="692"
                    HEIGHT="53"></String>
          </TextLine>
          
          
	  <TextLine ID="eSc_line_125267"
                    
                    BASELINE="123 743 376 743 452 741 483 743 523 743 579 741 597 737 796 737 820 739" 
                    HPOS="122"
                    VPOS="711"
                    WIDTH="697"
                    HEIGHT="46">
            <Shape><Polygon POINTS="122 742 123 732 142 716 157 725 167 723 175 731 199 714 218 716 237 729 244 723 273 726 309 716 333 729 352 714 362 719 375 714 385 724 394 716 406 719 414 713 429 725 442 713 471 713 485 726 495 726 514 712 535 726 541 722 554 724 575 712 587 722 616 729 634 714 661 720 684 711 695 718 701 712 719 713 732 725 744 723 755 712 771 712 796 727 809 724 819 738 806 752 781 745 735 752 724 743 708 745 698 755 682 748 665 754 621 744 604 755 593 745 578 744 560 745 546 754 533 748 492 748 483 742 473 746 448 745 435 754 404 742 391 754 378 757 364 746 339 752 332 746 319 750 281 745 247 754 237 744 201 748 193 754 184 754 172 744 147 756 124 742"/></Shape>
	    <String CONTENT="و منظور نظر گردیدند و منصور بیگ افشار با فرزندان بخدمت سلطان مراد"
                    HPOS="122"
                    VPOS="711"
                    WIDTH="697"
                    HEIGHT="46"></String>
          </TextLine>
          
          
	  <TextLine ID="eSc_line_125268"
                    
                    BASELINE="124 783 539 786 551 783 643 783 719 780 813 780" 
                    HPOS="123"
                    VPOS="751"
                    WIDTH="689"
                    HEIGHT="52">
            <Shape><Polygon POINTS="123 782 134 765 161 770 176 761 200 761 220 774 232 767 239 771 252 762 261 765 271 760 283 769 304 758 317 758 340 777 366 758 383 758 396 771 413 758 432 758 441 768 448 764 454 769 473 757 503 776 524 758 545 758 561 770 580 757 594 757 602 763 613 760 619 765 631 760 647 773 675 756 695 765 712 757 723 757 732 765 744 755 760 764 789 764 803 751 808 751 812 779 807 787 776 789 762 784 731 796 720 788 701 789 680 798 648 782 640 790 625 790 617 798 602 789 561 788 529 790 513 798 498 786 476 800 458 789 446 798 428 793 416 799 397 795 389 787 362 790 347 803 339 803 328 794 315 800 305 790 283 789 261 800 235 795 214 801 206 793 163 793 140 801 124 787"/></Shape>
	    <String CONTENT="آمده عذر تقصیرات خواستند سلطان مراد پهلوان شاهي را که طوق بر داشته بود"
                    HPOS="123"
                    VPOS="751"
                    WIDTH="689"
                    HEIGHT="52"></String>
          </TextLine>
          
          
	  <TextLine ID="eSc_line_125244"
                    
                    BASELINE="122 836 166 832 193 832 217 830 275 831 289 833 423 833 464 828 524 827 769 828 799 824 818 826" 
                    HPOS="121"
                    VPOS="796"
                    WIDTH="696"
                    HEIGHT="55">
            <Shape><Polygon POINTS="121 836 131 819 140 822 159 803 169 802 179 811 192 803 207 812 229 803 239 814 255 803 289 813 301 801 315 812 327 812 342 825 364 815 394 819 414 803 439 818 446 812 464 817 477 803 488 802 503 817 521 808 546 825 573 811 587 811 598 801 610 807 625 800 638 811 662 805 667 808 679 798 695 796 718 818 731 805 751 798 769 812 777 812 790 799 802 799 813 808 817 825 811 831 775 836 755 828 739 840 720 827 708 839 693 831 650 834 632 827 622 833 608 831 593 844 575 834 567 843 555 844 542 832 523 843 503 827 494 836 471 834 458 843 437 831 399 846 383 839 350 844 338 832 327 840 304 841 279 832 268 837 232 830 224 836 192 836 175 844 162 838 140 851 124 836"/></Shape>
	    <String CONTENT="طلب كرد و گفت که از من چه طلب داري وی جواب داد که داروغگي"
                    HPOS="121"
                    VPOS="796"
                    WIDTH="696"
                    HEIGHT="55"></String>
          </TextLine>
          
          
	  <TextLine ID="eSc_line_125245"
                    
                    BASELINE="121 874 466 876 480 875 492 871 520 872 545 870 612 870 624 872 648 868 813 868" 
                    HPOS="119"
                    VPOS="843"
                    WIDTH="693"
                    HEIGHT="51">
            <Shape><Polygon POINTS="119 874 136 853 152 859 167 850 185 868 204 849 217 849 224 856 237 849 255 859 266 849 285 855 299 843 319 856 328 852 339 862 356 845 382 859 401 851 412 862 427 846 437 850 447 845 457 855 495 844 508 846 524 862 547 845 564 843 578 844 584 850 593 844 604 851 624 847 631 853 649 852 659 843 672 850 689 850 698 843 716 849 730 843 737 850 748 847 754 852 788 844 795 851 808 850 812 866 795 879 783 877 773 885 761 879 744 884 731 872 706 871 691 883 669 872 656 882 647 875 603 874 583 888 561 871 529 890 521 889 508 876 485 877 475 885 445 878 437 885 415 888 403 878 387 887 375 878 346 884 336 875 317 885 302 878 279 887 254 875 220 889 207 881 185 894 169 879 143 889 121 875"/></Shape>
	    <String CONTENT="ميلازجرد که قريه ايست از (١) قري نطنز پهلوان دو سال در آنجا داروغگي نمود"
                    HPOS="119"
                    VPOS="843"
                    WIDTH="693"
                    HEIGHT="51"></String>
          </TextLine>
          
          
	  <TextLine ID="eSc_line_125242"
                    
                    BASELINE="122 917 167 917 277 917 308 921 331 917 410 919 491 913 631 913 660 914 673 919 701 919 758 913 799 914 822 913" 
                    HPOS="121"
                    VPOS="885"
                    WIDTH="700"
                    HEIGHT="50">
            <Shape><Polygon POINTS="121 916 153 896 171 901 195 894 203 900 213 891 249 900 262 890 273 900 283 898 295 908 305 908 319 902 342 907 361 894 371 898 383 890 410 903 429 890 440 889 453 900 482 888 491 894 498 888 517 888 528 898 542 902 552 893 564 890 598 897 613 888 623 896 635 885 682 906 698 896 706 898 719 887 743 906 780 889 793 895 806 888 821 912 805 921 765 920 754 929 742 929 729 919 713 931 705 926 681 929 662 920 650 932 618 917 602 920 590 928 573 917 547 919 537 928 521 931 504 920 491 920 480 928 467 921 426 921 414 929 395 919 370 931 353 928 342 935 332 927 321 932 300 932 294 927 267 931 238 921 197 921 168 931 155 925 136 935 123 922"/></Shape>
	    <String CONTENT="شخصی از وی از سؤال سؤال نمود که چرا امارت طلب نکردي وی جواب داد که پدرم"
                    HPOS="121"
                    VPOS="885"
                    WIDTH="700"
                    HEIGHT="50"></String>
          </TextLine>
          
          
	  <TextLine ID="eSc_line_125253"
                    
                    BASELINE="363 959 529 961 541 959 575 958 665 958 676 954 692 958 773 958 822 956" 
                    HPOS="362"
                    VPOS="926"
                    WIDTH="459"
                    HEIGHT="53">
            <Shape><Polygon POINTS="362 958 375 941 390 947 404 933 433 940 441 934 451 938 464 926 475 927 489 941 503 940 513 946 530 928 545 934 564 932 571 939 584 931 600 940 634 932 647 942 656 936 666 942 682 942 694 935 714 941 726 932 762 942 781 929 796 941 811 938 821 955 808 967 784 974 773 965 763 971 748 965 731 966 720 974 710 970 692 974 681 966 659 972 648 964 640 970 623 964 605 971 593 963 573 976 540 960 523 972 507 964 465 972 451 965 427 969 410 964 397 973 388 971 380 979 363 963"/></Shape>
	    <String CONTENT="بر زیگر میلانجرد بود بنده داروغۀ آن محلّ شده ام *"
                    HPOS="362"
                    VPOS="926"
                    WIDTH="459"
                    HEIGHT="53"></String>
          </TextLine>
          
          
	  <TextLine ID="eSc_line_125247"
                    
                    BASELINE="158 1035 206 1034 258 1031 275 1039 286 1031 385 1033 444 1029 781 1028" 
                    HPOS="157"
                    VPOS="985"
                    WIDTH="623"
                    HEIGHT="74">
            <Shape><Polygon POINTS="157 1034 168 1017 178 1021 197 1002 226 1005 245 998 267 1020 277 1012 295 1024 323 997 338 1008 358 1009 372 995 384 998 395 992 408 1004 428 996 446 1014 466 995 478 993 501 1014 514 1002 537 1005 572 997 579 1004 594 993 615 1014 635 993 661 992 667 998 676 996 698 1017 711 1018 732 998 742 1001 757 985 776 986 780 1027 768 1034 737 1034 711 1052 701 1049 686 1034 655 1033 624 1054 612 1053 594 1035 533 1036 522 1047 507 1050 479 1036 458 1055 442 1052 429 1039 418 1049 403 1050 390 1039 377 1036 356 1039 346 1048 332 1042 319 1055 306 1059 290 1047 282 1052 263 1047 248 1053 231 1040 206 1040 195 1050 180 1054 160 1039"/></Shape>
	    <String CONTENT="آمدن خاقان اسكندر شان از لاهجان و رفتنش"
                    HPOS="157"
                    VPOS="985"
                    WIDTH="623"
                    HEIGHT="74"></String>
          </TextLine>
          
          
	  <TextLine ID="eSc_line_125254"
                    
                    BASELINE="221 1093 369 1092 383 1094 522 1094 559 1088 661 1088 711 1090" 
                    HPOS="220"
                    VPOS="1052"
                    WIDTH="490"
                    HEIGHT="65">
            <Shape><Polygon POINTS="220 1092 238 1090 247 1081 255 1084 275 1067 306 1075 325 1059 343 1075 350 1069 375 1067 387 1056 419 1059 426 1053 454 1077 467 1071 477 1079 499 1059 511 1069 523 1058 541 1053 567 1066 584 1081 602 1064 632 1066 654 1055 665 1058 682 1052 706 1075 710 1088 694 1103 675 1096 655 1109 641 1106 632 1098 618 1106 610 1098 592 1097 583 1087 568 1098 532 1096 522 1104 498 1109 485 1107 477 1100 464 1110 450 1107 439 1097 368 1102 336 1092 330 1098 306 1100 293 1111 273 1107 258 1117 247 1116 223 1092"/></Shape>
	    <String CONTENT="بگوكجه دنگیز و ملاقات نمودن"
                    HPOS="220"
                    VPOS="1052"
                    WIDTH="490"
                    HEIGHT="65"></String>
          </TextLine>
          
          
	  <TextLine ID="eSc_line_125255"
                    
                    BASELINE="300 1163 355 1166 369 1164 388 1160 404 1161 427 1159 454 1149 494 1151 638 1151" 
                    HPOS="299"
                    VPOS="1111"
                    WIDTH="338"
                    HEIGHT="68">
            <Shape><Polygon POINTS="299 1162 300 1153 314 1138 325 1143 356 1115 378 1117 404 1141 415 1143 426 1136 450 1136 479 1128 504 1144 545 1111 560 1119 571 1112 590 1130 611 1115 634 1135 637 1150 624 1163 599 1150 593 1156 545 1157 526 1174 511 1173 495 1156 457 1156 448 1166 416 1176 395 1163 387 1167 378 1161 362 1174 349 1167 337 1179 324 1179 307 1163"/></Shape>
	    <String CONTENT="با سلطان حسين باراني"
                    HPOS="299"
                    VPOS="1111"
                    WIDTH="338"
                    HEIGHT="68"></String>
          </TextLine>
          
          
	  <TextLine ID="eSc_line_125241"
                    
                    BASELINE="127 1205 144 1208 248 1208 325 1205 514 1206 540 1203 558 1207 607 1202 767 1207" 
                    HPOS="125"
                    VPOS="1174"
                    WIDTH="640"
                    HEIGHT="51">
            <Shape><Polygon POINTS="125 1204 128 1192 141 1180 174 1179 188 1186 201 1180 231 1193 243 1181 258 1188 285 1179 298 1187 305 1180 318 1186 332 1180 344 1189 350 1183 363 1188 374 1180 387 1191 407 1180 439 1189 451 1180 461 1186 502 1179 513 1189 524 1178 542 1178 553 1187 573 1175 594 1183 605 1179 617 1191 630 1178 648 1176 670 1191 691 1174 718 1192 754 1181 763 1191 765 1206 731 1218 695 1208 686 1214 670 1210 646 1214 637 1210 627 1219 617 1219 608 1210 565 1210 552 1218 541 1210 515 1217 504 1208 485 1218 459 1208 433 1220 414 1208 370 1212 362 1219 346 1211 328 1219 318 1208 298 1225 283 1212 267 1213 260 1219 203 1212 192 1220 175 1212 163 1220 149 1213 127 1212"/></Shape>
	    <String CONTENT="درين سال خاقان اسکندر شان اراده نمود که خود را از لاهجان بدار الارشاد"
                    HPOS="125"
                    VPOS="1174"
                    WIDTH="640"
                    HEIGHT="51"></String>
          </TextLine>
          
          
	  <TextLine ID="eSc_line_125243"
                    
                    BASELINE="122 1249 384 1251 401 1249 433 1249 450 1252 499 1250 730 1251 773 1250 816 1248" 
                    HPOS="121"
                    VPOS="1218"
                    WIDTH="694"
                    HEIGHT="49">
            <Shape><Polygon POINTS="121 1248 122 1238 134 1226 157 1235 173 1221 204 1239 223 1224 237 1223 257 1224 264 1231 307 1224 315 1232 333 1223 349 1233 361 1224 371 1230 382 1225 393 1235 406 1223 425 1232 442 1223 463 1235 486 1218 504 1230 515 1220 529 1233 551 1232 567 1219 585 1233 597 1230 604 1237 638 1230 648 1235 661 1221 689 1237 710 1220 719 1219 730 1230 739 1227 746 1235 764 1219 776 1227 806 1220 815 1246 799 1258 755 1257 746 1251 730 1258 724 1252 691 1250 681 1259 666 1257 657 1262 646 1257 615 1262 604 1255 578 1261 570 1252 541 1262 522 1250 505 1258 464 1251 427 1261 410 1255 399 1264 385 1254 337 1257 312 1250 285 1263 262 1250 256 1256 243 1255 235 1262 214 1265 198 1254 165 1259 146 1254 135 1264 122 1267"/></Shape>
	    <String CONTENT="اردبيل رساند واز روح پر فتوح اجداد عاليمقام استمداد كرده انتزاع ملك از"
                    HPOS="121"
                    VPOS="1218"
                    WIDTH="694"
                    HEIGHT="49"></String>
          </TextLine>
          
          
	  <TextLine ID="eSc_line_125246"
                    
                    BASELINE="123 1305 171 1302 438 1303 516 1297 756 1297 775 1300" 
                    HPOS="123"
                    VPOS="1275"
                    WIDTH="652"
                    HEIGHT="50">
            <Shape><Polygon POINTS="123 1305 124 1293 146 1277 167 1282 178 1277 193 1286 200 1278 214 1282 229 1276 263 1286 274 1277 299 1286 313 1280 342 1283 363 1277 384 1288 396 1277 410 1276 422 1282 458 1276 471 1283 489 1278 503 1283 510 1277 522 1282 527 1277 545 1281 565 1275 575 1286 587 1276 603 1276 610 1282 622 1276 637 1286 654 1276 673 1276 680 1283 687 1278 698 1282 707 1275 737 1281 762 1276 771 1283 775 1300 764 1314 751 1316 743 1316 732 1306 723 1314 703 1315 673 1306 653 1316 643 1315 634 1306 622 1307 613 1315 592 1308 583 1316 572 1315 562 1306 549 1307 539 1316 523 1309 514 1314 508 1308 498 1312 486 1307 473 1316 461 1307 445 1306 427 1314 384 1314 376 1306 366 1306 332 1316 321 1306 307 1314 294 1313 280 1325 262 1314 228 1314 222 1308 200 1315 149 1311 134 1319 124 1314"/></Shape>
	    <String CONTENT="(١) از قريه نظز داروغگي آنجا را بدو داده پهلوان مذکوره دو سال در آنجا داروغگي"
                    HPOS="123"
                    VPOS="1275"
                    WIDTH="652"
                    HEIGHT="50"></String>
          </TextLine>
          
          
	  <TextLine ID="eSc_line_125259"
                    
                    BASELINE="751 1333 816 1333" 
                    HPOS="750"
                    VPOS="1306"
                    WIDTH="65"
                    HEIGHT="51">
            <Shape><Polygon POINTS="750 1332 758 1316 771 1316 779 1309 793 1315 803 1306 813 1311 815 1332 795 1349 782 1344 769 1357 758 1357 752 1351"/></Shape>
	    <String CONTENT="نمود ج"
                    HPOS="750"
                    VPOS="1306"
                    WIDTH="65"
                    HEIGHT="51"></String>
          </TextLine>
          </TextBlock>
          
        </PrintSpace>
      </Page>
    </Layout>
  </alto>
