<?xml version="1.0" encoding="UTF-8"?>
<alto xmlns:xsi="http://www.w3.org/2001/XMLSchema-instance"
      xmlns="http://www.loc.gov/standards/alto/ns-v4#"
      xsi:schemaLocation="http://www.loc.gov/standards/alto/ns-v4# https://gitlab.inria.fr/scripta/escriptorium/-/raw/develop/app/escriptorium/static/alto-4-1-baselines.xsd">
  <Description>
    <MeasurementUnit>pixel</MeasurementUnit>
    <sourceImageInformation>
      <fileName>27.jpg</fileName>
    </sourceImageInformation>
  </Description>
  
  <Tags>
    <OtherTag ID="BT1" LABEL="Title" DESCRIPTION="block type Title"/><OtherTag ID="BT2" LABEL="Main" DESCRIPTION="block type Main"/><OtherTag ID="BT3" LABEL="Commentary" DESCRIPTION="block type Commentary"/><OtherTag ID="BT4" LABEL="Illustration" DESCRIPTION="block type Illustration"/>
    
  </Tags>
  
  <Layout>
    <Page WIDTH="975"
          HEIGHT="1425"
          PHYSICAL_IMG_NR="26"
          ID="eSc_dummypage_">
      <PrintSpace HPOS="0"
                  VPOS="0"
                  WIDTH="975"
                  HEIGHT="1425">
        
        <TextBlock ID="eSc_dummyblock_">
          
	  <TextLine ID="eSc_line_125570"
                    
                    BASELINE="478 192 541 186 553 187 626 185" 
                    HPOS="477"
                    VPOS="156"
                    WIDTH="148"
                    HEIGHT="51">
            <Shape><Polygon POINTS="477 191 492 167 507 167 514 159 526 163 539 156 566 172 611 157 622 166 625 184 616 185 604 195 583 191 572 200 556 195 551 199 539 191 522 203 507 199 497 207 478 197"/></Shape>
	    <String CONTENT="احسن التواريخ"
                    HPOS="477"
                    VPOS="156"
                    WIDTH="148"
                    HEIGHT="51"></String>
          </TextLine>
          
          
	  <TextLine ID="eSc_line_125571"
                    
                    BASELINE="213 252 251 247 425 247 441 244 572 238 678 238 733 236 762 232 782 235 870 233 901 235" 
                    HPOS="212"
                    VPOS="205"
                    WIDTH="688"
                    HEIGHT="56">
            <Shape><Polygon POINTS="212 251 213 223 218 220 242 233 255 220 269 228 277 218 294 223 306 218 319 231 331 219 343 224 357 219 365 228 377 217 396 233 407 236 427 217 442 228 459 223 480 226 491 217 518 226 533 213 543 223 554 218 579 224 593 212 617 220 636 210 659 228 675 211 692 207 717 225 743 210 754 214 765 209 775 218 792 213 806 218 827 211 847 218 863 205 872 211 889 205 896 211 900 233 887 242 864 245 845 239 790 245 770 233 745 251 725 245 717 237 698 250 685 243 672 254 661 252 649 241 611 252 592 251 581 242 568 251 560 247 548 251 542 245 522 261 508 247 465 258 446 245 438 254 426 252 415 260 401 260 388 248 374 261 358 250 346 258 323 258 313 249 302 256 256 255 213 261"/></Shape>
	    <String CONTENT="اهل بدعت نماید خاقان عاليجاه بعد از مشورت يکى از اهل اختصاص را"
                    HPOS="212"
                    VPOS="205"
                    WIDTH="688"
                    HEIGHT="56"></String>
          </TextLine>
          
          
	  <TextLine ID="eSc_line_125572"
                    
                    BASELINE="201 293 352 292 483 286 570 287 623 283 635 281 802 282 814 280 862 282 875 281 901 278" 
                    HPOS="200"
                    VPOS="251"
                    WIDTH="700"
                    HEIGHT="57">
            <Shape><Polygon POINTS="200 292 201 279 214 266 226 266 237 274 249 264 260 275 274 267 292 266 300 271 319 264 340 281 363 262 372 263 382 273 394 264 409 279 416 279 433 261 445 267 463 261 476 273 499 268 510 277 517 275 523 280 548 257 560 257 578 271 584 266 609 266 617 258 637 257 647 264 667 256 681 264 699 261 719 266 739 255 763 266 771 260 789 264 802 251 814 252 826 264 843 257 865 263 885 260 900 277 870 292 858 283 850 290 839 288 830 280 813 292 800 283 782 290 767 282 754 294 742 287 705 292 680 281 659 298 643 287 634 294 602 294 581 287 571 298 558 290 543 292 532 306 522 305 504 288 489 299 465 304 444 292 423 308 402 294 385 304 343 293 330 305 317 296 304 306 273 299 249 306 233 300 213 301 203 292"/></Shape>
	    <String CONTENT="جهت طلب رخصت نزد ايالت پناهي ميرزا علي فرستاد و كار کیا بواسطۀ"
                    HPOS="200"
                    VPOS="251"
                    WIDTH="700"
                    HEIGHT="57"></String>
          </TextLine>
          
          
	  <TextLine ID="eSc_line_125573"
                    
                    BASELINE="210 336 268 339 294 333 406 334 470 331 483 328 599 330 710 324 903 324" 
                    HPOS="209"
                    VPOS="289"
                    WIDTH="693"
                    HEIGHT="64">
            <Shape><Polygon POINTS="209 334 210 318 219 309 238 309 252 324 268 308 283 308 294 319 315 308 336 314 350 308 364 321 378 306 395 304 420 323 452 301 458 306 478 306 488 314 501 313 507 319 520 306 533 312 545 304 556 304 581 321 604 300 613 308 632 302 642 312 663 308 673 300 688 300 707 313 724 299 754 307 776 302 790 289 800 289 856 291 850 305 862 308 876 299 893 302 902 323 874 330 865 337 850 331 836 339 755 327 739 338 716 328 698 340 681 332 667 343 640 327 597 343 580 336 566 342 556 334 518 344 504 337 459 339 447 347 441 342 428 343 419 334 385 338 375 349 365 349 351 338 306 344 298 350 282 340 258 351 248 345 236 350 226 343 211 353"/></Shape>
	    <String CONTENT="صغر سنّ و قلّت سپاه و كثرت اعوان و انصار مخالفان خاقان اسکندر شان را از"
                    HPOS="209"
                    VPOS="289"
                    WIDTH="693"
                    HEIGHT="64"></String>
          </TextLine>
          
          
	  <TextLine ID="eSc_line_125574"
                    
                    BASELINE="211 383 242 381 286 380 372 380 431 376 496 377 527 375 539 376 609 374 635 371 718 372 732 370 897 365" 
                    HPOS="210"
                    VPOS="336"
                    WIDTH="686"
                    HEIGHT="66">
            <Shape><Polygon POINTS="210 382 211 374 223 375 245 363 252 365 264 353 277 363 287 357 300 361 311 353 333 364 351 347 366 356 376 352 383 359 395 351 407 362 428 357 435 361 452 350 473 365 496 344 510 352 523 349 530 355 545 347 554 357 581 359 591 369 616 345 627 353 643 346 656 357 673 361 692 350 708 353 726 342 762 361 780 350 792 352 808 340 817 347 837 339 859 340 871 350 891 336 896 364 882 380 862 371 846 382 837 372 822 370 799 385 782 374 770 385 761 387 745 374 688 380 675 372 663 384 640 378 618 382 608 393 598 391 586 381 577 388 562 378 553 387 535 383 520 387 504 376 483 391 471 382 444 382 427 393 410 383 395 391 383 380 365 396 351 385 338 390 328 384 300 390 281 384 260 396 248 389 236 402 211 395"/></Shape>
	    <String CONTENT="آن اراده باز مي داشت و بنصایح و مواعظ آن حضرت را از آ« داعیه باز مي"
                    HPOS="210"
                    VPOS="336"
                    WIDTH="686"
                    HEIGHT="66"></String>
          </TextLine>
          
          
	  <TextLine ID="eSc_line_125575"
                    
                    BASELINE="209 426 254 425 281 421 294 418 308 420 537 419 673 420 700 415 789 414 824 409 866 409 901 412" 
                    HPOS="207"
                    VPOS="382"
                    WIDTH="693"
                    HEIGHT="58">
            <Shape><Polygon POINTS="207 425 211 407 230 410 252 397 298 399 307 390 351 404 358 412 370 400 385 404 397 394 421 413 454 388 475 402 483 394 498 402 505 397 515 402 527 394 537 402 562 389 591 402 600 393 610 393 623 399 632 396 642 404 659 395 669 404 679 403 712 388 720 395 744 397 751 404 773 384 794 384 826 400 852 385 877 390 887 382 896 382 900 410 882 423 865 418 852 426 841 419 826 419 813 426 805 418 765 425 754 414 741 426 725 422 710 427 704 421 685 431 667 422 643 431 632 421 598 428 589 420 552 429 541 423 526 425 515 434 495 423 457 434 444 425 426 440 419 440 404 426 375 435 359 421 353 427 334 429 309 428 302 422 277 423 260 438 238 429 231 435 220 434 211 425"/></Shape>
	    <String CONTENT="گردانيد و دلايل و براهين بر صدق مقال خود اجرأ مي نمود مطلقًا (١) ترتیب"
                    HPOS="207"
                    VPOS="382"
                    WIDTH="693"
                    HEIGHT="58"></String>
          </TextLine>
          
          
	  <TextLine ID="eSc_line_125576"
                    
                    BASELINE="214 465 418 467 485 464 497 461 631 463 705 457 742 457 775 459 793 456 833 454 847 452 910 449" 
                    HPOS="213"
                    VPOS="420"
                    WIDTH="696"
                    HEIGHT="65">
            <Shape><Polygon POINTS="213 464 214 450 233 441 256 441 281 459 302 440 317 447 331 440 342 450 364 448 378 441 399 457 418 451 432 438 446 440 463 454 486 437 499 437 518 451 528 441 541 445 555 438 570 452 579 453 598 434 611 440 627 434 634 441 646 438 650 442 666 434 685 444 714 428 744 448 762 431 775 429 795 441 809 427 821 439 843 428 852 432 864 420 876 421 909 448 877 467 862 466 856 460 833 467 818 456 799 471 788 463 771 463 756 478 735 463 710 466 695 475 673 464 648 473 628 464 612 473 600 470 585 482 577 482 566 471 533 475 520 465 510 473 477 473 464 482 437 471 429 477 415 473 407 480 394 480 369 470 355 480 330 483 317 470 294 485 285 484 270 471 250 476 214 473"/></Shape>
	    <String CONTENT="مقدّمات او منتج مطلوب نبود نوبتی خود بنفس نفيس با ميرزا علي ملاقات"
                    HPOS="213"
                    VPOS="420"
                    WIDTH="696"
                    HEIGHT="65"></String>
          </TextLine>
          
          
	  <TextLine ID="eSc_line_125577"
                    
                    BASELINE="209 512 233 514 275 509 457 510 480 508 511 508 535 504 678 505 710 499 872 500 911 496" 
                    HPOS="207"
                    VPOS="469"
                    WIDTH="703"
                    HEIGHT="63">
            <Shape><Polygon POINTS="207 511 222 494 233 495 245 485 257 495 269 495 283 484 299 497 313 489 327 496 343 492 356 483 381 490 397 479 421 497 440 488 456 492 465 483 482 483 501 492 532 478 546 488 566 480 577 489 599 478 608 480 621 469 628 469 657 494 681 476 688 480 716 476 724 483 746 477 770 486 788 476 803 484 821 485 853 477 868 477 877 484 894 473 910 495 874 514 849 507 820 514 811 507 800 515 786 510 771 516 749 507 722 518 704 504 692 505 667 521 648 510 641 515 577 511 567 520 554 513 521 515 514 521 494 515 485 524 472 515 460 514 425 514 416 522 399 515 375 522 359 515 349 523 326 510 315 522 304 524 281 516 269 522 255 513 225 532 210 523"/></Shape>
	    <String CONTENT="نموده در مواجهه نيز (٢) اين مقدّمات را مذكور ساخت و  آنجناب در باب فسخ"
                    HPOS="207"
                    VPOS="469"
                    WIDTH="703"
                    HEIGHT="63"></String>
          </TextLine>
          
          
	  <TextLine ID="eSc_line_125578"
                    
                    BASELINE="522 548 654 548 666 546 698 546 758 542 903 542" 
                    HPOS="521"
                    VPOS="516"
                    WIDTH="381"
                    HEIGHT="49">
            <Shape><Polygon POINTS="521 547 533 530 568 530 579 520 597 518 616 534 647 520 660 526 669 522 678 528 693 518 720 532 729 523 745 528 756 518 769 523 793 516 824 527 894 522 902 541 878 565 857 551 839 555 825 545 796 565 767 548 742 560 718 549 699 562 686 559 676 564 648 554 619 553 609 561 584 554 532 555 522 547"/></Shape>
	    <String CONTENT="عزیمت مبالغه نمود مؤثر نیفتاد و گفت *"
                    HPOS="521"
                    VPOS="516"
                    WIDTH="381"
                    HEIGHT="49"></String>
          </TextLine>
          
          
	  <TextLine ID="eSc_line_125605"
                    
                    BASELINE="209 554 234 554 242 555 276 552 300 554" 
                    HPOS="207"
                    VPOS="528"
                    WIDTH="92"
                    HEIGHT="45">
            <Shape><Polygon POINTS="207 553 217 536 232 541 245 528 261 528 271 536 292 534 299 553 276 567 262 561 254 571 243 573 228 562 220 568 210 561"/></Shape>
	    <String CONTENT="* نظم *"
                    HPOS="207"
                    VPOS="528"
                    WIDTH="92"
                    HEIGHT="45"></String>
          </TextLine>
          
          
	  <TextLine ID="eSc_line_125593"
                    
                    BASELINE="583 593 688 596 720 592 732 593 787 590 817 590 841 592 857 585 882 586" 
                    HPOS="581"
                    VPOS="560"
                    WIDTH="300"
                    HEIGHT="48">
            <Shape><Polygon POINTS="581 592 583 570 589 564 608 577 627 565 634 572 643 571 654 581 665 581 678 568 685 571 693 562 710 567 724 579 755 562 770 574 782 562 799 574 812 574 828 560 845 575 856 564 871 560 877 565 881 585 869 593 850 590 832 605 812 594 790 594 776 602 767 592 752 606 739 603 725 608 711 593 666 605 651 599 641 608 628 600 584 604"/></Shape>
	    <String CONTENT="که زنهـار ازين داوری زينهـار"
                    HPOS="581"
                    VPOS="560"
                    WIDTH="300"
                    HEIGHT="48"></String>
          </TextLine>
          
          
	  <TextLine ID="eSc_line_125606"
                    
                    BASELINE="233 600 402 600 415 598 472 598 515 594 553 594" 
                    HPOS="232"
                    VPOS="566"
                    WIDTH="320"
                    HEIGHT="49">
            <Shape><Polygon POINTS="232 599 233 586 248 572 264 575 274 584 290 570 311 586 361 574 376 586 387 585 402 570 418 580 434 573 447 583 463 566 480 581 498 567 511 572 524 566 552 593 489 609 475 597 458 612 445 604 431 609 419 597 389 613 371 602 351 611 323 612 308 600 283 615 268 602 242 611 235 606"/></Shape>
	    <String CONTENT="عنان از ره این هوس باز دار"
                    HPOS="232"
                    VPOS="566"
                    WIDTH="320"
                    HEIGHT="49"></String>
          </TextLine>
          
          
	  <TextLine ID="eSc_line_125594"
                    
                    BASELINE="584 641 603 637 746 638 776 637 815 632 845 634 887 629" 
                    HPOS="583"
                    VPOS="596"
                    WIDTH="302"
                    HEIGHT="61">
            <Shape><Polygon POINTS="583 640 584 625 605 621 621 609 647 622 659 622 669 611 692 613 705 624 743 606 771 624 811 609 824 619 847 596 872 605 885 628 868 643 857 636 833 642 821 632 812 642 786 648 768 637 717 648 703 641 689 648 625 637 609 642 593 657 585 649"/></Shape>
	    <String CONTENT="تأمّل درین داوری پيشـه کـن"
                    HPOS="583"
                    VPOS="596"
                    WIDTH="302"
                    HEIGHT="61"></String>
          </TextLine>
          
          
	  <TextLine ID="eSc_line_125585"
                    
                    BASELINE="229 648 261 642 364 640 376 637 546 638" 
                    HPOS="228"
                    VPOS="610"
                    WIDTH="317"
                    HEIGHT="47">
            <Shape><Polygon POINTS="228 647 264 615 279 625 299 616 321 621 337 615 356 631 372 618 382 624 395 616 409 629 426 612 435 612 450 625 463 612 477 622 513 610 526 622 535 621 545 637 518 653 504 644 495 650 480 644 469 647 459 656 440 641 426 651 418 651 409 643 381 655 358 640 347 640 332 651 293 649 273 641 256 657 249 657 236 646"/></Shape>
	    <String CONTENT="سرانجـام کار خود اندیشه کن"
                    HPOS="228"
                    VPOS="610"
                    WIDTH="317"
                    HEIGHT="47"></String>
          </TextLine>
          
          
	  <TextLine ID="eSc_line_125595"
                    
                    BASELINE="584 681 629 681 641 679 723 679 751 675 886 672" 
                    HPOS="583"
                    VPOS="646"
                    WIDTH="302"
                    HEIGHT="51">
            <Shape><Polygon POINTS="583 680 584 660 624 663 641 651 654 665 667 651 676 656 692 651 711 668 725 666 744 649 763 647 775 655 789 650 805 665 824 650 840 657 855 646 885 670 874 682 855 681 839 689 830 682 811 691 795 678 781 685 768 676 756 688 742 688 732 697 724 697 710 682 697 691 678 691 673 686 663 692 648 681 636 691 624 685 599 689 585 685"/></Shape>
	    <String CONTENT="حذر كن كه گیتي وفادار نيست"
                    HPOS="583"
                    VPOS="646"
                    WIDTH="302"
                    HEIGHT="51"></String>
          </TextLine>
          
          
	  <TextLine ID="eSc_line_125584"
                    
                    BASELINE="242 682 262 686 439 686 465 685 498 680 543 680" 
                    HPOS="242"
                    VPOS="654"
                    WIDTH="301"
                    HEIGHT="49">
            <Shape><Polygon POINTS="242 682 244 666 286 668 298 659 309 663 318 656 328 657 343 672 359 656 377 666 395 666 403 657 419 665 427 657 444 657 463 675 489 654 505 656 516 667 527 656 534 656 540 661 543 680 520 695 503 688 465 703 448 686 433 698 404 693 396 700 369 686 346 699 336 698 326 688 311 698 273 689 254 697 243 688"/></Shape>
	    <String CONTENT="تو طفلي ترا وقت این کار نیست"
                    HPOS="242"
                    VPOS="654"
                    WIDTH="301"
                    HEIGHT="49"></String>
          </TextLine>
          
          
	  <TextLine ID="eSc_line_125596"
                    
                    BASELINE="577 728 589 733 603 729 616 727 701 724 735 720 887 716" 
                    HPOS="575"
                    VPOS="692"
                    WIDTH="310"
                    HEIGHT="51">
            <Shape><Polygon POINTS="575 727 577 718 587 707 603 711 617 700 630 713 649 695 675 712 735 700 748 711 760 699 771 704 781 699 793 710 811 698 843 704 858 692 871 695 885 714 876 723 850 723 822 737 793 718 767 736 742 719 724 732 703 729 689 743 680 742 663 727 651 729 640 742 621 727 602 742 585 743 577 736"/></Shape>
	    <String CONTENT="هنوزت بود صبـح عالم فروز"
                    HPOS="575"
                    VPOS="692"
                    WIDTH="310"
                    HEIGHT="51"></String>
          </TextLine>
          
          
	  <TextLine ID="eSc_line_125604"
                    
                    BASELINE="236 737 292 738 336 732 554 725" 
                    HPOS="235"
                    VPOS="700"
                    WIDTH="318"
                    HEIGHT="51">
            <Shape><Polygon POINTS="235 736 236 719 245 710 263 719 289 711 317 719 330 706 345 710 353 703 382 719 420 714 437 701 460 718 484 703 510 714 521 704 535 700 549 713 553 724 530 737 522 732 492 733 478 739 461 730 448 744 413 736 402 745 385 745 366 731 351 744 323 733 292 748 275 742 247 751 237 745"/></Shape>
	    <String CONTENT="نشاید چنین کارها جز بروز"
                    HPOS="235"
                    VPOS="700"
                    WIDTH="318"
                    HEIGHT="51"></String>
          </TextLine>
          
          
	  <TextLine ID="eSc_line_125597"
                    
                    BASELINE="578 777 606 771 619 771 643 765 886 765" 
                    HPOS="577"
                    VPOS="739"
                    WIDTH="308"
                    HEIGHT="48">
            <Shape><Polygon POINTS="577 776 578 761 590 749 619 754 634 741 653 746 662 756 695 741 713 751 722 744 741 744 775 754 801 744 811 749 828 739 841 749 856 739 862 744 875 742 885 764 862 775 844 764 802 777 793 770 781 780 763 773 755 779 736 780 719 769 710 779 691 783 666 764 654 773 628 779 612 775 590 787 579 777"/></Shape>
	    <String CONTENT="بود در پس پرده رازت هنوز"
                    HPOS="577"
                    VPOS="739"
                    WIDTH="308"
                    HEIGHT="48"></String>
          </TextLine>
          
          
	  <TextLine ID="eSc_line_125583"
                    
                    BASELINE="236 779 256 776 270 775 372 776 495 770 556 769" 
                    HPOS="235"
                    VPOS="744"
                    WIDTH="320"
                    HEIGHT="50">
            <Shape><Polygon POINTS="235 779 236 767 245 757 254 760 270 751 290 763 299 757 314 757 324 748 344 764 355 754 370 762 381 761 395 749 422 761 444 751 456 762 466 752 484 751 497 757 515 744 528 749 537 745 555 768 529 783 517 776 471 779 454 771 429 786 420 781 416 786 394 780 362 782 345 775 313 794 292 776 285 782 268 783 257 793 237 790"/></Shape>
	    <String CONTENT="نهانست در بيضـه بارت هنوز"
                    HPOS="235"
                    VPOS="744"
                    WIDTH="320"
                    HEIGHT="50"></String>
          </TextLine>
          
          
	  <TextLine ID="eSc_line_125598"
                    
                    BASELINE="584 811 600 814 678 811 689 808 856 809 883 806" 
                    HPOS="584"
                    VPOS="781"
                    WIDTH="299"
                    HEIGHT="44">
            <Shape><Polygon POINTS="584 811 585 798 598 784 609 784 621 793 638 793 654 783 668 798 679 788 689 793 699 783 710 787 716 782 751 799 782 786 800 796 808 795 822 781 845 795 864 782 879 792 883 806 846 822 830 813 806 822 793 813 776 821 749 825 732 811 725 818 713 812 701 814 691 822 670 813 660 824 644 815 585 822"/></Shape>
	    <String CONTENT="مکن این هوس تا شود وقت کار"
                    HPOS="584"
                    VPOS="781"
                    WIDTH="299"
                    HEIGHT="44"></String>
          </TextLine>
          
          
	  <TextLine ID="eSc_line_125600"
                    
                    BASELINE="237 828 256 822 334 824 366 821 382 824 419 822 435 818 529 818 554 815" 
                    HPOS="236"
                    VPOS="787"
                    WIDTH="317"
                    HEIGHT="47">
            <Shape><Polygon POINTS="236 827 237 808 251 794 281 808 300 794 314 807 347 789 365 802 376 798 403 811 418 802 467 798 486 811 494 805 502 808 522 787 542 788 549 795 553 814 536 825 522 822 503 831 483 817 465 827 433 824 414 833 401 822 372 834 350 825 305 826 294 833 277 826 263 834 256 830 243 834 237 828"/></Shape>
	    <String CONTENT="نیابی سمـن جز بفصـل بهار"
                    HPOS="236"
                    VPOS="787"
                    WIDTH="317"
                    HEIGHT="47"></String>
          </TextLine>
          
          
	  <TextLine ID="eSc_line_125599"
                    
                    BASELINE="592 855 694 857 723 855 735 857 781 850 837 851 863 857 886 853" 
                    HPOS="591"
                    VPOS="824"
                    WIDTH="294"
                    HEIGHT="45">
            <Shape><Polygon POINTS="591 855 592 840 598 834 610 839 623 828 638 841 651 836 661 841 668 836 675 839 693 826 707 837 720 836 729 844 750 825 773 837 794 825 815 826 824 832 833 824 849 836 859 831 874 834 885 852 868 863 847 864 840 858 830 869 813 858 782 868 773 858 768 863 755 860 746 868 736 868 724 857 710 862 665 858 654 868 635 868 619 860 603 869 592 860"/></Shape>
	    <String CONTENT="چو از قطره بطن صدف پر شود"
                    HPOS="591"
                    VPOS="824"
                    WIDTH="294"
                    HEIGHT="45"></String>
          </TextLine>
          
          
	  <TextLine ID="eSc_line_125592"
                    
                    BASELINE="240 862 288 860 490 862 503 859 558 854" 
                    HPOS="239"
                    VPOS="825"
                    WIDTH="317"
                    HEIGHT="51">
            <Shape><Polygon POINTS="239 860 251 841 263 846 277 837 287 844 307 825 325 838 334 836 347 841 362 836 376 845 400 834 413 846 422 846 435 834 448 840 464 832 480 845 497 832 509 844 518 839 540 840 556 853 542 865 510 865 491 871 475 860 465 865 447 860 433 872 420 866 391 872 365 860 340 874 320 860 298 876 285 866 257 876 241 863"/></Shape>
	    <String CONTENT="محـل تا نيـايد کجا دُر شود"
                    HPOS="239"
                    VPOS="825"
                    WIDTH="317"
                    HEIGHT="51"></String>
          </TextLine>
          
          
	  <TextLine ID="eSc_line_125590"
                    
                    BASELINE="589 901 661 898 688 900 731 894 783 894 800 897 814 897 828 894 888 895" 
                    HPOS="587"
                    VPOS="866"
                    WIDTH="300"
                    HEIGHT="48">
            <Shape><Polygon POINTS="587 900 589 885 597 877 609 882 622 879 630 888 640 888 660 870 678 872 695 883 726 870 742 883 757 866 788 887 807 876 844 881 872 872 883 881 887 894 863 904 849 906 843 900 836 907 811 907 805 912 784 897 718 907 698 897 687 904 641 914 627 906 604 912 590 903"/></Shape>
	    <String CONTENT="صبـوري صفـات سلاطين بود"
                    HPOS="587"
                    VPOS="866"
                    WIDTH="300"
                    HEIGHT="48"></String>
          </TextLine>
          
          
	  <TextLine ID="eSc_line_125601"
                    
                    BASELINE="242 906 286 909 336 909 370 903 463 904 533 900 552 901" 
                    HPOS="242"
                    VPOS="875"
                    WIDTH="310"
                    HEIGHT="47">
            <Shape><Polygon POINTS="242 906 243 894 254 884 294 896 323 893 340 877 352 879 363 890 372 890 391 879 406 888 416 877 429 877 440 888 452 876 467 885 484 881 499 884 509 876 523 883 545 875 552 901 533 907 521 901 510 909 479 915 466 908 446 914 434 904 415 917 402 910 384 916 368 910 353 919 345 910 332 917 309 913 289 922 279 913 263 921 244 914"/></Shape>
	    <String CONTENT="كه تعجیل کار شيـاطيـن بود"
                    HPOS="242"
                    VPOS="875"
                    WIDTH="310"
                    HEIGHT="47"></String>
          </TextLine>
          
          
	  <TextLine ID="eSc_line_125581"
                    
                    BASELINE="215 952 287 952 299 950 375 946 488 947 556 941 779 942 806 940 819 935 833 938 914 935" 
                    HPOS="214"
                    VPOS="904"
                    WIDTH="699"
                    HEIGHT="62">
            <Shape><Polygon POINTS="214 951 224 933 244 922 263 928 275 922 287 934 300 923 320 923 338 935 361 927 370 931 380 921 395 921 418 936 428 938 452 920 463 927 478 921 490 928 499 923 516 928 541 917 562 931 570 925 580 927 593 915 604 921 616 916 624 925 661 915 669 923 684 922 704 904 714 906 743 926 764 907 781 921 793 923 828 910 839 912 850 922 874 916 881 921 897 910 909 920 913 934 896 942 887 939 853 954 837 942 819 946 811 955 798 942 777 954 763 947 748 952 737 944 722 945 704 954 697 947 687 952 666 941 657 948 610 948 598 957 566 944 548 958 529 950 499 955 480 950 467 960 451 963 446 958 438 966 426 965 410 950 401 954 351 957 340 952 332 958 309 955 296 961 279 954 239 955 222 964 216 960"/></Shape>
	    <String CONTENT="لا جرم فايده بر آن مترتّب نشد شرف رخصت ارزاني داشت خاقان اسکندر"
                    HPOS="214"
                    VPOS="904"
                    WIDTH="699"
                    HEIGHT="62"></String>
          </TextLine>
          
          
	  <TextLine ID="eSc_line_125588"
                    
                    BASELINE="220 997 252 995 293 995 369 989 583 990 594 988 610 988 622 984 773 985 833 979 911 980" 
                    HPOS="219"
                    VPOS="953"
                    WIDTH="691"
                    HEIGHT="58">
            <Shape><Polygon POINTS="219 996 220 986 231 984 248 967 266 973 273 966 290 978 311 972 318 977 328 966 338 971 351 967 359 976 370 965 388 972 404 965 425 978 432 972 440 976 452 963 463 961 479 970 497 960 513 976 528 960 541 970 554 970 567 960 579 972 599 965 609 970 655 964 674 969 691 961 708 961 718 970 742 954 749 954 769 971 790 954 805 963 825 955 836 955 844 964 857 958 870 966 882 954 893 953 907 963 910 979 876 993 862 986 839 993 827 986 813 996 794 989 777 993 767 984 723 993 712 984 689 998 673 989 642 988 635 995 617 991 606 999 574 989 560 999 541 997 524 1002 514 1002 503 991 434 997 425 990 415 997 393 998 383 993 365 1005 352 995 340 1005 319 993 280 1010 263 997 242 1011 231 1011 220 1002"/></Shape>
	    <String CONTENT="شان در لاهجان عنان عزيمت بصوب ارجوان انعطاف داد کار کيا مبرزا علي"
                    HPOS="219"
                    VPOS="953"
                    WIDTH="691"
                    HEIGHT="58"></String>
          </TextLine>
          
          
	  <TextLine ID="eSc_line_125587"
                    
                    BASELINE="223 1039 243 1036 397 1037 456 1035 476 1031 656 1033 668 1031 682 1027 695 1030 729 1030 741 1033 755 1027 834 1028 863 1022 890 1022 915 1024" 
                    HPOS="222"
                    VPOS="996"
                    WIDTH="692"
                    HEIGHT="58">
            <Shape><Polygon POINTS="222 1037 223 1022 229 1017 245 1021 256 1011 273 1023 289 1016 308 1020 325 1010 339 1010 362 1022 383 1008 401 1024 410 1016 425 1017 440 1008 452 1020 466 1010 479 1017 496 1005 511 1021 523 1021 545 1003 552 1003 567 1016 572 1011 594 1015 613 1003 654 1018 672 1001 681 1005 699 1002 711 1012 718 1005 736 1007 748 998 764 1011 780 996 803 998 833 1016 849 1004 881 1007 896 997 910 1010 914 1023 903 1031 885 1027 871 1036 860 1033 836 1039 817 1028 786 1033 776 1041 757 1031 741 1039 729 1036 723 1042 686 1033 675 1034 663 1046 654 1046 638 1031 616 1042 602 1034 593 1041 579 1041 566 1031 555 1037 547 1035 532 1050 521 1049 509 1037 494 1045 477 1031 458 1046 450 1047 440 1039 415 1054 395 1043 383 1048 365 1036 326 1046 313 1041 283 1043 268 1036 239 1052 223 1042"/></Shape>
	    <String CONTENT="با جمعی سالکان طريق يكدلي موکب عالي را دو فرسخ راه مشایعت نمود"
                    HPOS="222"
                    VPOS="996"
                    WIDTH="692"
                    HEIGHT="58"></String>
          </TextLine>
          
          
	  <TextLine ID="eSc_line_125580"
                    
                    BASELINE="219 1081 434 1080 461 1078 486 1081 509 1075 567 1074 596 1077 610 1073 653 1069 793 1071 811 1068 822 1072 837 1068 913 1068" 
                    HPOS="218"
                    VPOS="1040"
                    WIDTH="694"
                    HEIGHT="54">
            <Shape><Polygon POINTS="218 1080 219 1068 230 1059 245 1065 269 1055 280 1066 295 1050 318 1062 330 1054 339 1064 352 1050 364 1059 374 1053 389 1066 402 1054 414 1056 422 1050 432 1058 442 1055 452 1064 470 1053 483 1062 496 1049 511 1048 523 1059 543 1048 566 1054 579 1047 591 1058 604 1046 618 1045 643 1060 654 1049 672 1055 688 1046 701 1053 718 1049 726 1054 748 1052 761 1043 771 1053 784 1053 799 1043 815 1042 830 1052 850 1048 857 1041 872 1048 883 1040 895 1050 904 1052 912 1067 898 1079 877 1073 855 1084 833 1073 818 1079 784 1072 764 1084 743 1083 737 1077 732 1081 710 1081 698 1073 688 1083 660 1087 650 1087 640 1078 598 1086 583 1080 546 1081 530 1091 520 1091 513 1084 488 1091 469 1083 458 1091 409 1086 391 1091 384 1084 378 1090 355 1093 334 1084 321 1090 307 1085 286 1090 274 1080 252 1094 247 1090 232 1092 219 1080"/></Shape>
	    <String CONTENT="و اجازت يـافته مراجعت فرمود خاقان اسكندر شان در ديلمان نزول اجلال فرمود"
                    HPOS="218"
                    VPOS="1040"
                    WIDTH="694"
                    HEIGHT="54"></String>
          </TextLine>
          
          
	  <TextLine ID="eSc_line_125579"
                    
                    BASELINE="224 1124 254 1122 434 1123 501 1119 513 1117 594 1118 673 1115 686 1112 920 1109" 
                    HPOS="223"
                    VPOS="1080"
                    WIDTH="696"
                    HEIGHT="60">
            <Shape><Polygon POINTS="223 1123 225 1098 251 1099 258 1106 269 1103 282 1109 290 1100 305 1107 318 1098 331 1107 346 1098 356 1107 395 1097 403 1105 425 1107 439 1093 446 1100 458 1096 469 1106 490 1098 498 1104 510 1093 521 1100 542 1093 556 1105 575 1088 594 1099 627 1084 641 1094 650 1090 660 1097 688 1094 694 1099 712 1094 725 1098 736 1088 762 1086 777 1100 796 1085 814 1093 826 1086 845 1093 864 1080 876 1088 888 1084 919 1107 902 1123 889 1119 877 1128 862 1117 846 1124 831 1117 821 1124 801 1118 782 1129 769 1116 724 1122 706 1122 699 1116 686 1128 675 1121 667 1124 657 1119 646 1132 638 1132 628 1122 594 1121 561 1135 553 1128 541 1132 532 1123 514 1126 497 1140 475 1123 440 1131 429 1140 418 1128 363 1129 355 1122 330 1138 318 1132 307 1140 298 1130 271 1137 257 1128 237 1130 225 1138"/></Shape>
	    <String CONTENT="و از آنجا بطارم شتافت بعد از آنکه طارم را مضرب خيام سعادت فرجام نمود نظر"
                    HPOS="223"
                    VPOS="1080"
                    WIDTH="696"
                    HEIGHT="60"></String>
          </TextLine>
          
          
	  <TextLine ID="eSc_line_125582"
                    
                    BASELINE="210 1166 228 1168 358 1170 401 1169 454 1164 486 1164 501 1167 528 1167 540 1164 600 1166 636 1160 675 1162 688 1159 720 1157 733 1155 915 1155" 
                    HPOS="209"
                    VPOS="1126"
                    WIDTH="705"
                    HEIGHT="60">
            <Shape><Polygon POINTS="209 1164 210 1154 218 1162 237 1143 248 1142 264 1154 279 1155 300 1148 309 1154 324 1143 338 1142 353 1151 384 1141 397 1154 406 1155 432 1140 459 1148 482 1137 501 1150 510 1147 515 1151 533 1137 570 1153 591 1136 608 1145 631 1138 651 1142 659 1135 670 1140 691 1126 712 1143 724 1138 742 1142 758 1131 774 1141 786 1130 824 1141 838 1126 849 1128 858 1137 877 1128 887 1136 903 1132 914 1154 888 1167 870 1160 852 1168 822 1161 787 1161 775 1172 760 1163 746 1163 738 1172 727 1173 711 1161 687 1163 670 1175 657 1169 646 1178 622 1164 587 1180 570 1180 556 1168 533 1179 515 1173 492 1178 480 1169 448 1172 439 1167 408 1181 390 1169 377 1182 361 1173 350 1179 307 1175 293 1181 275 1176 262 1181 243 1174 229 1186 210 1170"/></Shape>
	    <String CONTENT="در احوال عساكر نصرت مآثر کرده موازي هزار و يانصد کس از صوفيان روم و شام"
                    HPOS="209"
                    VPOS="1126"
                    WIDTH="705"
                    HEIGHT="60"></String>
          </TextLine>
          
          
	  <TextLine ID="eSc_line_125586"
                    
                    BASELINE="214 1215 242 1212 423 1213 460 1208 570 1208 581 1206 609 1206 625 1201 641 1204 718 1204 730 1201 767 1200 781 1198 912 1199" 
                    HPOS="213"
                    VPOS="1173"
                    WIDTH="697"
                    HEIGHT="54">
            <Shape><Polygon POINTS="213 1214 236 1186 260 1188 273 1201 302 1195 313 1185 343 1194 356 1185 371 1189 380 1183 404 1198 434 1173 459 1193 476 1182 484 1191 501 1191 509 1197 526 1187 551 1186 559 1193 568 1192 584 1179 608 1191 621 1179 628 1179 649 1193 659 1183 682 1185 699 1174 711 1185 724 1185 732 1176 745 1182 752 1175 770 1175 780 1182 789 1173 802 1173 818 1185 831 1183 846 1173 866 1186 888 1173 907 1183 910 1198 869 1219 840 1207 830 1211 817 1200 811 1206 793 1206 782 1216 768 1207 735 1207 727 1212 716 1206 703 1212 654 1205 642 1217 629 1213 612 1220 605 1213 597 1217 586 1211 562 1218 545 1208 517 1221 509 1221 501 1213 479 1213 466 1226 451 1213 433 1214 415 1224 403 1224 395 1216 355 1216 318 1227 304 1218 293 1226 277 1225 269 1218 236 1219 229 1226 214 1220"/></Shape>
	    <String CONTENT="ملازم ركاب ظفر انتساب يافت و از جانب مير حسام الدّين دغدغه پيرامون خاطر"
                    HPOS="213"
                    VPOS="1173"
                    WIDTH="697"
                    HEIGHT="54"></String>
          </TextLine>
          
          
	  <TextLine ID="eSc_line_125589"
                    
                    BASELINE="216 1257 385 1256 476 1254 523 1250 670 1251 716 1246 760 1245 832 1245 856 1248 876 1242 919 1239" 
                    HPOS="214"
                    VPOS="1214"
                    WIDTH="703"
                    HEIGHT="56">
            <Shape><Polygon POINTS="214 1256 238 1233 255 1242 273 1230 285 1239 311 1230 328 1242 343 1243 351 1236 359 1239 374 1226 400 1231 413 1243 423 1233 441 1235 451 1225 465 1235 479 1235 497 1223 526 1238 547 1218 561 1229 577 1223 587 1233 610 1223 634 1243 653 1227 663 1232 695 1218 719 1232 757 1227 767 1235 779 1223 806 1223 821 1216 840 1235 868 1225 881 1214 894 1214 913 1227 917 1238 904 1246 887 1249 877 1258 858 1252 844 1262 836 1261 822 1248 811 1257 799 1258 769 1246 755 1259 726 1259 714 1251 689 1252 673 1263 656 1254 638 1268 628 1267 617 1256 600 1259 583 1250 575 1256 554 1254 539 1268 530 1268 521 1258 485 1261 466 1256 447 1267 432 1265 425 1270 407 1261 364 1263 350 1258 332 1269 320 1262 307 1267 282 1261 276 1265 254 1262 235 1268 222 1256"/></Shape>
	    <String CONTENT="عاطر مي گردید چون مذکور می شد که آن سالک طریق خلاف و عناد است"
                    HPOS="214"
                    VPOS="1214"
                    WIDTH="703"
                    HEIGHT="56"></String>
          </TextLine>
          
          
	  <TextLine ID="eSc_line_125591"
                    
                    BASELINE="751 1308 858 1308 874 1305" 
                    HPOS="750"
                    VPOS="1278"
                    WIDTH="122"
                    HEIGHT="46">
            <Shape><Polygon POINTS="750 1307 751 1299 769 1281 789 1290 802 1280 825 1280 833 1287 844 1278 864 1281 872 1303 869 1324 859 1315 807 1320 799 1314 769 1312 751 1316"/></Shape>
	    <String CONTENT="(١) بترتیب ا"
                    HPOS="750"
                    VPOS="1278"
                    WIDTH="122"
                    HEIGHT="46"></String>
          </TextLine>
          
          
	  <TextLine ID="eSc_line_125603"
                    
                    BASELINE="265 1317 323 1318 439 1315 498 1318 568 1312" 
                    HPOS="264"
                    VPOS="1287"
                    WIDTH="303"
                    HEIGHT="51">
            <Shape><Polygon POINTS="264 1316 271 1305 281 1303 290 1294 306 1301 339 1292 356 1301 382 1289 397 1297 406 1292 423 1299 439 1290 452 1296 473 1290 497 1299 510 1290 529 1294 536 1287 556 1288 567 1311 555 1326 529 1319 504 1338 484 1322 476 1331 440 1321 427 1321 416 1328 397 1322 390 1330 380 1322 372 1330 357 1332 343 1322 324 1325 318 1331 299 1325 285 1338 267 1330"/></Shape>
	    <String CONTENT="(٢) ازین مقدمات را مذکور ساخت ا ج"
                    HPOS="264"
                    VPOS="1287"
                    WIDTH="303"
                    HEIGHT="51"></String>
          </TextLine>
          </TextBlock>
          
        </PrintSpace>
      </Page>
    </Layout>
  </alto>
