<?xml version="1.0" encoding="UTF-8"?>
<alto xmlns:xsi="http://www.w3.org/2001/XMLSchema-instance"
      xmlns="http://www.loc.gov/standards/alto/ns-v4#"
      xsi:schemaLocation="http://www.loc.gov/standards/alto/ns-v4# https://gitlab.inria.fr/scripta/escriptorium/-/raw/develop/app/escriptorium/static/alto-4-1-baselines.xsd">
  <Description>
    <MeasurementUnit>pixel</MeasurementUnit>
    <sourceImageInformation>
      <fileName>28.jpg</fileName>
    </sourceImageInformation>
  </Description>
  
  <Tags>
    <OtherTag ID="BT1" LABEL="Title" DESCRIPTION="block type Title"/><OtherTag ID="BT2" LABEL="Main" DESCRIPTION="block type Main"/><OtherTag ID="BT3" LABEL="Commentary" DESCRIPTION="block type Commentary"/><OtherTag ID="BT4" LABEL="Illustration" DESCRIPTION="block type Illustration"/>
    
  </Tags>
  
  <Layout>
    <Page WIDTH="975"
          HEIGHT="1425"
          PHYSICAL_IMG_NR="27"
          ID="eSc_dummypage_">
      <PrintSpace HPOS="0"
                  VPOS="0"
                  WIDTH="975"
                  HEIGHT="1425">
        
        <TextBlock ID="eSc_dummyblock_">
          
	  <TextLine ID="eSc_line_125619"
                    
                    BASELINE="390 185 529 179" 
                    HPOS="390"
                    VPOS="155"
                    WIDTH="139"
                    HEIGHT="49">
            <Shape><Polygon POINTS="390 185 391 174 402 163 418 161 422 155 460 155 477 169 526 155 529 179 518 190 492 190 476 199 460 187 446 187 438 195 419 194 404 204 393 195"/></Shape>
	    <String CONTENT="احسن التواريخ"
                    HPOS="390"
                    VPOS="155"
                    WIDTH="139"
                    HEIGHT="49"></String>
          </TextLine>
          
          
	  <TextLine ID="eSc_line_125620"
                    
                    BASELINE="106 229 128 238 330 238 421 244 469 244 498 242 589 241 622 238 692 238 775 241 807 245" 
                    HPOS="105"
                    VPOS="209"
                    WIDTH="701"
                    HEIGHT="58">
            <Shape><Polygon POINTS="105 228 119 216 135 220 144 212 156 222 171 210 229 211 236 216 247 209 261 218 283 218 292 225 308 218 323 224 340 211 362 220 385 218 394 224 404 218 415 225 435 214 452 219 461 210 475 218 488 213 496 219 546 224 564 211 573 217 586 212 596 222 611 218 617 223 640 214 657 229 675 212 723 217 743 228 757 216 769 213 779 220 799 216 806 244 783 260 770 248 743 260 725 248 703 247 679 257 659 244 648 255 616 244 600 252 585 247 572 255 551 242 527 256 494 243 475 255 444 244 429 256 418 250 404 254 393 245 376 255 359 254 346 267 337 267 314 247 296 252 288 243 280 243 271 251 261 252 231 239 207 245 175 243 166 250 149 242 138 250 124 251 106 235"/></Shape>
	    <String CONTENT="از طارم بخلخال رفته در قريۀ بريده نزول فرمود روز ديگر در مزرعۀ (١) شاملو فرود"
                    HPOS="105"
                    VPOS="209"
                    WIDTH="701"
                    HEIGHT="58"></String>
          </TextLine>
          
          
	  <TextLine ID="eSc_line_125621"
                    
                    BASELINE="108 281 324 281 353 285 384 283 418 285 429 287 746 286 770 288 783 285 806 285" 
                    HPOS="106"
                    VPOS="254"
                    WIDTH="699"
                    HEIGHT="47">
            <Shape><Polygon POINTS="106 280 108 268 122 254 141 264 152 261 174 270 191 261 205 268 222 257 237 267 243 261 270 267 287 261 330 270 336 266 345 268 353 260 378 266 389 255 406 266 419 256 435 269 446 261 460 268 483 258 495 267 511 256 518 263 532 258 542 269 556 255 580 262 600 261 613 274 629 258 657 257 665 264 676 258 687 267 701 261 712 271 731 264 755 276 795 256 801 260 805 285 795 292 776 294 758 289 748 300 731 292 712 300 700 290 681 301 662 286 625 298 610 290 580 289 548 295 535 286 516 299 488 287 476 298 461 293 448 296 437 286 428 293 415 289 407 298 395 296 381 283 362 296 328 288 315 298 275 285 267 292 248 295 231 281 223 288 210 288 203 282 182 295 168 287 141 295 108 280"/></Shape>
	    <String CONTENT="آمده و در قريهٔ گذار خلخال نزول فرمود بذروۀ عرض رسيده بود که در مزرعۀ"
                    HPOS="106"
                    VPOS="254"
                    WIDTH="699"
                    HEIGHT="47"></String>
          </TextLine>
          
          
	  <TextLine ID="eSc_line_125622"
                    
                    BASELINE="106 327 147 323 188 327 286 327 299 331 311 328 812 329" 
                    HPOS="105"
                    VPOS="298"
                    WIDTH="706"
                    HEIGHT="46">
            <Shape><Polygon POINTS="105 326 136 299 161 305 172 300 184 312 204 299 226 301 241 315 250 307 283 309 293 300 311 312 330 299 380 318 400 308 409 312 427 301 441 312 470 312 485 302 509 314 530 298 553 317 561 308 578 306 594 312 606 301 618 308 634 307 648 313 662 304 679 320 699 302 710 301 723 312 733 309 738 314 750 307 763 312 783 308 799 311 811 328 779 344 754 343 739 331 732 338 705 334 689 342 674 330 647 342 624 344 612 332 566 334 558 328 543 343 529 333 520 340 490 333 473 339 466 333 452 336 439 330 426 339 362 340 355 334 334 342 324 334 304 342 294 332 274 331 261 338 244 326 233 332 205 331 194 338 186 338 175 328 135 331 117 339 106 328"/></Shape>
	    <String CONTENT="مزبوره بستان خربزه است و آن بغایت شپرین و داپذیر است خاقان اسکندر"
                    HPOS="105"
                    VPOS="298"
                    WIDTH="706"
                    HEIGHT="46"></String>
          </TextLine>
          
          
	  <TextLine ID="eSc_line_125623"
                    
                    BASELINE="111 369 144 372 698 371 723 377 770 377 805 372" 
                    HPOS="111"
                    VPOS="336"
                    WIDTH="694"
                    HEIGHT="55">
            <Shape><Polygon POINTS="111 369 112 361 130 347 144 357 167 343 179 344 188 353 218 344 229 355 242 356 249 349 266 355 281 345 296 356 315 337 327 336 337 345 352 344 361 351 382 340 390 342 404 353 416 352 426 359 451 345 472 361 495 342 511 355 528 345 548 357 555 351 568 357 586 351 615 356 629 349 650 361 663 347 686 349 694 357 708 347 720 357 732 358 748 347 762 361 781 346 795 347 801 353 805 372 773 387 760 382 748 387 738 377 703 387 687 378 669 380 657 391 634 380 622 380 615 387 592 387 583 380 561 387 548 377 502 387 496 381 488 384 471 377 457 385 447 377 427 372 418 382 400 387 393 387 382 376 359 382 346 372 330 383 283 374 261 383 243 375 229 384 217 376 197 390 174 375 160 376 150 385 135 375 121 383 112 381"/></Shape>
	    <String CONTENT="شان را میل تمام بخربزه بود بنابر آن چند روز آنجا توقّف نمود و شیخ قاسم در"
                    HPOS="111"
                    VPOS="336"
                    WIDTH="694"
                    HEIGHT="55"></String>
          </TextLine>
          
          
	  <TextLine ID="eSc_line_125626"
                    
                    BASELINE="112 414 156 414 225 415 254 418 266 421 394 414 589 414 646 416 657 419 815 416" 
                    HPOS="111"
                    VPOS="381"
                    WIDTH="703"
                    HEIGHT="52">
            <Shape><Polygon POINTS="111 413 137 389 156 397 172 388 187 388 204 399 223 387 237 400 252 385 264 397 275 396 285 403 298 399 306 407 319 394 345 400 356 388 374 401 378 396 406 397 425 390 446 407 472 381 480 381 498 396 511 390 536 399 549 390 566 401 589 385 613 401 630 390 648 407 657 408 675 391 692 391 700 397 711 393 719 401 731 389 748 389 773 406 796 387 811 401 814 415 803 416 783 433 765 422 751 422 733 432 714 421 698 428 680 423 672 431 655 432 640 419 611 431 591 418 548 422 537 413 516 429 499 427 491 419 478 428 453 428 446 421 428 428 418 421 395 429 375 414 350 429 326 429 312 418 295 428 281 422 274 427 244 427 231 415 207 428 191 420 114 427"/></Shape>
	    <String CONTENT="آن منزل ضیافتی نمود که ما فوق قوّت و قدرت او بود و چهل گوسفند بغیر"
                    HPOS="111"
                    VPOS="381"
                    WIDTH="703"
                    HEIGHT="52"></String>
          </TextLine>
          
          
	  <TextLine ID="eSc_line_125627"
                    
                    BASELINE="116 459 137 457 482 457 513 460 527 457 579 458 591 456 611 460 628 460 641 463 736 461 780 464 811 463" 
                    HPOS="115"
                    VPOS="428"
                    WIDTH="694"
                    HEIGHT="49">
            <Shape><Polygon POINTS="115 458 116 442 122 438 130 440 142 428 169 441 190 431 205 433 217 445 237 435 248 446 266 429 288 434 300 431 333 447 363 433 385 429 396 438 404 432 420 440 433 435 444 445 452 437 473 438 484 432 497 442 514 444 527 433 546 433 558 439 571 428 579 428 587 437 598 433 609 444 617 435 634 442 642 434 649 434 660 445 672 434 688 444 704 444 711 438 730 441 739 433 755 434 764 444 780 433 796 439 809 461 758 473 733 465 705 465 697 473 659 473 649 464 623 472 606 459 586 477 572 464 551 470 536 459 503 476 484 463 466 473 445 456 420 471 408 463 393 471 372 459 358 470 339 473 331 473 319 461 256 467 244 457 218 470 211 463 169 459 125 465 116 458"/></Shape>
	    <String CONTENT="ديگر اطعمه بريان نمود از آنجا کوچ کرده در قريهٔ کوري خلخال در خانه ملک"
                    HPOS="115"
                    VPOS="428"
                    WIDTH="694"
                    HEIGHT="49"></String>
          </TextLine>
          
          
	  <TextLine ID="eSc_line_125628"
                    
                    BASELINE="109 503 317 505 344 503 361 499 482 499 494 502 587 505 722 505 816 501" 
                    HPOS="108"
                    VPOS="469"
                    WIDTH="707"
                    HEIGHT="55">
            <Shape><Polygon POINTS="108 502 129 477 136 476 155 489 171 475 193 484 206 476 216 485 233 473 241 480 255 476 264 484 271 479 282 485 290 482 299 490 324 473 339 482 352 475 370 475 404 489 409 484 420 489 433 476 450 488 480 486 496 478 513 483 530 476 541 482 553 477 572 495 584 495 600 478 625 489 647 476 661 477 692 497 720 478 751 479 770 469 815 499 787 511 767 509 757 517 743 513 729 524 717 515 689 523 674 508 625 515 616 507 592 522 583 522 570 509 561 517 547 509 529 509 518 517 504 504 495 509 459 509 450 517 406 503 396 511 350 505 330 514 299 507 273 514 261 504 241 516 220 514 210 504 194 514 155 510 129 517 109 504"/></Shape>
	    <String CONTENT="مظفّر توقاچي سلطان علي پادشاه که معروف بخلفا بيگ بود نزول اجلال واقع"
                    HPOS="108"
                    VPOS="469"
                    WIDTH="707"
                    HEIGHT="55"></String>
          </TextLine>
          
          
	  <TextLine ID="eSc_line_125629"
                    
                    BASELINE="111 551 130 547 812 548" 
                    HPOS="110"
                    VPOS="513"
                    WIDTH="701"
                    HEIGHT="52">
            <Shape><Polygon POINTS="110 551 111 541 131 521 146 528 172 521 185 532 199 520 220 528 250 530 266 518 276 527 290 521 300 530 317 524 330 534 347 516 355 516 365 527 378 521 387 529 415 528 437 536 448 524 463 532 486 522 497 532 508 532 529 513 556 526 567 521 575 528 604 516 617 529 627 526 635 533 650 522 665 529 674 523 695 537 717 521 731 532 743 529 765 537 776 527 795 521 807 533 811 547 781 554 768 549 754 561 736 553 712 565 692 564 685 556 646 554 636 547 616 560 600 552 574 559 560 547 541 560 526 553 503 554 494 547 476 561 465 555 452 560 440 548 423 560 384 549 369 564 353 552 338 559 323 548 305 559 289 551 270 561 251 547 244 553 222 553 211 564 199 552 181 547 166 559 123 559 111 551"/></Shape>
	    <String CONTENT="شد و موازي يکماه در آنجا توقّف فرمود و بعد از آن در قریۀ صصاباد اردبيل"
                    HPOS="110"
                    VPOS="513"
                    WIDTH="701"
                    HEIGHT="52"></String>
          </TextLine>
          
          
	  <TextLine ID="eSc_line_125630"
                    
                    BASELINE="116 587 148 591 528 590 668 591 680 589 700 596 811 596" 
                    HPOS="116"
                    VPOS="558"
                    WIDTH="695"
                    HEIGHT="52">
            <Shape><Polygon POINTS="116 587 127 571 143 561 178 574 195 562 213 565 223 558 247 574 261 561 283 561 306 574 318 562 331 571 356 564 368 571 376 564 395 571 408 560 418 560 425 567 434 564 456 578 464 571 488 573 501 564 523 564 535 574 547 566 558 572 565 565 585 568 594 562 609 574 618 565 630 571 642 565 655 572 667 561 678 560 686 568 695 565 718 579 748 564 761 572 771 562 783 570 796 565 807 574 811 596 798 596 787 605 755 596 733 605 720 596 710 605 698 599 682 609 669 596 655 603 637 596 604 605 583 593 571 596 553 610 528 594 470 597 460 592 450 603 435 599 421 608 408 594 388 602 374 593 349 604 342 599 294 599 285 594 269 603 260 594 229 591 200 593 190 600 165 592 146 594 127 608 117 604"/></Shape>
	    <String CONTENT="نزول كرد و  آنجا بقریۀ الاورق شتافت و از آنجا باردبيل بطواف آستان مشايخ"
                    HPOS="116"
                    VPOS="558"
                    WIDTH="695"
                    HEIGHT="52"></String>
          </TextLine>
          
          
	  <TextLine ID="eSc_line_125631"
                    
                    BASELINE="114 636 135 635 147 631 195 634 404 632 423 638 603 638 662 631 674 634 810 632" 
                    HPOS="112"
                    VPOS="602"
                    WIDTH="697"
                    HEIGHT="52">
            <Shape><Polygon POINTS="112 635 114 623 130 606 152 613 169 606 188 611 203 604 229 627 260 606 283 618 299 608 309 612 324 608 336 618 350 606 377 613 389 609 399 618 414 610 429 618 439 610 465 610 483 624 517 608 539 625 549 627 567 609 589 623 606 610 628 610 648 624 673 609 687 619 699 621 716 604 727 602 744 617 758 622 771 610 783 610 799 617 809 631 799 641 775 643 767 651 750 640 731 641 714 650 705 642 684 636 673 642 655 644 647 637 603 648 573 641 554 654 536 641 517 646 484 640 473 649 457 641 439 650 419 640 403 642 396 636 383 649 375 650 366 642 342 644 330 636 304 647 285 640 274 644 242 643 229 635 212 641 197 637 188 646 174 637 166 646 122 643 114 636"/></Shape>
	    <String CONTENT="عظام مشرّف شد سلطان علي بيگ چاكرلو که از قبل الوند بيگ حاکم اردبيل"
                    HPOS="112"
                    VPOS="602"
                    WIDTH="697"
                    HEIGHT="52"></String>
          </TextLine>
          
          
	  <TextLine ID="eSc_line_125632"
                    
                    BASELINE="111 673 142 676 299 675 338 676 355 679 396 679 432 675 460 676 472 674 484 678 510 679 526 678 618 679 648 681 811 680" 
                    HPOS="110"
                    VPOS="642"
                    WIDTH="699"
                    HEIGHT="52">
            <Shape><Polygon POINTS="110 672 111 656 119 648 148 655 156 647 178 642 207 663 230 650 242 654 250 649 262 651 274 663 286 663 304 647 319 642 337 660 346 650 361 659 387 650 399 660 415 656 423 665 442 653 456 656 461 650 482 651 492 662 507 654 516 663 529 659 546 663 559 653 577 660 594 648 612 663 638 654 653 668 678 654 691 661 700 657 722 665 744 654 760 654 789 668 799 666 809 679 796 694 780 685 725 685 703 693 687 681 657 694 647 693 638 685 623 694 605 678 597 685 554 685 546 692 536 692 516 678 499 691 489 692 479 682 432 684 425 676 402 691 390 685 382 691 337 688 331 682 313 691 305 684 277 682 270 675 252 689 241 682 231 688 211 682 197 689 188 681 127 682 114 673"/></Shape>
	    <String CONTENT="و مغانات بود کس نزد آنحضرت فرستاد که در اردبیل توقّف ننماید و الّا آمادۀ"
                    HPOS="110"
                    VPOS="642"
                    WIDTH="699"
                    HEIGHT="52"></String>
          </TextLine>
          
          
	  <TextLine ID="eSc_line_125633"
                    
                    BASELINE="110 724 809 722" 
                    HPOS="109"
                    VPOS="692"
                    WIDTH="699"
                    HEIGHT="47">
            <Shape><Polygon POINTS="109 723 110 714 133 692 146 699 157 694 175 712 191 701 201 705 217 693 252 693 260 700 269 694 280 700 286 695 307 708 315 700 344 695 361 706 375 707 394 695 408 708 425 694 435 703 466 698 473 704 483 697 497 710 510 697 517 697 542 712 555 704 587 713 611 705 624 711 648 697 661 698 676 712 693 695 717 697 730 708 743 712 764 695 799 708 808 722 790 735 770 729 755 735 743 729 729 737 718 727 692 735 675 727 666 733 625 727 617 736 603 730 591 738 574 732 554 739 535 726 521 733 509 730 502 736 488 729 476 737 466 730 458 735 445 730 414 732 403 723 372 738 361 738 347 726 328 735 312 723 285 733 270 726 257 733 238 723 216 723 194 736 175 738 159 724 141 735 115 723"/></Shape>
	    <String CONTENT="جدال و قتال باشد پس روز دیگر از اردبیل كوچ کرده در قريۀ (٢) مربي نزول"
                    HPOS="109"
                    VPOS="692"
                    WIDTH="699"
                    HEIGHT="47"></String>
          </TextLine>
          
          
	  <TextLine ID="eSc_line_125634"
                    
                    BASELINE="114 767 816 764" 
                    HPOS="112"
                    VPOS="737"
                    WIDTH="703"
                    HEIGHT="47">
            <Shape><Polygon POINTS="112 765 146 738 166 738 182 748 198 738 205 744 216 739 225 749 243 745 249 750 270 746 281 751 306 741 318 752 333 741 345 739 353 745 371 742 388 754 401 743 426 739 442 756 453 746 462 739 502 748 510 739 527 750 552 748 560 756 574 744 593 741 611 756 636 741 656 754 672 738 687 737 707 749 735 748 745 757 760 745 774 751 799 743 815 763 789 781 775 776 763 781 748 767 737 777 706 771 691 784 676 774 660 779 647 765 638 773 608 781 596 771 577 780 559 764 540 777 518 783 503 770 451 773 444 765 432 773 408 771 390 780 374 770 352 780 344 771 326 773 317 765 301 773 286 769 271 777 223 768 198 777 171 767 129 780 115 768"/></Shape>
	    <String CONTENT="فرمود بعد از آن کس نزد میرزا محمّد طالش فرستاد که جهت نواب اعلی"
                    HPOS="112"
                    VPOS="737"
                    WIDTH="703"
                    HEIGHT="47"></String>
          </TextLine>
          
          
	  <TextLine ID="eSc_line_125609"
                    
                    BASELINE="105 806 377 808 428 814 615 814 666 812 813 810" 
                    HPOS="104"
                    VPOS="773"
                    WIDTH="708"
                    HEIGHT="54">
            <Shape><Polygon POINTS="104 805 111 805 136 782 162 784 176 799 195 780 214 792 236 783 245 793 264 788 288 773 302 786 313 782 323 792 333 783 345 790 356 780 369 776 388 793 402 793 414 783 428 796 441 790 454 790 461 796 495 792 508 799 535 783 545 789 555 784 570 800 605 786 612 786 625 798 649 776 672 794 687 796 711 782 737 799 752 784 763 789 774 784 800 795 812 809 796 824 779 817 764 827 754 822 739 825 727 814 706 817 697 826 681 815 651 818 637 827 624 825 613 814 566 826 555 815 526 819 511 813 492 824 467 822 453 813 428 825 409 825 399 814 349 817 343 811 323 827 311 815 277 819 271 814 252 815 241 807 233 814 218 814 207 821 184 820 174 811 161 818 143 813 125 821 105 806"/></Shape>
	    <String CONTENT="و غازیان عظام محلّی تعیین نماید چون میرزا محمّد از کیفیّت احوال خاقان"
                    HPOS="104"
                    VPOS="773"
                    WIDTH="708"
                    HEIGHT="54"></String>
          </TextLine>
          
          
	  <TextLine ID="eSc_line_125616"
                    
                    BASELINE="111 851 317 851 345 853 359 851 402 851 414 855 426 851 475 852 486 850 499 855 638 855 651 857 814 853" 
                    HPOS="110"
                    VPOS="819"
                    WIDTH="703"
                    HEIGHT="55">
            <Shape><Polygon POINTS="110 850 111 840 134 825 143 832 166 833 185 826 194 836 203 834 218 844 236 826 245 831 255 827 274 839 287 826 299 833 311 827 328 837 340 837 347 830 368 834 377 825 394 836 403 826 419 836 448 836 459 826 485 827 497 838 521 819 543 836 553 838 566 827 580 827 605 840 627 830 653 840 663 830 684 827 699 841 716 828 733 828 743 838 769 827 787 837 798 836 813 852 796 866 777 859 746 865 722 859 712 866 697 862 688 869 674 859 605 860 599 865 589 862 572 868 553 856 527 860 516 869 498 866 490 858 423 857 418 863 403 859 383 866 370 857 355 868 328 864 321 858 305 859 288 874 275 860 260 855 231 866 216 866 207 860 195 865 184 857 172 863 140 855 121 858 111 850"/></Shape>
	    <String CONTENT="اسکندر شان واقف شد بدرگاه معلّى شتافت بذروۀ عرض اشرف اعلی رسانيده که"
                    HPOS="110"
                    VPOS="819"
                    WIDTH="703"
                    HEIGHT="55"></String>
          </TextLine>
          
          
	  <TextLine ID="eSc_line_125608"
                    
                    BASELINE="100 898 786 898 810 893" 
                    HPOS="99"
                    VPOS="863"
                    WIDTH="710"
                    HEIGHT="50">
            <Shape><Polygon POINTS="99 897 136 866 154 878 161 871 175 870 186 879 207 876 219 882 239 870 256 871 286 871 308 887 321 875 332 879 345 870 364 884 376 872 399 863 423 884 448 881 457 874 469 879 479 870 494 878 504 870 530 882 552 877 560 885 585 872 596 879 641 879 650 885 670 879 705 881 713 872 739 874 756 882 769 871 782 882 798 874 809 893 795 907 755 908 743 901 727 913 711 903 680 903 653 913 637 906 611 912 591 900 568 904 561 897 535 912 523 904 488 907 470 900 460 908 446 904 426 912 409 902 380 903 370 913 345 904 320 912 306 897 268 903 260 910 248 910 238 902 192 901 184 907 168 903 146 910 138 904 122 909 109 897"/></Shape>
	    <String CONTENT="اسباب فراغت بهر صورت که در صفحۀ ضمیر اتّسام پذیرد متصوّر است بنابر آن"
                    HPOS="99"
                    VPOS="863"
                    WIDTH="710"
                    HEIGHT="50"></String>
          </TextLine>
          
          
	  <TextLine ID="eSc_line_125613"
                    
                    BASELINE="114 946 143 942 184 941 521 941 564 948 578 946 640 947 667 941 807 939" 
                    HPOS="112"
                    VPOS="912"
                    WIDTH="694"
                    HEIGHT="47">
            <Shape><Polygon POINTS="112 945 117 933 141 915 155 912 180 920 192 915 200 923 216 920 235 934 269 914 276 914 292 929 302 920 314 925 344 923 358 915 377 928 385 922 425 932 438 920 452 927 463 917 477 925 484 919 522 916 537 929 554 917 568 926 581 926 590 917 604 926 621 920 634 933 651 917 667 916 681 929 705 915 727 921 738 916 750 928 762 916 781 916 790 917 806 938 798 948 773 947 755 955 742 947 706 947 681 955 672 946 648 958 638 958 627 946 608 955 594 950 581 958 568 953 547 957 529 944 522 948 497 948 488 955 470 947 439 955 428 945 419 954 409 955 400 947 365 959 351 946 299 947 293 942 285 951 252 951 243 959 233 959 219 946 201 954 186 946 156 954 147 946 128 957 114 948"/></Shape>
	    <String CONTENT="خاقان اسکندر شان در ارجوان قشلاق نمود و میرزا محمد بنوعي در استرضای"
                    HPOS="112"
                    VPOS="912"
                    WIDTH="694"
                    HEIGHT="47"></String>
          </TextLine>
          
          
	  <TextLine ID="eSc_line_125615"
                    
                    BASELINE="111 998 131 989 204 989 228 983 262 985 358 984 372 986 404 988 416 991 432 989 514 990 545 985 584 984 769 984 781 986 806 986" 
                    HPOS="111"
                    VPOS="959"
                    WIDTH="695"
                    HEIGHT="45">
            <Shape><Polygon POINTS="111 998 112 980 134 960 162 977 185 961 198 974 212 960 226 960 238 971 257 959 274 972 306 959 315 966 330 960 339 970 355 965 369 969 382 959 390 966 407 965 422 978 440 960 471 961 485 976 495 977 518 959 535 960 546 969 562 961 584 967 593 959 604 959 613 961 630 978 647 961 667 961 680 973 694 972 706 959 718 965 729 959 738 960 751 973 767 959 790 963 806 986 800 993 776 991 754 1001 742 989 724 992 711 1002 686 993 678 985 665 998 653 993 642 1002 627 1002 606 986 592 988 584 996 541 991 532 997 521 992 501 1004 492 1004 478 990 459 1002 441 996 429 1003 418 1001 406 989 382 999 371 990 350 993 340 985 331 985 306 999 301 995 277 993 269 985 243 992 235 984 210 1002 193 989 172 998 162 996 156 1002 138 995 125 1002 117 997"/></Shape>
	    <String CONTENT="خاطر اشرف اعلى (٣) بخدمتگاري اولیای دولت کوشيد که قلم دو زبان"
                    HPOS="111"
                    VPOS="959"
                    WIDTH="695"
                    HEIGHT="45"></String>
          </TextLine>
          
          
	  <TextLine ID="eSc_line_125612"
                    
                    BASELINE="111 1031 133 1031 146 1034 160 1030 194 1030 206 1033 218 1030 350 1030 363 1033 812 1034" 
                    HPOS="110"
                    VPOS="999"
                    WIDTH="701"
                    HEIGHT="50">
            <Shape><Polygon POINTS="110 1030 111 1022 131 1002 175 1004 191 1020 203 1023 228 1004 251 1016 267 1001 280 1001 307 1017 325 1004 339 1012 366 1005 387 1022 408 1005 423 1005 450 1023 478 1007 501 1005 516 1018 529 1005 546 1005 561 1020 571 1010 590 1005 605 1017 622 1005 638 1009 651 1004 670 1020 694 999 713 1017 727 1004 739 1011 756 1012 768 1004 781 1016 798 1012 811 1033 792 1035 776 1046 742 1036 713 1046 697 1035 678 1043 665 1033 631 1045 623 1037 594 1033 573 1047 556 1033 548 1039 534 1037 523 1046 507 1036 490 1046 479 1037 454 1033 440 1039 414 1037 404 1043 394 1043 382 1033 355 1043 337 1043 309 1030 299 1041 287 1035 271 1036 262 1043 248 1034 223 1036 210 1049 201 1049 182 1030 176 1035 142 1035 129 1042 111 1031"/></Shape>
	    <String CONTENT="مراحصاى آن نتواند کرد اكثر اوقات خاقان عاليجاه بشكار ماهي اشتغال"
                    HPOS="110"
                    VPOS="999"
                    WIDTH="701"
                    HEIGHT="50"></String>
          </TextLine>
          
          
	  <TextLine ID="eSc_line_125607"
                    
                    BASELINE="102 1072 248 1075 442 1074 492 1080 545 1080 560 1079 573 1074 784 1075 809 1075" 
                    HPOS="100"
                    VPOS="1040"
                    WIDTH="708"
                    HEIGHT="56">
            <Shape><Polygon POINTS="100 1071 140 1040 162 1059 175 1059 185 1049 192 1049 203 1060 210 1055 232 1058 247 1045 257 1053 275 1048 289 1064 304 1050 313 1054 323 1049 346 1065 372 1048 388 1059 400 1049 409 1053 420 1048 446 1068 456 1060 461 1064 479 1048 509 1067 530 1048 555 1066 572 1049 596 1041 611 1056 630 1046 650 1050 662 1062 685 1045 700 1058 712 1054 722 1064 733 1053 750 1059 776 1047 787 1058 799 1056 808 1074 786 1086 773 1081 761 1090 749 1084 737 1088 720 1074 699 1090 686 1083 667 1088 655 1078 624 1081 615 1074 604 1081 580 1081 562 1092 545 1079 513 1096 499 1085 466 1086 452 1080 440 1088 428 1090 416 1081 397 1090 375 1079 343 1091 328 1079 306 1090 293 1077 273 1087 266 1080 249 1081 237 1074 190 1092 175 1078 162 1083 121 1083 110 1072"/></Shape>
	    <String CONTENT="ميفرمود در آن اثنأ سلطان علي بيگ چاكرلو كس نزد والدۀ ميرزا محمّد"
                    HPOS="100"
                    VPOS="1040"
                    WIDTH="708"
                    HEIGHT="56"></String>
          </TextLine>
          
          
	  <TextLine ID="eSc_line_125614"
                    
                    BASELINE="105 1125 178 1123 216 1123 233 1119 275 1117 456 1117 499 1121 581 1123 631 1121 739 1121 768 1117 809 1117" 
                    HPOS="104"
                    VPOS="1090"
                    WIDTH="704"
                    HEIGHT="46">
            <Shape><Polygon POINTS="104 1124 105 1111 119 1097 160 1090 172 1092 186 1106 209 1098 220 1107 242 1092 258 1105 267 1097 286 1103 295 1093 307 1102 315 1093 331 1100 346 1092 357 1098 368 1093 378 1104 394 1093 422 1093 445 1112 469 1092 480 1091 490 1092 501 1103 515 1100 526 1111 547 1092 558 1098 570 1096 589 1109 599 1098 615 1100 627 1092 640 1104 659 1104 675 1093 689 1107 708 1093 722 1106 731 1103 738 1110 757 1093 770 1092 783 1103 793 1094 799 1096 808 1116 790 1132 779 1135 769 1125 755 1128 743 1121 730 1132 713 1124 700 1134 688 1126 674 1134 665 1124 657 1130 615 1132 593 1122 580 1130 561 1128 551 1132 534 1131 518 1122 476 1125 453 1135 439 1123 384 1125 376 1118 369 1125 320 1125 309 1116 300 1125 288 1125 280 1132 271 1131 257 1117 235 1125 220 1121 213 1128 192 1131 176 1122 156 1136 144 1134 135 1124 119 1124"/></Shape>
	    <String CONTENT="فرستاد و او را بمواعيد بیكران مستظهر ساخته استدعا نمود که بهر نوع که"
                    HPOS="104"
                    VPOS="1090"
                    WIDTH="704"
                    HEIGHT="46"></String>
          </TextLine>
          
          
	  <TextLine ID="eSc_line_125611"
                    
                    BASELINE="107 1164 140 1162 174 1166 217 1163 350 1163 362 1166 434 1166 447 1163 618 1163 653 1160 784 1160 803 1158" 
                    HPOS="106"
                    VPOS="1134"
                    WIDTH="696"
                    HEIGHT="48">
            <Shape><Polygon POINTS="106 1163 122 1142 134 1137 149 1137 165 1153 184 1134 232 1143 245 1155 260 1155 286 1136 311 1151 326 1136 340 1136 371 1156 382 1154 400 1136 412 1144 425 1141 435 1150 456 1136 471 1137 484 1149 502 1141 514 1149 534 1137 546 1143 560 1136 577 1151 596 1135 611 1136 624 1149 647 1135 669 1140 681 1135 693 1147 711 1134 735 1137 750 1153 762 1141 784 1136 799 1143 802 1157 794 1169 767 1169 752 1160 739 1170 711 1167 699 1176 685 1167 649 1167 628 1175 618 1166 593 1174 584 1174 574 1166 559 1175 545 1162 529 1170 513 1162 491 1179 476 1164 446 1176 431 1167 413 1176 402 1172 391 1179 380 1179 368 1167 361 1173 336 1168 318 1174 307 1164 289 1168 267 1182 257 1180 241 1163 206 1168 192 1180 166 1164 157 1173 147 1168 121 1170 112 1163"/></Shape>
	    <String CONTENT="داند خاقان اسکندر شان را که در کنار دریای بشکار ماهي مشغول باشد"
                    HPOS="106"
                    VPOS="1134"
                    WIDTH="696"
                    HEIGHT="48"></String>
          </TextLine>
          
          
	  <TextLine ID="eSc_line_125618"
                    
                    BASELINE="110 1209 511 1208 536 1206 758 1206 812 1211" 
                    HPOS="109"
                    VPOS="1170"
                    WIDTH="702"
                    HEIGHT="55">
            <Shape><Polygon POINTS="109 1208 118 1193 127 1193 142 1179 173 1197 192 1180 217 1197 243 1178 261 1181 279 1193 288 1191 296 1198 320 1174 331 1170 349 1188 372 1180 383 1191 407 1188 418 1198 429 1186 448 1179 483 1200 507 1180 518 1180 529 1189 549 1179 564 1193 573 1194 587 1183 613 1180 625 1192 642 1185 676 1195 688 1191 697 1199 710 1186 725 1180 737 1186 755 1179 767 1180 779 1189 799 1187 811 1210 795 1217 788 1213 773 1225 757 1211 712 1221 699 1208 687 1220 672 1212 654 1213 637 1221 624 1208 568 1220 554 1206 543 1212 532 1211 522 1219 510 1213 498 1225 480 1211 471 1219 446 1211 432 1225 425 1225 410 1211 369 1223 359 1213 351 1217 346 1212 325 1211 309 1217 298 1208 286 1219 271 1212 242 1212 224 1218 210 1208 181 1221 173 1219 153 1217 123 1216 114 1208"/></Shape>
	    <String CONTENT="بدریا اندازد و حمزه طالش که راتق و فاتق ميرزا محمّد و  سلطان علي بیگ"
                    HPOS="109"
                    VPOS="1170"
                    WIDTH="702"
                    HEIGHT="55"></String>
          </TextLine>
          
          
	  <TextLine ID="eSc_line_125610"
                    
                    BASELINE="111 1258 130 1255 155 1255 171 1251 211 1250 769 1250 787 1252 808 1249" 
                    HPOS="110"
                    VPOS="1214"
                    WIDTH="697"
                    HEIGHT="51">
            <Shape><Polygon POINTS="110 1257 116 1240 128 1238 146 1224 189 1222 212 1232 225 1224 237 1235 260 1231 270 1240 289 1221 318 1240 336 1224 366 1224 377 1233 390 1227 415 1238 438 1225 489 1226 513 1236 529 1230 552 1235 570 1225 584 1232 593 1223 631 1224 641 1233 648 1227 681 1224 693 1235 729 1214 749 1232 757 1224 780 1223 807 1248 793 1263 774 1258 765 1264 745 1263 737 1255 691 1264 678 1256 649 1256 642 1249 629 1257 598 1256 591 1263 574 1256 564 1264 546 1256 457 1262 419 1254 409 1263 394 1257 378 1264 368 1259 328 1263 318 1254 277 1262 267 1251 252 1261 230 1265 198 1257 157 1256 146 1265 116 1265 111 1261"/></Shape>
	    <String CONTENT="چاکرلو متّفق شده انتظار فرصت ميکشیدند و در اوایل حال میرزا محمّد ازين"
                    HPOS="110"
                    VPOS="1214"
                    WIDTH="697"
                    HEIGHT="51"></String>
          </TextLine>
          
          
	  <TextLine ID="eSc_line_125624"
                    
                    BASELINE="667 1311 736 1307 749 1307 770 1307" 
                    HPOS="666"
                    VPOS="1283"
                    WIDTH="103"
                    HEIGHT="43">
            <Shape><Polygon POINTS="666 1311 667 1294 674 1286 687 1292 703 1283 727 1292 739 1284 754 1286 765 1295 769 1306 755 1321 744 1319 741 1324 726 1313 703 1324 686 1321 684 1326 668 1312"/></Shape>
	    <String CONTENT="(١) شايلو ا"
                    HPOS="666"
                    VPOS="1283"
                    WIDTH="103"
                    HEIGHT="43"></String>
          </TextLine>
          
          
	  <TextLine ID="eSc_line_125625"
                    
                    BASELINE="434 1308 538 1310" 
                    HPOS="433"
                    VPOS="1284"
                    WIDTH="104"
                    HEIGHT="46">
            <Shape><Polygon POINTS="433 1307 435 1296 450 1284 463 1295 473 1284 501 1293 508 1286 527 1284 535 1290 537 1309 524 1322 503 1325 489 1319 476 1330 469 1324 458 1326 441 1314 434 1316"/></Shape>
	    <String CONTENT="(٢) مرني ا"
                    HPOS="433"
                    VPOS="1284"
                    WIDTH="104"
                    HEIGHT="46"></String>
          </TextLine>
          
          
	  <TextLine ID="eSc_line_125617"
                    
                    BASELINE="153 1308 195 1313 229 1308 308 1308" 
                    HPOS="152"
                    VPOS="1282"
                    WIDTH="155"
                    HEIGHT="46">
            <Shape><Polygon POINTS="152 1307 163 1295 179 1297 193 1283 214 1282 230 1289 251 1284 267 1290 279 1283 295 1283 304 1288 307 1307 304 1324 294 1319 276 1321 270 1315 245 1324 238 1316 224 1315 171 1328 153 1319"/></Shape>
	    <String CONTENT="(٣) بخدمتگاران ج"
                    HPOS="152"
                    VPOS="1282"
                    WIDTH="155"
                    HEIGHT="46"></String>
          </TextLine>
          </TextBlock>
          
        </PrintSpace>
      </Page>
    </Layout>
  </alto>
