<?xml version="1.0" encoding="UTF-8"?>
<alto xmlns:xsi="http://www.w3.org/2001/XMLSchema-instance"
      xmlns="http://www.loc.gov/standards/alto/ns-v4#"
      xsi:schemaLocation="http://www.loc.gov/standards/alto/ns-v4# https://gitlab.inria.fr/scripta/escriptorium/-/raw/develop/app/escriptorium/static/alto-4-1-baselines.xsd">
  <Description>
    <MeasurementUnit>pixel</MeasurementUnit>
    <sourceImageInformation>
      <fileName>29.jpg</fileName>
    </sourceImageInformation>
  </Description>
  
  <Tags>
    <OtherTag ID="BT1" LABEL="Title" DESCRIPTION="block type Title"/><OtherTag ID="BT2" LABEL="Main" DESCRIPTION="block type Main"/><OtherTag ID="BT3" LABEL="Commentary" DESCRIPTION="block type Commentary"/><OtherTag ID="BT4" LABEL="Illustration" DESCRIPTION="block type Illustration"/>
    
  </Tags>
  
  <Layout>
    <Page WIDTH="975"
          HEIGHT="1425"
          PHYSICAL_IMG_NR="28"
          ID="eSc_dummypage_">
      <PrintSpace HPOS="0"
                  VPOS="0"
                  WIDTH="975"
                  HEIGHT="1425">
        
        <TextBlock ID="eSc_dummyblock_">
          
	  <TextLine ID="eSc_line_125670"
                    
                    BASELINE="459 170 516 166 604 162" 
                    HPOS="458"
                    VPOS="137"
                    WIDTH="145"
                    HEIGHT="51">
            <Shape><Polygon POINTS="458 169 476 148 490 147 503 137 509 143 532 137 552 155 580 148 592 137 603 161 591 172 572 171 547 184 533 171 524 171 476 188 459 174"/></Shape>
	    <String CONTENT="احسن التواریخ"
                    HPOS="458"
                    VPOS="137"
                    WIDTH="145"
                    HEIGHT="51"></String>
          </TextLine>
          
          
	  <TextLine ID="eSc_line_125671"
                    
                    BASELINE="182 228 244 228 320 224 339 225 364 223 403 225 547 225 559 223 637 223 649 220 711 219 858 219 888 218" 
                    HPOS="181"
                    VPOS="185"
                    WIDTH="706"
                    HEIGHT="60">
            <Shape><Polygon POINTS="181 228 182 216 193 205 209 206 224 199 235 210 247 209 277 193 295 211 330 190 358 213 376 197 395 207 406 205 413 212 477 198 488 199 498 209 527 194 575 210 618 194 638 209 653 194 660 197 676 185 699 201 714 201 723 193 744 198 755 193 765 203 794 186 806 185 828 207 846 191 858 200 875 200 887 217 872 224 849 224 834 238 821 236 811 225 792 226 779 238 767 237 755 225 663 225 648 238 632 229 612 237 581 223 567 237 552 229 501 230 490 238 477 231 453 230 434 241 416 241 403 230 383 230 364 245 342 230 324 232 307 245 275 233 241 232 230 241 216 233 199 238 188 228"/></Shape>
	    <String CONTENT="معني اطّلاع نداشت امّا از حركات و سكنات والده برين صعني اطّلاع يافت والده"
                    HPOS="181"
                    VPOS="185"
                    WIDTH="706"
                    HEIGHT="60"></String>
          </TextLine>
          
          
	  <TextLine ID="eSc_line_125672"
                    
                    BASELINE="190 280 242 276 254 277 289 271 440 273 514 270 527 267 892 268" 
                    HPOS="188"
                    VPOS="236"
                    WIDTH="703"
                    HEIGHT="53">
            <Shape><Polygon POINTS="188 279 190 267 218 247 238 263 261 244 294 247 302 255 313 250 324 254 338 244 362 255 408 249 415 243 426 248 438 243 448 252 470 252 494 236 517 254 535 248 547 251 559 241 599 241 621 254 631 243 649 237 668 247 685 244 713 251 727 242 739 249 758 239 773 245 787 237 796 247 824 250 853 244 866 236 891 267 879 267 871 275 859 273 850 280 838 274 807 276 800 269 780 279 762 270 752 279 727 279 714 269 693 271 681 280 667 270 655 271 648 279 635 273 623 280 610 275 597 280 587 270 533 277 522 274 514 282 499 275 485 285 456 275 431 282 416 276 407 283 387 275 378 283 358 285 344 276 321 275 306 285 292 277 261 277 245 288 235 288 224 279 206 289 190 282"/></Shape>
	    <String CONTENT="را زجر و منع فرمود حمزه طالش را اهانت و آزار بسیار کرده پیوسته در اخفای این"
                    HPOS="188"
                    VPOS="236"
                    WIDTH="703"
                    HEIGHT="53"></String>
          </TextLine>
          
          
	  <TextLine ID="eSc_line_125673"
                    
                    BASELINE="186 325 238 324 250 326 280 319 318 319 366 314 596 315 608 312 653 309 830 311 858 305 888 302" 
                    HPOS="185"
                    VPOS="280"
                    WIDTH="702"
                    HEIGHT="53">
            <Shape><Polygon POINTS="185 324 188 313 218 290 239 307 255 296 277 298 287 306 300 294 325 299 363 289 372 299 382 300 391 290 408 288 428 304 437 295 461 299 478 283 490 285 508 301 521 300 546 286 562 302 580 285 600 288 612 282 630 299 644 285 667 280 676 289 699 293 714 283 735 296 764 282 780 290 793 283 800 289 809 287 825 299 849 280 862 289 874 288 887 301 871 312 851 312 831 327 812 312 800 318 784 315 777 321 764 315 755 320 738 315 724 324 706 314 685 325 668 314 651 315 631 327 613 314 603 323 586 315 568 331 549 318 540 327 532 327 515 326 504 317 484 317 469 324 441 323 432 315 414 326 369 319 339 324 327 320 311 328 287 318 277 327 258 333 236 331 228 324 199 332 188 324"/></Shape>
	    <String CONTENT="معني میکوشید و امیره اقای گیلاني ازین حکایت واقف شده بود روزی این"
                    HPOS="185"
                    VPOS="280"
                    WIDTH="702"
                    HEIGHT="53"></String>
          </TextLine>
          
          
	  <TextLine ID="eSc_line_125675"
                    
                    BASELINE="187 363 249 363 262 361 327 357 543 358 575 356 644 356 688 352 889 347" 
                    HPOS="186"
                    VPOS="324"
                    WIDTH="702"
                    HEIGHT="54">
            <Shape><Polygon POINTS="186 362 187 344 198 334 212 345 224 342 241 347 260 334 277 340 294 332 305 343 330 344 340 333 356 342 365 332 377 332 391 342 408 325 416 324 444 343 453 333 464 340 479 337 490 343 503 331 535 331 554 343 572 334 585 337 596 326 613 326 628 340 644 327 670 340 694 326 707 328 720 342 744 339 760 325 782 334 798 324 811 324 828 340 855 327 860 333 876 334 888 346 876 355 852 357 834 365 811 356 775 363 737 359 727 366 714 358 689 358 678 370 666 364 625 363 616 355 606 361 573 364 559 359 547 369 510 362 503 368 471 364 460 371 452 365 435 369 427 362 407 370 381 359 356 370 331 370 321 364 314 371 293 365 279 372 269 366 241 365 224 377 205 378 188 365"/></Shape>
	    <String CONTENT="سخن با لله بیگ و خادم بیگ گفت و ایشان بعرض نوّاب کامیاب رسانیدند میرزا"
                    HPOS="186"
                    VPOS="324"
                    WIDTH="702"
                    HEIGHT="54"></String>
          </TextLine>
          
          
	  <TextLine ID="eSc_line_125677"
                    
                    BASELINE="201 448 357 448 416 442 661 444 673 441 737 441 762 438 868 439 890 439" 
                    HPOS="200"
                    VPOS="410"
                    WIDTH="689"
                    HEIGHT="54">
            <Shape><Polygon POINTS="200 447 201 427 214 432 226 422 243 433 261 422 275 432 302 420 320 420 337 437 380 414 408 418 418 427 441 419 451 428 466 428 483 419 497 426 521 418 532 426 545 416 561 431 586 416 603 427 613 416 630 415 642 426 661 414 684 421 693 415 706 427 718 415 732 413 745 415 757 427 764 421 775 425 786 414 821 422 836 410 872 412 885 425 889 438 824 444 819 448 782 445 771 454 733 445 714 453 698 446 665 446 646 454 631 447 603 454 592 446 578 448 562 459 555 452 526 445 510 458 502 458 490 446 457 448 445 459 437 459 427 450 380 447 361 464 339 460 326 447 308 460 279 450 238 461 230 457 206 460 201 456"/></Shape>
	    <String CONTENT="شتافته بحضور خاقان اسکندر شان قسم یاد کرد که مرا مطلقًا ازین اراده خبر نبود"
                    HPOS="200"
                    VPOS="410"
                    WIDTH="689"
                    HEIGHT="54"></String>
          </TextLine>
          
          
	  <TextLine ID="eSc_line_125676"
                    
                    BASELINE="194 407 211 404 224 404 255 407 285 402 372 403 409 400 640 401 697 395 801 396 890 394" 
                    HPOS="193"
                    VPOS="362"
                    WIDTH="696"
                    HEIGHT="58">
            <Shape><Polygon POINTS="193 406 194 385 206 378 218 378 233 390 254 376 268 385 283 376 296 376 326 390 334 382 352 383 364 375 385 393 403 376 413 381 422 376 439 387 453 375 465 381 484 376 504 385 516 377 527 385 552 381 560 385 570 377 578 378 597 362 603 362 629 388 637 387 653 371 665 378 684 371 691 377 711 376 719 381 748 369 761 382 773 383 783 372 796 370 805 370 818 383 825 376 837 373 851 367 875 377 889 393 871 401 820 402 807 410 796 402 767 404 756 395 736 404 698 404 687 397 672 404 662 401 637 414 622 403 566 404 561 400 539 406 528 415 511 409 498 413 488 407 471 408 456 416 446 408 427 406 394 418 378 415 371 408 346 410 328 403 319 413 305 410 293 418 269 406 237 420 194 407"/></Shape>
	    <String CONTENT="محمّد واقف گشت که این مقدّمه معروض اشرف اعلی شده بدرگاه عالم پناه"
                    HPOS="193"
                    VPOS="362"
                    WIDTH="696"
                    HEIGHT="58"></String>
          </TextLine>
          
          
	  <TextLine ID="eSc_line_125682"
                    
                    BASELINE="198 491 347 490 365 496 389 496 441 495 457 492 469 494 510 490 567 491 593 485 825 485 853 489 884 489" 
                    HPOS="198"
                    VPOS="448"
                    WIDTH="686"
                    HEIGHT="63">
            <Shape><Polygon POINTS="198 491 199 471 218 457 239 473 266 465 275 475 298 471 311 483 339 464 347 464 363 479 397 472 407 478 419 475 428 483 448 466 464 464 471 464 483 476 513 469 536 477 556 458 579 471 592 459 609 471 618 464 629 469 636 461 653 471 667 457 681 464 699 458 712 471 731 457 743 459 760 473 796 448 820 470 847 464 866 473 877 472 884 489 877 499 869 501 859 492 828 497 813 485 792 490 774 502 758 491 745 495 733 489 717 499 711 494 699 497 692 490 675 491 663 485 628 499 612 490 598 501 584 488 566 492 556 502 536 495 513 505 498 499 485 505 469 494 459 503 441 508 426 497 420 503 406 497 399 503 368 504 353 492 336 495 323 507 306 491 270 511 251 495 200 497"/></Shape>
	    <String CONTENT="و چون اطّلاع يافتم والدۀ خود را منع و زجر کردم  و چون قسم ميرزا محمّد"
                    HPOS="198"
                    VPOS="448"
                    WIDTH="686"
                    HEIGHT="63"></String>
          </TextLine>
          
          
	  <TextLine ID="eSc_line_125683"
                    
                    BASELINE="188 541 230 543 268 539 300 537 527 539 573 533 629 534 688 528 783 529 814 524 847 526 862 523 888 524" 
                    HPOS="187"
                    VPOS="499"
                    WIDTH="700"
                    HEIGHT="54">
            <Shape><Polygon POINTS="187 540 209 516 243 526 258 510 270 513 281 508 299 521 312 508 324 514 343 508 359 523 375 508 385 513 395 508 412 523 429 505 441 508 450 503 472 522 496 503 511 517 526 513 536 522 559 501 578 514 589 503 602 511 617 504 625 511 649 514 706 510 714 503 725 503 737 515 757 501 763 505 784 501 793 505 809 499 827 508 839 501 857 508 879 507 887 523 878 535 852 532 839 540 828 539 817 527 795 527 762 543 711 533 685 541 676 533 646 547 621 533 610 542 596 545 578 542 568 534 547 547 535 537 515 546 471 546 463 537 451 537 442 543 432 542 419 553 397 539 381 540 368 549 352 548 345 541 328 541 311 549 304 542 290 547 270 540 252 552 232 543 222 549 210 546 199 551 188 543"/></Shape>
	    <String CONTENT="بصدق (١) اقتران يافت صورت قبول آن بر رای گیتي نمای اشرف اعلی و بر"
                    HPOS="187"
                    VPOS="499"
                    WIDTH="700"
                    HEIGHT="54"></String>
          </TextLine>
          
          
	  <TextLine ID="eSc_line_125684"
                    
                    BASELINE="552 573 568 571 850 571 888 570" 
                    HPOS="551"
                    VPOS="543"
                    WIDTH="336"
                    HEIGHT="44">
            <Shape><Polygon POINTS="551 572 553 555 566 556 581 547 610 546 618 553 634 546 644 554 662 547 676 554 710 546 724 546 731 553 756 553 769 546 796 556 809 543 831 543 843 554 864 553 876 546 883 552 887 570 840 585 830 579 802 583 789 574 767 584 758 575 737 578 727 572 704 578 693 586 679 581 661 587 643 585 635 578 552 578"/></Shape>
	    <String CONTENT="ضمير اركان دولت قاهره پرتو انداخته *"
                    HPOS="551"
                    VPOS="543"
                    WIDTH="336"
                    HEIGHT="44"></String>
          </TextLine>
          
          
	  <TextLine ID="eSc_line_125697"
                    
                    BASELINE="197 578 214 581 228 578 279 578" 
                    HPOS="197"
                    VPOS="552"
                    WIDTH="82"
                    HEIGHT="44">
            <Shape><Polygon POINTS="197 578 199 562 207 560 216 566 230 552 248 553 256 561 268 560 279 578 266 585 237 585 225 596 198 583"/></Shape>
	    <String CONTENT="* نظم *"
                    HPOS="197"
                    VPOS="552"
                    WIDTH="82"
                    HEIGHT="44"></String>
          </TextLine>
          
          
	  <TextLine ID="eSc_line_125685"
                    
                    BASELINE="553 617 689 619 758 613 794 617 811 613 844 617 887 612" 
                    HPOS="552"
                    VPOS="584"
                    WIDTH="333"
                    HEIGHT="46">
            <Shape><Polygon POINTS="552 616 561 599 571 600 580 591 596 600 621 602 637 592 654 600 673 596 686 602 700 589 726 599 733 594 746 599 777 590 789 602 803 590 830 600 846 584 864 594 878 594 885 611 859 630 849 625 834 630 821 621 801 622 788 630 771 621 744 629 727 621 704 621 693 630 665 622 615 630 599 623 585 630 568 627 556 617"/></Shape>
	    <String CONTENT="هر آن سخن که بود مقترن بصدق و صواب"
                    HPOS="552"
                    VPOS="584"
                    WIDTH="333"
                    HEIGHT="46"></String>
          </TextLine>
          
          
	  <TextLine ID="eSc_line_125698"
                    
                    BASELINE="192 624 213 624 383 624 395 622 423 621 435 617 459 619 501 619 515 617 529 617" 
                    HPOS="191"
                    VPOS="590"
                    WIDTH="337"
                    HEIGHT="47">
            <Shape><Polygon POINTS="191 623 209 602 219 597 233 596 256 615 287 596 304 605 317 598 330 606 356 593 370 603 383 590 393 590 407 602 425 603 433 596 456 594 477 609 491 596 502 603 513 600 528 616 501 632 491 631 479 621 450 630 406 627 396 621 378 635 361 625 340 635 328 623 304 636 288 627 261 637 250 636 239 627 228 635 217 629 205 637 192 632"/></Shape>
	    <String CONTENT="بود حقیقت آن نزد هر کسی ظاهر"
                    HPOS="191"
                    VPOS="590"
                    WIDTH="337"
                    HEIGHT="47"></String>
          </TextLine>
          
          
	  <TextLine ID="eSc_line_125686"
                    
                    BASELINE="196 667 268 666 362 667 470 661 864 662 888 660" 
                    HPOS="195"
                    VPOS="631"
                    WIDTH="692"
                    HEIGHT="50">
            <Shape><Polygon POINTS="195 666 197 657 218 636 236 648 248 644 263 653 279 638 287 638 314 654 331 643 356 647 366 637 380 647 401 637 409 644 421 647 428 642 445 632 453 638 479 646 497 636 509 643 522 636 540 641 556 636 564 643 574 634 593 635 604 646 612 640 629 643 644 634 665 649 680 634 694 642 725 643 737 631 751 631 769 649 782 648 801 634 819 651 845 632 869 644 881 643 887 659 876 672 838 665 831 672 815 674 802 666 783 675 765 665 732 670 699 663 666 675 649 665 628 675 604 675 594 666 567 672 556 665 543 675 535 675 527 667 510 669 502 665 421 668 404 678 390 672 382 678 370 670 337 670 318 681 304 674 282 681 252 668 235 679 222 674 205 679 197 672"/></Shape>
	    <String CONTENT="و بعضی این حکایت بایین طریق نقل کردند که محمّد برادر احمدي بیگ در آن"
                    HPOS="195"
                    VPOS="631"
                    WIDTH="692"
                    HEIGHT="50"></String>
          </TextLine>
          
          
	  <TextLine ID="eSc_line_125687"
                    
                    BASELINE="193 712 225 714 267 708 482 708 496 711 510 707 565 707 602 704 849 705 890 701" 
                    HPOS="192"
                    VPOS="670"
                    WIDTH="697"
                    HEIGHT="54">
            <Shape><Polygon POINTS="192 711 225 681 249 693 273 675 288 689 312 695 346 674 356 675 375 691 402 681 413 692 420 687 438 688 445 695 457 685 475 680 494 697 520 680 540 692 556 676 579 689 596 680 605 685 619 679 632 691 640 684 666 687 681 672 694 670 711 687 736 678 748 689 755 685 775 686 784 695 806 678 817 678 838 693 846 685 872 675 885 680 889 700 851 722 841 720 828 707 817 707 800 720 790 720 777 707 739 720 722 708 668 710 643 718 629 705 604 719 578 711 570 716 540 714 527 707 498 722 488 720 478 711 467 722 440 710 402 724 388 712 343 714 334 722 324 718 314 723 302 713 250 716 233 722 206 719 197 712"/></Shape>
	    <String CONTENT="تاریج ملازم میرزا محمّد بود الوند بیگ کس نزد میرزا محمّد و محمّد بیگ"
                    HPOS="192"
                    VPOS="670"
                    WIDTH="697"
                    HEIGHT="54"></String>
          </TextLine>
          
          
	  <TextLine ID="eSc_line_125688"
                    
                    BASELINE="200 756 254 756 293 758 306 755 399 754 410 751 610 752 686 749 724 750 773 746 840 748 888 743" 
                    HPOS="199"
                    VPOS="719"
                    WIDTH="688"
                    HEIGHT="52">
            <Shape><Polygon POINTS="199 755 204 737 232 726 250 739 264 741 280 729 293 741 309 732 334 744 343 737 370 738 377 731 393 729 416 742 427 731 440 737 446 732 460 737 475 733 484 742 503 723 526 729 532 724 579 742 597 724 618 730 640 722 650 732 707 720 718 731 733 723 749 737 767 722 787 726 799 722 809 732 822 736 839 720 857 719 866 729 876 720 883 722 887 742 869 760 826 746 812 762 799 755 790 760 773 754 757 761 746 752 731 762 722 752 714 758 699 758 692 752 661 755 647 750 629 765 618 758 591 762 580 755 570 764 554 757 494 763 488 757 473 756 458 765 445 762 434 767 416 752 406 760 357 763 345 762 336 754 327 761 306 762 296 769 285 769 268 758 243 771 232 762 200 760"/></Shape>
	    <String CONTENT="فرستاد و ايشان را بايالت اردبيل وخلخال موعود ساخت مشروط بر آنکه"
                    HPOS="199"
                    VPOS="719"
                    WIDTH="688"
                    HEIGHT="52"></String>
          </TextLine>
          
          
	  <TextLine ID="eSc_line_125689"
                    
                    BASELINE="192 803 251 799 456 800 504 795 703 793 725 789 857 789 888 792" 
                    HPOS="191"
                    VPOS="762"
                    WIDTH="696"
                    HEIGHT="53">
            <Shape><Polygon POINTS="191 802 228 765 249 776 268 764 281 775 294 775 309 790 330 780 355 777 362 783 383 762 390 762 412 780 429 782 445 770 457 782 465 777 498 780 507 788 532 767 547 768 556 777 566 769 578 775 590 767 604 781 613 771 629 768 644 777 659 767 675 770 685 763 699 771 710 764 725 779 741 764 755 764 767 774 789 763 809 770 821 765 833 777 846 764 863 763 883 775 887 790 883 795 859 794 839 805 824 795 770 802 749 796 737 807 722 800 711 805 699 793 692 793 679 805 666 805 642 793 624 808 603 793 583 807 571 800 561 807 546 799 521 803 511 796 497 809 482 801 451 814 431 799 402 803 366 800 340 813 320 815 300 800 275 811 251 803 209 813 198 802"/></Shape>
	    <String CONTENT="خاقان اسکندر شان را گرفته نزد او فرستند و میرزا محمّد درین قضیّه تأمّل"
                    HPOS="191"
                    VPOS="762"
                    WIDTH="696"
                    HEIGHT="53"></String>
          </TextLine>
          
          
	  <TextLine ID="eSc_line_125690"
                    
                    BASELINE="195 849 264 846 285 840 300 843 428 843 441 840 507 839 527 843 540 843 570 841 609 837 679 838 693 836 724 834 754 836 777 832 859 832 871 834 892 834" 
                    HPOS="194"
                    VPOS="800"
                    WIDTH="697"
                    HEIGHT="60">
            <Shape><Polygon POINTS="194 847 222 814 248 834 267 819 276 818 321 831 333 819 349 815 370 826 399 824 410 813 425 826 446 815 457 821 480 822 492 811 507 809 518 818 532 812 551 830 572 822 583 831 612 809 621 809 641 825 653 815 666 805 725 813 737 818 749 808 769 813 781 822 794 808 818 817 849 800 887 821 891 833 881 847 865 839 846 841 833 850 820 840 790 850 777 839 714 841 707 837 657 844 642 839 629 849 585 840 572 852 553 855 540 849 528 852 516 840 499 846 444 849 421 841 408 852 390 857 371 845 363 850 338 849 326 856 308 847 268 851 258 859 245 860 229 849 210 857 199 847"/></Shape>
	    <String CONTENT="و تفكّر بسيار داشت محمّد بيگ وى را گفت که غيرت طالش مقتضی آن"
                    HPOS="194"
                    VPOS="800"
                    WIDTH="697"
                    HEIGHT="60"></String>
          </TextLine>
          
          
	  <TextLine ID="eSc_line_125679"
                    
                    BASELINE="272 890 439 890 465 885 491 884 603 885 616 882 640 879 838 881 893 876" 
                    HPOS="271"
                    VPOS="852"
                    WIDTH="620"
                    HEIGHT="51">
            <Shape><Polygon POINTS="271 889 273 875 281 868 309 875 342 859 361 876 401 858 416 874 438 856 458 869 466 864 485 869 511 856 549 872 571 853 593 858 602 866 612 856 632 856 648 864 699 864 713 856 726 865 744 859 792 865 815 852 826 860 840 858 849 863 865 862 881 852 888 858 891 875 876 889 818 881 793 884 782 891 770 893 760 884 731 884 693 894 681 885 657 888 648 883 629 893 600 897 584 887 575 895 568 890 558 900 546 898 533 885 515 897 497 888 485 895 465 887 448 898 440 891 414 900 402 889 389 890 376 900 355 900 345 891 336 891 313 903 306 903 294 891 285 894 277 889"/></Shape>
	    <String CONTENT="نیست که جهت حكومت دنيای فاني مرتكب چنين امری شوي *"
                    HPOS="271"
                    VPOS="852"
                    WIDTH="620"
                    HEIGHT="51"></String>
          </TextLine>
          
          
	  <TextLine ID="eSc_line_125680"
                    
                    BASELINE="560 926 597 925 609 922 792 922" 
                    HPOS="559"
                    VPOS="895"
                    WIDTH="231"
                    HEIGHT="41">
            <Shape><Polygon POINTS="559 925 560 916 574 903 590 901 602 906 625 897 635 907 654 904 662 897 676 903 685 895 699 895 711 907 724 901 735 906 751 896 765 907 777 900 787 907 790 921 765 936 733 925 717 935 698 926 681 936 662 928 648 933 630 927 597 935 568 931 562 925"/></Shape>
	    <String CONTENT="هر که در کارها بد اندیشد"
                    HPOS="559"
                    VPOS="895"
                    WIDTH="231"
                    HEIGHT="41"></String>
          </TextLine>
          
          
	  <TextLine ID="eSc_line_125694"
                    
                    BASELINE="301 929 409 929 426 933 529 930" 
                    HPOS="300"
                    VPOS="900"
                    WIDTH="228"
                    HEIGHT="42">
            <Shape><Polygon POINTS="300 928 301 917 319 903 333 910 350 903 362 910 377 904 391 910 409 901 427 917 438 920 454 903 472 900 490 917 497 912 520 910 528 929 511 940 490 941 476 932 445 942 432 942 421 933 406 934 394 942 380 935 362 940 351 934 331 941 302 932"/></Shape>
	    <String CONTENT="روی نیکی دگر کجا بیند"
                    HPOS="300"
                    VPOS="900"
                    WIDTH="228"
                    HEIGHT="42"></String>
          </TextLine>
          
          
	  <TextLine ID="eSc_line_125696"
                    
                    BASELINE="561 967 623 971 635 969 725 967 737 965 750 965 762 967 794 967" 
                    HPOS="561"
                    VPOS="939"
                    WIDTH="233"
                    HEIGHT="44">
            <Shape><Polygon POINTS="561 967 584 942 612 954 623 944 643 950 653 942 665 951 685 948 694 953 710 939 724 940 733 948 748 939 763 948 783 948 794 967 758 980 743 971 685 977 661 969 641 982 619 973 609 983 585 974 573 977 562 969"/></Shape>
	    <String CONTENT="ميوۀ منفعت کجا چیند"
                    HPOS="561"
                    VPOS="939"
                    WIDTH="233"
                    HEIGHT="44"></String>
          </TextLine>
          
          
	  <TextLine ID="eSc_line_125692"
                    
                    BASELINE="303 973 320 974 376 974 410 970 531 968" 
                    HPOS="302"
                    VPOS="938"
                    WIDTH="228"
                    HEIGHT="51">
            <Shape><Polygon POINTS="302 972 304 960 323 946 334 947 351 964 381 938 420 963 445 945 459 947 470 958 494 945 503 954 513 948 520 951 530 967 505 985 489 976 478 978 469 969 441 989 412 977 388 978 378 988 363 989 351 989 338 977 315 988 305 978"/></Shape>
	    <String CONTENT="هر که شاخ مضرّتى کارد"
                    HPOS="302"
                    VPOS="938"
                    WIDTH="228"
                    HEIGHT="51"></String>
          </TextLine>
          
          
	  <TextLine ID="eSc_line_125691"
                    
                    BASELINE="203 1028 263 1028 279 1026 370 1022 510 1023 522 1021 653 1021 665 1023 712 1023 724 1018 754 1017 896 1017" 
                    HPOS="201"
                    VPOS="982"
                    WIDTH="694"
                    HEIGHT="58">
            <Shape><Polygon POINTS="201 1027 203 1016 228 999 236 997 252 1007 275 988 298 1007 309 1001 319 1010 338 1003 350 1008 362 997 390 1004 404 997 420 1011 435 995 447 999 459 996 467 1004 485 988 510 1002 524 990 553 993 560 999 572 993 580 1001 594 993 605 1004 615 997 625 1003 640 995 657 1010 675 1002 704 1007 719 992 736 1001 754 997 761 1002 779 984 789 982 811 1001 820 999 830 990 845 1001 887 999 895 1016 882 1028 866 1021 843 1034 832 1034 821 1023 786 1028 762 1020 754 1027 722 1024 707 1034 693 1027 663 1033 653 1023 624 1034 608 1024 591 1033 580 1023 564 1037 551 1029 540 1034 530 1024 511 1029 494 1022 475 1034 460 1026 426 1033 419 1026 397 1040 378 1029 342 1033 319 1024 244 1036 216 1035 203 1027"/></Shape>
	    <String CONTENT="و میرزا محمّد بسخن وی خود را از ارتکاب آن فعل باز داشت محمّد بیگ"
                    HPOS="201"
                    VPOS="982"
                    WIDTH="694"
                    HEIGHT="58"></String>
          </TextLine>
          
          
	  <TextLine ID="eSc_line_125693"
                    
                    BASELINE="204 1072 233 1069 276 1071 315 1068 382 1068 394 1066 432 1065 598 1066 708 1062 780 1062 807 1060 858 1066 898 1062" 
                    HPOS="203"
                    VPOS="1034"
                    WIDTH="694"
                    HEIGHT="51">
            <Shape><Polygon POINTS="203 1071 204 1058 219 1042 237 1042 269 1058 290 1042 304 1049 327 1052 339 1042 352 1049 359 1043 370 1053 385 1037 404 1048 450 1039 475 1054 491 1039 508 1039 517 1048 536 1036 560 1042 571 1037 583 1049 597 1036 623 1039 635 1049 665 1039 695 1050 703 1043 720 1043 729 1035 745 1037 756 1048 777 1037 784 1045 796 1034 814 1047 832 1035 856 1050 885 1034 894 1042 897 1061 895 1068 890 1064 872 1075 862 1075 850 1066 832 1073 799 1075 784 1061 765 1074 737 1067 717 1074 697 1065 688 1073 678 1069 665 1079 635 1068 605 1069 592 1079 574 1069 539 1069 520 1078 499 1071 488 1080 473 1075 460 1080 451 1071 429 1077 401 1065 380 1080 355 1073 337 1074 326 1083 304 1071 288 1085 257 1079 245 1083 238 1075 222 1084 205 1083"/></Shape>
	    <String CONTENT="این خبر را در خلوت بعرض خاقان اسکندر شان رسانیده آن حضرت ازین رهگذر"
                    HPOS="203"
                    VPOS="1034"
                    WIDTH="694"
                    HEIGHT="51"></String>
          </TextLine>
          
          
	  <TextLine ID="eSc_line_125681"
                    
                    BASELINE="304 1112 363 1112 375 1115 446 1117 459 1112 554 1112 566 1107 692 1109 760 1103 894 1103" 
                    HPOS="302"
                    VPOS="1075"
                    WIDTH="591"
                    HEIGHT="57">
            <Shape><Polygon POINTS="302 1111 309 1094 325 1096 344 1086 370 1104 388 1091 401 1096 422 1083 445 1100 469 1092 483 1094 502 1084 511 1091 530 1084 545 1098 565 1085 586 1093 594 1087 605 1092 618 1090 635 1100 655 1088 667 1093 680 1079 703 1079 714 1087 726 1077 743 1085 763 1079 770 1086 795 1079 803 1087 817 1075 840 1085 857 1078 866 1087 876 1080 893 1102 875 1122 866 1124 836 1110 807 1115 800 1109 771 1112 763 1107 730 1110 710 1122 694 1111 678 1117 661 1111 641 1123 621 1117 597 1122 590 1115 572 1119 564 1115 552 1124 541 1123 533 1115 505 1113 473 1124 438 1122 413 1126 395 1115 370 1132 353 1116 315 1119 304 1111"/></Shape>
	    <String CONTENT="خوشحال شد که اگر غافل می بود یمکن که قصوری واقع مي شد *"
                    HPOS="302"
                    VPOS="1075"
                    WIDTH="591"
                    HEIGHT="57"></String>
          </TextLine>
          
          
	  <TextLine ID="eSc_line_125695"
                    
                    BASELINE="200 1171 208 1170 229 1169 253 1170 274 1169 546 1170 580 1164 853 1162" 
                    HPOS="199"
                    VPOS="1128"
                    WIDTH="653"
                    HEIGHT="58">
            <Shape><Polygon POINTS="199 1170 200 1161 218 1143 245 1154 264 1143 276 1150 298 1142 312 1151 320 1143 332 1149 351 1132 376 1151 401 1142 414 1154 426 1148 446 1153 472 1141 491 1156 517 1138 534 1151 549 1137 564 1149 581 1138 596 1144 621 1136 630 1142 642 1137 651 1145 668 1137 678 1147 695 1149 722 1130 735 1128 748 1141 757 1132 768 1132 775 1140 787 1136 794 1143 832 1140 852 1161 838 1174 793 1166 776 1180 763 1170 749 1178 737 1168 724 1178 706 1180 675 1168 661 1176 646 1176 638 1170 597 1167 559 1181 522 1169 492 1183 476 1173 457 1182 445 1170 404 1186 388 1172 328 1172 314 1183 299 1174 281 1176 273 1172 257 1176 247 1173 218 1186 201 1176"/></Shape>
	    <String CONTENT="و بعد از آن فرّخ یسار پادشاه شیروان کس نزد میرزا محمّد فرستاد که هزار"
                    HPOS="199"
                    VPOS="1128"
                    WIDTH="653"
                    HEIGHT="58"></String>
          </TextLine>
          
          
	  <TextLine ID="eSc_line_125678"
                    
                    BASELINE="205 1213 312 1212 469 1213 566 1207 796 1208 856 1207 876 1204 898 1204" 
                    HPOS="204"
                    VPOS="1178"
                    WIDTH="693"
                    HEIGHT="55">
            <Shape><Polygon POINTS="204 1212 211 1204 239 1194 247 1199 271 1187 282 1194 295 1186 311 1189 325 1183 344 1198 356 1186 368 1194 376 1187 390 1194 410 1186 422 1197 437 1185 452 1198 469 1183 483 1185 494 1194 513 1183 536 1187 548 1182 560 1193 573 1181 586 1181 602 1185 613 1197 636 1181 651 1191 665 1179 679 1188 697 1179 707 1189 723 1192 741 1180 763 1197 782 1179 805 1188 833 1179 845 1189 856 1179 875 1185 890 1178 897 1202 879 1220 871 1220 863 1212 857 1218 840 1214 830 1223 819 1212 806 1212 787 1223 763 1223 744 1212 731 1221 714 1214 707 1219 695 1217 682 1229 669 1218 657 1227 641 1212 629 1217 618 1210 604 1219 581 1214 566 1226 551 1216 518 1217 497 1225 476 1219 444 1229 433 1229 423 1219 404 1219 389 1233 372 1224 351 1227 334 1218 323 1219 309 1232 282 1218 267 1229 239 1220 226 1233 216 1232 206 1223"/></Shape>
	    <String CONTENT="تومان نقد برای تو میفرستم که خاقان اسکندر شان را با برادران گرفته نزد من"
                    HPOS="204"
                    VPOS="1178"
                    WIDTH="693"
                    HEIGHT="55"></String>
          </TextLine>
          
          
	  <TextLine ID="eSc_line_125699"
                    
                    BASELINE="502 1301 620 1303" 
                    HPOS="501"
                    VPOS="1271"
                    WIDTH="118"
                    HEIGHT="45">
            <Shape><Polygon POINTS="501 1300 503 1275 517 1283 536 1284 548 1273 560 1271 578 1277 604 1273 617 1286 619 1302 616 1316 598 1308 534 1314 527 1307 517 1312 502 1307"/></Shape>
	    <String CONTENT="(١) اقران ب ا"
                    HPOS="501"
                    VPOS="1271"
                    WIDTH="118"
                    HEIGHT="45"></String>
          </TextLine>
          </TextBlock>
          
        </PrintSpace>
      </Page>
    </Layout>
  </alto>
