<?xml version="1.0" encoding="UTF-8"?>
<alto xmlns:xsi="http://www.w3.org/2001/XMLSchema-instance"
      xmlns="http://www.loc.gov/standards/alto/ns-v4#"
      xsi:schemaLocation="http://www.loc.gov/standards/alto/ns-v4# https://gitlab.inria.fr/scripta/escriptorium/-/raw/develop/app/escriptorium/static/alto-4-1-baselines.xsd">
  <Description>
    <MeasurementUnit>pixel</MeasurementUnit>
    <sourceImageInformation>
      <fileName>3.jpg</fileName>
    </sourceImageInformation>
  </Description>
  
  <Tags>
    <OtherTag ID="BT1" LABEL="Title" DESCRIPTION="block type Title"/><OtherTag ID="BT2" LABEL="Main" DESCRIPTION="block type Main"/><OtherTag ID="BT3" LABEL="Commentary" DESCRIPTION="block type Commentary"/><OtherTag ID="BT4" LABEL="Illustration" DESCRIPTION="block type Illustration"/>
    
  </Tags>
  
  <Layout>
    <Page WIDTH="975"
          HEIGHT="1425"
          PHYSICAL_IMG_NR="2"
          ID="eSc_dummypage_">
      <PrintSpace HPOS="0"
                  VPOS="0"
                  WIDTH="975"
                  HEIGHT="1425">
        
        <TextBlock ID="eSc_dummyblock_">
          
	  <TextLine ID="eSc_line_120835"
                    
                    BASELINE="458 127 476 124 601 124" 
                    HPOS="457"
                    VPOS="92"
                    WIDTH="143"
                    HEIGHT="48">
            <Shape><Polygon POINTS="457 125 460 105 470 99 485 102 495 92 503 98 529 96 543 110 587 96 597 105 600 123 586 130 556 130 545 138 527 129 480 134 473 140 458 135"/></Shape>
	    <String CONTENT="احسن التواريخ"
                    HPOS="457"
                    VPOS="92"
                    WIDTH="143"
                    HEIGHT="48"></String>
          </TextLine>
          
          
	  <TextLine ID="eSc_line_120834"
                    
                    BASELINE="184 106 207 109" 
                    HPOS="184"
                    VPOS="87"
                    WIDTH="22"
                    HEIGHT="31">
            <Shape><Polygon POINTS="184 106 188 87 206 89 205 112 184 118"/></Shape>
	    <String CONTENT="3"
                    HPOS="184"
                    VPOS="87"
                    WIDTH="22"
                    HEIGHT="31"></String>
          </TextLine>
          
          
	  <TextLine ID="eSc_line_120836"
                    
                    BASELINE="185 168 220 167 307 173 408 173 457 175 469 178 868 188" 
                    HPOS="184"
                    VPOS="136"
                    WIDTH="682"
                    HEIGHT="65">
            <Shape><Polygon POINTS="184 167 186 146 197 136 236 153 254 137 273 150 304 155 321 142 338 159 366 143 384 144 399 157 412 152 444 153 452 146 470 153 485 144 499 154 513 149 522 159 548 149 581 153 590 161 603 150 616 155 636 153 643 160 684 153 697 166 714 153 732 155 744 168 767 156 786 163 800 162 811 173 824 161 845 162 852 157 864 169 866 187 862 194 830 195 818 201 802 191 795 195 756 193 742 198 731 187 698 197 687 187 670 194 640 182 623 195 608 195 599 190 574 194 553 181 535 195 527 188 494 186 486 179 473 190 456 182 438 187 423 178 412 179 402 188 389 178 363 178 355 186 339 186 326 174 302 187 282 172 251 179 232 167 219 174 195 171 185 179"/></Shape>
	    <String CONTENT="خاقان اسکندر شان نهاده او را روانۀ اردبیل گردانید در اثنای این حال عساکر"
                    HPOS="184"
                    VPOS="136"
                    WIDTH="682"
                    HEIGHT="65"></String>
          </TextLine>
          
          
	  <TextLine ID="eSc_line_120838"
                    
                    BASELINE="181 213 211 210 292 210 357 216 871 229" 
                    HPOS="180"
                    VPOS="176"
                    WIDTH="690"
                    HEIGHT="68">
            <Shape><Polygon POINTS="180 212 182 195 200 181 235 193 250 179 262 176 275 187 287 185 294 193 312 191 323 197 332 190 345 198 359 187 410 187 426 204 454 193 469 201 486 199 494 192 518 213 532 201 577 210 603 195 618 199 629 209 636 203 653 207 662 199 672 205 692 201 701 207 717 200 731 214 743 203 757 203 764 209 771 201 789 219 806 203 819 201 850 216 865 217 870 228 859 238 809 236 793 244 780 235 730 243 719 233 647 237 632 228 597 236 571 229 561 236 549 229 517 236 505 231 501 236 483 224 465 235 448 225 421 235 407 222 349 218 331 219 318 230 302 218 283 218 266 228 239 213 223 222 206 216 190 224 181 220"/></Shape>
	    <String CONTENT="مخالفان نمایان شدند ایبه سلطان جمعی را در کمین کذاشته خود متوجّه میدان"
                    HPOS="180"
                    VPOS="176"
                    WIDTH="690"
                    HEIGHT="68"></String>
          </TextLine>
          
          
	  <TextLine ID="eSc_line_120840"
                    
                    BASELINE="184 252 273 252 309 258 401 258 437 263 530 262 564 269 615 268 648 273 745 271 788 274 800 279 814 276 865 277" 
                    HPOS="182"
                    VPOS="224"
                    WIDTH="682"
                    HEIGHT="66">
            <Shape><Polygon POINTS="182 251 185 233 249 233 256 226 266 231 292 224 309 242 325 232 352 245 368 232 383 231 415 243 425 241 437 251 454 233 482 250 489 243 508 243 518 235 545 243 556 239 575 258 597 241 619 254 641 241 691 257 700 250 725 252 743 243 752 251 770 243 787 257 808 260 822 260 837 248 857 249 864 276 857 282 832 287 819 283 807 290 799 282 752 283 742 274 725 286 703 281 678 283 668 275 629 283 612 273 579 285 568 276 556 279 549 271 509 267 483 277 435 275 426 266 372 266 358 270 344 261 311 267 295 256 282 268 264 258 232 261 223 256 211 266 184 262"/></Shape>
	    <String CONTENT="قتال و جدال گردید و سلطان علي پادشاه در برابر مخالفان صف آرا شده چون"
                    HPOS="182"
                    VPOS="224"
                    WIDTH="682"
                    HEIGHT="66"></String>
          </TextLine>
          
          
	  <TextLine ID="eSc_line_120841"
                    
                    BASELINE="179 294 232 301 245 301 261 305 491 305 548 311 629 311 643 308 662 317 678 314 692 315 704 313 719 320 831 319 865 321" 
                    HPOS="179"
                    VPOS="267"
                    WIDTH="686"
                    HEIGHT="66">
            <Shape><Polygon POINTS="179 294 182 275 193 279 207 267 257 287 276 283 287 273 301 282 332 281 342 289 366 281 384 283 393 275 404 283 423 277 440 288 452 277 464 277 483 288 489 282 510 282 524 295 545 281 555 281 564 290 574 283 594 283 603 292 618 292 646 281 665 298 674 288 710 290 723 304 738 288 761 289 771 301 782 299 798 306 814 294 826 300 839 295 860 306 865 321 850 333 821 324 801 332 783 325 763 332 752 326 717 330 710 324 688 324 679 332 646 317 552 314 527 324 505 314 466 315 454 308 433 311 423 306 403 307 387 323 369 311 353 324 334 311 299 313 290 306 281 314 255 315 243 306 229 309 218 308 207 299 193 304 180 300"/></Shape>
	    <String CONTENT="چشمش بر لولی ایشان افتاد مانند شیر خشمناک که از هيچ چيز ترس وباک"
                    HPOS="179"
                    VPOS="267"
                    WIDTH="686"
                    HEIGHT="66"></String>
          </TextLine>
          
          
	  <TextLine ID="eSc_line_120842"
                    
                    BASELINE="180 339 238 338 271 344 352 343 404 349 446 347 527 353 613 352 627 355 672 357 731 357 743 359 807 361 820 363 834 362 865 353" 
                    HPOS="180"
                    VPOS="313"
                    WIDTH="685"
                    HEIGHT="61">
            <Shape><Polygon POINTS="180 339 184 313 211 313 224 323 242 314 257 330 283 314 293 324 308 315 320 321 340 321 353 330 372 323 381 331 401 318 413 328 437 330 447 321 460 323 471 333 483 321 490 321 523 337 537 323 559 323 578 337 603 323 631 338 646 327 682 349 705 330 725 339 750 339 755 344 775 334 789 336 798 345 815 336 834 336 844 342 858 337 865 353 860 371 793 372 782 366 752 365 724 374 712 364 688 370 680 362 650 365 625 356 604 372 590 363 561 358 541 365 517 357 507 364 496 356 471 363 454 356 432 364 422 353 415 353 404 362 391 355 374 361 368 357 358 364 352 359 338 363 321 347 285 359 277 355 254 355 243 346 216 355 200 342 194 346 181 345"/></Shape>
	    <String CONTENT="نداشته باشد بدیشان حمله کرده صفوف بدان کثرت را برهم زده کار زاری نمود که"
                    HPOS="180"
                    VPOS="313"
                    WIDTH="685"
                    HEIGHT="61"></String>
          </TextLine>
          
          
	  <TextLine ID="eSc_line_120843"
                    
                    BASELINE="175 385 283 385 338 389 355 393 368 390 461 390 497 397 526 395 579 396 649 401 704 400 730 402 746 406 855 403" 
                    HPOS="175"
                    VPOS="353"
                    WIDTH="680"
                    HEIGHT="68">
            <Shape><Polygon POINTS="175 385 178 370 197 355 220 363 236 353 249 366 266 359 300 375 339 366 362 370 369 363 396 363 404 371 416 362 428 362 441 372 452 369 459 376 479 364 499 381 523 363 535 375 565 369 577 377 585 370 596 370 604 378 630 382 644 370 665 383 675 375 695 378 713 369 724 380 732 375 752 389 779 378 800 393 817 377 827 377 833 383 844 378 852 385 855 403 851 414 819 412 811 419 784 420 773 412 761 421 752 414 742 418 733 409 711 406 663 413 655 404 649 410 627 404 610 416 590 403 571 413 560 403 543 406 528 399 503 407 492 399 466 397 453 407 431 394 402 396 376 406 357 394 334 394 326 402 313 403 304 402 293 391 273 403 257 389 247 396 231 388 217 397 201 391 188 397 176 394"/></Shape>
	    <String CONTENT="داستان رسنم و اسفندیار منسوخ گردانید آن حضرت گاه بتیغ مصري سرها و گردنان"
                    HPOS="175"
                    VPOS="353"
                    WIDTH="680"
                    HEIGHT="68"></String>
          </TextLine>
          
          
	  <TextLine ID="eSc_line_120869"
                    
                    BASELINE="176 425 864 447" 
                    HPOS="175"
                    VPOS="400"
                    WIDTH="688"
                    HEIGHT="69">
            <Shape><Polygon POINTS="175 423 178 414 184 415 206 400 220 409 254 408 263 414 276 402 321 402 333 413 349 402 369 415 394 420 423 408 437 418 457 421 463 416 485 419 499 408 528 428 552 410 560 418 577 414 599 431 616 418 630 420 636 415 650 416 660 427 678 426 686 418 708 418 716 425 732 418 756 433 787 419 802 434 821 428 839 434 852 425 859 426 863 446 849 466 839 469 826 458 807 463 790 453 771 460 743 459 736 452 719 452 711 445 692 447 684 442 654 459 644 450 606 458 575 445 554 454 536 453 521 445 505 451 495 442 471 445 457 437 432 447 421 442 410 450 356 438 321 446 311 437 293 442 283 434 263 444 248 439 228 444 217 439 210 444 199 434 187 444 176 441"/></Shape>
	    <String CONTENT="از بدن طاق و گاه (۱) بر تنهای دلاوران جفت میکرد و بخار پیکان تیر بر پیراهن"
                    HPOS="175"
                    VPOS="400"
                    WIDTH="688"
                    HEIGHT="69"></String>
          </TextLine>
          
          
	  <TextLine ID="eSc_line_120848"
                    
                    BASELINE="175 472 263 471 294 476 321 476 333 478 382 482 476 480 511 486 612 485 641 490 708 490 767 496 793 496 819 501 861 498" 
                    HPOS="174"
                    VPOS="442"
                    WIDTH="686"
                    HEIGHT="68">
            <Shape><Polygon POINTS="174 471 176 450 190 442 203 453 214 450 224 458 241 444 254 457 271 447 286 450 298 444 323 466 345 448 388 460 397 451 409 458 420 454 428 459 440 450 451 460 464 456 485 466 499 453 516 458 530 470 559 463 604 472 618 458 634 458 650 475 667 460 675 464 684 459 695 471 722 473 735 465 743 473 757 473 763 479 789 475 805 483 814 473 822 473 856 482 860 497 843 510 817 509 807 499 795 509 767 505 756 498 737 503 718 497 686 502 679 495 654 499 647 494 631 499 621 490 603 495 591 491 585 497 575 494 564 499 545 492 537 499 528 499 513 492 505 498 469 484 441 497 429 485 380 494 343 483 325 491 290 477 276 486 243 478 230 486 216 476 199 483 184 479 175 484"/></Shape>
	    <String CONTENT="وجود چون صبا صدر گل چاک میزد و بنوک نیزۀ خونریز قبای بقأ را بسان صرصر"
                    HPOS="174"
                    VPOS="442"
                    WIDTH="686"
                    HEIGHT="68"></String>
          </TextLine>
          
          
	  <TextLine ID="eSc_line_120849"
                    
                    BASELINE="169 511 199 515 274 515 337 520 376 518 390 522 415 524 485 523 552 529 619 528 644 534 717 533 787 539 846 539" 
                    HPOS="169"
                    VPOS="485"
                    WIDTH="677"
                    HEIGHT="66">
            <Shape><Polygon POINTS="169 511 172 490 199 494 217 488 236 498 251 497 273 486 288 489 306 503 318 492 339 485 357 505 366 498 376 502 393 496 406 507 423 504 448 510 480 498 502 509 516 497 532 507 551 502 562 510 579 497 600 518 622 504 647 511 660 504 684 523 695 511 750 517 780 510 799 523 809 514 828 510 844 523 846 539 843 547 825 545 806 551 783 539 774 545 750 537 739 548 725 547 720 541 707 548 687 536 674 546 651 549 635 537 609 548 597 535 584 539 567 529 540 534 532 542 507 529 489 541 477 539 470 530 448 532 437 540 397 534 388 527 365 537 353 536 339 524 271 524 264 518 231 532 216 522 184 522 171 514"/></Shape>
	    <String CONTENT="خفتان لاله میدرید و از شاخ بقأ شکوفهٔ حیات چون باد بر خاک فنأ میریخت"
                    HPOS="169"
                    VPOS="485"
                    WIDTH="677"
                    HEIGHT="66"></String>
          </TextLine>
          
          
	  <TextLine ID="eSc_line_120851"
                    
                    BASELINE="165 564 201 559 214 559 228 564 243 561 325 561 381 565 433 572 553 571 592 578 608 575 647 577 675 574 687 578 731 581 808 580 856 586" 
                    HPOS="163"
                    VPOS="526"
                    WIDTH="692"
                    HEIGHT="71">
            <Shape><Polygon POINTS="163 562 166 548 175 540 185 542 195 532 216 526 232 541 241 534 263 541 280 534 308 545 337 542 349 547 363 539 374 547 393 536 410 555 438 546 458 559 494 537 499 537 517 555 528 546 543 549 553 545 590 564 604 560 622 546 649 562 673 546 693 564 708 554 723 562 733 553 746 560 764 549 777 562 826 561 840 571 852 568 855 585 847 597 817 596 809 589 795 594 768 581 755 591 737 587 723 594 712 587 693 591 684 581 663 589 648 580 589 579 574 589 564 578 516 584 504 574 498 579 484 574 457 584 435 571 421 585 409 587 393 571 366 580 351 571 314 570 301 574 267 565 249 579 238 568 228 575 213 564 198 564 175 573 166 562"/></Shape>
	    <String CONTENT="و بحدید آبدار در دل سنگ و سندان آتشی مي افروخت و بباد زخم آتش"
                    HPOS="163"
                    VPOS="526"
                    WIDTH="692"
                    HEIGHT="71"></String>
          </TextLine>
          
          
	  <TextLine ID="eSc_line_120853"
                    
                    BASELINE="174 604 328 604 356 610 439 609 490 615 520 615 549 619 586 618 603 624 644 624 667 627 737 625 763 629 831 629 851 625" 
                    HPOS="174"
                    VPOS="571"
                    WIDTH="677"
                    HEIGHT="69">
            <Shape><Polygon POINTS="174 604 176 585 201 571 222 591 238 585 271 586 277 592 293 586 300 591 313 578 332 578 352 594 362 585 376 586 387 578 402 592 409 586 429 584 438 593 472 597 490 583 501 584 524 603 541 603 559 594 586 605 598 598 622 599 636 585 661 606 685 603 697 610 712 609 733 594 765 611 781 610 788 603 812 610 826 600 849 603 851 625 846 635 826 634 817 640 799 634 764 638 739 628 722 628 708 636 691 630 681 636 650 636 640 625 611 624 585 636 573 624 562 622 535 631 518 619 492 617 465 622 454 616 425 627 414 617 399 617 393 611 384 618 368 619 353 610 340 615 317 611 307 618 279 618 264 610 256 618 245 613 225 619 214 610 175 609"/></Shape>
	    <String CONTENT="فشان خون دشمن چون آب بر صحن خاک میراند ایبه سلطان و حسین بیگ"
                    HPOS="174"
                    VPOS="571"
                    WIDTH="677"
                    HEIGHT="69"></String>
          </TextLine>
          
          
	  <TextLine ID="eSc_line_120854"
                    
                    BASELINE="171 646 275 649 326 653 407 653 467 657 490 656 503 662 548 661 562 662 583 668 597 666 746 666 781 669 851 669" 
                    HPOS="171"
                    VPOS="616"
                    WIDTH="680"
                    HEIGHT="68">
            <Shape><Polygon POINTS="171 646 172 628 185 619 195 624 214 616 231 631 242 625 249 632 268 618 279 624 305 624 315 635 328 625 342 624 356 625 363 635 378 627 397 632 414 622 428 635 440 625 451 629 472 646 498 632 527 643 537 632 549 641 567 635 581 649 613 643 622 648 634 641 655 642 666 635 672 641 680 638 693 651 716 634 733 649 758 641 781 659 800 641 819 643 825 649 831 644 851 669 828 682 801 676 790 684 775 682 762 670 739 678 722 668 705 676 694 676 685 667 676 675 644 675 624 666 613 675 592 676 572 666 545 670 540 667 528 673 522 667 503 672 490 665 478 672 465 668 454 657 441 669 429 669 415 660 397 668 359 655 328 657 317 666 301 657 286 663 269 653 243 662 236 657 220 659 212 650 199 662 185 655 172 656"/></Shape>
	    <String CONTENT="عليخانی تاب آن نيارده روى ادبار بوادی فرار آوردند لشكر قزلباش وغازيان"
                    HPOS="171"
                    VPOS="616"
                    WIDTH="680"
                    HEIGHT="68"></String>
          </TextLine>
          
          
	  <TextLine ID="eSc_line_120855"
                    
                    BASELINE="174 687 192 691 248 691 260 688 280 694 293 695 343 694 383 700 452 699 508 705 630 704 647 707 691 710 718 708 752 716 767 713 844 715 853 715" 
                    HPOS="173"
                    VPOS="662"
                    WIDTH="679"
                    HEIGHT="67">
            <Shape><Polygon POINTS="173 686 175 666 186 662 199 673 212 662 231 663 248 675 256 667 270 673 281 665 295 675 309 666 321 678 336 667 347 670 355 666 362 674 370 667 393 688 407 680 463 685 483 673 503 681 528 674 542 681 555 674 562 682 583 680 617 693 647 689 656 681 680 680 698 681 711 697 742 682 758 694 794 691 807 699 830 682 841 680 850 688 852 714 843 722 808 729 788 719 755 726 741 714 722 726 705 724 689 708 672 708 661 716 632 716 622 726 615 726 598 708 552 717 536 714 529 707 522 714 507 717 485 706 457 713 414 704 401 711 375 706 361 716 346 700 330 700 320 708 311 708 305 703 294 706 283 698 264 704 248 693 232 700 194 700 185 693 174 694"/></Shape>
	    <String CONTENT="قلّاش بجمع کردن (۲) کسیب مشغول گردیدند و جمعی از لشکریان ایبه سلطان که"
                    HPOS="173"
                    VPOS="662"
                    WIDTH="679"
                    HEIGHT="67"></String>
          </TextLine>
          
          
	  <TextLine ID="eSc_line_120859"
                    
                    BASELINE="153 729 489 748 594 746 606 749 666 752 713 751 768 757 847 757" 
                    HPOS="152"
                    VPOS="701"
                    WIDTH="694"
                    HEIGHT="72">
            <Shape><Polygon POINTS="152 727 185 701 193 710 212 706 219 714 232 716 254 714 263 706 287 717 311 708 326 712 349 731 372 714 385 713 395 723 407 723 435 722 457 712 472 730 495 729 505 722 521 731 551 718 578 720 585 727 600 722 611 731 622 732 632 722 649 722 676 742 691 729 707 726 722 737 729 730 746 729 762 738 770 735 786 745 819 729 831 739 843 736 846 756 832 771 824 771 817 763 807 770 782 773 768 763 757 769 739 760 727 763 719 755 701 770 693 770 675 752 661 758 606 752 586 765 573 754 529 755 522 749 513 756 489 760 470 756 460 745 440 756 431 756 420 746 409 754 397 746 387 756 370 750 347 757 332 746 319 749 311 741 289 742 285 746 273 742 260 749 230 737 214 742 198 739 186 748 168 742 156 729"/></Shape>
	    <String CONTENT="در كمین بودند تیغ خلاف از غلاف بیرون آورده مردمي را که بغارت مشغول"
                    HPOS="152"
                    VPOS="701"
                    WIDTH="694"
                    HEIGHT="72"></String>
          </TextLine>
          
          
	  <TextLine ID="eSc_line_120860"
                    
                    BASELINE="166 775 224 775 236 777 296 781 325 780 337 784 380 790 575 789 661 795 703 794 773 798 784 800 850 800" 
                    HPOS="166"
                    VPOS="746"
                    WIDTH="684"
                    HEIGHT="71">
            <Shape><Polygon POINTS="166 775 167 761 181 749 198 746 213 758 229 750 250 765 283 752 290 760 340 763 349 771 376 755 393 768 400 762 412 773 422 771 432 762 457 771 473 758 483 758 495 770 504 765 514 773 522 770 530 779 551 763 564 770 575 763 600 769 609 761 629 775 640 767 651 773 663 761 684 779 703 771 718 779 727 770 751 769 762 779 779 773 792 786 800 777 817 775 845 783 850 800 844 811 832 813 790 801 774 806 705 802 697 811 679 811 668 802 646 802 627 817 610 799 603 805 590 805 583 798 568 805 560 798 533 793 521 802 504 795 486 802 479 795 466 799 444 790 415 802 403 790 394 790 365 802 338 788 319 795 311 786 268 787 249 795 222 779 167 787"/></Shape>
	    <String CONTENT="بودند طعمهٔ شمشیر آبدار گردانیدند و در أن حین موازی سیصد کس با سلطان"
                    HPOS="166"
                    VPOS="746"
                    WIDTH="684"
                    HEIGHT="71"></String>
          </TextLine>
          
          
	  <TextLine ID="eSc_line_120862"
                    
                    BASELINE="165 820 194 824 306 824 320 821 332 825 351 826 364 830 388 827 453 827 465 830 478 830 497 834 511 832 571 833 615 838 679 838 708 836 722 839 856 843" 
                    HPOS="163"
                    VPOS="792"
                    WIDTH="692"
                    HEIGHT="71">
            <Shape><Polygon POINTS="163 819 165 803 174 801 204 801 216 809 235 793 268 794 283 809 292 809 344 792 358 806 383 812 396 807 410 811 421 802 452 812 464 802 473 809 489 802 502 815 517 820 543 802 603 821 612 815 624 820 637 812 673 819 689 811 701 822 713 817 726 822 733 817 780 817 799 836 809 836 832 818 855 841 813 863 794 847 782 857 773 850 737 847 729 840 686 855 675 843 668 850 650 851 640 844 596 849 589 841 573 845 545 838 524 845 515 839 472 834 442 845 428 834 395 836 381 844 371 833 351 831 338 838 312 828 298 828 285 836 270 827 247 827 230 841 206 836 201 830 184 834 175 826 165 834"/></Shape>
	    <String CONTENT="علي پادشاه همراه بودند بر مخالفان حمله نمودند در محلّ اسب تاختن بر سر"
                    HPOS="163"
                    VPOS="792"
                    WIDTH="692"
                    HEIGHT="71"></String>
          </TextLine>
          
          
	  <TextLine ID="eSc_line_120845"
                    
                    BASELINE="167 863 185 866 198 865 218 868 244 865 257 870 285 871 410 870 448 876 478 878 491 878 510 875 530 879 545 881 572 879 599 885 725 885 751 883 771 889 783 890 853 890" 
                    HPOS="166"
                    VPOS="836"
                    WIDTH="686"
                    HEIGHT="66">
            <Shape><Polygon POINTS="166 862 168 836 201 851 224 841 244 847 252 840 275 841 285 851 296 840 311 851 326 849 336 856 351 841 376 843 409 853 434 845 463 865 471 857 496 858 505 850 518 858 542 858 552 849 581 868 606 849 628 866 659 855 674 863 718 856 730 864 757 866 765 875 794 871 805 860 818 869 834 859 850 875 852 889 845 898 830 900 814 889 801 900 780 902 733 898 725 890 680 893 669 884 651 897 611 889 583 895 573 885 552 884 527 891 513 881 491 884 482 893 460 893 452 883 410 876 357 877 337 884 325 875 313 883 285 884 270 883 261 875 239 883 225 872 211 879 197 870 191 876 167 870"/></Shape>
	    <String CONTENT="راه نهری بود افتاده گردن آن حضرت کسری یافته مخالفان سر او  را از بدن جدا"
                    HPOS="166"
                    VPOS="836"
                    WIDTH="686"
                    HEIGHT="66"></String>
          </TextLine>
          
          
	  <TextLine ID="eSc_line_120850"
                    
                    BASELINE="586 921 661 925 682 928 841 926" 
                    HPOS="586"
                    VPOS="897"
                    WIDTH="255"
                    HEIGHT="50">
            <Shape><Polygon POINTS="586 921 587 904 600 907 618 897 644 897 657 904 670 897 686 913 703 898 727 912 738 902 764 913 780 904 796 904 802 910 808 906 826 910 838 904 841 926 838 935 820 947 800 933 780 946 767 936 752 941 745 934 726 946 719 939 685 936 676 931 654 941 643 932 587 931"/></Shape>
	    <String CONTENT="کرده نزد رستم بیگ فرستادند *"
                    HPOS="586"
                    VPOS="897"
                    WIDTH="255"
                    HEIGHT="50"></String>
          </TextLine>
          
          
	  <TextLine ID="eSc_line_120873"
                    
                    BASELINE="166 971 854 986" 
                    HPOS="165"
                    VPOS="938"
                    WIDTH="688"
                    HEIGHT="76">
            <Shape><Polygon POINTS="165 970 168 944 197 938 228 940 266 958 280 945 317 945 333 964 350 961 363 951 415 952 432 942 452 965 478 945 505 957 516 954 530 970 540 969 559 952 572 951 586 966 609 953 618 953 630 966 646 953 660 958 672 946 682 945 725 982 748 966 767 979 796 958 806 963 845 960 853 985 833 1003 794 1002 786 1010 770 1014 751 1002 735 1011 719 1011 707 999 682 1002 656 993 636 1011 625 1010 611 996 587 996 574 1007 547 1007 526 993 494 996 489 991 480 991 454 1011 427 988 363 988 344 1004 323 986 308 986 292 1003 271 1003 262 992 237 996 225 984 203 996 166 982"/></Shape>
	    <String CONTENT="گفتار در شمۀ از احوال خاقان اسکندر شان و توجّه"
                    HPOS="165"
                    VPOS="938"
                    WIDTH="688"
                    HEIGHT="76"></String>
          </TextLine>
          
          
	  <TextLine ID="eSc_line_120852"
                    
                    BASELINE="337 1043 469 1046 482 1048 548 1052 658 1054" 
                    HPOS="336"
                    VPOS="1008"
                    WIDTH="321"
                    HEIGHT="69">
            <Shape><Polygon POINTS="336 1042 376 1009 389 1018 404 1017 410 1022 426 1009 446 1008 475 1034 490 1033 521 1011 534 1024 560 1026 574 1041 600 1016 621 1018 631 1029 647 1015 656 1018 657 1053 643 1066 631 1068 622 1060 609 1059 592 1075 584 1077 545 1059 526 1066 513 1055 496 1054 477 1066 453 1045 435 1054 404 1050 391 1061 382 1054 365 1067 347 1067 337 1056"/></Shape>
	    <String CONTENT="ایشان بجانب لاهجان"
                    HPOS="336"
                    VPOS="1008"
                    WIDTH="321"
                    HEIGHT="69"></String>
          </TextLine>
          
          
	  <TextLine ID="eSc_line_120833"
                    
                    BASELINE="150 1102 222 1098 267 1104 312 1103 350 1109 476 1107 494 1111 508 1111 530 1115 611 1112 736 1112 789 1115" 
                    HPOS="150"
                    VPOS="1064"
                    WIDTH="639"
                    HEIGHT="65">
            <Shape><Polygon POINTS="150 1102 152 1085 167 1072 185 1073 201 1065 223 1080 256 1064 279 1086 298 1073 334 1092 356 1090 370 1080 383 1080 394 1090 416 1080 427 1088 456 1094 473 1081 484 1083 499 1096 516 1081 532 1094 547 1080 562 1081 572 1091 596 1080 615 1090 625 1085 637 1096 647 1087 665 1085 687 1097 695 1088 730 1080 756 1096 768 1090 784 1096 789 1115 783 1123 751 1117 738 1129 731 1129 720 1118 695 1122 689 1116 657 1117 644 1124 625 1116 587 1117 575 1124 559 1116 534 1124 522 1117 514 1125 498 1117 486 1123 479 1116 465 1116 459 1122 437 1116 425 1124 409 1113 396 1118 385 1111 364 1119 339 1115 328 1121 315 1109 282 1113 269 1106 257 1115 248 1106 214 1106 209 1100 200 1106 168 1110 152 1103"/></Shape>
	    <String CONTENT="بعد از آنکه خاقان اسکندر شان از جانب برادر فودوس مکان جنّت آشیان"
                    HPOS="150"
                    VPOS="1064"
                    WIDTH="639"
                    HEIGHT="65"></String>
          </TextLine>
          
          
	  <TextLine ID="eSc_line_120907"
                    
                    BASELINE="152 1137 842 1154" 
                    HPOS="150"
                    VPOS="1112"
                    WIDTH="691"
                    HEIGHT="60">
            <Shape><Polygon POINTS="150 1136 153 1122 161 1115 171 1117 178 1112 195 1112 213 1124 262 1119 273 1112 321 1113 330 1121 340 1113 363 1121 377 1113 401 1118 409 1113 435 1137 467 1123 482 1136 498 1140 515 1129 537 1137 555 1122 570 1130 597 1129 606 1140 616 1141 635 1128 695 1129 717 1141 730 1130 745 1129 762 1138 776 1138 793 1122 821 1131 841 1153 832 1162 815 1166 801 1167 776 1159 754 1172 722 1161 707 1172 680 1163 668 1163 657 1172 621 1162 612 1170 598 1170 581 1162 534 1168 523 1157 503 1170 478 1163 451 1170 434 1161 419 1164 412 1157 397 1164 381 1155 345 1154 327 1155 318 1164 304 1156 283 1163 264 1149 256 1155 248 1149 229 1149 204 1157 186 1141 175 1142 152 1159"/></Shape>
	    <String CONTENT="متقلّد مرتبۀ جلیلۀ ارشاد و اهتدأ و متوّج بتاج و آتَینَاهُ الحُکمَ صَبِیًّا شده بود (۳) از"
                    HPOS="150"
                    VPOS="1112"
                    WIDTH="691"
                    HEIGHT="60"></String>
          </TextLine>
          
          
	  <TextLine ID="eSc_line_120858"
                    
                    BASELINE="515 1220 630 1223 701 1219 788 1219" 
                    HPOS="515"
                    VPOS="1192"
                    WIDTH="273"
                    HEIGHT="44">
            <Shape><Polygon POINTS="515 1220 516 1198 534 1193 540 1199 549 1192 562 1193 572 1202 603 1192 618 1193 624 1199 636 1193 649 1199 654 1194 688 1193 714 1206 742 1193 760 1199 764 1194 783 1194 788 1219 780 1227 764 1227 756 1220 745 1227 711 1232 691 1226 684 1233 648 1225 617 1233 609 1226 589 1229 578 1236 558 1226 516 1229"/></Shape>
	    <String CONTENT="(۱) گاه بر به نهنگ تیر تنهای دلاوران"
                    HPOS="515"
                    VPOS="1192"
                    WIDTH="273"
                    HEIGHT="44"></String>
          </TextLine>
          
          
	  <TextLine ID="eSc_line_120866"
                    
                    BASELINE="349 1213 451 1213" 
                    HPOS="347"
                    VPOS="1191"
                    WIDTH="103"
                    HEIGHT="38">
            <Shape><Polygon POINTS="347 1212 350 1195 394 1199 407 1191 447 1195 450 1212 444 1229 422 1227 414 1220 389 1221 382 1229 372 1229 365 1221 350 1220"/></Shape>
	    <String CONTENT="(۲) كسب ب"
                    HPOS="347"
                    VPOS="1191"
                    WIDTH="103"
                    HEIGHT="38"></String>
          </TextLine>
          
          
	  <TextLine ID="eSc_line_120857"
                    
                    BASELINE="610 1257 792 1255" 
                    HPOS="610"
                    VPOS="1226"
                    WIDTH="182"
                    HEIGHT="44">
            <Shape><Polygon POINTS="610 1257 611 1230 617 1235 638 1226 649 1226 660 1236 701 1235 722 1229 744 1233 751 1227 761 1236 788 1227 792 1255 786 1265 779 1262 767 1267 760 1259 751 1268 732 1264 719 1270 701 1264 655 1268 647 1259 634 1265 619 1264 612 1258"/></Shape>
	    <String CONTENT="(۳) ز يیلاق بعز و اقبال"
                    HPOS="610"
                    VPOS="1226"
                    WIDTH="182"
                    HEIGHT="44"></String>
          </TextLine>
          </TextBlock>
          
        </PrintSpace>
      </Page>
    </Layout>
  </alto>
