<?xml version="1.0" encoding="UTF-8"?>
<alto xmlns:xsi="http://www.w3.org/2001/XMLSchema-instance"
      xmlns="http://www.loc.gov/standards/alto/ns-v4#"
      xsi:schemaLocation="http://www.loc.gov/standards/alto/ns-v4# https://gitlab.inria.fr/scripta/escriptorium/-/raw/develop/app/escriptorium/static/alto-4-1-baselines.xsd">
  <Description>
    <MeasurementUnit>pixel</MeasurementUnit>
    <sourceImageInformation>
      <fileName>30.jpg</fileName>
    </sourceImageInformation>
  </Description>
  
  <Tags>
    <OtherTag ID="BT1" LABEL="Title" DESCRIPTION="block type Title"/><OtherTag ID="BT2" LABEL="Main" DESCRIPTION="block type Main"/><OtherTag ID="BT3" LABEL="Commentary" DESCRIPTION="block type Commentary"/><OtherTag ID="BT4" LABEL="Illustration" DESCRIPTION="block type Illustration"/>
    
  </Tags>
  
  <Layout>
    <Page WIDTH="975"
          HEIGHT="1425"
          PHYSICAL_IMG_NR="29"
          ID="eSc_dummypage_">
      <PrintSpace HPOS="0"
                  VPOS="0"
                  WIDTH="975"
                  HEIGHT="1425">
        
        <TextBlock ID="eSc_dummyblock_">
          
	  <TextLine ID="eSc_line_125710"
                    
                    BASELINE="400 168 416 163 463 159 490 160 503 157 543 160" 
                    HPOS="399"
                    VPOS="130"
                    WIDTH="143"
                    HEIGHT="49">
            <Shape><Polygon POINTS="399 167 400 153 414 140 434 131 446 136 452 130 470 131 483 142 494 131 509 141 532 133 539 137 542 159 523 166 503 165 484 174 465 162 415 179 401 169"/></Shape>
	    <String CONTENT="احسن التواريخ"
                    HPOS="399"
                    VPOS="130"
                    WIDTH="143"
                    HEIGHT="49"></String>
          </TextLine>
          
          
	  <TextLine ID="eSc_line_125711"
                    
                    BASELINE="128 201 150 207 226 211 270 210 299 211 325 209 343 214 355 216 532 214 581 216 636 220 817 218" 
                    HPOS="127"
                    VPOS="179"
                    WIDTH="688"
                    HEIGHT="53">
            <Shape><Polygon POINTS="127 200 129 187 152 185 159 191 186 179 199 187 229 192 237 199 249 187 267 193 282 185 292 194 304 195 314 185 325 184 352 200 376 181 390 193 397 187 410 187 425 198 466 197 484 187 504 195 513 188 523 188 540 201 556 188 570 187 584 191 593 200 617 190 632 200 654 191 666 203 674 194 684 198 698 190 710 201 736 198 760 207 777 190 784 190 794 199 809 192 815 217 794 232 782 224 764 232 746 224 736 231 710 229 699 220 680 231 672 231 661 222 632 230 619 225 604 230 592 220 562 220 545 228 533 219 497 226 470 219 453 229 426 220 406 229 397 224 382 228 374 222 358 229 345 218 304 220 293 216 263 228 243 226 232 217 197 228 184 214 128 211"/></Shape>
	    <String CONTENT="فرستی چون این خبر نزد خاقان عالیجاه رسید بنابر آن سالک طریق حزم گشت"
                    HPOS="127"
                    VPOS="179"
                    WIDTH="688"
                    HEIGHT="53"></String>
          </TextLine>
          
          
	  <TextLine ID="eSc_line_125712"
                    
                    BASELINE="125 256 153 258 283 257 295 260 352 261 364 264 395 262 505 262 555 268 820 266" 
                    HPOS="124"
                    VPOS="224"
                    WIDTH="695"
                    HEIGHT="56">
            <Shape><Polygon POINTS="124 255 125 239 138 231 181 232 198 241 210 230 225 229 239 243 254 232 267 232 287 243 320 224 349 247 355 241 371 233 433 236 445 245 459 247 480 237 489 244 522 244 532 249 545 236 552 236 580 251 600 231 612 230 636 248 650 239 661 249 684 247 689 252 704 239 724 237 743 251 765 235 780 248 793 244 800 251 807 250 819 266 805 280 790 273 771 279 764 271 745 277 735 268 699 273 691 269 681 276 646 270 636 279 616 269 600 279 581 277 574 270 564 276 554 269 543 275 529 270 517 276 483 266 457 266 415 279 403 267 328 266 319 274 305 274 283 263 266 274 238 257 223 266 195 266 185 260 150 268 125 257"/></Shape>
	    <String CONTENT="و در آن اثناء بمسامع عزّ و جلال رسید که میرزا محمّد متوّجه درگاه فلک اشتباه"
                    HPOS="124"
                    VPOS="224"
                    WIDTH="695"
                    HEIGHT="56"></String>
          </TextLine>
          
          
	  <TextLine ID="eSc_line_125713"
                    
                    BASELINE="118 305 160 301 211 304 223 306 380 305 428 311 818 307" 
                    HPOS="117"
                    VPOS="276"
                    WIDTH="700"
                    HEIGHT="48">
            <Shape><Polygon POINTS="117 304 149 276 165 276 179 290 191 287 197 292 206 282 228 283 239 276 255 289 270 276 296 292 317 276 327 283 344 280 366 296 387 280 397 281 409 293 434 280 456 296 476 287 502 289 515 300 535 281 543 280 558 289 568 279 583 290 594 282 610 283 619 293 647 290 661 283 668 290 678 287 692 301 701 300 719 282 733 293 749 285 756 292 775 290 782 295 807 285 817 306 805 317 761 319 752 313 736 315 724 324 698 324 684 311 657 323 649 314 628 318 616 308 572 324 561 313 527 319 513 309 485 313 459 324 450 317 413 317 401 309 383 314 370 306 351 319 343 312 309 317 293 308 277 317 249 313 242 307 207 309 201 304 186 315 173 308 147 307 131 319 118 306"/></Shape>
	    <String CONTENT="است امرای دولت قاهره مثل حسين بیگ لله و ابدال بيگ دده و خادم"
                    HPOS="117"
                    VPOS="276"
                    WIDTH="700"
                    HEIGHT="48"></String>
          </TextLine>
          
          
	  <TextLine ID="eSc_line_125714"
                    
                    BASELINE="117 346 629 352 682 358 745 357 816 358" 
                    HPOS="116"
                    VPOS="311"
                    WIDTH="699"
                    HEIGHT="60">
            <Shape><Polygon POINTS="116 345 141 323 155 330 190 328 205 313 216 311 238 331 250 331 263 323 276 334 285 327 302 330 312 339 330 333 349 333 361 339 383 324 397 334 419 325 434 333 450 331 458 339 482 321 494 333 504 330 516 340 536 328 567 340 581 326 597 325 605 332 611 327 631 328 647 342 673 325 693 339 712 326 723 336 760 344 793 326 813 342 815 357 800 364 758 358 748 368 711 365 705 370 691 361 672 363 661 371 637 353 617 368 599 358 572 368 560 358 527 370 510 355 494 364 479 359 466 368 451 356 434 363 427 357 403 357 394 349 380 357 362 352 349 364 321 362 302 352 290 361 267 365 236 352 193 350 185 357 141 352 131 359 117 352"/></Shape>
	    <String CONTENT="بیگ و بیرام بیگ قرامانلو صلاح در آن دیدند که چون میرزا محمّد بمعسکر"
                    HPOS="116"
                    VPOS="311"
                    WIDTH="699"
                    HEIGHT="60"></String>
          </TextLine>
          
          
	  <TextLine ID="eSc_line_125715"
                    
                    BASELINE="118 395 198 395 236 397 257 394 270 397 282 395 477 395 513 401 529 399 562 399 583 396 629 397 656 395 685 396 697 400 738 401 793 397 814 399" 
                    HPOS="117"
                    VPOS="357"
                    WIDTH="696"
                    HEIGHT="57">
            <Shape><Polygon POINTS="117 394 129 380 136 382 155 375 166 378 182 369 194 376 205 372 212 378 223 377 242 358 252 357 273 378 299 369 309 380 321 375 342 381 358 366 376 377 393 368 432 381 450 371 461 381 477 371 497 383 510 376 524 383 541 375 551 383 571 371 592 381 604 375 622 380 631 371 648 375 660 370 679 372 687 380 717 380 729 387 757 371 774 378 782 370 795 370 809 380 813 399 786 403 775 412 761 406 751 413 730 413 720 407 711 412 700 403 682 401 665 414 646 400 622 409 597 401 579 402 566 414 545 401 528 412 510 414 485 412 464 401 435 401 428 408 410 409 401 401 372 399 358 400 345 409 331 400 295 410 283 399 229 396 213 404 201 396 192 406 176 403 168 408 160 401 131 404 119 394"/></Shape>
	    <String CONTENT="ظفر قرین رسد فرقهٔ تاجیه سلاح در زیر رخت پوشند اگر میرزا محمّد و مردم وی"
                    HPOS="117"
                    VPOS="357"
                    WIDTH="696"
                    HEIGHT="57"></String>
          </TextLine>
          
          
	  <TextLine ID="eSc_line_125718"
                    
                    BASELINE="124 432 162 434 174 432 213 439 226 437 275 435 308 437 320 439 469 439 524 437 542 441 594 444 610 441 812 439" 
                    HPOS="123"
                    VPOS="403"
                    WIDTH="688"
                    HEIGHT="56">
            <Shape><Polygon POINTS="123 431 124 420 133 412 161 403 175 418 185 415 195 425 218 408 235 415 244 409 254 416 267 410 277 421 293 410 305 419 314 415 325 425 344 410 364 414 376 409 388 421 439 420 450 428 489 413 504 418 513 413 522 421 534 416 546 425 574 414 586 426 599 414 618 420 630 415 641 426 656 415 681 416 694 429 712 416 724 415 742 427 754 416 783 427 803 422 811 438 805 447 788 456 775 447 762 447 745 459 733 447 697 445 682 452 676 447 644 448 636 441 625 451 604 446 589 453 577 445 567 452 549 454 526 442 501 453 488 444 459 451 446 439 413 453 393 456 374 441 337 444 327 438 312 444 293 442 281 451 270 441 252 453 228 440 206 447 192 437 168 448 159 441 144 447 124 435"/></Shape>
	    <String CONTENT="در مقام عناد باشند ايشان نيز با طوالش ممزوج کشته دمار از ایشان بر آرند"
                    HPOS="123"
                    VPOS="403"
                    WIDTH="688"
                    HEIGHT="56"></String>
          </TextLine>
          
          
	  <TextLine ID="eSc_line_125719"
                    
                    BASELINE="121 473 167 478 266 482 400 480 413 483 469 484 484 486 542 485 583 489 594 485 776 485 817 485" 
                    HPOS="119"
                    VPOS="448"
                    WIDTH="696"
                    HEIGHT="55">
            <Shape><Polygon POINTS="119 472 130 458 153 460 165 448 172 448 190 465 205 451 245 470 254 463 262 464 273 453 301 464 315 454 331 454 338 461 370 470 383 457 400 463 410 458 420 467 432 456 444 461 467 458 478 467 492 459 502 459 509 466 518 459 532 459 560 478 570 471 600 470 611 459 629 460 638 470 651 466 657 472 674 465 704 469 717 459 733 475 745 477 765 459 773 459 780 466 806 470 815 484 799 498 764 490 755 498 736 499 724 488 707 503 692 491 681 501 641 491 632 498 591 494 566 503 555 492 545 501 533 491 522 491 509 502 496 490 480 489 454 498 422 483 390 498 381 490 357 488 324 495 302 483 256 489 244 480 218 488 181 485 173 479 136 486 121 477"/></Shape>
	    <String CONTENT="و بعضی از مردم صوفبان روم و شام که بارادهٔ طواف بدرگاه ملک مطاف آمده"
                    HPOS="119"
                    VPOS="448"
                    WIDTH="696"
                    HEIGHT="55"></String>
          </TextLine>
          
          
	  <TextLine ID="eSc_line_125720"
                    
                    BASELINE="120 523 312 523 339 527 388 526 416 529 520 528 545 532 561 532 583 528 765 528 812 530" 
                    HPOS="119"
                    VPOS="492"
                    WIDTH="692"
                    HEIGHT="57">
            <Shape><Polygon POINTS="119 522 121 511 137 495 153 498 163 509 176 498 193 509 222 508 238 496 249 504 271 499 285 509 299 501 309 510 326 508 339 513 350 505 361 514 385 501 410 502 422 511 437 497 447 496 467 511 486 502 499 514 561 510 572 517 593 502 632 502 641 510 667 495 693 515 727 492 746 511 756 514 773 503 795 513 803 510 811 529 806 539 795 541 784 541 776 534 732 535 718 549 691 541 684 534 640 540 631 533 580 537 573 533 561 542 540 542 520 534 502 545 485 545 473 533 415 539 404 529 380 527 355 542 342 539 337 543 317 533 286 540 269 532 251 540 209 528 175 529 165 537 137 529 121 537"/></Shape>
	    <String CONTENT="بودند مسلّح و مکمّل گشتند چون میرزا محمّد با (١) مردم بسیار بنزدیک عساکر ظفر"
                    HPOS="119"
                    VPOS="492"
                    WIDTH="692"
                    HEIGHT="57"></String>
          </TextLine>
          
          
	  <TextLine ID="eSc_line_125721"
                    
                    BASELINE="112 572 142 574 168 571 470 571 505 574 526 571 568 573 597 571 665 571 675 578 686 572 789 572 814 573" 
                    HPOS="111"
                    VPOS="541"
                    WIDTH="702"
                    HEIGHT="48">
            <Shape><Polygon POINTS="111 571 130 556 161 555 175 541 191 547 210 542 217 548 228 543 233 549 248 542 257 552 266 547 294 548 302 556 312 556 327 542 350 555 365 542 385 552 399 545 410 556 437 545 459 559 476 545 502 559 528 546 537 548 554 565 575 546 598 547 606 555 622 546 644 552 656 547 668 559 685 545 707 548 719 560 727 553 764 556 788 541 809 558 813 572 803 578 781 578 769 587 736 585 719 577 687 578 673 587 656 579 621 578 603 587 591 578 565 585 552 574 545 580 521 578 508 589 495 581 460 581 448 574 421 577 406 585 399 578 332 581 306 578 299 572 261 573 251 581 222 573 201 574 193 580 184 575 171 581 161 575 153 581 127 581 112 572"/></Shape>
	    <String CONTENT="مآثر رسید خاقان اسکندر شان خادم بیگ لله و ابدال بیگ دده را باستقبال وی"
                    HPOS="111"
                    VPOS="541"
                    WIDTH="702"
                    HEIGHT="48"></String>
          </TextLine>
          
          
	  <TextLine ID="eSc_line_125722"
                    
                    BASELINE="119 608 147 613 163 615 399 615 410 612 440 617 498 617 513 619 693 619 719 616 814 616" 
                    HPOS="118"
                    VPOS="579"
                    WIDTH="695"
                    HEIGHT="53">
            <Shape><Polygon POINTS="118 608 119 593 138 579 152 581 165 593 182 593 190 599 200 593 211 598 222 589 239 599 255 589 270 603 282 596 296 598 307 589 323 589 351 609 368 592 381 587 403 602 414 594 439 591 465 609 489 590 513 596 522 590 539 606 548 608 556 602 578 606 597 589 613 600 635 592 646 603 660 603 678 585 689 581 720 602 742 590 752 598 775 590 787 600 800 592 809 600 813 615 787 632 774 623 746 619 727 624 718 616 708 623 660 628 651 628 641 618 610 630 577 622 567 630 555 631 543 631 529 618 503 628 467 618 456 630 432 623 418 631 402 618 376 618 365 629 353 631 331 616 324 622 296 621 269 629 258 618 247 628 224 628 213 616 187 627 178 617 131 621 119 611"/></Shape>
	    <String CONTENT="فرستاد كه تفحّص احوال وى نمايند و نقود ما في الضمير او ار بر محکّ"
                    HPOS="118"
                    VPOS="579"
                    WIDTH="695"
                    HEIGHT="53"></String>
          </TextLine>
          
          
	  <TextLine ID="eSc_line_125723"
                    
                    BASELINE="122 659 182 662 452 661 484 665 521 661 562 661 577 662 596 667 608 662 636 661 813 661" 
                    HPOS="121"
                    VPOS="630"
                    WIDTH="691"
                    HEIGHT="51">
            <Shape><Polygon POINTS="121 657 122 647 140 632 160 634 169 643 197 644 210 636 231 646 244 632 261 643 276 634 293 650 305 640 324 640 334 631 357 649 378 635 385 635 399 648 415 635 434 640 447 636 469 651 485 635 504 630 518 643 541 646 562 637 580 654 592 651 608 636 628 647 648 640 667 642 687 630 697 638 720 642 731 653 750 636 763 643 774 636 789 641 801 637 812 660 798 669 761 668 748 675 730 668 714 679 692 662 661 674 644 667 608 679 587 676 574 665 534 676 511 661 495 674 464 675 451 663 441 672 420 667 413 673 397 669 383 674 377 669 363 681 339 662 320 675 295 661 282 670 269 668 261 674 250 674 237 661 213 673 182 667 168 673 161 666 130 667 122 662"/></Shape>
	    <String CONTENT="امتحان زده آنچه بر رای خبرت آرای ابشان واضح گردد بذروۀ عرض رسانند"
                    HPOS="121"
                    VPOS="630"
                    WIDTH="691"
                    HEIGHT="51"></String>
          </TextLine>
          
          
	  <TextLine ID="eSc_line_125725"
                    
                    BASELINE="111 705 269 704 307 706 319 710 346 710 382 705 407 704 514 704 603 707 651 706 679 710 780 708 809 710" 
                    HPOS="110"
                    VPOS="672"
                    WIDTH="698"
                    HEIGHT="51">
            <Shape><Polygon POINTS="110 704 111 693 127 678 142 687 155 678 173 681 187 675 197 684 220 679 230 687 252 691 266 678 275 678 294 682 308 695 314 689 338 688 350 678 359 685 371 679 381 687 409 682 416 689 431 689 438 684 448 688 467 675 486 688 518 680 533 680 542 688 564 688 577 680 605 692 618 679 640 679 647 686 659 674 669 672 691 688 711 680 726 691 754 687 761 694 795 688 805 692 808 708 794 719 784 717 777 722 762 719 752 710 720 722 713 722 701 710 654 714 643 708 630 719 621 714 606 718 596 711 577 719 567 711 545 713 535 707 511 712 502 720 488 713 475 717 467 710 456 722 439 712 428 719 416 719 408 712 396 716 377 710 362 723 350 713 312 720 301 712 244 711 229 718 188 705 178 711 143 708 134 713 121 704"/></Shape>
	    <String CONTENT="چون میرزا محمّد ارکان دولت قاهره را از دور دید از توسن خلاف پیاده گشته با"
                    HPOS="110"
                    VPOS="672"
                    WIDTH="698"
                    HEIGHT="51"></String>
          </TextLine>
          
          
	  <TextLine ID="eSc_line_125726"
                    
                    BASELINE="109 743 225 746 268 750 376 750 388 752 623 752 648 750 705 750 729 754 744 751 812 752" 
                    HPOS="108"
                    VPOS="713"
                    WIDTH="703"
                    HEIGHT="56">
            <Shape><Polygon POINTS="108 742 142 713 172 732 190 733 203 723 217 735 224 729 237 732 249 724 267 742 277 738 282 743 309 723 320 731 353 724 364 732 375 730 394 736 409 725 442 724 456 737 467 737 479 726 486 730 494 725 518 735 537 717 552 723 568 716 589 733 618 736 623 741 637 729 651 736 661 726 674 732 698 732 714 725 722 732 745 731 754 738 768 724 787 729 794 724 808 738 811 751 793 761 775 756 760 765 748 762 739 769 725 757 672 754 641 765 627 752 611 764 598 755 579 764 568 757 534 754 488 762 460 758 452 751 409 755 394 762 376 755 362 764 353 764 345 756 311 762 304 755 293 763 275 763 262 751 228 763 218 755 203 762 193 752 182 760 173 755 129 754 115 743"/></Shape>
	    <String CONTENT="ايشان مصافحه نمود و مجدّدًا صحايف اخلاص دولتخواهی خود را بمطالعۀ"
                    HPOS="108"
                    VPOS="713"
                    WIDTH="703"
                    HEIGHT="56"></String>
          </TextLine>
          
          
	  <TextLine ID="eSc_line_125724"
                    
                    BASELINE="108 789 206 795 298 794 421 800 477 794 812 794" 
                    HPOS="106"
                    VPOS="762"
                    WIDTH="705"
                    HEIGHT="51">
            <Shape><Polygon POINTS="106 788 137 763 160 770 172 782 192 765 206 774 222 765 231 775 242 771 248 777 267 768 281 782 290 783 311 768 331 776 339 768 350 767 365 780 382 779 391 788 406 784 429 767 440 777 465 771 484 788 524 774 572 775 590 762 604 776 615 774 637 788 663 769 680 769 692 781 706 771 723 776 738 769 744 775 755 773 763 781 780 767 800 768 807 775 811 793 789 808 769 807 757 799 739 807 727 799 705 802 691 793 682 801 660 801 647 811 632 811 619 799 599 808 589 800 574 808 543 796 496 813 482 800 467 807 458 801 445 808 441 805 433 809 426 803 409 811 390 798 378 807 365 800 352 805 345 799 332 799 324 807 313 803 289 811 273 794 244 807 225 795 178 808 161 796 141 803 114 789"/></Shape>
	    <String CONTENT="ارکان دولت شاهی در آورده دعوی کجهتی و جانسپاري نمود امرای درگاه"
                    HPOS="106"
                    VPOS="762"
                    WIDTH="705"
                    HEIGHT="51"></String>
          </TextLine>
          
          
	  <TextLine ID="eSc_line_125704"
                    
                    BASELINE="110 837 268 837 298 839 323 837 334 839 355 839 366 837 567 837 594 840 807 840" 
                    HPOS="109"
                    VPOS="807"
                    WIDTH="697"
                    HEIGHT="46">
            <Shape><Polygon POINTS="109 836 124 819 133 821 146 809 173 818 191 809 201 820 214 809 228 819 239 809 250 809 277 828 295 811 312 820 327 812 337 821 351 807 365 813 374 807 391 824 402 817 428 824 447 812 463 819 482 812 491 821 503 821 517 812 539 820 560 812 580 830 602 811 629 814 640 825 657 824 663 818 692 821 699 814 714 822 731 813 748 824 800 821 806 839 781 853 768 852 750 841 705 853 681 845 665 853 640 844 606 844 591 851 577 839 534 850 508 843 495 851 480 843 472 849 431 843 421 849 413 843 395 844 387 837 365 853 355 843 342 850 328 841 315 841 300 852 279 852 264 841 241 843 231 852 219 843 207 850 168 843 144 850 110 836"/></Shape>
	    <String CONTENT="صورت ماجرا بعرض خاقان عالیجاه رسانیدند بعد از آن امرلی عظام او را بشرف"
                    HPOS="109"
                    VPOS="807"
                    WIDTH="697"
                    HEIGHT="46"></String>
          </TextLine>
          
          
	  <TextLine ID="eSc_line_125703"
                    
                    BASELINE="112 877 141 881 296 879 312 882 356 883 428 882 473 884 501 882 513 884 564 883 575 885 789 885 815 885" 
                    HPOS="111"
                    VPOS="846"
                    WIDTH="703"
                    HEIGHT="55">
            <Shape><Polygon POINTS="111 876 123 860 144 859 156 852 188 869 212 853 235 865 249 852 260 859 270 853 282 862 293 855 304 864 313 860 347 869 363 853 387 866 393 862 408 846 440 865 454 856 465 866 473 862 490 864 498 872 523 856 529 862 553 856 583 872 597 858 611 858 631 872 659 862 667 864 682 855 695 866 706 857 733 859 739 865 756 856 764 864 801 868 814 884 787 890 781 896 769 890 713 889 701 898 691 897 681 888 665 898 634 897 616 888 604 889 592 901 579 891 571 896 552 889 537 894 530 889 508 890 497 882 459 898 452 898 440 887 387 887 368 893 299 885 286 898 269 885 252 895 222 882 212 890 193 894 181 884 125 885 116 877"/></Shape>
	    <String CONTENT="سجدۀ خاقان گردون مقام رسانیدند میرزا محمّد بیگ بعد از شرف این سعادت"
                    HPOS="111"
                    VPOS="846"
                    WIDTH="703"
                    HEIGHT="55"></String>
          </TextLine>
          
          
	  <TextLine ID="eSc_line_125702"
                    
                    BASELINE="118 923 142 923 157 922 287 922 302 925 381 928 773 927 813 930" 
                    HPOS="117"
                    VPOS="890"
                    WIDTH="695"
                    HEIGHT="51">
            <Shape><Polygon POINTS="117 922 121 910 130 913 154 890 167 903 188 904 199 914 218 901 232 912 250 897 275 897 298 913 324 901 339 909 372 909 389 898 420 920 433 915 448 900 467 906 478 898 490 903 498 898 511 910 517 904 540 906 551 895 559 895 574 910 590 904 598 912 610 900 624 909 638 900 655 900 670 915 686 913 697 902 714 908 726 901 738 912 752 912 780 901 801 910 812 929 775 933 765 941 750 938 737 927 704 940 676 939 665 927 659 932 628 931 619 939 612 939 600 927 578 939 561 927 547 939 504 927 453 931 439 940 426 938 418 929 409 938 384 940 371 927 337 938 321 932 308 935 294 923 279 931 241 929 232 922 216 939 193 925 171 934 144 929 127 938 118 932"/></Shape>
	    <String CONTENT="مكتوب شيراون شاه را در آورده استدعای ويرا معروض داشته در مجلس"
                    HPOS="117"
                    VPOS="890"
                    WIDTH="695"
                    HEIGHT="51"></String>
          </TextLine>
          
          
	  <TextLine ID="eSc_line_125701"
                    
                    BASELINE="115 971 179 969 311 967 338 967 350 970 391 971 638 970 726 976 765 974 813 977" 
                    HPOS="114"
                    VPOS="933"
                    WIDTH="698"
                    HEIGHT="55">
            <Shape><Polygon POINTS="114 970 115 953 129 940 144 951 161 940 175 953 195 941 225 952 242 941 256 954 276 941 292 955 307 952 317 942 327 946 346 934 355 941 369 933 390 952 400 951 408 958 418 948 440 951 451 942 463 952 483 955 495 944 507 942 523 958 540 948 580 952 589 959 593 954 604 957 621 946 644 954 674 953 687 963 726 940 743 954 764 957 774 948 788 957 800 953 812 976 787 985 780 978 749 980 730 974 700 988 678 972 653 979 598 978 587 970 560 983 541 980 523 970 511 976 489 974 483 980 458 970 441 983 404 970 371 983 363 976 339 973 332 966 306 974 293 985 285 977 261 973 255 967 220 980 201 969 191 973 166 970 152 978 134 974 124 982 115 977"/></Shape>
	    <String CONTENT="بهشت آئین مصحف مجید طلب کرده مجدّدًا قسم یاد نمود که غیر از"
                    HPOS="114"
                    VPOS="933"
                    WIDTH="698"
                    HEIGHT="55"></String>
          </TextLine>
          
          
	  <TextLine ID="eSc_line_125708"
                    
                    BASELINE="119 1012 377 1012 423 1018 514 1017 605 1023 619 1022 634 1024 654 1017 815 1019" 
                    HPOS="118"
                    VPOS="985"
                    WIDTH="696"
                    HEIGHT="50">
            <Shape><Polygon POINTS="118 1011 121 999 134 1004 163 986 178 986 186 995 204 985 222 991 232 986 250 995 261 993 270 1004 299 993 336 1002 355 986 375 990 388 985 406 1004 426 996 439 1004 454 989 480 991 491 1002 518 999 535 988 545 997 556 997 568 1009 583 1007 599 995 641 1004 661 989 679 1001 700 990 719 1005 741 999 750 1004 765 989 774 988 780 992 792 989 812 1009 814 1018 798 1027 768 1022 754 1035 733 1024 719 1030 712 1023 700 1028 694 1022 681 1022 653 1034 637 1031 629 1023 619 1029 606 1027 583 1033 565 1022 555 1029 532 1030 521 1021 507 1029 488 1020 460 1021 446 1029 423 1020 403 1030 393 1020 338 1015 325 1027 302 1020 285 1028 273 1027 261 1015 242 1026 226 1018 211 1026 201 1016 188 1018 180 1014 153 1017 138 1027 119 1020"/></Shape>
	    <String CONTENT="بندگي و جانسپاري چیزی پیرامون خاطر من نگشته و بدین مزخرفات نقصی"
                    HPOS="118"
                    VPOS="985"
                    WIDTH="696"
                    HEIGHT="50"></String>
          </TextLine>
          
          
	  <TextLine ID="eSc_line_125706"
                    
                    BASELINE="111 1057 137 1054 166 1056 331 1055 369 1060 396 1061 426 1061 438 1059 452 1059 488 1061 809 1062" 
                    HPOS="110"
                    VPOS="1028"
                    WIDTH="698"
                    HEIGHT="47">
            <Shape><Polygon POINTS="110 1056 119 1043 128 1046 146 1028 154 1033 165 1029 181 1041 195 1028 207 1035 228 1030 238 1041 266 1031 304 1047 323 1029 359 1045 370 1045 387 1029 396 1036 416 1031 423 1039 434 1031 447 1039 466 1033 486 1046 515 1041 528 1049 534 1045 543 1047 553 1037 573 1040 592 1034 612 1049 624 1041 654 1043 670 1033 701 1033 724 1052 742 1034 750 1034 777 1046 795 1039 805 1047 808 1061 781 1073 768 1065 760 1071 746 1065 733 1074 718 1073 706 1061 700 1066 666 1065 650 1071 634 1062 616 1075 608 1075 596 1065 562 1066 549 1061 534 1073 524 1067 517 1073 498 1073 479 1064 440 1064 423 1072 413 1061 394 1060 366 1072 352 1061 327 1061 315 1071 276 1062 261 1071 232 1058 214 1061 201 1071 169 1058 135 1071 124 1069 111 1058"/></Shape>
	    <String CONTENT="در مبانی اخلاص من نشده و چون دانستم كه اين معنی بعرض اشرف اعلى"
                    HPOS="110"
                    VPOS="1028"
                    WIDTH="698"
                    HEIGHT="47"></String>
          </TextLine>
          
          
	  <TextLine ID="eSc_line_125707"
                    
                    BASELINE="105 1096 159 1099 180 1104 523 1103 559 1107 585 1109 693 1109 719 1103 811 1106" 
                    HPOS="104"
                    VPOS="1069"
                    WIDTH="705"
                    HEIGHT="49">
            <Shape><Polygon POINTS="104 1094 134 1071 153 1072 166 1084 181 1069 188 1069 200 1081 211 1075 220 1084 294 1083 302 1091 324 1075 334 1075 340 1081 361 1080 371 1087 385 1086 396 1077 410 1091 426 1085 450 1086 464 1075 477 1086 496 1080 509 1093 522 1093 541 1074 599 1093 627 1077 649 1092 670 1075 682 1087 697 1075 708 1083 724 1075 743 1091 752 1083 799 1087 809 1105 793 1118 754 1111 746 1105 732 1117 716 1109 699 1110 688 1118 670 1110 644 1118 632 1107 616 1111 609 1118 597 1111 589 1116 553 1116 543 1109 520 1117 503 1103 475 1116 461 1109 450 1113 437 1105 409 1118 396 1107 385 1116 361 1116 338 1104 311 1109 301 1103 292 1111 277 1113 224 1105 211 1115 199 1115 187 1105 165 1112 156 1105 119 1105 110 1096"/></Shape>
	    <String CONTENT="رسیده و گمان این غدر و بیوفائی در باب من فرموده اند بجهت رفع آن غایله"
                    HPOS="104"
                    VPOS="1069"
                    WIDTH="705"
                    HEIGHT="49"></String>
          </TextLine>
          
          
	  <TextLine ID="eSc_line_125705"
                    
                    BASELINE="107 1144 133 1149 171 1145 760 1145 810 1146" 
                    HPOS="106"
                    VPOS="1109"
                    WIDTH="703"
                    HEIGHT="53">
            <Shape><Polygon POINTS="106 1143 119 1129 124 1131 147 1116 162 1117 168 1123 185 1117 204 1131 217 1129 223 1134 230 1126 242 1129 256 1119 289 1118 298 1125 323 1118 330 1123 352 1109 375 1131 404 1126 418 1131 439 1119 456 1132 472 1119 485 1128 505 1129 522 1121 533 1131 572 1121 581 1130 596 1134 634 1119 649 1121 660 1131 679 1131 692 1130 705 1119 727 1131 738 1122 755 1132 763 1126 775 1131 789 1124 809 1145 775 1161 760 1154 741 1161 730 1151 708 1162 679 1149 622 1153 613 1157 599 1148 585 1160 568 1151 559 1157 542 1154 535 1161 521 1151 503 1157 490 1153 482 1159 457 1160 444 1147 419 1149 410 1157 381 1156 370 1148 333 1159 323 1150 293 1147 241 1155 223 1148 214 1156 199 1150 188 1155 181 1149 167 1149 157 1156 146 1153 130 1160 108 1144"/></Shape>
	    <String CONTENT="خود را برکاب مستطاب رسانیدم امیدوارم که چون مکرّر نقد اخلاص و جانسپاري"
                    HPOS="106"
                    VPOS="1109"
                    WIDTH="703"
                    HEIGHT="53"></String>
          </TextLine>
          
          
	  <TextLine ID="eSc_line_125709"
                    
                    BASELINE="105 1186 136 1182 152 1188 181 1187 276 1191 350 1188 408 1191 438 1194 587 1192 629 1195 643 1192 703 1192 716 1194 810 1194" 
                    HPOS="104"
                    VPOS="1157"
                    WIDTH="705"
                    HEIGHT="53">
            <Shape><Polygon POINTS="104 1185 105 1172 118 1159 136 1161 148 1172 162 1164 175 1170 219 1159 243 1182 256 1178 271 1162 286 1172 301 1160 320 1168 330 1163 342 1174 347 1168 387 1173 400 1163 427 1180 445 1164 452 1169 465 1166 486 1182 528 1164 540 1168 554 1182 575 1166 606 1178 622 1164 634 1172 647 1164 660 1169 669 1164 679 1173 699 1157 723 1173 748 1179 774 1162 788 1176 796 1175 809 1193 777 1208 758 1204 751 1210 722 1199 692 1200 678 1192 672 1197 641 1197 634 1202 605 1201 597 1208 580 1199 566 1202 555 1193 548 1199 524 1197 503 1204 456 1204 446 1199 438 1207 415 1207 410 1202 395 1206 381 1200 364 1205 340 1188 332 1197 311 1195 298 1202 280 1194 268 1202 252 1204 238 1193 200 1198 172 1191 154 1201 136 1197 125 1204 106 1185"/></Shape>
	    <String CONTENT="مرا بر محکّ امتحان زدند خالص و تمام عيار بوده امثال اين حكایات در بارۀ"
                    HPOS="104"
                    VPOS="1157"
                    WIDTH="705"
                    HEIGHT="53"></String>
          </TextLine>
          
          
	  <TextLine ID="eSc_line_125717"
                    
                    BASELINE="624 1236 716 1236 763 1242 808 1239" 
                    HPOS="623"
                    VPOS="1206"
                    WIDTH="184"
                    HEIGHT="46">
            <Shape><Polygon POINTS="623 1235 627 1216 638 1220 655 1210 673 1210 685 1217 698 1206 717 1218 730 1208 743 1217 750 1211 758 1212 770 1224 788 1218 807 1238 777 1252 763 1251 757 1245 744 1251 723 1251 711 1242 698 1242 691 1249 675 1244 663 1251 654 1244 635 1243 624 1252"/></Shape>
	    <String CONTENT="من قبول نفرمایند *"
                    HPOS="623"
                    VPOS="1206"
                    WIDTH="184"
                    HEIGHT="46"></String>
          </TextLine>
          
          
	  <TextLine ID="eSc_line_125716"
                    
                    BASELINE="355 1312 564 1312" 
                    HPOS="353"
                    VPOS="1287"
                    WIDTH="209"
                    HEIGHT="53">
            <Shape><Polygon POINTS="353 1311 357 1293 375 1295 390 1287 415 1295 429 1292 437 1297 454 1295 463 1288 478 1297 489 1290 518 1296 528 1289 551 1290 562 1311 558 1325 507 1324 490 1340 460 1316 451 1325 438 1318 429 1325 356 1325"/></Shape>
	    <String CONTENT="(١) بمردم ا ب رسيدند ب"
                    HPOS="353"
                    VPOS="1287"
                    WIDTH="209"
                    HEIGHT="53"></String>
          </TextLine>
          </TextBlock>
          
        </PrintSpace>
      </Page>
    </Layout>
  </alto>
