<?xml version="1.0" encoding="UTF-8"?>
<alto xmlns:xsi="http://www.w3.org/2001/XMLSchema-instance"
      xmlns="http://www.loc.gov/standards/alto/ns-v4#"
      xsi:schemaLocation="http://www.loc.gov/standards/alto/ns-v4# https://gitlab.inria.fr/scripta/escriptorium/-/raw/develop/app/escriptorium/static/alto-4-1-baselines.xsd">
  <Description>
    <MeasurementUnit>pixel</MeasurementUnit>
    <sourceImageInformation>
      <fileName>5_page-0001.jpg</fileName>
    </sourceImageInformation>
  </Description>
  
  <Tags>
    <OtherTag ID="BT1" LABEL="Title" DESCRIPTION="block type Title"/><OtherTag ID="BT2" LABEL="Main" DESCRIPTION="block type Main"/><OtherTag ID="BT3" LABEL="Commentary" DESCRIPTION="block type Commentary"/><OtherTag ID="BT4" LABEL="Illustration" DESCRIPTION="block type Illustration"/>
    
  </Tags>
  
  <Layout>
    <Page WIDTH="975"
          HEIGHT="1425"
          PHYSICAL_IMG_NR="5"
          ID="eSc_dummypage_">
      <PrintSpace HPOS="0"
                  VPOS="0"
                  WIDTH="975"
                  HEIGHT="1425">
        
        <TextBlock ID="eSc_dummyblock_">
          
	  <TextLine ID="eSc_line_121938"
                    
                    BASELINE="406 160 466 154 551 153" 
                    HPOS="404"
                    VPOS="124"
                    WIDTH="145"
                    HEIGHT="50">
            <Shape><Polygon POINTS="404 159 406 138 421 130 433 131 439 124 450 129 456 124 483 124 497 137 535 125 546 134 549 152 536 157 508 157 495 166 465 156 452 166 433 165 422 174 407 167"/></Shape>
	    <String CONTENT="احسن التواريخ"
                    HPOS="404"
                    VPOS="124"
                    WIDTH="145"
                    HEIGHT="50"></String>
          </TextLine>
          
          
	  <TextLine ID="eSc_line_121959"
                    
                    BASELINE="131 150 165 153" 
                    HPOS="130"
                    VPOS="119"
                    WIDTH="33"
                    HEIGHT="49">
            <Shape><Polygon POINTS="130 149 135 122 152 119 162 125 163 152 141 168 131 162"/></Shape>
	    <String CONTENT="5"
                    HPOS="130"
                    VPOS="119"
                    WIDTH="33"
                    HEIGHT="49"></String>
          </TextLine>
          
          
	  <TextLine ID="eSc_line_121939"
                    
                    BASELINE="131 207 149 211 288 210 376 211 477 207 593 209 621 204 653 206 831 203" 
                    HPOS="130"
                    VPOS="171"
                    WIDTH="700"
                    HEIGHT="54">
            <Shape><Polygon POINTS="130 206 131 193 155 180 191 194 229 187 263 193 290 184 308 194 339 182 356 194 393 175 416 186 429 178 441 186 464 185 473 179 498 191 517 186 532 191 547 180 575 191 599 171 621 188 637 186 649 176 668 181 678 191 700 180 723 184 737 179 746 187 757 176 775 181 795 178 800 182 811 178 826 187 830 201 802 223 788 214 752 212 746 206 723 222 710 213 680 220 669 210 651 213 643 206 621 223 596 218 589 225 575 216 567 222 547 212 511 216 499 209 491 214 467 216 458 223 429 213 410 222 391 210 380 220 364 224 355 219 344 224 332 214 314 224 304 216 294 220 289 216 258 214 206 223 195 214 178 225 159 225 150 217 133 216"/></Shape>
	    <String CONTENT="از قبيلۀ ذوالقدر که درایّام رضاعت شاهزادۀ والا گهر را در خدمت بود سپردند"
                    HPOS="130"
                    VPOS="171"
                    WIDTH="700"
                    HEIGHT="54"></String>
          </TextLine>
          
          
	  <TextLine ID="eSc_line_121940"
                    
                    BASELINE="142 257 187 257 245 252 660 254 672 251 754 251 767 248 831 248" 
                    HPOS="141"
                    VPOS="220"
                    WIDTH="689"
                    HEIGHT="49">
            <Shape><Polygon POINTS="141 256 142 237 150 229 165 237 181 238 203 222 212 220 232 237 248 239 266 232 275 238 281 232 293 237 305 229 318 242 336 225 352 226 361 235 401 233 410 226 422 235 433 225 452 226 465 239 479 226 498 232 515 225 534 235 545 224 552 224 573 228 584 237 594 226 616 225 630 239 654 223 673 237 694 224 716 229 727 223 741 236 756 224 782 225 793 236 811 224 830 247 819 247 803 262 789 255 762 255 742 262 731 252 689 257 673 266 667 260 650 258 636 267 627 261 613 264 605 256 586 268 575 257 536 255 505 257 496 263 483 258 470 264 457 255 428 263 415 256 399 267 377 257 372 262 351 258 337 268 318 258 300 260 287 268 270 257 250 268 235 258 195 260 185 268 168 263 142 269"/></Shape>
	    <String CONTENT="او خاقان اسکندر شان را از خانۀ خانجان نقل کوده بمنزل خود در محلّۀ رومیان"
                    HPOS="141"
                    VPOS="220"
                    WIDTH="689"
                    HEIGHT="49"></String>
          </TextLine>
          
          
	  <TextLine ID="eSc_line_121941"
                    
                    BASELINE="131 302 152 300 270 301 318 295 693 295 708 298 720 294 754 290 820 288" 
                    HPOS="130"
                    VPOS="260"
                    WIDTH="689"
                    HEIGHT="54">
            <Shape><Polygon POINTS="130 301 131 285 149 281 157 273 181 286 192 277 211 275 218 281 233 281 260 271 271 279 302 280 311 271 330 277 343 268 362 271 384 287 395 277 414 276 420 282 433 270 446 271 465 283 485 269 497 270 507 279 526 269 553 288 579 276 593 280 613 273 644 275 654 285 672 267 682 275 711 267 725 280 761 260 782 277 796 277 812 268 819 287 817 298 801 311 787 300 742 301 724 293 703 307 661 305 653 298 627 308 610 299 585 312 562 308 551 298 532 309 523 301 476 302 466 294 457 302 416 305 397 304 390 298 378 309 364 306 355 314 338 304 324 309 309 299 300 307 292 305 282 311 276 306 250 311 242 302 220 304 211 309 186 304 166 309 157 304 147 314 133 308"/></Shape>
	    <String CONTENT="از محلّات اردبیل برده روزی چند نگاه داشت و از آنجا بجوار مسجد جامع"
                    HPOS="130"
                    VPOS="260"
                    WIDTH="689"
                    HEIGHT="54"></String>
          </TextLine>
          
          
	  <TextLine ID="eSc_line_121942"
                    
                    BASELINE="131 336 150 339 181 339 193 337 214 342 438 342 463 338 830 338" 
                    HPOS="130"
                    VPOS="308"
                    WIDTH="698"
                    HEIGHT="49">
            <Shape><Polygon POINTS="130 334 136 317 156 314 167 324 192 326 211 314 222 314 229 321 266 314 289 328 299 320 319 323 326 328 355 317 365 325 375 315 396 309 420 327 435 314 445 321 478 326 491 313 510 312 522 320 540 308 553 319 567 311 575 318 593 314 611 326 622 317 637 313 657 330 676 318 687 319 694 312 708 309 724 321 741 315 754 327 770 311 781 318 811 312 828 337 818 337 800 351 792 346 762 349 748 338 729 351 712 340 693 349 678 345 661 353 641 340 619 344 612 337 573 353 565 353 552 340 530 347 514 339 489 338 475 352 461 351 453 357 438 346 415 353 402 342 352 347 337 347 328 342 308 355 299 355 292 347 276 355 269 347 237 343 223 353 210 347 173 350 162 343 138 347 131 340"/></Shape>
	    <String CONTENT="اردبيل در گنبدی که مقبرۀ الله (۱) ويرمش آقاست برد و نگاه داشت (۲)"
                    HPOS="130"
                    VPOS="308"
                    WIDTH="698"
                    HEIGHT="49"></String>
          </TextLine>
          
          
	  <TextLine ID="eSc_line_121943"
                    
                    BASELINE="136 380 151 385 167 385 404 387 420 384 482 384 542 381 827 383" 
                    HPOS="135"
                    VPOS="351"
                    WIDTH="691"
                    HEIGHT="53">
            <Shape><Polygon POINTS="135 380 137 362 146 366 160 355 172 352 187 368 197 363 216 371 228 362 248 368 264 356 283 370 301 355 309 355 327 372 336 364 347 365 358 358 383 365 401 361 410 369 426 356 452 375 467 359 478 363 497 351 524 365 535 364 542 371 555 364 575 369 585 363 606 364 619 353 635 362 641 356 655 363 672 357 691 375 714 355 735 369 750 356 774 363 788 355 803 366 813 365 826 382 809 394 795 385 745 388 738 382 729 391 711 390 703 399 687 389 680 396 665 389 643 389 635 381 624 389 580 389 561 397 542 381 518 391 492 390 483 384 463 402 447 390 429 391 418 399 401 387 384 400 370 390 338 391 331 385 296 396 286 396 274 385 261 393 224 393 213 402 190 396 182 389 161 393 148 404 136 402"/></Shape>
	    <String CONTENT="و علمشاه بيگم والدۀ آنحضرت مطلقاً از حال فرخنده مآل أنحضرت اطّلاع"
                    HPOS="135"
                    VPOS="351"
                    WIDTH="691"
                    HEIGHT="53"></String>
          </TextLine>
          
          
	  <TextLine ID="eSc_line_121945"
                    
                    BASELINE="131 437 150 437 173 433 178 435 185 434 231 433 258 429 273 431 295 428 742 429 786 423 834 426" 
                    HPOS="130"
                    VPOS="396"
                    WIDTH="703"
                    HEIGHT="52">
            <Shape><Polygon POINTS="130 437 131 422 140 416 146 421 168 410 187 415 204 401 220 409 236 402 263 416 281 414 298 401 308 402 317 410 331 407 339 414 350 403 361 402 383 416 397 402 420 415 432 403 450 396 465 407 482 399 494 410 505 410 516 401 528 409 546 401 558 412 567 402 580 409 603 409 611 401 634 397 647 408 665 406 672 410 687 406 729 410 760 402 770 408 780 399 799 403 812 399 833 425 803 431 743 429 733 438 722 435 699 442 688 435 657 442 646 431 615 439 608 432 589 434 578 429 549 444 524 431 511 440 458 431 415 440 403 432 389 445 380 439 366 441 359 434 345 441 332 434 318 441 295 434 280 442 260 433 242 441 216 433 187 444 168 434 155 447 144 448 131 437"/></Shape>
	    <String CONTENT="نداشت و روز بروز مفارقت فرزند ارجمند آتش غم و الم در كانون سينه اش مي"
                    HPOS="130"
                    VPOS="396"
                    WIDTH="703"
                    HEIGHT="52"></String>
          </TextLine>
          
          
	  <TextLine ID="eSc_line_121946"
                    
                    BASELINE="140 470 258 475 280 471 789 472 834 467" 
                    HPOS="138"
                    VPOS="438"
                    WIDTH="695"
                    HEIGHT="53">
            <Shape><Polygon POINTS="138 469 140 456 154 454 160 448 192 458 197 453 210 456 218 447 235 458 245 447 258 457 283 457 301 447 315 460 351 438 375 460 391 445 415 458 433 445 453 452 469 445 486 460 508 444 536 464 549 464 567 446 621 459 636 445 650 456 670 440 679 440 694 456 717 452 729 460 738 451 765 453 779 442 793 453 803 442 812 442 833 466 817 469 800 482 736 471 717 482 693 482 679 475 666 480 648 472 632 488 621 479 598 485 583 475 571 477 556 490 534 476 503 484 483 471 458 478 419 473 409 482 390 480 383 488 365 475 343 478 325 491 312 483 271 483 256 476 242 488 220 488 214 482 200 480 182 485 171 479 154 488 140 479"/></Shape>
	    <String CONTENT="افروخت چون آبه از پریشاني حال علمشاه بیگم اطّلاع يافت او را به بشارت"
                    HPOS="138"
                    VPOS="438"
                    WIDTH="695"
                    HEIGHT="53"></String>
          </TextLine>
          
          
	  <TextLine ID="eSc_line_121948"
                    
                    BASELINE="137 522 169 524 199 518 242 520 279 517 319 517 346 514 749 515 808 513 835 509" 
                    HPOS="136"
                    VPOS="473"
                    WIDTH="698"
                    HEIGHT="67">
            <Shape><Polygon POINTS="136 521 137 499 162 499 169 504 182 491 204 490 224 504 232 496 248 498 257 491 274 503 308 491 317 498 342 482 358 498 375 496 384 501 394 491 409 490 425 499 441 483 452 480 483 499 499 498 516 483 540 480 556 490 568 478 583 473 598 484 622 479 647 504 669 483 682 479 725 480 748 503 777 479 801 486 813 482 834 508 811 517 780 518 767 532 745 532 731 521 719 526 704 516 687 520 666 540 638 527 623 533 610 520 596 529 586 521 571 528 559 516 542 526 498 517 466 521 459 527 444 521 433 529 419 522 361 523 352 517 327 523 319 516 294 532 273 532 262 521 245 529 224 518 176 530 161 527 137 532"/></Shape>
	    <String CONTENT="لَا تَخَافِي وَلَا تَحزَنِي اِنّا رَادُّوهُ الَيكَ مستبشّر ساخت امّا مردم ايبه سلطام روز"
                    HPOS="136"
                    VPOS="473"
                    WIDTH="698"
                    HEIGHT="67"></String>
          </TextLine>
          
          
	  <TextLine ID="eSc_line_121954"
                    
                    BASELINE="140 562 581 562 593 560 637 560 649 562 692 556 826 556" 
                    HPOS="138"
                    VPOS="523"
                    WIDTH="687"
                    HEIGHT="55">
            <Shape><Polygon POINTS="138 561 140 530 152 533 161 528 168 528 187 547 216 536 232 548 248 534 273 547 285 535 293 535 301 543 332 547 342 537 357 534 371 545 388 530 413 547 434 534 456 540 464 533 513 545 530 532 547 540 559 536 573 551 581 543 606 545 636 533 650 547 660 543 668 551 675 543 687 545 711 523 736 533 748 545 763 536 777 546 786 539 798 543 813 539 825 555 817 566 788 575 771 562 751 571 741 560 679 571 669 562 659 572 650 572 640 561 627 571 611 564 594 564 583 572 532 564 517 574 503 566 469 573 432 565 419 565 409 573 396 570 389 577 381 577 372 568 363 572 345 565 336 572 318 565 308 573 292 567 281 578 269 570 230 570 222 565 197 574 182 566 167 567 156 577 141 572"/></Shape>
	    <String CONTENT="بروز در تفحّص و تجسّسر بیشتر میکوشیدند و از جانب رستم بیگ نیز مكرّراً"
                    HPOS="138"
                    VPOS="523"
                    WIDTH="687"
                    HEIGHT="55"></String>
          </TextLine>
          
          
	  <TextLine ID="eSc_line_121955"
                    
                    BASELINE="137 603 591 605 604 603 657 603 682 599 824 600" 
                    HPOS="136"
                    VPOS="573"
                    WIDTH="686"
                    HEIGHT="48">
            <Shape><Polygon POINTS="136 602 137 574 169 580 179 590 203 573 214 585 228 578 239 583 250 579 262 591 276 578 286 584 294 578 305 579 312 586 336 579 345 590 361 591 378 579 400 579 407 586 426 578 438 579 450 590 470 578 484 591 494 581 511 585 526 577 541 592 561 584 573 590 593 578 610 589 621 581 646 590 657 580 704 587 718 573 736 573 748 575 764 589 783 575 800 583 812 575 819 580 822 599 805 613 795 613 788 606 770 612 762 606 750 610 707 603 691 616 655 609 648 603 638 612 621 616 604 602 590 610 575 604 567 612 545 617 530 608 516 617 488 618 473 605 467 610 452 608 445 613 402 608 391 618 359 608 340 619 307 608 275 615 261 612 252 618 238 609 224 610 211 621 200 621 192 613 185 619 169 612 154 612 142 621 137 616"/></Shape>
	    <String CONTENT="فرمان بنفاذ رسيده بود که بهر طريق که باشد اولاد مرشد كامل را ذكوراً واناثاً"
                    HPOS="136"
                    VPOS="573"
                    WIDTH="686"
                    HEIGHT="48"></String>
          </TextLine>
          
          
	  <TextLine ID="eSc_line_121950"
                    
                    BASELINE="136 649 182 647 198 649 210 647 679 648 704 646 827 646" 
                    HPOS="135"
                    VPOS="613"
                    WIDTH="691"
                    HEIGHT="52">
            <Shape><Polygon POINTS="135 648 136 634 150 624 168 625 186 638 198 627 213 624 249 631 257 638 274 622 283 623 295 635 312 629 331 634 347 624 372 637 384 625 401 623 419 634 440 622 457 632 472 622 486 635 502 621 522 627 533 621 547 635 558 637 574 621 591 617 609 621 627 637 651 628 662 630 672 622 688 635 699 624 720 625 733 613 754 628 815 625 826 646 815 654 758 651 743 646 726 659 714 659 691 647 661 660 647 657 636 662 622 654 610 663 596 653 580 650 566 665 553 661 540 648 526 657 507 653 491 660 479 650 464 665 447 653 423 665 409 654 399 663 388 665 371 650 347 660 340 654 304 656 293 647 267 665 250 655 217 656 206 665 193 662 184 653 165 662 136 655"/></Shape>
	    <String CONTENT="بدست آورده خرمن زندگاني ايشان از شرر تیغ سياست اثر محترق سازند"
                    HPOS="135"
                    VPOS="613"
                    WIDTH="691"
                    HEIGHT="52"></String>
          </TextLine>
          
          
	  <TextLine ID="eSc_line_121951"
                    
                    BASELINE="141 693 173 695 258 692 270 688 282 691 663 691 824 686" 
                    HPOS="140"
                    VPOS="661"
                    WIDTH="682"
                    HEIGHT="45">
            <Shape><Polygon POINTS="140 692 142 675 152 665 171 668 179 676 190 666 216 672 224 667 233 674 239 670 248 675 264 667 277 670 290 666 300 673 311 668 320 678 344 667 356 673 364 666 375 666 387 676 400 663 413 670 421 665 431 670 459 666 469 674 478 665 491 670 509 666 522 676 554 662 586 679 605 665 621 670 635 665 642 670 651 661 660 661 669 670 681 665 704 681 729 665 743 665 751 673 782 673 793 663 805 663 819 672 822 685 794 699 781 694 758 697 749 691 708 701 694 695 669 701 644 689 637 695 617 698 586 692 575 700 524 697 509 705 501 697 480 698 471 691 464 698 446 697 429 705 395 693 382 705 359 697 350 706 324 698 314 706 300 698 267 699 251 706 232 695 204 704 174 695 141 704"/></Shape>
	    <String CONTENT="عاقبت الامر ملجأ شدند بدآنكه والدۀ شاهزاۀ والا رتبه را شكنجه نمايند نصّ"
                    HPOS="140"
                    VPOS="661"
                    WIDTH="682"
                    HEIGHT="45"></String>
          </TextLine>
          
          
	  <TextLine ID="eSc_line_121952"
                    
                    BASELINE="133 746 148 738 161 737 458 738 471 736 536 736 599 732 751 732 825 735" 
                    HPOS="131"
                    VPOS="695"
                    WIDTH="693"
                    HEIGHT="60">
            <Shape><Polygon POINTS="131 745 133 724 137 719 159 719 167 712 191 724 201 713 216 712 232 713 242 722 262 712 276 718 285 716 294 706 302 706 314 717 328 711 333 716 350 711 361 716 396 710 416 712 428 705 454 720 470 706 492 718 517 714 523 708 539 717 553 708 575 716 592 699 615 706 630 697 644 707 655 697 678 706 687 700 695 704 716 699 722 704 741 695 751 705 764 700 782 718 815 714 824 733 781 755 748 731 741 738 719 739 710 746 698 741 687 746 679 738 650 736 634 751 621 746 612 754 583 732 554 749 542 748 533 739 499 741 492 735 471 750 441 737 419 748 404 744 400 749 387 749 358 737 342 751 305 739 296 745 273 739 249 752 237 744 210 748 178 742 161 746 137 743"/></Shape>
	    <String CONTENT="مريح لَا تُضَارَّ وَالِدَةُ بِوَلَدِهَا مانع شده ترک آن اراده كردند آبه نیز خايف شده"
                    HPOS="131"
                    VPOS="695"
                    WIDTH="693"
                    HEIGHT="60"></String>
          </TextLine>
          
          
	  <TextLine ID="eSc_line_121953"
                    
                    BASELINE="137 786 182 786 194 783 229 782 242 786 352 786 377 782 404 782 416 780 605 781 667 777 713 779 726 781 824 781" 
                    HPOS="136"
                    VPOS="743"
                    WIDTH="686"
                    HEIGHT="58">
            <Shape><Polygon POINTS="136 784 138 763 171 763 184 770 198 761 210 764 226 755 247 771 263 755 279 752 296 755 321 770 343 752 357 756 366 765 383 763 396 754 416 774 452 755 466 760 478 754 489 762 507 754 518 758 529 754 541 765 556 752 575 754 586 764 599 752 627 760 644 743 669 761 687 761 704 752 716 758 731 751 752 763 764 751 787 761 796 751 817 751 822 780 803 790 781 786 764 792 745 781 718 783 711 779 685 787 651 783 643 789 625 782 611 789 600 784 590 793 575 783 545 789 535 780 507 790 486 783 438 786 426 795 410 794 401 787 387 799 374 787 363 794 342 790 326 795 319 789 306 794 296 786 283 798 276 798 267 790 243 795 231 786 209 784 190 795 171 788 150 801 137 788"/></Shape>
	    <String CONTENT="قرار بران داد که بمحلّ دیگر نقل نماید شخصی از صوفیان و غازیانی که در حرب"
                    HPOS="136"
                    VPOS="743"
                    WIDTH="686"
                    HEIGHT="58"></String>
          </TextLine>
          
          
	  <TextLine ID="eSc_line_121936"
                    
                    BASELINE="136 828 252 827 264 830 276 826 401 825 425 828 438 828 467 825 526 822 717 824 767 821 803 824 826 820" 
                    HPOS="135"
                    VPOS="788"
                    WIDTH="690"
                    HEIGHT="56">
            <Shape><Polygon POINTS="135 827 136 809 144 801 168 806 191 801 197 807 222 812 239 800 256 800 266 809 271 805 304 809 313 801 328 813 353 801 389 815 401 802 412 807 420 803 432 814 444 814 460 798 484 812 501 796 522 798 540 811 559 798 574 798 602 815 623 796 641 807 667 795 679 796 691 808 710 800 722 811 754 788 782 807 815 796 825 819 808 833 784 826 745 827 738 834 727 833 716 822 698 834 685 830 670 836 663 828 650 832 641 825 602 839 583 825 552 830 542 822 535 828 505 830 495 839 467 828 454 841 442 840 429 827 406 838 393 826 381 837 364 841 356 841 347 833 336 843 325 832 314 831 301 839 289 839 267 828 242 844 219 831 200 832 186 841 168 830 149 841 136 839"/></Shape>
	    <String CONTENT="ايبه سلطان در ركاب عالى شاه سلطان علي بود و زخم خورده ازان معوكه فرار"
                    HPOS="135"
                    VPOS="788"
                    WIDTH="690"
                    HEIGHT="56"></String>
          </TextLine>
          
          
	  <TextLine ID="eSc_line_121929"
                    
                    BASELINE="143 872 163 870 547 871 584 865 788 866 827 864" 
                    HPOS="142"
                    VPOS="839"
                    WIDTH="684"
                    HEIGHT="50">
            <Shape><Polygon POINTS="142 871 143 853 149 855 160 845 172 850 182 844 191 850 199 844 209 851 245 855 287 847 304 850 317 844 334 860 357 841 377 844 388 852 416 853 423 859 435 858 457 843 466 846 472 841 501 857 520 839 529 847 559 840 568 850 584 850 599 840 621 856 631 845 669 850 682 841 693 850 710 844 733 856 745 844 775 851 783 844 818 840 826 863 803 878 795 878 777 865 755 878 736 866 723 878 710 871 697 878 682 871 662 871 647 878 622 866 608 877 594 871 584 881 567 875 552 879 509 877 499 870 475 874 466 881 435 883 421 874 410 882 397 874 361 874 339 889 320 875 281 875 245 883 236 875 213 877 206 872 199 877 168 876 157 887 143 885"/></Shape>
	    <String CONTENT="کرده بود و در مسجد جامع اردبيل متواري و مختفیي شده بجهت استعلاج"
                    HPOS="142"
                    VPOS="839"
                    WIDTH="684"
                    HEIGHT="50"></String>
          </TextLine>
          
          
	  <TextLine ID="eSc_line_121932"
                    
                    BASELINE="137 914 156 912 172 914 465 914 564 908 765 908 825 912" 
                    HPOS="136"
                    VPOS="879"
                    WIDTH="688"
                    HEIGHT="49">
            <Shape><Polygon POINTS="136 913 137 898 149 887 160 887 175 900 194 894 207 896 217 888 236 888 252 898 260 891 282 893 290 887 302 891 311 885 331 894 350 888 362 900 383 883 406 900 444 879 464 890 471 883 482 891 508 884 520 895 530 885 545 891 560 881 598 894 611 881 628 890 641 881 649 881 660 891 672 890 679 883 691 891 700 887 707 893 720 885 735 900 754 889 781 891 793 882 819 896 824 912 806 922 789 923 781 915 751 916 737 908 704 923 687 913 673 925 666 925 654 913 644 920 623 914 581 917 572 913 560 921 540 915 527 926 504 925 498 919 488 928 473 921 444 923 437 917 410 915 376 923 362 916 347 917 327 927 314 920 301 926 293 919 277 926 260 916 230 923 216 917 182 916 153 925 138 921"/></Shape>
	    <String CONTENT="جرلحت خود نزد آبه آمده آبه او را از کیفیّت حال خبردار کرده حقیفت حال"
                    HPOS="136"
                    VPOS="879"
                    WIDTH="688"
                    HEIGHT="49"></String>
          </TextLine>
          
          
	  <TextLine ID="eSc_line_121931"
                    
                    BASELINE="142 958 175 958 190 955 628 957 642 954 686 953 700 951 826 952" 
                    HPOS="141"
                    VPOS="922"
                    WIDTH="684"
                    HEIGHT="54">
            <Shape><Polygon POINTS="141 957 142 938 160 932 182 941 192 932 214 938 225 929 243 929 262 942 270 942 320 935 330 940 370 931 387 946 415 929 426 939 450 940 458 947 470 938 509 936 518 945 537 926 554 928 579 944 605 922 641 942 653 931 669 936 680 927 691 934 703 927 720 938 727 932 746 935 773 926 784 932 813 926 821 933 825 951 815 958 792 958 779 967 762 958 754 966 731 959 720 966 706 961 695 970 679 959 656 966 644 955 630 967 621 963 611 970 587 965 579 958 568 967 543 960 523 969 513 958 490 961 478 970 463 969 457 963 450 969 441 969 433 960 422 967 413 963 399 974 388 976 376 964 339 963 332 955 323 965 312 961 304 969 286 967 279 961 264 967 247 955 200 963 186 974 167 963 152 972 142 970"/></Shape>
	    <String CONTENT="شاهزاده بدو باز نمود و ازآن وهگذر مسرور و مبتهج شده بموجب (2) صلاح نزد"
                    HPOS="141"
                    VPOS="922"
                    WIDTH="684"
                    HEIGHT="54"></String>
          </TextLine>
          
          
	  <TextLine ID="eSc_line_121937"
                    
                    BASELINE="143 1002 163 1002 185 1005 211 1002 274 1002 294 997 309 999 463 998 478 1001 492 998 827 999" 
                    HPOS="142"
                    VPOS="965"
                    WIDTH="684"
                    HEIGHT="64">
            <Shape><Polygon POINTS="142 1001 143 980 160 982 167 976 187 991 205 976 229 988 239 986 251 976 266 984 286 979 293 986 311 978 339 983 358 971 389 982 404 970 421 983 447 980 460 988 482 967 504 979 522 972 536 985 567 971 589 988 604 972 616 979 630 978 637 985 646 965 661 983 681 970 698 977 704 971 724 971 736 983 758 969 781 983 793 971 800 971 822 984 826 998 814 1009 799 1002 788 1012 775 1005 738 1005 726 998 710 1011 695 1002 676 1003 669 1010 654 1003 638 1015 630 1007 593 1014 584 1004 562 1014 532 998 518 1004 502 1003 489 1015 465 1014 454 1004 427 1014 408 998 391 1012 382 1012 375 1005 357 1010 351 1004 319 1012 308 1004 293 1014 285 1005 270 1012 250 1007 235 1016 216 1008 194 1029 171 1009 143 1009"/></Shape>
	    <String CONTENT="رستم بیگ قرامانلو عمّ بیرام بیگ که ازآن حرب گریخته بود و در بغرو ساکن شده"
                    HPOS="142"
                    VPOS="965"
                    WIDTH="684"
                    HEIGHT="64"></String>
          </TextLine>
          
          
	  <TextLine ID="eSc_line_121944"
                    
                    BASELINE="140 1051 210 1050 235 1046 345 1047 357 1045 447 1043 460 1041 826 1042" 
                    HPOS="138"
                    VPOS="1015"
                    WIDTH="687"
                    HEIGHT="47">
            <Shape><Polygon POINTS="138 1050 140 1036 149 1040 175 1021 193 1033 212 1020 228 1031 237 1031 254 1017 280 1035 296 1018 325 1034 334 1026 351 1023 359 1028 371 1018 384 1017 407 1031 423 1016 442 1026 461 1018 475 1031 484 1022 504 1017 516 1022 547 1017 560 1029 580 1015 605 1033 615 1024 637 1026 646 1017 662 1015 682 1028 699 1015 714 1015 726 1026 739 1015 751 1016 765 1029 774 1023 799 1024 812 1017 821 1027 825 1041 813 1053 800 1046 777 1048 769 1042 757 1054 743 1048 736 1054 713 1055 705 1047 692 1056 680 1048 659 1053 647 1048 619 1050 608 1041 600 1048 573 1054 555 1043 548 1049 523 1049 511 1058 498 1047 488 1049 478 1042 471 1049 437 1059 425 1052 414 1056 403 1048 390 1053 361 1048 353 1052 331 1046 314 1061 301 1052 287 1061 276 1052 238 1055 223 1047 197 1062 184 1052 160 1061 140 1059"/></Shape>
	    <String CONTENT="رفت و او را از حقيقت حال شاهزاده خبردار ساخت رستم بیگ نيم شبی"
                    HPOS="138"
                    VPOS="1015"
                    WIDTH="687"
                    HEIGHT="47"></String>
          </TextLine>
          
          
	  <TextLine ID="eSc_line_121934"
                    
                    BASELINE="143 1098 161 1093 226 1094 248 1088 375 1088 400 1091 483 1091 524 1088 571 1090 584 1087 668 1086 680 1084 789 1084 825 1086" 
                    HPOS="142"
                    VPOS="1050"
                    WIDTH="682"
                    HEIGHT="62">
            <Shape><Polygon POINTS="142 1097 143 1080 148 1083 166 1065 175 1065 185 1073 212 1067 219 1072 233 1064 248 1072 268 1062 276 1069 289 1062 302 1074 309 1068 321 1073 331 1065 342 1071 357 1056 368 1060 378 1053 390 1056 408 1073 427 1071 441 1058 458 1052 470 1054 490 1074 515 1068 530 1080 564 1054 581 1067 604 1050 616 1060 636 1052 650 1066 665 1054 700 1055 725 1074 745 1066 786 1066 799 1073 817 1066 824 1085 819 1093 802 1099 792 1092 783 1097 773 1090 744 1093 731 1087 719 1099 704 1092 679 1092 663 1098 650 1087 643 1093 629 1093 613 1106 594 1092 578 1087 551 1102 537 1102 527 1093 515 1105 507 1106 498 1099 488 1107 469 1092 459 1092 438 1112 427 1104 415 1107 401 1103 391 1094 365 1109 347 1091 320 1103 305 1094 294 1102 281 1096 257 1103 251 1098 239 1102 191 1096 176 1106 169 1100 153 1107 143 1105"/></Shape>
	    <String CONTENT="بر جست و دَخَلَ المَدِينَه عَلى حِینِ غَفلَةٍ مِن اَهلِهَا خود را باردبیل بحوالی"
                    HPOS="142"
                    VPOS="1050"
                    WIDTH="682"
                    HEIGHT="62"></String>
          </TextLine>
          
          
	  <TextLine ID="eSc_line_121930"
                    
                    BASELINE="143 1135 226 1138 239 1134 267 1131 527 1132 594 1129 621 1130 634 1134 665 1130 712 1132 764 1126 803 1128 828 1128" 
                    HPOS="142"
                    VPOS="1103"
                    WIDTH="685"
                    HEIGHT="46">
            <Shape><Polygon POINTS="142 1134 144 1113 173 1121 193 1110 222 1121 245 1106 257 1113 280 1116 294 1105 311 1109 321 1103 333 1112 347 1115 361 1107 371 1118 376 1113 388 1118 406 1116 423 1105 434 1113 444 1110 453 1117 464 1106 472 1106 490 1121 508 1109 518 1115 534 1104 546 1116 574 1104 586 1110 598 1104 618 1105 641 1119 649 1111 674 1103 687 1112 699 1113 717 1112 732 1104 752 1117 765 1107 817 1110 827 1126 817 1132 792 1134 783 1141 754 1131 736 1141 726 1135 718 1143 700 1138 688 1143 676 1135 660 1141 643 1132 630 1143 613 1135 573 1145 564 1136 547 1131 535 1143 528 1143 517 1132 498 1144 483 1135 459 1136 439 1144 429 1135 395 1141 372 1135 339 1145 325 1132 308 1145 283 1137 256 1145 249 1138 228 1144 209 1138 200 1145 192 1141 153 1149 143 1145"/></Shape>
	    <String CONTENT="مسجد جامع رسانيد وشاهزاده را در عقب اسب خود گرفته بجانب بغرو برد"
                    HPOS="142"
                    VPOS="1103"
                    WIDTH="685"
                    HEIGHT="46"></String>
          </TextLine>
          
          
	  <TextLine ID="eSc_line_121933"
                    
                    BASELINE="137 1178 252 1180 264 1178 305 1178 356 1174 830 1174" 
                    HPOS="136"
                    VPOS="1143"
                    WIDTH="692"
                    HEIGHT="49">
            <Shape><Polygon POINTS="136 1178 138 1161 157 1156 169 1145 182 1147 197 1161 217 1164 237 1153 256 1162 286 1153 300 1153 313 1160 324 1149 334 1156 342 1149 361 1150 371 1161 391 1148 407 1148 420 1159 429 1153 445 1155 456 1148 473 1161 488 1147 501 1147 518 1160 536 1148 560 1163 589 1147 603 1157 627 1145 659 1156 675 1147 691 1154 707 1145 720 1155 738 1143 758 1163 783 1145 793 1154 819 1157 828 1173 814 1185 776 1178 762 1187 750 1186 738 1175 717 1186 704 1178 685 1175 608 1180 594 1173 565 1188 539 1182 529 1191 498 1179 470 1182 463 1178 452 1185 423 1178 388 1181 378 1187 362 1179 349 1191 334 1189 326 1181 302 1189 280 1178 264 1188 241 1183 230 1192 213 1183 207 1188 186 1183 180 1189 166 1183 144 1185 137 1179"/></Shape>
	    <String CONTENT="و بعضی گویند که هشتاد کس از جنگ ایبه سلطان فرار نموده در بغرو جمعیّت"
                    HPOS="136"
                    VPOS="1143"
                    WIDTH="692"
                    HEIGHT="49"></String>
          </TextLine>
          
          
	  <TextLine ID="eSc_line_121935"
                    
                    BASELINE="136 1224 209 1221 467 1223 482 1220 522 1219 688 1220 760 1217 805 1217 831 1219" 
                    HPOS="135"
                    VPOS="1187"
                    WIDTH="695"
                    HEIGHT="55">
            <Shape><Polygon POINTS="135 1223 136 1205 144 1197 157 1201 168 1198 182 1207 194 1195 209 1204 232 1195 244 1204 252 1195 273 1195 281 1204 307 1195 320 1200 332 1194 383 1201 401 1189 418 1206 439 1191 458 1205 473 1192 502 1206 518 1193 536 1202 542 1197 570 1200 577 1193 619 1201 636 1192 669 1210 692 1187 699 1187 712 1200 731 1192 749 1201 758 1198 764 1202 773 1195 787 1194 801 1201 818 1192 826 1200 830 1218 806 1224 798 1232 767 1220 754 1233 741 1232 732 1225 717 1227 706 1219 682 1232 668 1223 657 1232 634 1225 586 1224 568 1235 546 1227 540 1233 513 1237 475 1231 461 1236 407 1225 381 1230 355 1225 342 1231 328 1227 312 1237 300 1227 285 1227 258 1242 243 1242 235 1233 188 1235 181 1229 152 1242 136 1226"/></Shape>
	    <String CONTENT="نموده بودند آن جماعت نیز همراه رستم بیگ آمده شاهزاده را از اردبیل بقريهٔ"
                    HPOS="135"
                    VPOS="1187"
                    WIDTH="695"
                    HEIGHT="55"></String>
          </TextLine>
          
          
	  <TextLine ID="eSc_line_121957"
                    
                    BASELINE="596 1293 708 1294 752 1289 784 1290" 
                    HPOS="594"
                    VPOS="1263"
                    WIDTH="189"
                    HEIGHT="45">
            <Shape><Polygon POINTS="594 1292 597 1265 613 1275 622 1267 630 1267 638 1273 663 1268 672 1276 686 1276 708 1263 729 1271 774 1263 780 1267 783 1289 779 1300 751 1297 719 1306 708 1297 698 1308 675 1308 665 1300 635 1306 628 1299 596 1299"/></Shape>
	    <String CONTENT="(۱) ويرمش ج درمیش ا"
                    HPOS="594"
                    VPOS="1263"
                    WIDTH="189"
                    HEIGHT="45"></String>
          </TextLine>
          
          
	  <TextLine ID="eSc_line_121956"
                    
                    BASELINE="305 1306 358 1300 399 1297" 
                    HPOS="302"
                    VPOS="1268"
                    WIDTH="95"
                    HEIGHT="65">
            <Shape><Polygon POINTS="304 1305 302 1278 312 1270 323 1278 338 1268 359 1278 366 1270 391 1271 397 1296 395 1313 388 1307 381 1315 366 1311 349 1332 338 1333 306 1306"/></Shape>
	    <String CONTENT="(۲) صلاح ا"
                    HPOS="302"
                    VPOS="1268"
                    WIDTH="95"
                    HEIGHT="65"></String>
          </TextLine>
          </TextBlock>
          
        </PrintSpace>
      </Page>
    </Layout>
  </alto>
