<?xml version="1.0" encoding="UTF-8"?>
<alto xmlns:xsi="http://www.w3.org/2001/XMLSchema-instance"
      xmlns="http://www.loc.gov/standards/alto/ns-v4#"
      xsi:schemaLocation="http://www.loc.gov/standards/alto/ns-v4# https://gitlab.inria.fr/scripta/escriptorium/-/raw/develop/app/escriptorium/static/alto-4-1-baselines.xsd">
  <Description>
    <MeasurementUnit>pixel</MeasurementUnit>
    <sourceImageInformation>
      <fileName>6_page-0001.jpg</fileName>
    </sourceImageInformation>
  </Description>
  
  <Tags>
    <OtherTag ID="BT1" LABEL="Title" DESCRIPTION="block type Title"/><OtherTag ID="BT2" LABEL="Main" DESCRIPTION="block type Main"/><OtherTag ID="BT3" LABEL="Commentary" DESCRIPTION="block type Commentary"/><OtherTag ID="BT4" LABEL="Illustration" DESCRIPTION="block type Illustration"/>
    
  </Tags>
  
  <Layout>
    <Page WIDTH="975"
          HEIGHT="1425"
          PHYSICAL_IMG_NR="4"
          ID="eSc_dummypage_">
      <PrintSpace HPOS="0"
                  VPOS="0"
                  WIDTH="975"
                  HEIGHT="1425">
        
        <TextBlock ID="eSc_dummyblock_">
          
	  <TextLine ID="eSc_line_121404"
                    
                    BASELINE="453 150 556 154 602 151" 
                    HPOS="452"
                    VPOS="124"
                    WIDTH="148"
                    HEIGHT="50">
            <Shape><Polygon POINTS="452 149 470 134 492 127 502 130 526 124 543 140 567 135 586 124 598 136 600 150 559 157 546 168 527 156 516 156 502 167 484 165 475 174 453 161"/></Shape>
	    <String CONTENT="احسن التواريخ"
                    HPOS="452"
                    VPOS="124"
                    WIDTH="148"
                    HEIGHT="50"></String>
          </TextLine>
          
          
	  <TextLine ID="eSc_line_121405"
                    
                    BASELINE="194 214 342 214 383 212 395 210 523 211 536 209 630 205 851 206 870 203" 
                    HPOS="193"
                    VPOS="172"
                    WIDTH="676"
                    HEIGHT="59">
            <Shape><Polygon POINTS="193 213 194 198 210 199 223 186 236 192 243 187 262 205 273 197 283 204 299 188 318 193 330 204 337 199 343 203 364 182 394 181 407 194 421 184 433 190 444 186 456 175 466 175 492 195 505 193 518 181 532 188 548 186 556 193 570 180 592 180 615 198 635 185 649 195 661 186 684 186 688 191 698 182 725 193 735 187 745 193 762 176 787 184 799 172 821 188 837 173 864 173 869 201 850 217 824 216 813 205 796 216 782 217 775 210 754 210 748 205 736 217 727 217 719 209 691 207 681 217 662 223 643 210 619 220 610 211 575 216 560 207 551 214 529 214 520 220 505 216 492 220 471 210 454 225 439 219 422 224 396 210 380 224 363 220 349 231 327 214 308 225 300 225 287 213 273 226 257 217 231 219 222 225 210 220 200 226 194 222"/></Shape>
	    <String CONTENT="گرگان آوردند و سه روز در خانهٔ خطیب فرّخزاد گرگاني بود و خطيب"
                    HPOS="193"
                    VPOS="172"
                    WIDTH="676"
                    HEIGHT="59"></String>
          </TextLine>
          
          
	  <TextLine ID="eSc_line_121406"
                    
                    BASELINE="190 266 207 269 209 256 225 261 238 261 269 257 399 258 464 254 562 252 644 248 876 250" 
                    HPOS="188"
                    VPOS="218"
                    WIDTH="687"
                    HEIGHT="61">
            <Shape><Polygon POINTS="188 266 190 247 216 232 238 239 248 232 285 231 301 244 317 230 340 241 362 241 383 229 406 245 426 225 441 232 451 230 459 238 470 233 491 239 501 232 513 238 529 229 541 239 554 226 565 232 584 226 594 236 610 224 631 224 642 233 668 223 684 230 708 226 718 236 725 231 733 233 744 223 769 220 781 230 792 228 801 237 813 238 830 222 864 218 871 224 875 249 865 249 851 261 834 256 820 267 799 251 773 260 767 254 760 258 749 254 730 256 719 249 689 257 650 256 638 248 624 261 592 252 579 266 560 260 549 270 534 258 508 268 496 260 485 264 457 260 438 274 428 264 415 269 403 258 340 269 271 257 262 258 248 273 218 267 204 279 191 274"/></Shape>
	    <String CONTENT="گرگاني بوظايف خدمات لايقه اقدام نمود بعد از آن منصور بيگ (۱) قپچاقي"
                    HPOS="188"
                    VPOS="218"
                    WIDTH="687"
                    HEIGHT="61"></String>
          </TextLine>
          
          
	  <TextLine ID="eSc_line_121407"
                    
                    BASELINE="193 306 223 306 238 304 324 304 364 300 456 300 492 302 566 293 586 301 611 301 632 292 624 301 644 298 686 295 812 296 833 290 880 293" 
                    HPOS="192"
                    VPOS="260"
                    WIDTH="687"
                    HEIGHT="59">
            <Shape><Polygon POINTS="192 305 193 293 211 276 230 287 245 287 266 273 299 292 312 289 330 273 350 285 369 270 391 276 406 290 413 283 428 290 434 285 442 286 457 271 486 289 507 270 524 271 539 282 551 269 572 269 597 288 610 286 627 268 656 285 675 273 703 276 710 282 724 268 739 267 768 282 782 277 798 263 824 279 841 260 847 260 879 292 860 304 826 294 812 302 768 295 758 306 744 299 732 309 710 295 689 305 675 301 662 312 636 300 618 314 611 314 597 301 583 309 549 296 536 311 515 312 510 307 496 312 484 301 472 311 441 308 431 300 412 312 403 305 364 307 356 301 337 313 311 311 301 305 290 314 274 307 257 317 229 306 214 317 194 319"/></Shape>
	    <String CONTENT="و لله بيگ و قرق سيدي علي و (۲) چلپان بيگ و خلفا بيگ و کوک علي"
                    HPOS="192"
                    VPOS="260"
                    WIDTH="687"
                    HEIGHT="59"></String>
          </TextLine>
          
          
	  <TextLine ID="eSc_line_121408"
                    
                    BASELINE="185 353 242 347 324 343 564 344 602 337 613 339 879 334" 
                    HPOS="184"
                    VPOS="305"
                    WIDTH="694"
                    HEIGHT="61">
            <Shape><Polygon POINTS="184 352 185 334 210 318 232 336 248 321 266 326 277 317 287 323 298 318 307 325 337 319 344 326 370 317 381 325 390 321 402 331 421 318 441 324 451 319 460 328 469 320 491 324 504 312 526 326 558 319 566 326 577 315 589 314 612 330 642 311 655 312 678 326 701 305 722 317 742 312 751 321 764 311 782 311 792 320 805 317 814 326 837 309 846 319 865 319 878 333 858 350 847 340 822 350 807 339 784 349 752 349 743 340 723 342 708 353 684 352 674 344 666 350 654 344 624 346 611 338 606 344 589 346 572 363 556 350 534 353 521 352 514 345 483 349 466 343 438 356 428 349 410 350 402 343 382 356 368 349 357 353 344 347 315 351 307 359 298 359 288 351 269 350 255 352 232 366 213 350 203 359 186 361"/></Shape>
	    <String CONTENT="و ساير صوفيان که از آن جنگ سالم بيرون آمده بودند درباب شاهزادۀ عالي گهر"
                    HPOS="184"
                    VPOS="305"
                    WIDTH="694"
                    HEIGHT="61"></String>
          </TextLine>
          
          
	  <TextLine ID="eSc_line_121409"
                    
                    BASELINE="190 391 236 391 262 389 330 389 371 385 552 387 596 384 621 381 731 382 845 376 875 378" 
                    HPOS="188"
                    VPOS="351"
                    WIDTH="686"
                    HEIGHT="57">
            <Shape><Polygon POINTS="188 390 190 374 204 364 219 371 231 365 251 371 269 364 290 383 325 362 332 366 346 362 356 369 369 361 377 369 390 371 434 371 452 359 461 369 473 368 484 374 514 359 535 368 553 355 567 368 580 361 592 369 604 369 623 355 650 359 662 356 668 361 688 356 700 365 714 353 726 363 749 358 760 364 784 362 792 355 817 362 834 351 850 358 866 352 874 377 855 393 831 382 802 385 793 394 776 394 760 383 739 393 703 393 691 385 635 387 618 394 608 387 599 395 580 388 564 399 551 391 526 389 513 402 491 400 479 391 472 396 451 390 426 395 406 390 368 393 361 400 346 393 336 401 321 391 298 408 275 394 250 401 237 395 225 401 191 395"/></Shape>
	    <String CONTENT="قرعۀ مشاورت درمیان انداختند و هر یک ازین جماعت مصلحتها مي اندیشیدند"
                    HPOS="188"
                    VPOS="351"
                    WIDTH="686"
                    HEIGHT="57"></String>
          </TextLine>
          
          
	  <TextLine ID="eSc_line_121413"
                    
                    BASELINE="193 434 212 433 266 437 277 434 344 433 394 428 673 429 698 428 710 422 736 425 801 425 830 422 843 418 871 420" 
                    HPOS="193"
                    VPOS="391"
                    WIDTH="678"
                    HEIGHT="60">
            <Shape><Polygon POINTS="193 434 194 412 201 407 232 423 255 414 298 419 313 404 328 413 355 409 369 414 384 403 396 414 419 416 433 403 469 410 480 402 491 412 504 402 517 401 530 408 553 402 560 409 584 409 591 402 608 399 621 404 644 399 657 409 670 396 703 416 723 396 729 396 736 403 748 402 762 415 771 413 788 396 807 407 839 391 866 396 871 420 853 433 843 427 808 425 796 435 767 437 755 426 742 433 727 428 712 444 701 442 692 433 656 437 648 429 634 440 610 431 591 440 581 432 567 434 558 429 496 432 484 441 473 434 456 440 426 434 416 441 401 434 391 442 377 435 342 435 321 447 300 437 290 445 264 445 257 451 236 450 226 440 219 446 205 439 194 440"/></Shape>
	    <String CONTENT="تا آنکه رای همگي بران قرار گفت که شاه را بجانب رشت برند و روزی چند"
                    HPOS="193"
                    VPOS="391"
                    WIDTH="678"
                    HEIGHT="60"></String>
          </TextLine>
          
          
	  <TextLine ID="eSc_line_121423"
                    
                    BASELINE="188 476 368 476 445 471 579 472 618 470 661 470 692 466 869 467" 
                    HPOS="188"
                    VPOS="435"
                    WIDTH="681"
                    HEIGHT="57">
            <Shape><Polygon POINTS="188 476 190 451 213 451 222 459 236 451 254 451 264 461 294 457 304 466 317 463 334 447 358 463 366 456 383 460 396 453 422 458 438 445 478 460 486 452 516 442 529 456 599 452 606 459 616 450 640 444 649 450 661 442 679 456 695 450 716 453 727 441 746 441 755 450 770 440 786 451 803 439 820 446 833 435 841 435 853 447 865 444 869 467 849 479 837 471 813 478 801 470 790 479 776 472 765 479 757 478 749 471 694 478 676 469 667 477 647 477 632 491 606 472 596 482 572 484 559 477 535 478 528 472 502 480 485 479 478 473 458 485 421 473 402 491 387 480 368 482 359 477 346 485 305 480 292 492 273 492 258 482 229 482 222 489 207 482 190 482"/></Shape>
	    <String CONTENT="در آنجا رحل اقامت اندازند بجهمت آنکه ميانۀ محمّد بيگ زوج شاه پاشا"
                    HPOS="188"
                    VPOS="435"
                    WIDTH="681"
                    HEIGHT="57"></String>
          </TextLine>
          
          
	  <TextLine ID="eSc_line_121424"
                    
                    BASELINE="195 527 290 518 515 518 573 514 827 515 855 510 875 511" 
                    HPOS="195"
                    VPOS="484"
                    WIDTH="680"
                    HEIGHT="56">
            <Shape><Polygon POINTS="195 527 197 513 258 494 270 494 277 501 289 496 298 503 308 494 332 495 349 507 376 498 395 497 402 502 419 491 434 507 444 509 460 492 470 492 484 507 494 497 524 499 536 490 572 497 586 489 605 501 618 488 634 497 653 489 684 501 699 486 725 499 739 485 746 492 770 495 789 484 812 499 849 485 858 486 869 497 875 511 866 517 843 516 833 524 799 524 782 516 750 518 737 527 719 521 688 524 674 520 653 530 642 523 631 528 623 521 616 527 594 528 585 520 575 520 558 529 542 522 517 522 492 533 464 527 440 532 431 526 418 530 410 523 371 521 350 534 333 533 326 526 304 526 295 534 281 535 273 527 261 528 250 522 197 540"/></Shape>
	    <String CONTENT="خاتون و احمدی بیگ برادر او  و امیره اسحق والى رشت سر رشتۀ رابطۀ قديمي"
                    HPOS="195"
                    VPOS="484"
                    WIDTH="680"
                    HEIGHT="56"></String>
          </TextLine>
          
          
	  <TextLine ID="eSc_line_121425"
                    
                    BASELINE="184 565 283 565 309 561 486 562 551 559 565 556 771 558 883 552" 
                    HPOS="182"
                    VPOS="524"
                    WIDTH="700"
                    HEIGHT="54">
            <Shape><Polygon POINTS="182 564 184 552 192 543 214 539 288 552 301 540 313 546 334 539 345 548 361 536 375 537 383 546 403 542 409 547 425 541 437 543 453 533 469 534 490 548 535 533 572 546 597 533 610 539 623 532 632 540 654 530 663 540 681 536 708 545 720 535 748 541 757 533 777 529 795 542 820 524 833 535 846 527 856 533 865 528 882 551 856 562 821 560 807 574 775 562 751 562 744 571 724 571 711 560 700 570 663 570 655 562 638 564 629 558 606 572 586 570 572 560 545 568 502 567 494 561 482 573 467 565 425 570 410 564 393 575 380 570 350 574 338 566 304 573 277 568 267 578 254 570 222 575 210 567 191 571 184 565"/></Shape>
	    <String CONTENT="استحكام يافته بود وپيوسته ابواب صداقت و الفت بوسايل تحف و هدايا که"
                    HPOS="182"
                    VPOS="524"
                    WIDTH="700"
                    HEIGHT="54"></String>
          </TextLine>
          
          
	  <TextLine ID="eSc_line_121426"
                    
                    BASELINE="192 611 223 609 420 610 441 604 651 605 663 603 693 603 736 599 773 599 786 604 800 598 827 600 839 605 875 602" 
                    HPOS="192"
                    VPOS="573"
                    WIDTH="683"
                    HEIGHT="54">
            <Shape><Polygon POINTS="192 611 193 593 205 584 224 592 232 586 243 591 257 581 279 597 287 597 296 587 323 592 336 579 347 578 359 587 369 580 384 594 415 586 432 594 448 584 467 587 477 578 486 577 513 591 530 577 540 575 564 577 573 586 580 580 603 583 613 593 623 593 642 580 693 589 701 583 708 586 719 575 741 580 748 573 756 573 776 590 789 587 807 573 834 589 847 590 868 574 875 602 855 617 844 616 830 602 788 615 770 603 750 605 741 615 727 605 704 609 695 604 682 613 670 605 659 612 642 608 630 616 617 615 609 608 586 615 567 605 542 608 524 623 505 605 445 612 433 606 421 617 406 618 389 617 382 610 366 611 356 619 339 612 326 622 313 616 306 622 288 623 270 612 237 618 222 611 193 627"/></Shape>
	    <String CONTENT="في مابین متحف و مهدی بود افتتاح داشت چون خواطر برین داعیه عازم"
                    HPOS="192"
                    VPOS="573"
                    WIDTH="683"
                    HEIGHT="54"></String>
          </TextLine>
          
          
	  <TextLine ID="eSc_line_121428"
                    
                    BASELINE="193 653 325 653 337 650 441 650 483 649 496 647 783 648 826 642 880 645" 
                    HPOS="192"
                    VPOS="616"
                    WIDTH="687"
                    HEIGHT="50">
            <Shape><Polygon POINTS="192 651 193 635 210 627 241 634 250 627 261 632 275 627 289 640 307 625 319 625 328 635 350 624 372 630 384 625 395 636 407 624 425 624 434 625 447 638 479 619 501 635 510 627 556 628 583 638 612 618 619 618 642 637 655 636 673 624 698 627 706 618 736 635 748 631 764 616 790 631 808 616 836 630 845 622 865 617 876 628 879 644 863 649 837 647 825 657 811 649 798 660 787 650 748 653 737 647 724 657 711 650 680 650 660 660 648 659 638 649 624 657 592 654 585 648 570 660 556 651 509 654 502 649 485 659 453 657 446 653 415 655 402 663 388 655 347 656 332 665 320 657 301 665 286 660 276 666 247 656 193 660"/></Shape>
	    <String CONTENT="شد رستم بیگ و احمدی بیگ و محمد بیگ خاقان اسکندر شان را با هشتاد"
                    HPOS="192"
                    VPOS="616"
                    WIDTH="687"
                    HEIGHT="50"></String>
          </TextLine>
          
          
	  <TextLine ID="eSc_line_121429"
                    
                    BASELINE="188 697 226 697 241 693 254 697 275 697 290 694 387 695 400 693 490 693 516 688 545 691 733 691 818 688 854 685 884 688" 
                    HPOS="187"
                    VPOS="659"
                    WIDTH="696"
                    HEIGHT="49">
            <Shape><Polygon POINTS="187 695 194 676 209 670 224 678 236 666 243 666 256 679 270 667 279 672 288 669 296 676 305 668 321 667 336 676 357 670 366 680 378 676 387 682 397 673 418 680 433 667 461 667 494 679 513 675 522 666 547 668 558 662 571 665 583 676 612 663 627 678 644 662 691 663 699 670 725 662 749 675 769 662 783 663 794 673 803 668 814 675 827 662 841 670 853 659 860 659 879 670 883 687 859 692 847 700 833 698 822 705 806 693 788 701 752 700 744 693 701 701 692 693 635 695 629 691 617 701 604 698 593 708 571 693 527 695 509 704 491 697 475 706 457 699 419 695 412 703 402 703 385 695 364 707 350 708 339 708 320 694 295 694 279 708 260 706 249 695 232 708 188 700"/></Shape>
	    <String CONTENT="نفر از صوفيان صادق الاعتقاد راسخ الاخلاص برداشته به موضع (۳) تول آوردند"
                    HPOS="187"
                    VPOS="659"
                    WIDTH="696"
                    HEIGHT="49"></String>
          </TextLine>
          
          
	  <TextLine ID="eSc_line_121430"
                    
                    BASELINE="188 744 241 742 420 743 530 732 637 738 649 733 678 732 805 732 883 731" 
                    HPOS="187"
                    VPOS="698"
                    WIDTH="695"
                    HEIGHT="64">
            <Shape><Polygon POINTS="187 743 188 730 206 716 235 732 258 723 270 727 294 720 312 723 320 716 363 725 376 712 390 720 400 716 410 724 421 724 434 711 447 719 459 710 484 727 499 722 523 698 549 713 564 701 578 703 605 725 628 716 632 720 650 701 662 699 695 700 713 718 733 699 765 701 771 707 786 701 799 714 840 705 866 716 882 730 866 748 844 737 818 745 794 731 781 739 723 743 705 733 686 745 670 746 643 736 627 754 606 754 592 741 584 742 564 762 537 742 526 743 504 756 494 750 469 754 460 745 446 752 419 752 408 743 387 752 378 748 369 752 355 748 338 752 327 746 315 754 288 746 262 760 233 748 219 756 209 748 195 750 190 745"/></Shape>
	    <String CONTENT="و باشارت لَا تَخَف نَجَوتَ مِنَ القَومِ الَّظالمِینَ بگوش هوش رسانیده روزی چند"
                    HPOS="187"
                    VPOS="698"
                    WIDTH="695"
                    HEIGHT="64"></String>
          </TextLine>
          
          
	  <TextLine ID="eSc_line_121431"
                    
                    BASELINE="190 794 223 794 248 789 286 790 319 787 331 783 343 786 651 786 700 780 761 781 788 779 879 779 880 779" 
                    HPOS="188"
                    VPOS="743"
                    WIDTH="691"
                    HEIGHT="65">
            <Shape><Polygon POINTS="188 793 192 779 201 780 224 762 233 768 260 769 270 779 299 760 311 770 324 771 342 754 351 751 370 769 384 774 393 765 421 768 433 760 447 773 457 770 464 776 486 757 522 768 533 757 545 757 556 769 567 767 574 773 593 754 599 754 612 756 636 773 656 754 672 764 697 743 731 768 748 757 754 763 767 763 779 752 793 757 808 751 827 754 844 770 865 755 876 763 879 779 855 792 840 782 796 784 788 779 779 788 770 786 748 795 730 781 720 787 697 786 686 796 670 792 632 796 619 784 593 794 575 784 564 795 549 786 530 795 514 792 507 796 466 787 456 798 447 798 438 788 402 801 384 786 369 793 349 793 334 803 319 792 301 802 290 794 276 803 263 790 233 803 223 796 211 808 200 808 190 798"/></Shape>
	    <String CONTENT="در خانۀ اميره مظفّر والى تول و ذاو بودند و اميره مظفّر مراسم ميزباني"
                    HPOS="188"
                    VPOS="743"
                    WIDTH="691"
                    HEIGHT="65"></String>
          </TextLine>
          
          
	  <TextLine ID="eSc_line_121432"
                    
                    BASELINE="194 831 300 833 312 831 374 830 388 827 636 828 660 825 692 826 705 821 744 824 881 824" 
                    HPOS="193"
                    VPOS="795"
                    WIDTH="686"
                    HEIGHT="52">
            <Shape><Polygon POINTS="193 830 194 814 224 818 257 808 271 821 294 806 320 809 326 815 337 806 346 809 358 803 370 808 383 806 412 818 420 809 447 802 475 819 514 801 522 801 530 809 553 807 562 812 577 801 589 807 616 807 629 800 659 819 668 811 687 807 698 813 707 803 735 795 763 813 774 813 799 795 812 795 822 805 846 798 859 811 872 808 879 822 869 836 855 828 819 827 800 828 777 840 761 830 748 837 738 830 703 827 670 843 656 832 641 839 634 832 602 834 589 830 581 834 533 832 528 837 504 833 485 844 470 834 464 840 451 834 434 840 415 836 406 844 391 837 366 841 347 836 334 847 309 837 296 838 285 847 276 847 266 838 194 838"/></Shape>
	    <String CONTENT="و خدمتگاري چنانکه رسم و قاعده است بتقديم رسانید و دقیقۀ از دقائق خدمـت"
                    HPOS="193"
                    VPOS="795"
                    WIDTH="686"
                    HEIGHT="52"></String>
          </TextLine>
          
          
	  <TextLine ID="eSc_line_121417"
                    
                    BASELINE="198 876 340 876 356 874 418 872 483 874 508 870 742 871 756 869 783 869 795 866 812 870 828 865 878 866 880 866" 
                    HPOS="197"
                    VPOS="839"
                    WIDTH="682"
                    HEIGHT="52">
            <Shape><Polygon POINTS="197 875 198 859 212 851 235 857 245 851 257 862 268 851 285 850 307 862 338 845 353 853 363 849 372 857 396 847 416 859 426 850 438 847 450 847 461 858 477 844 489 852 513 845 527 853 542 849 552 857 571 843 590 844 608 856 616 849 631 850 643 843 656 856 688 850 704 858 713 850 737 853 749 841 786 839 818 859 832 846 847 851 863 839 876 844 879 865 871 872 853 871 845 879 825 885 814 885 798 869 793 874 744 872 730 877 703 870 689 882 660 879 650 870 637 879 627 879 609 870 602 875 571 876 564 882 545 875 532 883 518 878 509 884 498 879 461 879 450 887 440 878 420 883 402 877 375 882 370 878 357 891 338 879 280 881 262 889 249 882 211 883 198 889"/></Shape>
	    <String CONTENT="نامرعي نگذاشت چون ايبه سلطان در اردبيل واقف شد از آنكه خاقان اسکندر"
                    HPOS="197"
                    VPOS="839"
                    WIDTH="682"
                    HEIGHT="52"></String>
          </TextLine>
          
          
	  <TextLine ID="eSc_line_121410"
                    
                    BASELINE="194 923 269 922 283 925 295 921 393 917 565 919 577 916 627 916 673 913 883 912" 
                    HPOS="193"
                    VPOS="881"
                    WIDTH="689"
                    HEIGHT="59">
            <Shape><Polygon POINTS="193 922 194 906 203 902 237 912 255 896 266 894 296 906 313 895 327 904 351 894 358 901 372 894 395 901 407 896 423 903 432 895 448 891 457 900 469 890 496 900 504 891 516 898 540 890 558 906 583 891 599 898 612 895 629 900 640 889 650 897 668 881 680 881 704 898 712 893 736 897 748 888 761 897 777 885 809 897 830 891 840 900 852 888 869 887 878 896 882 912 850 926 833 917 812 926 801 917 775 928 755 917 722 929 706 920 675 921 657 932 646 921 592 920 575 922 562 932 552 931 543 922 524 932 513 921 473 932 464 922 434 926 426 933 413 929 396 940 383 927 353 923 333 926 324 935 295 925 243 935 236 928 219 934 205 931 195 936"/></Shape>
	    <String CONTENT="شان در منزل امیره مظفّر است کس نزد امیرۀ مذکور فرستاد که ولد سلطان حیدر"
                    HPOS="193"
                    VPOS="881"
                    WIDTH="689"
                    HEIGHT="59"></String>
          </TextLine>
          
          
	  <TextLine ID="eSc_line_121412"
                    
                    BASELINE="193 972 254 965 339 966 416 963 431 960 596 961 636 959 774 959 801 958 819 954 847 959 883 953" 
                    HPOS="192"
                    VPOS="923"
                    WIDTH="690"
                    HEIGHT="60">
            <Shape><Polygon POINTS="192 971 193 954 220 938 242 953 255 940 285 952 308 939 324 938 338 948 350 936 364 948 382 939 399 948 425 945 434 935 446 938 456 931 475 945 495 942 503 947 534 934 554 948 566 946 571 951 579 942 599 941 605 946 628 934 660 942 672 931 691 939 712 934 722 942 727 938 746 939 758 929 774 944 792 926 801 923 813 933 824 932 844 948 868 931 882 952 875 965 863 964 857 971 849 971 838 961 820 963 807 971 796 964 779 969 768 959 738 966 720 958 708 965 674 965 663 958 623 974 608 966 590 970 575 961 565 973 547 965 523 972 486 971 469 960 460 967 410 972 395 963 383 972 359 965 350 976 330 978 315 969 302 980 288 972 273 980 261 972 249 983 239 974 203 977 194 972"/></Shape>
	    <String CONTENT="بتو متوسّل شده قاعدهٔ مطاوعت و متابعت آنست که او را نزد رستم بیگ"
                    HPOS="192"
                    VPOS="923"
                    WIDTH="690"
                    HEIGHT="60"></String>
          </TextLine>
          
          
	  <TextLine ID="eSc_line_121415"
                    
                    BASELINE="190 1011 222 1014 285 1008 406 1009 419 1007 479 1005 494 1003 505 1005 527 1003 688 1004 725 1001 824 1002 836 999 860 998 879 1001" 
                    HPOS="190"
                    VPOS="972"
                    WIDTH="689"
                    HEIGHT="55">
            <Shape><Polygon POINTS="190 1011 191 998 210 979 229 984 237 992 243 986 257 991 267 984 282 995 289 989 317 991 326 983 345 982 353 990 376 988 385 996 400 984 409 990 422 986 447 992 458 982 479 979 505 996 527 979 536 984 553 979 559 985 572 978 584 990 600 979 611 990 624 993 646 977 674 979 686 989 711 976 736 995 751 983 781 985 793 973 813 990 825 991 847 972 858 982 875 976 879 1001 862 1015 856 1016 846 1008 834 1018 822 1018 809 1005 799 1010 790 1003 774 1012 756 1007 732 1017 716 1002 698 1009 688 1004 675 1017 627 1007 615 1017 600 1011 590 1020 548 1010 526 1023 513 1022 499 1009 464 1017 452 1007 426 1020 416 1015 403 1020 389 1009 363 1018 351 1012 288 1012 276 1022 235 1012 217 1027 191 1017"/></Shape>
	    <String CONTENT="فرستي با جمعی که رفيقند و او را بانواع عطایا موعود میساخت و بعد ازآن"
                    HPOS="190"
                    VPOS="972"
                    WIDTH="689"
                    HEIGHT="55"></String>
          </TextLine>
          
          
	  <TextLine ID="eSc_line_121414"
                    
                    BASELINE="188 1055 365 1055 391 1058 414 1053 440 1050 526 1052 631 1046 789 1047 837 1045 853 1041 883 1042" 
                    HPOS="187"
                    VPOS="1015"
                    WIDTH="695"
                    HEIGHT="56">
            <Shape><Polygon POINTS="187 1054 188 1043 199 1033 245 1037 257 1026 286 1045 304 1027 326 1045 344 1027 366 1028 374 1023 400 1041 407 1034 415 1036 440 1015 475 1033 485 1034 499 1023 518 1041 539 1029 556 1027 573 1035 592 1017 611 1031 649 1017 659 1027 675 1028 682 1035 711 1020 726 1030 732 1024 758 1026 770 1018 794 1034 801 1028 811 1030 822 1020 844 1028 852 1020 872 1017 878 1021 882 1041 872 1049 853 1050 843 1058 798 1047 786 1056 770 1049 762 1058 754 1058 718 1046 695 1061 684 1049 676 1056 627 1055 606 1047 578 1062 564 1053 545 1062 541 1059 524 1065 514 1055 485 1060 472 1050 439 1059 402 1054 389 1064 376 1056 369 1064 343 1064 333 1071 313 1059 295 1069 281 1059 214 1066 188 1054"/></Shape>
	    <String CONTENT="تخویف و توعيد کرد بد آنکه اگر درین باب تخلّف و تهاوني ازو بظهور رسد"
                    HPOS="187"
                    VPOS="1015"
                    WIDTH="695"
                    HEIGHT="56"></String>
          </TextLine>
          
          
	  <TextLine ID="eSc_line_121418"
                    
                    BASELINE="198 1097 293 1099 365 1096 380 1093 565 1094 577 1092 618 1090 881 1087" 
                    HPOS="197"
                    VPOS="1061"
                    WIDTH="682"
                    HEIGHT="51">
            <Shape><Polygon POINTS="197 1096 198 1078 206 1069 251 1073 263 1085 277 1083 293 1068 312 1071 323 1080 342 1069 362 1084 383 1071 406 1080 423 1065 458 1080 469 1079 489 1065 511 1083 536 1062 543 1062 566 1081 603 1066 618 1074 644 1065 657 1072 670 1066 679 1074 705 1074 716 1064 729 1061 739 1071 756 1073 781 1061 793 1071 805 1064 824 1074 841 1061 850 1066 868 1062 876 1071 879 1086 875 1098 862 1093 831 1107 815 1093 789 1102 780 1093 757 1090 712 1093 703 1100 682 1092 655 1104 640 1097 615 1096 584 1097 575 1105 567 1105 561 1099 548 1103 540 1096 518 1106 504 1100 489 1104 461 1099 454 1106 433 1109 423 1099 400 1102 391 1097 381 1103 338 1102 327 1112 313 1103 302 1109 279 1104 264 1110 257 1103 198 1107"/></Shape>
	    <String CONTENT="بانواع عقوبات معاقب خواهد شد و جاگیر بیگ پرناک که حاکم تول و خلخال"
                    HPOS="197"
                    VPOS="1061"
                    WIDTH="682"
                    HEIGHT="51"></String>
          </TextLine>
          
          
	  <TextLine ID="eSc_line_121411"
                    
                    BASELINE="193 1138 213 1142 422 1142 471 1136 738 1137 750 1135 850 1135 885 1137" 
                    HPOS="192"
                    VPOS="1106"
                    WIDTH="692"
                    HEIGHT="54">
            <Shape><Polygon POINTS="192 1137 193 1124 198 1122 219 1126 229 1117 244 1126 273 1119 287 1107 298 1109 314 1125 340 1121 355 1125 364 1116 377 1123 399 1112 413 1113 431 1125 444 1113 482 1116 507 1111 528 1124 537 1116 553 1122 562 1112 580 1123 592 1111 605 1115 611 1110 629 1123 654 1110 668 1124 675 1124 711 1106 719 1115 756 1106 767 1117 781 1109 794 1122 803 1123 828 1107 845 1117 853 1111 865 1116 875 1112 884 1136 860 1148 839 1134 809 1148 799 1148 787 1136 770 1148 755 1138 726 1141 718 1136 708 1144 698 1142 675 1151 657 1138 634 1157 612 1142 597 1142 585 1154 571 1143 559 1143 547 1151 530 1143 515 1151 501 1137 460 1144 450 1155 425 1154 414 1145 391 1147 380 1155 358 1148 338 1157 321 1147 290 1149 279 1159 266 1153 249 1159 238 1148 226 1148 205 1160 193 1155"/></Shape>
	    <String CONTENT="بود کس فرستاده بدين نهج اعلام نمود و (۴) انشار و انذار اميره مظفّر کرد اميره"
                    HPOS="192"
                    VPOS="1106"
                    WIDTH="692"
                    HEIGHT="54"></String>
          </TextLine>
          
          
	  <TextLine ID="eSc_line_121416"
                    
                    BASELINE="198 1186 261 1188 307 1186 321 1189 350 1183 556 1185 570 1182 649 1179 822 1180 851 1179 884 1174" 
                    HPOS="197"
                    VPOS="1151"
                    WIDTH="686"
                    HEIGHT="50">
            <Shape><Polygon POINTS="197 1185 198 1169 214 1160 247 1160 260 1172 271 1160 299 1161 313 1174 336 1163 363 1169 376 1156 434 1167 450 1156 461 1157 480 1169 498 1155 509 1164 522 1160 532 1166 542 1159 560 1170 580 1161 599 1167 622 1155 643 1172 670 1154 705 1154 716 1164 725 1166 746 1162 757 1151 788 1153 798 1162 813 1157 830 1162 839 1153 851 1151 859 1159 875 1153 883 1173 879 1183 864 1195 856 1195 847 1187 800 1183 725 1188 720 1193 706 1185 679 1186 640 1197 625 1185 615 1189 602 1185 591 1193 581 1189 565 1197 553 1197 543 1188 529 1195 513 1188 483 1195 473 1188 419 1192 407 1187 382 1191 369 1199 357 1194 347 1201 334 1194 323 1199 308 1192 287 1197 277 1193 268 1199 250 1192 209 1193 198 1200"/></Shape>
	    <String CONTENT="از غايت اخلاص و اعتقادى كه بدين دودمان داشت انكار بودن خاقان اسکندر"
                    HPOS="197"
                    VPOS="1151"
                    WIDTH="686"
                    HEIGHT="50"></String>
          </TextLine>
          
          
	  <TextLine ID="eSc_line_121427"
                    
                    BASELINE="729 1245 803 1245 842 1248" 
                    HPOS="727"
                    VPOS="1216"
                    WIDTH="114"
                    HEIGHT="41">
            <Shape><Polygon POINTS="727 1244 730 1217 748 1229 768 1218 787 1224 795 1216 808 1221 830 1216 839 1224 841 1246 815 1251 801 1245 792 1254 768 1249 749 1257 729 1245"/></Shape>
	    <String CONTENT="(۱) قپچاچي ا"
                    HPOS="727"
                    VPOS="1216"
                    WIDTH="114"
                    HEIGHT="41"></String>
          </TextLine>
          
          
	  <TextLine ID="eSc_line_121419"
                    
                    BASELINE="401 1243 431 1246 494 1246 510 1243" 
                    HPOS="401"
                    VPOS="1221"
                    WIDTH="109"
                    HEIGHT="38">
            <Shape><Polygon POINTS="401 1243 414 1227 439 1227 445 1221 463 1231 485 1221 502 1221 510 1243 504 1256 482 1256 475 1249 467 1256 452 1250 423 1259 415 1258 402 1245"/></Shape>
	    <String CONTENT="(۲) ب ندارد"
                    HPOS="401"
                    VPOS="1221"
                    WIDTH="109"
                    HEIGHT="38"></String>
          </TextLine>
          
          
	  <TextLine ID="eSc_line_121503"
                    
                    BASELINE="670 1284 843 1280" 
                    HPOS="669"
                    VPOS="1249"
                    WIDTH="172"
                    HEIGHT="59">
            <Shape><Polygon POINTS="669 1283 670 1269 676 1263 710 1256 716 1259 725 1250 739 1252 751 1262 768 1250 781 1262 800 1249 808 1254 836 1251 841 1278 834 1288 809 1287 796 1302 771 1286 752 1283 742 1294 719 1288 707 1302 697 1297 686 1308 672 1302"/></Shape>
	    <String CONTENT="(۳) قون ا تول ب ج"
                    HPOS="669"
                    VPOS="1249"
                    WIDTH="172"
                    HEIGHT="59"></String>
          </TextLine>
          
          
	  <TextLine ID="eSc_line_121433"
                    
                    BASELINE="257 1287 522 1282" 
                    HPOS="256"
                    VPOS="1256"
                    WIDTH="265"
                    HEIGHT="60">
            <Shape><Polygon POINTS="256 1286 260 1269 275 1269 287 1257 319 1265 331 1259 346 1264 356 1258 366 1264 374 1258 395 1256 419 1267 427 1258 457 1256 472 1265 480 1257 502 1257 521 1281 499 1295 480 1289 469 1294 433 1289 421 1300 406 1294 394 1299 384 1290 370 1296 349 1292 330 1300 319 1290 300 1290 274 1316 258 1311"/></Shape>
	    <String CONTENT="(4) و ایشار و انذار اميره مظفر ج"
                    HPOS="256"
                    VPOS="1256"
                    WIDTH="265"
                    HEIGHT="60"></String>
          </TextLine>
          </TextBlock>
          
        </PrintSpace>
      </Page>
    </Layout>
  </alto>
