<?xml version="1.0" encoding="UTF-8"?>
<alto xmlns:xsi="http://www.w3.org/2001/XMLSchema-instance"
      xmlns="http://www.loc.gov/standards/alto/ns-v4#"
      xsi:schemaLocation="http://www.loc.gov/standards/alto/ns-v4# https://gitlab.inria.fr/scripta/escriptorium/-/raw/develop/app/escriptorium/static/alto-4-1-baselines.xsd">
  <Description>
    <MeasurementUnit>pixel</MeasurementUnit>
    <sourceImageInformation>
      <fileName>7_page-0001.jpg</fileName>
    </sourceImageInformation>
  </Description>
  
  <Tags>
    <OtherTag ID="BT1" LABEL="Title" DESCRIPTION="block type Title"/><OtherTag ID="BT2" LABEL="Main" DESCRIPTION="block type Main"/><OtherTag ID="BT3" LABEL="Commentary" DESCRIPTION="block type Commentary"/><OtherTag ID="BT4" LABEL="Illustration" DESCRIPTION="block type Illustration"/>
    
  </Tags>
  
  <Layout>
    <Page WIDTH="975"
          HEIGHT="1425"
          PHYSICAL_IMG_NR="7"
          ID="eSc_dummypage_">
      <PrintSpace HPOS="0"
                  VPOS="0"
                  WIDTH="975"
                  HEIGHT="1425">
        
        <TextBlock ID="eSc_dummyblock_">
          
	  <TextLine ID="eSc_line_122061"
                    
                    BASELINE="421 169 438 173 463 174 486 167 536 162 566 163" 
                    HPOS="420"
                    VPOS="136"
                    WIDTH="145"
                    HEIGHT="52">
            <Shape><Polygon POINTS="420 168 433 147 478 137 489 138 508 153 513 147 533 147 554 136 565 162 549 171 523 169 510 181 497 179 488 169 467 179 447 179 433 188 422 180"/></Shape>
	    <String CONTENT="احسن التواريخ"
                    HPOS="420"
                    VPOS="136"
                    WIDTH="145"
                    HEIGHT="52"></String>
          </TextLine>
          
          
	  <TextLine ID="eSc_line_122062"
                    
                    BASELINE="124 229 339 229 370 224 516 225 529 224 554 218 579 220 638 220 750 218 782 214 811 216" 
                    HPOS="124"
                    VPOS="187"
                    WIDTH="687"
                    HEIGHT="57">
            <Shape><Polygon POINTS="124 229 125 211 138 205 159 209 166 201 186 200 203 211 213 200 228 198 251 212 275 197 302 212 328 206 346 211 375 197 390 205 425 187 434 187 465 210 489 192 514 210 529 194 559 194 567 201 577 193 587 198 597 192 610 199 627 192 663 200 675 191 689 201 704 187 714 192 722 187 736 201 743 194 754 193 762 199 783 188 802 188 811 216 777 230 762 217 742 230 726 219 713 230 682 220 659 231 630 220 609 232 602 226 570 232 558 225 520 237 502 229 488 238 467 237 456 226 390 230 382 225 362 241 347 229 331 244 300 232 288 238 273 232 245 242 241 237 201 232 186 239 178 231 153 243 140 235 127 242"/></Shape>
	    <String CONTENT="شان در تول نموده تجاهل کاملی ازین مقدّمات کرد چون جاگیر بیگ را نیز در"
                    HPOS="124"
                    VPOS="187"
                    WIDTH="687"
                    HEIGHT="57"></String>
          </TextLine>
          
          
	  <TextLine ID="eSc_line_122063"
                    
                    BASELINE="133 273 342 270 361 267 489 267 501 269 517 266 573 262 670 263 684 261 712 260 724 256 737 258 821 258" 
                    HPOS="131"
                    VPOS="232"
                    WIDTH="689"
                    HEIGHT="56">
            <Shape><Polygon POINTS="131 271 133 247 144 252 157 242 175 245 185 254 200 247 224 252 241 245 260 256 283 252 301 242 325 255 344 242 359 244 368 252 383 247 393 255 404 252 426 232 448 242 460 254 475 241 488 247 496 244 505 254 527 238 542 245 560 244 568 252 615 236 629 244 635 242 647 249 655 244 662 250 669 243 693 244 705 233 755 242 762 249 781 232 803 241 820 257 802 266 787 264 774 277 757 264 679 270 667 263 647 275 638 267 586 274 570 263 547 276 508 267 484 279 473 275 464 282 450 273 433 281 425 274 400 276 391 268 369 282 356 275 345 283 321 274 277 274 268 281 247 274 224 282 185 276 173 288 163 288 153 277 144 283 134 280"/></Shape>
	    <String CONTENT="مقام مخالفت و معاندت دیدند دیگر توقّف در تول مناسب ندیدند از آنجا"
                    HPOS="131"
                    VPOS="232"
                    WIDTH="689"
                    HEIGHT="56"></String>
          </TextLine>
          
          
	  <TextLine ID="eSc_line_122064"
                    
                    BASELINE="130 317 148 319 165 314 315 314 370 309 495 311 593 307 608 305 825 301" 
                    HPOS="129"
                    VPOS="270"
                    WIDTH="695"
                    HEIGHT="61">
            <Shape><Polygon POINTS="129 315 130 293 137 289 152 301 162 290 180 290 198 300 212 298 219 290 232 299 252 299 266 292 276 298 282 293 312 298 325 287 334 294 346 286 359 296 378 287 397 299 403 294 410 296 423 283 434 288 440 285 465 296 476 289 498 292 509 282 533 295 551 282 566 289 579 281 593 295 609 282 621 289 634 281 642 288 667 270 678 281 692 279 703 287 731 287 744 274 752 274 771 289 808 285 824 300 807 313 786 318 765 314 755 306 723 313 704 307 669 319 640 306 627 314 610 312 598 321 583 313 535 315 522 324 511 314 503 314 480 325 465 315 452 323 423 320 412 326 397 315 374 318 358 330 345 317 324 318 307 330 301 325 287 327 275 318 252 327 242 318 231 328 219 326 209 331 194 321 167 327 159 319 150 326 130 330"/></Shape>
	    <String CONTENT="بیرون آمده متوجّه کسکر شدند و امیره سیاوش حاکم کسکر بود در موضع دنیا چار"
                    HPOS="129"
                    VPOS="270"
                    WIDTH="695"
                    HEIGHT="61"></String>
          </TextLine>
          
          
	  <TextLine ID="eSc_line_122065"
                    
                    BASELINE="125 364 168 362 298 363 312 362 326 357 503 358 547 356 574 352 648 353 661 351 708 351 729 346 741 349 794 349 824 343" 
                    HPOS="124"
                    VPOS="324"
                    WIDTH="698"
                    HEIGHT="54">
            <Shape><Polygon POINTS="124 363 125 337 136 326 149 327 173 345 180 340 205 344 216 334 229 344 249 339 270 345 288 331 295 337 305 334 315 344 325 345 333 338 358 342 366 333 382 343 397 333 415 351 453 332 466 339 488 340 507 327 513 333 524 328 539 342 552 334 558 337 566 328 610 339 629 326 642 339 657 328 669 333 684 327 693 336 725 325 735 334 743 330 755 338 771 324 783 334 807 324 822 342 802 357 783 350 764 368 746 355 729 365 717 361 704 366 686 353 659 359 647 368 630 358 597 362 577 356 541 370 524 361 514 369 485 369 472 361 459 363 444 375 434 369 414 377 402 366 393 376 384 376 372 364 338 375 324 365 311 372 268 372 260 368 238 374 224 364 191 376 182 376 173 366 141 368 125 378"/></Shape>
	    <String CONTENT="که از مراضع کسکر است امیر نوش ملازمی از امیره سیاوش بود امیره مظفّر"
                    HPOS="124"
                    VPOS="324"
                    WIDTH="698"
                    HEIGHT="54"></String>
          </TextLine>
          
          
	  <TextLine ID="eSc_line_122066"
                    
                    BASELINE="129 406 242 406 269 403 324 403 363 400 520 401 543 399 585 399 662 395 821 394" 
                    HPOS="128"
                    VPOS="366"
                    WIDTH="692"
                    HEIGHT="55">
            <Shape><Polygon POINTS="128 404 129 385 144 389 155 378 171 380 179 388 199 380 211 387 229 380 243 388 292 378 312 391 333 377 345 376 365 389 377 377 390 384 402 372 428 384 439 375 454 384 469 375 484 388 503 374 518 375 530 385 553 372 574 377 586 370 602 384 625 369 644 372 657 385 669 375 689 376 697 370 712 378 725 370 735 380 746 368 758 366 768 374 779 366 792 377 806 366 817 376 820 393 802 406 780 406 770 397 743 399 730 404 711 394 692 410 684 410 662 396 655 403 629 401 613 409 604 409 592 399 549 406 537 413 523 404 502 412 483 406 467 413 459 404 448 410 437 402 421 418 400 404 390 413 371 418 361 408 331 409 318 420 305 408 254 413 235 406 224 412 210 409 193 420 175 408 140 421 130 418"/></Shape>
	    <String CONTENT="و را طلب كوده خاقان اسکندر شان را با رفقأ باو منضمّ ساخت که نزد امیره"
                    HPOS="128"
                    VPOS="366"
                    WIDTH="692"
                    HEIGHT="55"></String>
          </TextLine>
          
          
	  <TextLine ID="eSc_line_122211"
                    
                    BASELINE="128 450 148 447 447 448 478 441 490 444 573 442 680 444 720 441 736 438 820 434 828 433 838 434" 
                    HPOS="127"
                    VPOS="406"
                    WIDTH="710"
                    HEIGHT="58">
            <Shape><Polygon POINTS="127 448 130 428 156 432 165 423 180 432 204 422 233 421 242 427 267 428 281 422 288 429 315 431 334 428 347 420 357 429 384 433 399 419 407 419 434 435 456 423 476 426 485 418 511 432 523 429 539 415 561 427 584 406 605 421 619 421 627 427 644 410 670 418 679 410 695 423 704 421 710 426 723 415 757 421 769 409 789 409 821 432 837 433 819 433 799 447 782 450 769 446 761 451 745 444 730 452 710 446 697 452 687 446 675 456 661 447 651 453 636 451 627 442 565 446 554 453 514 450 503 458 489 450 460 451 441 460 372 451 352 461 285 450 267 461 257 461 241 451 216 458 162 454 141 464 128 456"/></Shape>
	    <String CONTENT="سیاوش برد و از تول محمّد بیگ و احمدی بیگ مراجعت کرده کتابات بامیره"
                    HPOS="127"
                    VPOS="406"
                    WIDTH="710"
                    HEIGHT="58"></String>
          </TextLine>
          
          
	  <TextLine ID="eSc_line_122070"
                    
                    BASELINE="130 494 219 490 233 496 274 496 293 492 321 494 333 491 439 489 479 485 591 485 605 488 619 484 700 484 724 480 823 479" 
                    HPOS="129"
                    VPOS="453"
                    WIDTH="693"
                    HEIGHT="56">
            <Shape><Polygon POINTS="129 494 130 478 146 466 172 467 178 473 199 463 217 467 229 479 249 478 264 465 279 466 288 476 302 473 323 480 339 464 357 465 368 475 387 461 409 469 419 463 432 475 447 461 461 461 472 464 485 477 514 460 521 465 532 460 541 470 553 469 560 475 591 459 599 466 613 464 623 473 643 463 656 466 672 457 691 476 699 471 703 475 725 454 751 471 763 460 794 463 809 453 819 463 822 478 808 486 779 485 762 497 745 489 738 495 724 490 716 497 700 498 688 486 674 497 663 488 634 491 623 483 598 498 586 490 578 498 560 485 534 501 518 492 497 494 488 489 479 495 454 492 439 502 423 495 391 494 370 504 358 496 347 496 333 507 321 501 307 504 300 497 283 504 243 501 236 507 216 507 194 494 176 509 159 498 130 498"/></Shape>
	    <String CONTENT="اسحق والى رشت درباب مراعات خاقان اسكندر شان و صوفیان و رفقأ نوشتفد"
                    HPOS="129"
                    VPOS="453"
                    WIDTH="693"
                    HEIGHT="56"></String>
          </TextLine>
          
          
	  <TextLine ID="eSc_line_122071"
                    
                    BASELINE="133 535 153 539 334 539 403 533 529 534 542 532 556 534 568 529 580 528 643 529 745 523 798 524 830 528" 
                    HPOS="131"
                    VPOS="497"
                    WIDTH="697"
                    HEIGHT="56">
            <Shape><Polygon POINTS="131 534 136 522 154 521 168 513 186 521 198 510 212 521 236 521 248 509 279 513 290 521 307 504 314 504 345 521 352 514 368 518 381 508 395 520 413 507 439 521 454 505 482 508 492 518 522 505 537 521 557 502 570 505 583 513 596 510 605 518 623 503 644 508 657 503 668 514 691 505 735 507 742 511 750 503 770 509 783 497 811 509 828 527 821 527 809 539 794 530 761 537 744 527 726 539 708 530 678 535 665 527 651 537 631 534 621 541 600 528 575 545 565 540 551 549 532 534 511 546 476 536 463 536 446 548 438 543 423 548 414 539 396 546 385 539 363 548 350 540 342 547 326 542 317 551 261 541 241 549 219 542 211 548 185 547 174 541 133 553"/></Shape>
	    <String CONTENT="و اکرچه رجعت اینشان مرضيّ طبع خاقان زمان نبود و ازآن رهگذر بسیار مغموم"
                    HPOS="131"
                    VPOS="497"
                    WIDTH="697"
                    HEIGHT="56"></String>
          </TextLine>
          
          
	  <TextLine ID="eSc_line_122072"
                    
                    BASELINE="134 586 166 585 179 587 192 580 258 581 281 578 330 575 551 575 562 578 611 571 685 573 697 570 735 570 771 566 784 567 799 565 823 571" 
                    HPOS="133"
                    VPOS="536"
                    WIDTH="689"
                    HEIGHT="60">
            <Shape><Polygon POINTS="133 585 134 570 168 564 191 547 198 547 213 562 226 555 249 562 270 546 288 559 301 554 323 565 339 548 356 558 369 551 382 559 390 551 404 549 422 560 439 556 446 561 470 558 479 549 491 559 499 555 508 561 532 542 546 556 559 551 574 562 591 548 613 552 625 547 631 553 650 537 659 537 679 558 699 548 710 554 739 539 749 548 761 536 771 536 801 555 809 552 822 570 805 583 790 573 771 573 756 584 742 570 698 578 685 574 680 580 669 575 643 578 632 571 621 583 598 579 591 586 583 586 572 575 545 587 534 577 522 586 499 579 485 590 457 581 426 585 415 577 388 577 357 590 340 581 331 591 313 584 280 585 262 596 255 590 241 593 232 586 209 581 195 587 174 586 163 596 135 594"/></Shape>
	    <String CONTENT="متلم کنشت فاما ایفان در آی مراجعت (١) صلجا وعضطر بودند اما چون"
                    HPOS="133"
                    VPOS="536"
                    WIDTH="689"
                    HEIGHT="60"></String>
          </TextLine>
          
          
	  <TextLine ID="eSc_line_122073"
                    
                    BASELINE="133 621 152 624 267 624 293 621 336 622 378 618 499 619 522 617 567 617 602 612 613 615 798 615 826 616" 
                    HPOS="131"
                    VPOS="586"
                    WIDTH="694"
                    HEIGHT="55">
            <Shape><Polygon POINTS="131 619 136 603 154 603 165 609 180 599 188 608 203 594 213 602 228 596 239 602 250 597 262 608 287 587 314 608 333 597 351 604 369 596 385 605 397 594 410 603 420 596 432 602 471 586 482 597 494 592 513 604 530 592 546 592 556 603 574 591 590 602 600 596 630 598 638 604 646 598 653 600 667 587 685 589 711 600 722 592 744 594 754 586 775 602 803 586 825 615 801 617 780 627 750 617 722 628 710 616 695 625 676 629 650 629 638 619 627 629 605 628 586 617 575 624 561 623 555 617 547 624 522 627 514 619 479 634 450 622 421 625 409 635 395 627 331 627 314 637 296 625 273 641 254 628 228 628 219 634 191 634 181 628 160 637 133 629"/></Shape>
	    <String CONTENT="خبر بامیره سیاوش رسيد که شاه متوجّه کسکر است بقدم تلقّي استقبال نموده"
                    HPOS="131"
                    VPOS="586"
                    WIDTH="694"
                    HEIGHT="55"></String>
          </TextLine>
          
          
	  <TextLine ID="eSc_line_122074"
                    
                    BASELINE="137 663 157 667 406 667 420 665 458 663 470 661 669 662 706 656 792 657 803 655 822 655" 
                    HPOS="137"
                    VPOS="629"
                    WIDTH="685"
                    HEIGHT="56">
            <Shape><Polygon POINTS="137 663 138 648 150 649 157 642 166 642 184 660 203 641 233 638 251 638 263 650 277 642 283 648 293 644 323 655 339 646 351 649 385 643 401 648 431 638 446 653 473 635 486 646 501 647 515 640 552 640 562 629 586 647 600 632 612 640 631 640 638 647 676 631 701 649 724 629 739 636 751 630 765 643 790 629 802 638 813 636 822 655 795 669 781 663 773 672 756 660 731 663 708 674 699 665 689 672 676 663 648 674 632 666 617 670 605 666 596 674 580 674 571 665 554 674 524 663 508 674 488 668 475 679 464 670 452 680 441 669 368 668 336 685 318 675 299 678 282 669 268 680 256 680 244 672 207 673 198 681 182 682 169 672 138 682"/></Shape>
	    <String CONTENT="مراسم تعظيم و تكريم بجای آورده در مراسم خدمت بهیچ وجه فرو گذاشتی نکرد"
                    HPOS="137"
                    VPOS="629"
                    WIDTH="685"
                    HEIGHT="56"></String>
          </TextLine>
          
          
	  <TextLine ID="eSc_line_122075"
                    
                    BASELINE="138 714 204 713 217 716 233 711 271 708 466 710 535 704 637 705 692 700 825 699" 
                    HPOS="137"
                    VPOS="675"
                    WIDTH="687"
                    HEIGHT="52">
            <Shape><Polygon POINTS="137 713 138 695 157 685 178 692 190 686 200 697 216 685 237 686 250 698 267 685 304 695 320 684 328 691 356 691 372 701 397 682 412 691 427 685 439 694 463 680 477 689 490 676 498 675 507 684 518 680 529 691 535 685 561 685 568 692 589 676 610 687 625 686 636 676 648 684 659 675 687 676 703 692 720 679 735 687 748 681 770 688 787 679 819 686 824 698 812 713 799 705 781 706 774 701 762 713 744 717 730 705 708 713 700 705 661 708 650 703 630 717 603 716 594 708 575 710 570 705 561 713 535 713 528 706 513 722 498 713 489 722 479 722 466 710 442 722 427 712 416 713 407 723 393 716 381 727 371 727 359 718 345 724 330 719 321 726 314 720 286 716 220 717 211 724 201 724 193 716 157 717 140 725"/></Shape>
	    <String CONTENT="و سه روز در خانۀ او بودند بعد از آن کمر همراهي برمیان بسته خاقان اسکندر"
                    HPOS="137"
                    VPOS="675"
                    WIDTH="687"
                    HEIGHT="52"></String>
          </TextLine>
          
          
	  <TextLine ID="eSc_line_122076"
                    
                    BASELINE="137 758 169 756 198 758 214 755 268 755 290 751 585 752 616 748 681 748 699 745 770 745 795 742 824 743" 
                    HPOS="136"
                    VPOS="716"
                    WIDTH="686"
                    HEIGHT="53">
            <Shape><Polygon POINTS="136 757 142 735 150 730 157 733 175 719 198 739 226 719 257 739 266 739 281 727 296 726 317 727 327 738 337 738 356 736 366 726 414 725 427 738 437 730 467 732 478 723 490 731 521 731 532 722 549 737 584 729 591 735 605 731 612 736 638 720 649 720 676 735 692 725 708 729 719 718 745 727 756 717 776 732 795 716 811 716 819 723 822 742 783 756 774 746 763 756 749 746 726 760 708 749 689 754 678 746 665 758 653 751 629 756 615 749 603 760 589 755 584 760 553 762 539 751 523 763 511 760 501 764 486 751 456 756 438 765 413 763 403 754 393 763 364 757 353 768 339 761 324 765 311 757 268 758 258 767 244 761 236 768 209 760 195 769 184 761 137 761"/></Shape>
	    <String CONTENT="شان را برشت رسانيد و چون اميره اسحق را اخلاص و اعتقاد وتردّد و اتّحاد"
                    HPOS="136"
                    VPOS="716"
                    WIDTH="686"
                    HEIGHT="53"></String>
          </TextLine>
          
          
	  <TextLine ID="eSc_line_122077"
                    
                    BASELINE="137 801 201 799 271 800 296 798 338 799 370 794 566 795 612 789 682 790 699 788 752 787 829 789" 
                    HPOS="136"
                    VPOS="755"
                    WIDTH="692"
                    HEIGHT="59">
            <Shape><Polygon POINTS="136 800 141 779 168 789 176 781 186 783 201 775 217 779 228 788 249 776 261 788 273 776 293 777 300 770 320 767 336 782 349 777 358 783 377 769 389 780 397 774 419 776 434 788 453 774 459 773 470 782 489 768 496 768 507 779 515 771 527 776 537 773 545 779 564 762 578 771 593 764 608 777 635 765 659 773 678 755 685 755 704 773 717 761 736 767 748 760 770 777 809 763 825 773 828 788 788 801 776 800 765 789 716 795 705 788 685 800 663 793 656 800 635 796 619 805 604 794 589 808 571 795 554 805 539 801 522 807 505 794 489 800 467 794 445 808 432 799 402 808 393 808 382 800 349 813 326 798 301 802 292 809 255 799 233 812 219 801 198 814 192 808 178 809 167 800 156 806 137 806"/></Shape>
	    <String CONTENT="بدین سلسلۀ عليۀ بیش از آن بود که در حیز شرح گنجد در عرض سه"
                    HPOS="136"
                    VPOS="755"
                    WIDTH="692"
                    HEIGHT="59"></String>
          </TextLine>
          
          
	  <TextLine ID="eSc_line_122058"
                    
                    BASELINE="142 847 160 847 195 841 365 843 423 838 467 837 688 838 699 830 711 834 767 832 798 832 828 834" 
                    HPOS="141"
                    VPOS="805"
                    WIDTH="686"
                    HEIGHT="52">
            <Shape><Polygon POINTS="141 846 142 826 149 827 160 819 176 832 204 817 217 825 242 826 276 811 287 815 302 813 315 826 327 814 351 813 372 826 388 812 400 820 406 814 421 820 428 813 441 813 447 819 466 813 477 822 508 811 539 828 552 818 578 809 586 809 603 826 613 827 634 808 647 815 675 814 682 820 714 822 732 805 742 805 752 815 767 811 782 812 788 818 798 809 807 814 817 811 824 817 827 833 799 845 782 833 761 843 739 837 726 850 713 850 700 838 689 846 673 838 651 849 636 840 623 853 610 851 600 841 587 853 573 841 545 853 534 843 526 850 513 843 492 849 471 838 464 844 408 844 397 852 376 851 366 843 346 844 333 853 315 852 306 844 290 847 270 843 254 857 224 847 195 846 186 856 157 850 142 857"/></Shape>
	    <String CONTENT="روز ميهماني و ميزباني بتقديم رسانيد که تا خوان سالاران قضأ قرص ماه و خـور"
                    HPOS="141"
                    VPOS="805"
                    WIDTH="686"
                    HEIGHT="52"></String>
          </TextLine>
          
          
	  <TextLine ID="eSc_line_122057"
                    
                    BASELINE="142 894 171 889 258 890 285 885 312 884 337 884 349 887 364 882 441 879 529 881 617 877 629 875 790 875 837 877" 
                    HPOS="141"
                    VPOS="849"
                    WIDTH="695"
                    HEIGHT="54">
            <Shape><Polygon POINTS="141 893 143 875 152 879 179 860 193 868 205 860 218 872 228 874 258 859 271 869 286 853 325 876 344 857 382 869 408 856 419 860 431 856 447 864 461 851 485 863 496 856 530 853 546 863 574 850 593 866 608 852 619 853 637 865 661 850 679 849 701 863 714 850 725 853 748 849 758 858 812 855 836 876 793 884 784 891 756 874 749 881 723 879 711 891 695 879 665 881 651 889 642 889 631 879 613 883 602 895 590 885 580 889 574 883 541 893 529 885 488 893 480 885 446 888 435 882 422 894 409 887 385 887 371 895 350 889 339 900 292 889 276 897 261 890 248 903 226 896 216 900 204 891 195 897 173 891 154 903 143 900"/></Shape>
	    <String CONTENT="جهت اطعام ساکنان عالم بالا بر اطباق فلک نهاده جشني بدآن نوع و اجلاسی"
                    HPOS="141"
                    VPOS="849"
                    WIDTH="695"
                    HEIGHT="54"></String>
          </TextLine>
          
          
	  <TextLine ID="eSc_line_122060"
                    
                    BASELINE="142 940 161 933 173 932 260 933 290 927 359 928 478 922 732 922 749 917 834 918" 
                    HPOS="141"
                    VPOS="887"
                    WIDTH="692"
                    HEIGHT="58">
            <Shape><Polygon POINTS="141 939 142 916 156 904 168 912 184 904 192 913 204 914 220 903 236 915 256 904 270 916 286 900 312 914 327 898 338 898 349 909 358 906 365 910 382 901 395 908 415 898 426 907 439 896 456 907 471 897 488 896 498 906 513 898 528 914 539 916 560 896 590 908 602 898 629 902 646 896 659 909 669 900 684 901 691 894 723 907 732 898 742 902 757 891 774 907 801 887 813 898 820 898 833 917 818 927 798 923 788 931 768 920 735 935 722 927 708 932 701 925 686 934 661 935 649 923 621 931 594 921 584 932 561 928 540 939 520 927 504 941 488 929 456 931 446 923 426 939 388 929 374 934 363 931 345 940 333 933 304 940 288 933 277 941 257 935 230 944 220 935 210 944 194 940 180 945 172 938 163 945 142 942"/></Shape>
	    <String CONTENT="بدآن طرز و طریق ندیده بعضی از ثقات گویند که در آن سفر خیر اثر برادران"
                    HPOS="141"
                    VPOS="887"
                    WIDTH="692"
                    HEIGHT="58"></String>
          </TextLine>
          
          
	  <TextLine ID="eSc_line_122051"
                    
                    BASELINE="137 988 161 978 213 974 267 976 299 972 313 969 396 971 517 965 660 966 704 964 730 960 796 961 827 961 835 961" 
                    HPOS="136"
                    VPOS="934"
                    WIDTH="698"
                    HEIGHT="61">
            <Shape><Polygon POINTS="136 988 137 955 144 948 161 961 184 957 195 965 213 958 238 959 260 938 266 938 285 957 301 952 313 955 336 945 351 960 365 946 388 951 395 944 407 944 420 955 433 942 442 946 451 940 471 954 494 946 503 950 518 941 537 944 551 953 561 952 575 938 599 948 617 939 625 947 631 941 640 946 648 942 659 951 676 936 689 936 703 950 725 936 750 941 762 936 773 946 783 935 802 934 813 936 834 960 820 966 795 966 779 977 763 967 704 974 695 966 668 977 650 969 637 977 624 977 617 971 549 970 488 977 470 966 458 974 440 974 429 983 413 973 389 976 378 983 369 979 361 985 349 978 334 985 283 974 267 984 219 979 199 991 187 980 147 995 140 988"/></Shape>
	    <String CONTENT="خاقان اسكندر شان دور اصداف خلافت اثمار اشجار ولایت سيّد حسن ميرزا"
                    HPOS="136"
                    VPOS="934"
                    WIDTH="698"
                    HEIGHT="61"></String>
          </TextLine>
          
          
	  <TextLine ID="eSc_line_122052"
                    
                    BASELINE="141 1027 157 1022 171 1023 190 1018 201 1020 218 1017 340 1018 374 1014 415 1012 543 1014 565 1010 621 1008 647 1009 669 1014 681 1008 761 1009 779 1008 793 1004 840 1009" 
                    HPOS="140"
                    VPOS="970"
                    WIDTH="699"
                    HEIGHT="65">
            <Shape><Polygon POINTS="140 1026 142 1009 155 1011 175 993 205 1004 218 1004 242 991 256 1001 268 998 274 1003 285 995 294 996 300 990 312 996 324 988 337 1001 350 995 369 999 377 992 389 998 408 993 434 996 456 977 463 977 483 997 501 984 515 996 540 990 547 995 568 984 590 991 612 973 636 992 657 980 672 993 695 988 706 995 723 979 735 988 748 978 767 990 784 972 795 970 839 1008 830 1008 819 1018 807 1012 794 1023 781 1011 767 1008 743 1017 729 1011 717 1021 694 1011 685 1020 662 1024 648 1015 632 1022 624 1014 606 1020 589 1012 564 1024 542 1014 509 1027 501 1027 492 1018 479 1026 470 1017 459 1023 432 1017 396 1020 381 1028 365 1017 327 1033 314 1024 283 1031 269 1026 250 1029 242 1023 222 1023 211 1031 176 1024 160 1035 149 1035 141 1028"/></Shape>
	    <String CONTENT="سیّد سلیمان میرزا و سیّد داود میرزا و سیّد محمود میرزا رفیق بودند و بعفی"
                    HPOS="140"
                    VPOS="970"
                    WIDTH="699"
                    HEIGHT="65"></String>
          </TextLine>
          
          
	  <TextLine ID="eSc_line_122055"
                    
                    BASELINE="147 1064 165 1066 220 1060 368 1061 396 1059 412 1054 431 1056 483 1055 539 1058 553 1054 594 1054 616 1049 685 1052 832 1053 826 1048" 
                    HPOS="146"
                    VPOS="1020"
                    WIDTH="679"
                    HEIGHT="55">
            <Shape><Polygon POINTS="146 1064 147 1049 159 1037 184 1039 195 1048 216 1037 228 1045 242 1034 260 1043 274 1031 296 1050 312 1041 364 1045 382 1033 399 1037 410 1031 419 1040 427 1031 450 1037 461 1029 483 1045 498 1029 516 1029 527 1037 546 1027 567 1034 578 1027 591 1039 603 1027 630 1028 649 1035 666 1030 680 1034 695 1024 707 1035 722 1027 736 1035 756 1023 770 1033 787 1022 805 1030 821 1020 825 1047 805 1062 768 1052 748 1058 732 1052 714 1062 700 1064 687 1055 653 1055 644 1062 611 1058 597 1066 583 1058 536 1061 528 1067 507 1060 494 1071 476 1060 445 1062 431 1072 410 1062 366 1064 356 1072 343 1065 337 1069 317 1065 308 1073 292 1074 277 1062 258 1074 222 1062 207 1068 166 1068 147 1075"/></Shape>
	    <String CONTENT="گویند که در رشت بخاقان اسکندر شان ملحق شدند و جمعی گویند که خاقان"
                    HPOS="146"
                    VPOS="1020"
                    WIDTH="679"
                    HEIGHT="55"></String>
          </TextLine>
          
          
	  <TextLine ID="eSc_line_122054"
                    
                    BASELINE="143 1109 270 1105 285 1103 395 1104 425 1103 466 1098 682 1099 729 1094 769 1093 808 1096 839 1091" 
                    HPOS="142"
                    VPOS="1066"
                    WIDTH="696"
                    HEIGHT="55">
            <Shape><Polygon POINTS="142 1107 143 1094 157 1081 181 1081 191 1091 205 1081 222 1092 267 1087 288 1091 301 1078 323 1088 339 1075 351 1087 362 1084 382 1091 402 1075 419 1084 442 1084 459 1074 479 1073 489 1080 502 1073 511 1078 518 1073 534 1074 552 1084 570 1068 586 1078 599 1071 609 1080 625 1071 637 1083 657 1068 666 1077 682 1071 689 1078 708 1069 724 1085 742 1068 758 1067 769 1077 788 1066 811 1071 821 1066 838 1090 822 1099 782 1099 770 1106 750 1099 733 1109 720 1098 713 1104 703 1099 682 1111 670 1104 662 1109 641 1107 631 1100 617 1113 597 1112 579 1100 564 1112 540 1106 528 1118 483 1100 461 1102 450 1112 425 1112 420 1117 404 1109 387 1116 378 1107 361 1109 346 1119 334 1111 311 1106 287 1113 256 1112 250 1117 223 1115 218 1121 197 1112 186 1121 171 1113 143 1113"/></Shape>
	    <String CONTENT="اسكندر شان با برادران از راه آق داغ که (٢) بچچكلو معروف است بمسوله رفتند"
                    HPOS="142"
                    VPOS="1066"
                    WIDTH="696"
                    HEIGHT="55"></String>
          </TextLine>
          
          
	  <TextLine ID="eSc_line_122053"
                    
                    BASELINE="143 1149 264 1151 277 1149 365 1148 390 1145 492 1147 532 1141 654 1142 743 1136 802 1136 837 1141" 
                    HPOS="142"
                    VPOS="1106"
                    WIDTH="694"
                    HEIGHT="57">
            <Shape><Polygon POINTS="142 1148 143 1134 157 1126 188 1135 199 1125 213 1132 243 1124 251 1132 277 1128 287 1134 299 1124 319 1132 359 1123 370 1132 390 1122 403 1135 420 1122 447 1130 469 1118 486 1136 515 1118 528 1123 546 1107 554 1109 570 1124 585 1116 596 1121 612 1116 624 1128 641 1121 654 1125 665 1115 673 1115 685 1126 695 1118 710 1113 727 1112 748 1122 758 1111 776 1117 796 1106 819 1122 827 1122 836 1140 825 1149 809 1147 800 1154 783 1143 770 1149 752 1138 745 1144 731 1144 722 1153 689 1143 674 1155 665 1147 636 1149 624 1141 613 1148 581 1149 566 1142 559 1148 536 1148 528 1141 496 1159 482 1159 469 1148 447 1149 423 1161 403 1155 394 1161 377 1153 366 1161 352 1154 328 1159 308 1153 279 1163 270 1155 260 1154 251 1160 209 1154 188 1163 168 1154 144 1156"/></Shape>
	    <String CONTENT="و از آنجا متوجّه رشت شدند امّا کسی که دران راه رفاقت نموده باشد نبود که"
                    HPOS="142"
                    VPOS="1106"
                    WIDTH="694"
                    HEIGHT="57"></String>
          </TextLine>
          
          
	  <TextLine ID="eSc_line_122059"
                    
                    BASELINE="143 1199 205 1199 258 1193 352 1194 416 1188 533 1189 596 1186 638 1186 659 1183 834 1185" 
                    HPOS="142"
                    VPOS="1154"
                    WIDTH="691"
                    HEIGHT="58">
            <Shape><Polygon POINTS="142 1198 149 1179 163 1175 176 1182 192 1168 203 1173 216 1168 232 1179 285 1169 307 1180 323 1167 339 1167 349 1176 369 1163 391 1172 401 1166 413 1176 426 1164 441 1164 452 1166 463 1176 482 1163 499 1170 528 1172 549 1157 579 1158 593 1161 608 1172 632 1159 648 1169 659 1159 679 1157 688 1164 699 1156 708 1162 718 1156 736 1157 744 1166 758 1157 769 1167 782 1154 802 1155 813 1166 827 1163 833 1183 812 1195 798 1188 787 1195 775 1194 763 1185 749 1197 736 1188 684 1186 670 1197 648 1197 636 1188 624 1200 617 1200 603 1187 578 1208 570 1207 555 1193 498 1195 490 1191 452 1197 445 1204 433 1197 422 1205 406 1197 366 1197 352 1205 327 1198 318 1205 304 1201 283 1212 266 1199 237 1200 219 1210 204 1204 178 1208 166 1200 143 1210"/></Shape>
	    <String CONTENT="بر قول او اعتماد توان کرد اصحّ آنست که خاقان اسکندر شان برفاقت برادران در"
                    HPOS="142"
                    VPOS="1154"
                    WIDTH="691"
                    HEIGHT="58"></String>
          </TextLine>
          
          
	  <TextLine ID="eSc_line_122050"
                    
                    BASELINE="147 1238 190 1236 325 1236 416 1231 564 1232 586 1230 663 1229 676 1226 795 1227 840 1224" 
                    HPOS="146"
                    VPOS="1197"
                    WIDTH="693"
                    HEIGHT="57">
            <Shape><Polygon POINTS="146 1237 149 1218 166 1213 173 1220 185 1219 194 1210 219 1223 232 1217 266 1221 285 1218 290 1224 362 1213 377 1219 403 1214 464 1217 484 1211 494 1216 510 1205 522 1216 541 1210 553 1221 564 1214 572 1220 597 1202 621 1212 640 1201 655 1213 669 1199 692 1208 705 1201 717 1213 735 1198 746 1206 757 1199 770 1210 794 1202 801 1207 817 1197 839 1223 820 1239 801 1230 780 1232 765 1226 749 1242 723 1238 712 1229 693 1242 682 1236 668 1240 650 1229 636 1243 609 1244 600 1238 591 1244 575 1235 561 1245 546 1236 533 1244 510 1245 497 1238 473 1243 463 1235 426 1246 376 1239 353 1242 346 1237 326 1249 312 1244 295 1254 274 1244 255 1244 243 1251 219 1242 200 1244 191 1251 175 1250 167 1242 147 1244"/></Shape>
	    <String CONTENT="رشت نزول اجلال فرمودند و در رشت مسجدیست موسوم بمسجد سفید که"
                    HPOS="146"
                    VPOS="1197"
                    WIDTH="693"
                    HEIGHT="57"></String>
          </TextLine>
          
          
	  <TextLine ID="eSc_line_122212"
                    
                    BASELINE="635 1281 639 1281 655 1283 701 1282 786 1281 795 1282" 
                    HPOS="634"
                    VPOS="1263"
                    WIDTH="160"
                    HEIGHT="42">
            <Shape><Polygon POINTS="634 1280 643 1265 655 1271 663 1263 678 1264 697 1275 711 1265 724 1270 739 1263 754 1270 762 1263 782 1263 794 1281 786 1297 765 1301 751 1293 727 1300 712 1296 697 1305 685 1297 649 1305 635 1290"/></Shape>
	    <String CONTENT="(١) ملجا و مظفر ا"
                    HPOS="634"
                    VPOS="1263"
                    WIDTH="160"
                    HEIGHT="42"></String>
          </TextLine>
          
          
	  <TextLine ID="eSc_line_122068"
                    
                    BASELINE="341 1302 415 1297 468 1296" 
                    HPOS="340"
                    VPOS="1271"
                    WIDTH="127"
                    HEIGHT="56">
            <Shape><Polygon POINTS="340 1301 342 1284 356 1287 388 1273 422 1283 433 1271 457 1274 464 1280 467 1295 453 1311 413 1303 375 1327 359 1314 343 1316"/></Shape>
	    <String CONTENT="(٢) حچکجو ج"
                    HPOS="340"
                    VPOS="1271"
                    WIDTH="127"
                    HEIGHT="56"></String>
          </TextLine>
          </TextBlock>
          
        </PrintSpace>
      </Page>
    </Layout>
  </alto>
