<?xml version="1.0" encoding="UTF-8"?>
<alto xmlns:xsi="http://www.w3.org/2001/XMLSchema-instance"
      xmlns="http://www.loc.gov/standards/alto/ns-v4#"
      xsi:schemaLocation="http://www.loc.gov/standards/alto/ns-v4# https://gitlab.inria.fr/scripta/escriptorium/-/raw/develop/app/escriptorium/static/alto-4-1-baselines.xsd">
  <Description>
    <MeasurementUnit>pixel</MeasurementUnit>
    <sourceImageInformation>
      <fileName>8_page-0001.jpg</fileName>
    </sourceImageInformation>
  </Description>
  
  <Tags>
    <OtherTag ID="BT1" LABEL="Title" DESCRIPTION="block type Title"/><OtherTag ID="BT2" LABEL="Main" DESCRIPTION="block type Main"/><OtherTag ID="BT3" LABEL="Commentary" DESCRIPTION="block type Commentary"/><OtherTag ID="BT4" LABEL="Illustration" DESCRIPTION="block type Illustration"/>
    
  </Tags>
  
  <Layout>
    <Page WIDTH="975"
          HEIGHT="1425"
          PHYSICAL_IMG_NR="8"
          ID="eSc_dummypage_">
      <PrintSpace HPOS="0"
                  VPOS="0"
                  WIDTH="975"
                  HEIGHT="1425">
        
        <TextBlock ID="eSc_dummyblock_">
          
	  <TextLine ID="eSc_line_122215"
                    
                    BASELINE="465 152 526 154 559 148 571 149 599 140" 
                    HPOS="465"
                    VPOS="121"
                    WIDTH="134"
                    HEIGHT="52">
            <Shape><Polygon POINTS="465 152 467 133 496 122 526 121 546 137 561 129 575 130 587 121 599 140 589 154 561 155 545 173 524 155 515 154 505 163 492 160 469 168"/></Shape>
	    <String CONTENT="احسن التواريخ"
                    HPOS="465"
                    VPOS="121"
                    WIDTH="134"
                    HEIGHT="52"></String>
          </TextLine>
          
          
	  <TextLine ID="eSc_line_122217"
                    
                    BASELINE="194 214 263 214 314 210 345 210 384 205 419 209 440 205 558 206 678 203 767 204 852 200 880 199" 
                    HPOS="193"
                    VPOS="173"
                    WIDTH="686"
                    HEIGHT="55">
            <Shape><Polygon POINTS="193 213 194 185 212 185 223 195 260 194 276 179 286 187 298 182 313 195 326 182 340 178 352 187 371 179 395 185 408 180 419 190 429 179 447 178 471 193 486 191 504 178 521 194 540 179 558 185 567 176 586 192 611 178 637 192 654 182 673 188 687 178 704 188 736 182 756 185 763 178 783 182 790 176 806 185 821 173 838 184 846 178 862 178 879 198 864 212 830 212 813 206 779 219 768 218 756 206 727 209 711 218 697 209 653 211 637 203 600 220 589 219 578 209 533 213 521 205 508 218 489 219 469 211 442 210 429 219 415 219 408 212 376 211 351 219 342 212 319 225 309 219 294 222 287 214 257 228 237 219 231 224 194 222"/></Shape>
	    <String CONTENT="بقاعدۀ سابق معمور است ساکن شدند چون خاقان اسکندر شان را طرح و وضع"
                    HPOS="193"
                    VPOS="173"
                    WIDTH="686"
                    HEIGHT="55"></String>
          </TextLine>
          
          
	  <TextLine ID="eSc_line_122218"
                    
                    BASELINE="190 250 223 254 279 252 440 254 454 251 527 248 875 245" 
                    HPOS="188"
                    VPOS="216"
                    WIDTH="686"
                    HEIGHT="53">
            <Shape><Polygon POINTS="188 249 190 223 200 220 228 236 249 226 268 232 288 220 308 235 321 231 343 238 362 223 372 229 382 224 401 236 418 219 440 237 471 219 484 230 509 238 521 228 618 230 629 236 649 222 660 228 668 224 679 230 707 230 716 222 729 220 736 225 745 222 763 235 774 226 803 231 826 228 837 238 859 216 870 219 874 244 855 261 843 260 832 249 803 252 793 260 782 254 750 258 744 252 688 254 681 249 660 260 646 254 635 261 613 260 608 254 570 256 558 251 533 263 513 251 501 262 472 254 453 266 439 263 428 252 412 262 395 255 376 264 361 260 340 268 331 262 318 266 307 255 288 269 275 258 261 266 249 257 242 262 210 258 199 267 191 266"/></Shape>
	    <String CONTENT="آن مسجد و لطافت هوا و وسعت عرصه و صفلی آن دلپذير بود ازآنجا بمحلّ"
                    HPOS="188"
                    VPOS="216"
                    WIDTH="686"
                    HEIGHT="53"></String>
          </TextLine>
          
          
	  <TextLine ID="eSc_line_122219"
                    
                    BASELINE="185 294 427 296 485 290 878 290" 
                    HPOS="184"
                    VPOS="257"
                    WIDTH="693"
                    HEIGHT="58">
            <Shape><Polygon POINTS="184 293 190 276 211 271 233 285 248 270 257 275 273 270 283 280 306 271 315 280 345 268 359 282 366 282 376 274 402 273 415 266 426 276 441 266 452 276 471 266 480 275 505 270 514 277 535 269 547 275 560 273 574 262 594 274 604 264 661 273 674 263 687 276 701 262 720 263 733 271 755 257 762 257 779 274 809 264 825 280 849 262 857 269 865 268 877 289 856 302 845 296 828 301 819 295 786 295 776 302 762 302 749 289 732 306 718 295 710 304 700 304 681 290 644 305 628 295 600 302 586 295 574 296 564 306 534 301 527 307 494 296 476 306 453 293 432 306 412 306 402 296 385 306 361 308 342 300 326 304 311 295 300 302 281 296 252 312 235 306 222 315 206 304 191 304 185 298"/></Shape>
	    <String CONTENT="ديگر خصوصاً بمنزل اميره نقل نفرمود و دعوت او را درین باب که تکرار زياده"
                    HPOS="184"
                    VPOS="257"
                    WIDTH="693"
                    HEIGHT="58"></String>
          </TextLine>
          
          
	  <TextLine ID="eSc_line_122220"
                    
                    BASELINE="194 338 276 344 343 338 508 339 520 337 584 337 603 333 853 333 881 332" 
                    HPOS="193"
                    VPOS="300"
                    WIDTH="686"
                    HEIGHT="59">
            <Shape><Polygon POINTS="193 337 194 320 204 317 216 323 243 321 254 331 269 326 286 312 308 326 324 312 331 312 353 326 366 317 416 319 426 327 448 306 473 326 501 308 535 326 556 312 570 323 575 318 590 324 600 313 611 315 624 307 637 315 661 317 673 305 687 313 701 307 710 315 735 314 744 323 764 313 794 321 820 300 832 301 847 317 864 306 876 318 879 331 853 350 839 338 813 336 800 346 786 338 761 338 748 347 718 346 704 336 688 344 663 338 641 340 634 336 604 349 591 337 578 347 562 337 546 347 530 339 508 349 497 344 480 351 471 350 459 338 440 350 422 339 391 343 378 350 352 338 344 345 330 345 317 352 307 350 294 358 281 349 263 359 249 352 243 357 228 355 212 344 194 347"/></Shape>
	    <String CONTENT="از حدّ و حصر بود اجابت نکرد و در حوالی آن مسجد دکان زرگری بود که"
                    HPOS="193"
                    VPOS="300"
                    WIDTH="686"
                    HEIGHT="59"></String>
          </TextLine>
          
          
	  <TextLine ID="eSc_line_122221"
                    
                    BASELINE="190 387 207 387 258 381 567 382 622 378 649 381 675 380 691 378 705 375 720 377 882 378" 
                    HPOS="188"
                    VPOS="350"
                    WIDTH="693"
                    HEIGHT="46">
            <Shape><Polygon POINTS="188 385 190 370 206 357 218 357 232 366 250 356 273 361 283 355 296 368 309 355 336 357 345 366 365 355 378 365 419 353 431 363 445 358 454 363 470 352 489 363 515 363 526 352 539 362 554 355 571 362 608 350 618 351 627 359 641 351 650 359 679 364 697 357 714 362 727 350 736 350 760 366 775 351 787 352 798 363 828 351 845 359 864 358 881 377 836 393 821 384 795 393 784 383 765 394 752 381 699 387 682 380 669 391 656 387 640 391 629 383 599 381 584 391 559 382 547 390 485 393 477 384 454 382 437 391 425 385 357 389 346 384 317 387 302 395 287 387 251 388 232 396 220 390 190 395"/></Shape>
	    <String CONTENT="میر نجم نام داشت و بواسطهٔ قرب جوار پیوسته در خدمت خاقان اسکندر شان"
                    HPOS="188"
                    VPOS="350"
                    WIDTH="693"
                    HEIGHT="46"></String>
          </TextLine>
          
          
	  <TextLine ID="eSc_line_122222"
                    
                    BASELINE="190 421 220 425 879 423" 
                    HPOS="188"
                    VPOS="395"
                    WIDTH="690"
                    HEIGHT="44">
            <Shape><Polygon POINTS="188 420 190 406 206 400 238 400 251 410 267 406 281 409 292 399 305 397 323 410 337 397 364 397 377 408 394 396 413 396 431 406 445 396 460 410 471 401 483 407 494 397 509 410 521 402 528 407 546 402 553 408 560 402 585 407 596 397 612 396 659 412 667 406 674 409 687 397 698 403 719 396 743 413 763 395 779 396 788 406 805 402 815 410 825 406 832 412 845 400 855 404 865 402 878 422 856 435 847 435 834 425 815 439 803 431 789 435 780 427 752 433 742 426 733 434 725 434 718 427 672 431 661 426 643 435 635 427 599 433 590 425 580 434 562 439 548 429 521 439 514 439 503 428 476 435 461 425 450 435 442 435 432 425 399 429 390 437 376 437 368 428 342 431 332 438 317 428 286 435 281 431 261 433 250 425 242 432 190 434"/></Shape>
	    <String CONTENT="بود و بوسايل و تحف و هدايا روز بروز خود را منظور انظار عنايت شاهانه"
                    HPOS="188"
                    VPOS="395"
                    WIDTH="690"
                    HEIGHT="44"></String>
          </TextLine>
          
          
	  <TextLine ID="eSc_line_122223"
                    
                    BASELINE="185 470 255 470 325 466 760 467 776 465 875 466" 
                    HPOS="184"
                    VPOS="431"
                    WIDTH="690"
                    HEIGHT="54">
            <Shape><Polygon POINTS="184 469 185 459 203 446 216 446 224 454 236 448 258 454 275 445 286 456 299 456 313 442 359 442 371 453 385 448 401 452 415 441 434 457 451 446 467 457 486 441 503 441 515 453 539 439 562 444 572 439 586 453 605 439 622 439 631 440 648 456 699 431 722 448 738 441 750 453 762 450 768 456 780 445 806 448 813 441 831 438 841 447 868 447 874 465 852 476 838 470 783 472 771 465 757 478 742 469 725 478 708 469 689 478 682 471 660 472 651 466 592 477 578 466 573 471 532 472 523 480 508 471 475 479 463 469 442 482 432 476 423 482 402 473 380 476 368 466 355 476 320 477 295 477 282 469 252 485 224 470 216 477 191 478 185 473"/></Shape>
	    <String CONTENT="ميساخت و در توقّف خاقان اسكندر شان در رشت اختلاف نموده اند"
                    HPOS="184"
                    VPOS="431"
                    WIDTH="690"
                    HEIGHT="54"></String>
          </TextLine>
          
          
	  <TextLine ID="eSc_line_122224"
                    
                    BASELINE="188 517 254 520 267 517 288 517 308 514 535 514 559 510 587 509 875 511" 
                    HPOS="187"
                    VPOS="480"
                    WIDTH="687"
                    HEIGHT="54">
            <Shape><Polygon POINTS="187 516 192 496 219 499 239 494 254 498 285 494 295 504 309 507 337 489 346 496 355 495 364 504 374 498 383 504 395 492 412 497 431 484 445 488 457 499 479 488 510 484 523 495 548 492 556 498 564 491 587 491 597 482 625 498 640 484 654 494 680 483 704 497 722 485 730 485 739 495 757 482 775 491 793 480 817 502 833 490 860 491 870 497 874 510 857 521 837 515 826 523 812 523 800 513 770 522 733 510 724 516 707 514 692 528 676 516 660 517 654 513 637 528 630 528 618 516 579 518 560 511 549 522 529 528 513 516 496 524 488 517 464 520 456 513 434 518 422 528 400 527 387 516 374 527 359 520 343 520 311 530 292 520 269 526 260 520 219 518 210 528 188 534"/></Shape>
	    <String CONTENT="جمعی گويذد که زياده از هفت روز توفف نفرمود و بعضی بيست روز"
                    HPOS="187"
                    VPOS="480"
                    WIDTH="687"
                    HEIGHT="54"></String>
          </TextLine>
          
          
	  <TextLine ID="eSc_line_122225"
                    
                    BASELINE="194 568 212 566 279 565 300 561 407 562 440 559 469 559 483 556 752 558 787 554 821 555 843 552 876 554" 
                    HPOS="193"
                    VPOS="524"
                    WIDTH="682"
                    HEIGHT="53">
            <Shape><Polygon POINTS="193 567 198 537 207 542 224 530 236 542 249 532 264 546 282 528 295 539 326 532 347 548 368 530 376 530 393 547 406 547 423 529 442 540 458 530 470 542 479 537 501 540 511 529 548 529 562 543 596 536 609 548 617 540 629 543 648 528 670 539 684 537 703 526 720 543 732 546 748 532 762 537 781 524 795 539 811 545 832 527 850 536 862 526 871 524 875 553 847 568 834 560 813 556 795 567 782 555 768 568 760 570 750 562 739 572 716 559 701 564 672 556 632 556 622 567 605 558 594 568 572 570 555 560 533 568 517 567 507 556 490 573 482 567 458 572 439 558 416 575 404 574 391 562 383 570 370 565 361 572 345 572 334 562 324 572 314 564 305 564 276 574 254 565 241 577 228 568 213 574 194 568"/></Shape>
	    <String CONTENT="گويذد و گروهي يک ماه و چون کارکيا ميرزا علي والى لاهجان از ورود"
                    HPOS="193"
                    VPOS="524"
                    WIDTH="682"
                    HEIGHT="53"></String>
          </TextLine>
          
          
	  <TextLine ID="eSc_line_122226"
                    
                    BASELINE="190 606 209 604 339 605 366 603 378 598 390 600 561 599 650 600 732 597 777 598 806 594 876 596" 
                    HPOS="188"
                    VPOS="570"
                    WIDTH="687"
                    HEIGHT="48">
            <Shape><Polygon POINTS="188 605 191 583 200 578 211 581 222 574 238 585 249 580 257 586 326 583 334 587 351 574 361 583 380 580 385 574 399 583 409 575 422 585 438 574 453 584 467 579 495 583 513 572 534 585 541 578 561 579 573 573 586 586 599 586 610 575 628 572 648 590 666 572 684 571 698 584 724 570 745 577 755 570 770 584 788 571 814 573 832 591 859 571 871 574 875 594 841 612 826 600 774 609 762 597 743 604 717 603 701 611 688 602 666 613 647 605 635 612 623 604 594 608 584 599 559 606 536 599 522 605 479 606 460 605 453 599 431 606 420 602 401 618 389 611 378 616 372 611 340 613 333 608 309 615 260 606 245 618 229 618 219 610 206 617 190 608"/></Shape>
	    <String CONTENT="قدم خاقان اسکندر شان واقف شده دانست که از اردبیل بجهت هر گونه"
                    HPOS="188"
                    VPOS="570"
                    WIDTH="687"
                    HEIGHT="48"></String>
          </TextLine>
          
          
	  <TextLine ID="eSc_line_122227"
                    
                    BASELINE="194 649 211 647 311 648 324 646 371 644 384 642 722 643 762 641 880 638" 
                    HPOS="193"
                    VPOS="613"
                    WIDTH="686"
                    HEIGHT="47">
            <Shape><Polygon POINTS="193 648 194 631 205 621 220 619 235 632 256 619 280 624 288 618 305 634 319 619 331 617 347 621 359 632 366 625 390 625 400 617 456 627 467 615 491 627 502 622 513 629 527 616 543 629 552 622 584 623 594 615 606 624 613 619 640 624 654 616 667 629 682 629 692 619 713 621 724 613 736 624 749 615 763 616 774 625 784 618 801 621 815 615 845 630 866 615 879 637 858 656 841 644 813 654 805 647 782 647 770 640 751 655 737 654 727 644 706 655 687 642 674 655 656 646 618 656 602 642 596 647 566 648 554 657 543 656 535 648 517 660 504 647 490 656 460 642 454 648 381 653 364 646 352 657 332 649 315 660 305 659 294 648 250 653 244 659 233 659 225 650 194 659"/></Shape>
	    <String CONTENT="از حوادث فرار کرده و اميره اسحق از عهدۀ محافظت خاقان اسکندر شان"
                    HPOS="193"
                    VPOS="613"
                    WIDTH="686"
                    HEIGHT="47"></String>
          </TextLine>
          
          
	  <TextLine ID="eSc_line_122228"
                    
                    BASELINE="197 695 214 691 353 691 368 688 451 688 470 685 689 685 718 687 736 691 803 691 832 687 845 687 877 690" 
                    HPOS="195"
                    VPOS="654"
                    WIDTH="681"
                    HEIGHT="51">
            <Shape><Polygon POINTS="195 694 197 673 206 663 228 669 249 662 275 675 299 662 338 674 359 661 377 670 396 660 418 666 439 657 447 663 478 661 492 675 524 660 546 674 561 659 573 665 592 657 603 663 613 659 622 667 636 667 648 655 656 655 666 665 675 659 704 659 727 678 751 657 770 673 780 673 803 665 817 666 833 654 858 670 872 670 876 689 865 697 847 698 822 687 793 699 776 699 765 689 755 689 735 703 723 701 707 686 694 698 662 689 591 691 581 697 572 689 553 700 541 700 530 691 516 692 507 701 496 701 486 692 465 691 446 699 432 692 412 692 391 693 374 701 365 693 345 700 309 700 285 693 271 700 255 689 247 695 231 695 222 701 211 698 197 705"/></Shape>
	    <String CONTENT="و رفقأ بیرون نمي تواند آمد استدعای قدوم خاقان اسکندر شان بجانب لاهجان"
                    HPOS="195"
                    VPOS="654"
                    WIDTH="681"
                    HEIGHT="51"></String>
          </TextLine>
          
          
	  <TextLine ID="eSc_line_122229"
                    
                    BASELINE="188 738 225 732 406 733 418 731 562 731 597 727 881 726" 
                    HPOS="187"
                    VPOS="701"
                    WIDTH="692"
                    HEIGHT="53">
            <Shape><Polygon POINTS="187 737 188 725 197 724 214 706 230 713 243 706 256 718 262 713 281 714 289 706 301 711 319 704 353 719 374 706 384 706 401 718 419 706 433 720 444 723 471 704 482 711 494 706 504 717 522 703 564 718 573 710 586 712 598 703 621 706 630 701 666 712 682 704 697 718 712 703 724 703 738 704 755 720 762 714 794 711 807 722 815 713 826 714 840 706 849 712 868 701 876 710 879 725 845 741 828 733 818 742 803 732 793 742 764 741 752 730 744 736 720 733 708 743 699 743 686 731 650 744 634 731 575 741 565 733 553 742 535 735 524 743 507 731 477 744 463 737 446 750 425 735 412 748 380 737 355 743 338 732 315 745 277 737 249 749 241 749 229 737 206 754 188 743"/></Shape>
	    <String CONTENT="نمود و چون خاقان نسيم اخلاص و هوا خواهي از جانب کارکيا ميرزا علي"
                    HPOS="187"
                    VPOS="701"
                    WIDTH="692"
                    HEIGHT="53"></String>
          </TextLine>
          
          
	  <TextLine ID="eSc_line_122230"
                    
                    BASELINE="191 776 442 776 464 774 604 774 616 776 629 774 700 770 874 770" 
                    HPOS="191"
                    VPOS="744"
                    WIDTH="683"
                    HEIGHT="51">
            <Shape><Polygon POINTS="191 776 194 756 206 761 226 751 244 761 275 745 296 750 306 760 325 749 340 748 353 761 370 748 381 755 414 748 423 757 435 752 444 758 461 749 476 758 498 758 509 748 522 748 542 762 549 756 565 758 581 749 608 761 624 744 647 756 661 744 692 752 701 744 716 750 737 745 746 754 757 749 765 756 789 746 801 755 812 745 825 754 847 744 856 750 868 745 874 770 866 777 817 777 808 786 794 779 780 787 769 782 756 784 744 774 731 784 698 775 667 777 653 787 642 782 615 786 602 777 567 780 559 787 545 787 536 779 480 782 470 776 463 781 444 777 409 795 394 780 387 786 375 782 370 787 338 780 298 784 288 776 273 782 193 783"/></Shape>
	    <String CONTENT="استشمام فرمود ارادۀ خاطر برآن مقصور داشت که در لاهجان باشد با آنکه مقصد"
                    HPOS="191"
                    VPOS="744"
                    WIDTH="683"
                    HEIGHT="51"></String>
          </TextLine>
          
          
	  <TextLine ID="eSc_line_122247"
                    
                    BASELINE="180 821 878 813" 
                    HPOS="179"
                    VPOS="780"
                    WIDTH="698"
                    HEIGHT="61">
            <Shape><Polygon POINTS="179 820 214 794 231 803 247 805 275 802 290 793 327 811 351 793 363 802 375 800 385 811 419 792 431 800 438 793 448 796 477 790 496 808 508 796 522 792 540 803 561 790 581 796 600 788 615 799 627 795 643 803 659 789 682 806 713 780 738 799 745 792 755 792 770 805 780 794 793 799 801 795 809 802 815 796 830 795 841 800 857 789 874 802 877 812 875 821 864 830 847 821 827 824 812 817 805 825 786 830 771 819 757 826 737 815 729 822 711 820 700 827 691 827 679 817 649 831 631 828 613 815 584 822 578 830 566 825 556 831 536 820 507 824 501 819 488 831 473 825 457 831 445 830 432 819 419 833 400 834 378 821 372 826 353 825 333 840 314 825 288 830 218 827 203 841 194 841 181 828"/></Shape>
	    <String CONTENT="رشت بود بلا تامّل متوجّه لاهجان و کارکیا ازین معني بغایت مبتهج"
                    HPOS="179"
                    VPOS="780"
                    WIDTH="698"
                    HEIGHT="61"></String>
          </TextLine>
          
          
	  <TextLine ID="eSc_line_122239"
                    
                    BASELINE="445 862 533 864 554 859 570 862 875 862" 
                    HPOS="444"
                    VPOS="826"
                    WIDTH="430"
                    HEIGHT="53">
            <Shape><Polygon POINTS="444 860 445 849 469 838 479 840 490 832 515 847 528 834 549 840 556 834 575 836 583 841 603 826 632 844 649 833 660 833 675 849 699 834 710 836 725 849 745 834 768 846 794 834 805 844 869 846 874 860 866 874 845 865 813 876 796 866 783 866 771 868 758 878 731 872 725 866 693 866 673 875 660 865 636 863 617 866 596 879 558 868 492 877 479 866 445 869"/></Shape>
	    <String CONTENT="و مسرور شد زبان حالش گاه مترنّم باینمقال بود که -"
                    HPOS="444"
                    VPOS="826"
                    WIDTH="430"
                    HEIGHT="53"></String>
          </TextLine>
          
          
	  <TextLine ID="eSc_line_122244"
                    
                    BASELINE="194 864 251 866 267 863" 
                    HPOS="194"
                    VPOS="839"
                    WIDTH="73"
                    HEIGHT="46">
            <Shape><Polygon POINTS="194 864 197 847 210 850 220 840 238 839 248 847 263 849 267 863 258 872 244 868 229 874 216 885 195 872"/></Shape>
	    <String CONTENT="* نظم *"
                    HPOS="194"
                    VPOS="839"
                    WIDTH="73"
                    HEIGHT="46"></String>
          </TextLine>
          
          
	  <TextLine ID="eSc_line_122214"
                    
                    BASELINE="553 912 603 908 866 908" 
                    HPOS="552"
                    VPOS="883"
                    WIDTH="313"
                    HEIGHT="45">
            <Shape><Polygon POINTS="552 912 553 890 560 883 579 897 611 883 628 894 635 889 651 894 685 888 693 896 705 884 748 891 780 891 788 887 798 890 818 884 826 893 841 883 858 893 865 907 856 914 840 915 830 925 815 915 796 914 782 920 752 914 746 919 710 915 695 921 687 913 666 922 656 914 631 916 619 910 598 926 580 928 567 919 553 927"/></Shape>
	    <String CONTENT="منم که دیده بدیدار دوست كردم باز"
                    HPOS="552"
                    VPOS="883"
                    WIDTH="313"
                    HEIGHT="45"></String>
          </TextLine>
          
          
	  <TextLine ID="eSc_line_122240"
                    
                    BASELINE="199 926 225 914 237 913 498 914 514 908" 
                    HPOS="199"
                    VPOS="882"
                    WIDTH="315"
                    HEIGHT="49">
            <Shape><Polygon POINTS="199 926 200 898 211 888 254 893 269 885 282 895 290 887 306 894 315 885 325 885 340 898 359 885 368 893 385 891 395 897 416 894 431 882 446 893 469 882 478 891 488 889 503 896 514 908 497 926 476 914 454 917 442 926 428 917 412 925 401 917 371 920 363 915 350 928 339 929 324 917 311 927 299 922 289 931 270 920 231 920 218 931 200 927"/></Shape>
	    <String CONTENT="چه شکر گویمت لی کارساز بنده نواز"
                    HPOS="199"
                    VPOS="882"
                    WIDTH="315"
                    HEIGHT="49"></String>
          </TextLine>
          
          
	  <TextLine ID="eSc_line_122238"
                    
                    BASELINE="636 957 748 959 762 961 881 958" 
                    HPOS="635"
                    VPOS="921"
                    WIDTH="244"
                    HEIGHT="53">
            <Shape><Polygon POINTS="635 955 636 942 643 944 651 936 673 939 693 921 724 940 737 929 746 935 757 932 763 938 773 932 789 947 801 940 831 940 843 931 855 931 879 957 868 972 852 964 834 963 827 969 814 966 793 974 779 965 762 970 730 960 699 964 688 974 676 969 660 972 644 961 637 963"/></Shape>
	    <String CONTENT="و گاه بدین ابیات متکلّم بود -"
                    HPOS="635"
                    VPOS="921"
                    WIDTH="244"
                    HEIGHT="53"></String>
          </TextLine>
          
          
	  <TextLine ID="eSc_line_122242"
                    
                    BASELINE="194 958 216 963 228 960 268 961" 
                    HPOS="193"
                    VPOS="935"
                    WIDTH="74"
                    HEIGHT="45">
            <Shape><Polygon POINTS="193 957 197 944 209 947 224 935 242 938 249 946 258 942 267 960 258 970 235 970 213 980 194 970"/></Shape>
	    <String CONTENT="* نظم *"
                    HPOS="193"
                    VPOS="935"
                    WIDTH="74"
                    HEIGHT="45"></String>
          </TextLine>
          
          
	  <TextLine ID="eSc_line_122243"
                    
                    BASELINE="545 1002 726 1002 752 1004 780 1004 844 999" 
                    HPOS="543"
                    VPOS="971"
                    WIDTH="300"
                    HEIGHT="45">
            <Shape><Polygon POINTS="543 1001 545 986 555 976 575 985 589 973 618 978 625 971 647 986 667 976 684 988 691 980 704 985 711 978 727 976 741 986 777 983 788 991 802 978 821 973 839 983 843 998 827 1012 820 1005 801 1008 788 1003 776 1014 755 1014 733 1002 699 1016 680 1001 650 1015 635 1005 589 1008 578 1002 559 1008 549 1001"/></Shape>
	    <String CONTENT="بلند چون نشود قدر أستانه ما"
                    HPOS="543"
                    VPOS="971"
                    WIDTH="300"
                    HEIGHT="45"></String>
          </TextLine>
          
          
	  <TextLine ID="eSc_line_122241"
                    
                    BASELINE="218 1002 457 1004 480 1002 515 1002" 
                    HPOS="217"
                    VPOS="970"
                    WIDTH="297"
                    HEIGHT="53">
            <Shape><Polygon POINTS="217 1001 219 990 231 978 250 988 260 978 290 980 298 986 318 982 327 985 340 978 358 993 377 984 393 991 419 977 438 986 448 976 472 970 489 982 510 977 514 1001 495 1008 483 1001 473 1008 447 1008 440 1014 423 1005 409 1010 397 1022 380 1010 365 1023 356 1023 340 1009 332 1016 312 1009 304 1015 263 1014 252 1009 230 1010 222 1002"/></Shape>
	    <String CONTENT="كه آفتاب قدم مي نهد بخانه ما"
                    HPOS="217"
                    VPOS="970"
                    WIDTH="297"
                    HEIGHT="53"></String>
          </TextLine>
          
          
	  <TextLine ID="eSc_line_122232"
                    
                    BASELINE="194 1061 224 1061 271 1055 319 1056 351 1054 365 1056 377 1053 438 1054 451 1058 467 1054 510 1053 522 1056 628 1056 674 1054 700 1050 887 1052" 
                    HPOS="193"
                    VPOS="1015"
                    WIDTH="692"
                    HEIGHT="58">
            <Shape><Polygon POINTS="193 1060 194 1041 218 1029 226 1037 261 1029 280 1040 293 1027 307 1035 320 1026 342 1028 378 1043 389 1033 399 1035 418 1028 446 1045 459 1035 494 1026 508 1039 523 1029 539 1031 553 1042 570 1036 581 1024 615 1040 638 1024 656 1037 668 1035 678 1041 685 1034 703 1034 712 1026 749 1029 760 1024 765 1029 780 1015 807 1034 814 1028 833 1030 851 1018 885 1050 866 1064 851 1055 822 1064 806 1050 780 1066 749 1053 686 1065 678 1056 669 1065 654 1058 644 1065 637 1059 623 1064 605 1055 594 1065 556 1066 546 1056 524 1066 509 1053 498 1062 475 1059 458 1069 441 1060 428 1068 418 1059 399 1065 381 1056 369 1067 353 1060 334 1066 308 1055 288 1072 271 1059 226 1073 216 1064 194 1068"/></Shape>
	    <String CONTENT="و آنچه شرايط اخلاص و جان سپاری بود بتقديم رسانيد و دقيفۀ از دقایق فرو"
                    HPOS="193"
                    VPOS="1015"
                    WIDTH="692"
                    HEIGHT="58"></String>
          </TextLine>
          
          
	  <TextLine ID="eSc_line_122234"
                    
                    BASELINE="192 1109 228 1098 280 1104 368 1104 408 1098 741 1099 754 1094 769 1093 843 1093 874 1096" 
                    HPOS="192"
                    VPOS="1067"
                    WIDTH="682"
                    HEIGHT="49">
            <Shape><Polygon POINTS="192 1109 193 1081 198 1084 209 1073 237 1074 247 1084 294 1079 325 1088 340 1073 356 1069 380 1084 423 1078 428 1073 441 1078 448 1071 471 1072 478 1079 495 1069 505 1080 520 1074 546 1086 565 1069 590 1084 610 1073 623 1085 643 1068 654 1075 686 1068 700 1083 720 1068 730 1077 755 1073 780 1085 789 1075 807 1074 814 1079 826 1068 851 1067 870 1072 874 1096 857 1102 794 1102 784 1094 771 1107 763 1109 755 1100 742 1107 707 1107 697 1099 666 1100 660 1106 647 1102 630 1107 615 1099 598 1109 586 1103 571 1111 546 1110 529 1100 503 1112 482 1099 472 1099 463 1107 438 1099 425 1110 413 1105 385 1110 377 1103 358 1104 346 1112 327 1113 314 1107 307 1115 298 1115 277 1104 268 1107 249 1103 219 1105 199 1116 193 1112"/></Shape>
	    <String CONTENT="نگذاشت و درمیان لاهجان در برابر مدرسهٔ کیا فریدون منزلی جهت خافان"
                    HPOS="192"
                    VPOS="1067"
                    WIDTH="682"
                    HEIGHT="49"></String>
          </TextLine>
          
          
	  <TextLine ID="eSc_line_122237"
                    
                    BASELINE="195 1144 423 1147 490 1143 502 1140 543 1142 622 1142 670 1140 771 1141 882 1137" 
                    HPOS="194"
                    VPOS="1106"
                    WIDTH="687"
                    HEIGHT="53">
            <Shape><Polygon POINTS="194 1143 195 1126 205 1128 214 1118 242 1116 254 1126 261 1123 270 1130 285 1116 301 1124 328 1121 334 1125 363 1117 371 1125 383 1113 402 1113 422 1129 444 1109 459 1123 469 1118 479 1125 494 1112 515 1122 528 1113 539 1123 549 1112 561 1118 574 1113 587 1125 599 1113 617 1113 637 1125 655 1119 670 1124 688 1112 706 1121 719 1107 731 1106 761 1131 781 1115 796 1113 811 1126 837 1112 856 1119 868 1115 881 1136 866 1147 832 1145 812 1154 799 1144 787 1145 776 1155 767 1154 755 1142 736 1145 722 1155 707 1143 650 1149 641 1143 608 1144 594 1151 578 1143 562 1155 533 1144 514 1153 504 1145 485 1153 476 1144 459 1154 446 1147 431 1154 415 1145 401 1147 389 1156 364 1145 350 1157 309 1148 298 1159 273 1157 264 1151 244 1156 237 1149 231 1154 195 1150"/></Shape>
	    <String CONTENT="اسکندر شان مقرّر داشت خاقان نزول اجلال در آن منزل فرموده زبان بوظایف"
                    HPOS="194"
                    VPOS="1106"
                    WIDTH="687"
                    HEIGHT="53"></String>
          </TextLine>
          
          
	  <TextLine ID="eSc_line_122233"
                    
                    BASELINE="190 1191 218 1188 281 1188 300 1183 882 1183" 
                    HPOS="188"
                    VPOS="1153"
                    WIDTH="693"
                    HEIGHT="47">
            <Shape><Polygon POINTS="188 1189 190 1175 205 1160 219 1168 242 1160 257 1169 270 1163 280 1172 292 1160 323 1163 336 1154 355 1167 370 1157 385 1157 402 1169 413 1162 425 1166 437 1159 454 1170 476 1163 488 1169 510 1157 522 1163 540 1157 549 1166 572 1163 583 1168 597 1156 611 1156 622 1166 636 1156 647 1166 666 1169 680 1155 689 1160 699 1156 720 1170 738 1153 745 1153 757 1164 774 1166 832 1155 843 1166 865 1157 877 1169 881 1182 850 1189 837 1199 821 1188 788 1189 775 1185 756 1195 742 1188 726 1195 713 1187 697 1188 687 1197 666 1191 650 1195 644 1189 624 1194 616 1187 556 1191 547 1183 541 1189 527 1191 460 1189 448 1198 438 1192 421 1195 404 1187 371 1191 359 1200 350 1199 340 1189 311 1189 288 1198 274 1191 256 1200 248 1194 237 1200 229 1195 203 1199 190 1192"/></Shape>
	    <String CONTENT="شکر گشاده در آن منزل رحل اقامت انداخت و ايبه سلطان آنمقدار در اردبيل"
                    HPOS="188"
                    VPOS="1153"
                    WIDTH="693"
                    HEIGHT="47"></String>
          </TextLine>
          
          
	  <TextLine ID="eSc_line_122231"
                    
                    BASELINE="188 1231 380 1232 404 1230 451 1230 477 1226 883 1226" 
                    HPOS="187"
                    VPOS="1191"
                    WIDTH="695"
                    HEIGHT="57">
            <Shape><Polygon POINTS="187 1230 188 1221 211 1199 226 1207 237 1202 245 1211 279 1213 290 1207 325 1216 339 1207 362 1214 375 1202 385 1210 419 1202 437 1214 452 1201 466 1201 477 1211 496 1201 520 1207 529 1201 542 1212 555 1200 568 1200 580 1202 596 1218 619 1199 631 1211 641 1208 656 1218 680 1202 697 1212 713 1201 729 1208 738 1205 744 1211 764 1205 793 1211 807 1201 826 1212 849 1191 856 1191 878 1210 882 1225 857 1240 844 1233 821 1235 813 1230 787 1240 764 1232 736 1240 723 1229 682 1233 663 1242 638 1239 632 1233 617 1240 594 1227 587 1233 562 1232 552 1242 541 1242 532 1232 492 1233 475 1242 466 1233 448 1239 409 1233 393 1240 380 1235 371 1240 342 1235 332 1242 243 1233 230 1246 219 1248 210 1240 198 1243 188 1235"/></Shape>
	    <String CONTENT="توقّف نموده بود که خبر وصول خاقان اسکندر شان بلاهجان بدو رسید بعد از آن"
                    HPOS="187"
                    VPOS="1191"
                    WIDTH="695"
                    HEIGHT="57"></String>
          </TextLine>
          
          
	  <TextLine ID="eSc_line_122236"
                    
                    BASELINE="190 1281 210 1280 232 1274 369 1275 535 1273 663 1275 881 1268" 
                    HPOS="188"
                    VPOS="1238"
                    WIDTH="691"
                    HEIGHT="63">
            <Shape><Polygon POINTS="188 1280 193 1254 213 1257 222 1249 270 1248 287 1238 295 1239 312 1255 323 1246 345 1256 352 1251 375 1254 388 1242 407 1255 420 1252 429 1258 442 1249 465 1254 471 1248 490 1258 516 1240 528 1250 543 1244 555 1255 567 1246 589 1261 604 1245 621 1245 638 1258 656 1244 681 1259 698 1244 714 1254 748 1251 757 1257 787 1246 808 1259 825 1243 839 1239 849 1246 860 1245 876 1257 879 1267 877 1284 869 1277 849 1286 831 1288 821 1283 807 1289 788 1281 771 1294 755 1280 748 1286 730 1282 699 1300 678 1283 648 1286 623 1278 612 1284 584 1287 547 1280 535 1284 524 1274 515 1283 490 1283 469 1293 441 1278 420 1284 403 1280 389 1292 380 1288 372 1293 353 1284 333 1299 320 1299 307 1286 299 1294 286 1282 263 1297 248 1286 230 1301 207 1299 199 1290 191 1293"/></Shape>
	    <String CONTENT="متوجّه ملازمت رستم بيگ شد مسماة آبه را بدست آورده بدار الّسلطنة تبريز"
                    HPOS="188"
                    VPOS="1238"
                    WIDTH="691"
                    HEIGHT="63"></String>
          </TextLine>
          </TextBlock>
          
        </PrintSpace>
      </Page>
    </Layout>
  </alto>
