<?xml version="1.0" encoding="UTF-8"?>
<alto xmlns:xsi="http://www.w3.org/2001/XMLSchema-instance"
      xmlns="http://www.loc.gov/standards/alto/ns-v4#"
      xsi:schemaLocation="http://www.loc.gov/standards/alto/ns-v4# https://gitlab.inria.fr/scripta/escriptorium/-/raw/develop/app/escriptorium/static/alto-4-1-baselines.xsd">
  <Description>
    <MeasurementUnit>pixel</MeasurementUnit>
    <sourceImageInformation>
      <fileName>9_page-0001.jpg</fileName>
    </sourceImageInformation>
  </Description>
  
  <Tags>
    <OtherTag ID="BT1" LABEL="Title" DESCRIPTION="block type Title"/><OtherTag ID="BT2" LABEL="Main" DESCRIPTION="block type Main"/><OtherTag ID="BT3" LABEL="Commentary" DESCRIPTION="block type Commentary"/><OtherTag ID="BT4" LABEL="Illustration" DESCRIPTION="block type Illustration"/>
    
  </Tags>
  
  <Layout>
    <Page WIDTH="975"
          HEIGHT="1425"
          PHYSICAL_IMG_NR="9"
          ID="eSc_dummypage_">
      <PrintSpace HPOS="0"
                  VPOS="0"
                  WIDTH="975"
                  HEIGHT="1425">
        
        <TextBlock ID="eSc_dummyblock_">
          
	  <TextLine ID="eSc_line_122461"
                    
                    BASELINE="433 138 491 134 513 135 570 131" 
                    HPOS="432"
                    VPOS="104"
                    WIDTH="136"
                    HEIGHT="50">
            <Shape><Polygon POINTS="432 137 433 128 446 112 459 114 467 105 477 110 486 104 501 106 511 116 517 111 526 116 546 115 559 105 564 108 568 130 560 140 534 138 521 148 490 137 477 147 458 146 447 154 434 146"/></Shape>
	    <String CONTENT="احسن التواريخ"
                    HPOS="432"
                    VPOS="104"
                    WIDTH="136"
                    HEIGHT="50"></String>
          </TextLine>
          
          
	  <TextLine ID="eSc_line_122462"
                    
                    BASELINE="156 188 173 186 279 185 305 188 361 190 388 192 815 192 848 195" 
                    HPOS="155"
                    VPOS="159"
                    WIDTH="692"
                    HEIGHT="48">
            <Shape><Polygon POINTS="155 187 156 174 172 161 190 161 207 174 224 162 249 168 302 159 319 172 334 161 356 161 362 166 370 160 384 171 416 171 426 161 437 161 446 171 501 171 514 162 527 173 539 162 566 171 578 161 587 171 608 171 625 162 651 173 680 165 692 175 699 175 712 162 731 161 744 174 757 163 787 178 805 178 817 168 844 171 847 194 822 206 806 195 796 204 783 198 773 204 760 197 746 207 736 198 698 199 686 192 666 206 644 204 631 193 604 193 589 203 573 195 561 201 546 195 526 201 517 194 497 204 480 204 469 194 420 192 397 203 372 201 365 194 350 203 342 195 325 207 312 194 288 204 270 194 249 200 210 194 198 203 156 192"/></Shape>
	    <String CONTENT="برد و رستم بیگ فرمود که در میدان تبریز مسماة مزبوره را از حلق کشیدند و بعد"
                    HPOS="155"
                    VPOS="159"
                    WIDTH="692"
                    HEIGHT="48"></String>
          </TextLine>
          
          
	  <TextLine ID="eSc_line_122463"
                    
                    BASELINE="161 232 244 232 267 235 848 232" 
                    HPOS="160"
                    VPOS="197"
                    WIDTH="687"
                    HEIGHT="54">
            <Shape><Polygon POINTS="160 231 161 210 176 197 185 197 203 214 232 216 247 206 269 201 293 219 327 216 334 220 349 207 361 214 382 214 402 203 419 219 437 213 451 217 463 210 476 220 485 220 501 206 526 218 542 206 568 223 577 214 608 218 630 209 661 224 681 209 704 209 724 223 735 213 746 217 756 210 770 220 805 204 820 217 836 210 847 231 828 251 820 251 808 239 776 242 769 236 757 245 744 247 725 235 716 242 686 242 675 248 661 239 654 244 636 241 624 251 604 238 583 241 573 233 558 247 543 239 534 249 521 242 477 238 466 248 452 239 427 238 413 248 401 239 388 239 375 248 359 237 345 250 330 239 313 238 295 248 280 236 251 236 230 243 216 236 162 238"/></Shape>
	    <String CONTENT="از آنکه ایبه سلطان بملازمت رستم بیگ رفت و آنچه از حسن اخلاص محمّد"
                    HPOS="160"
                    VPOS="197"
                    WIDTH="687"
                    HEIGHT="54"></String>
          </TextLine>
          
          
	  <TextLine ID="eSc_line_122465"
                    
                    BASELINE="157 277 632 276 655 280 695 282 848 280" 
                    HPOS="156"
                    VPOS="249"
                    WIDTH="691"
                    HEIGHT="50">
            <Shape><Polygon POINTS="156 276 159 257 186 258 195 249 211 249 228 258 241 260 256 251 264 260 274 256 295 261 305 254 317 260 334 255 356 257 366 250 378 261 402 252 413 258 432 252 442 263 453 252 465 251 479 261 498 252 522 258 532 252 545 261 553 251 570 251 583 254 591 262 604 261 618 251 630 261 647 256 656 264 687 250 711 269 733 257 756 261 767 252 780 264 802 266 821 252 836 261 847 279 834 289 790 285 775 292 768 285 738 283 716 293 653 281 635 290 617 283 604 288 593 281 561 282 543 299 529 285 514 285 507 292 492 285 477 292 469 283 451 290 433 283 407 283 378 293 365 282 353 292 333 281 311 289 292 279 257 289 224 280 166 282 157 277"/></Shape>
	    <String CONTENT="بیگ و احمدی بیگ در باب خاقان اسکندر شان تحقیق کرده بود معروض داشت"
                    HPOS="156"
                    VPOS="249"
                    WIDTH="691"
                    HEIGHT="50"></String>
          </TextLine>
          
          
	  <TextLine ID="eSc_line_122466"
                    
                    BASELINE="158 318 497 319 539 320 555 323 600 323 616 319 849 319" 
                    HPOS="157"
                    VPOS="290"
                    WIDTH="690"
                    HEIGHT="49">
            <Shape><Polygon POINTS="157 317 159 301 180 292 214 307 230 306 251 290 266 302 277 293 289 299 309 294 318 301 326 298 337 305 363 295 372 305 391 298 407 308 429 295 444 295 463 311 479 294 494 300 501 295 526 295 541 309 568 294 593 311 615 294 638 308 665 300 692 293 725 306 731 312 742 302 764 305 775 295 800 308 813 296 837 290 844 298 847 318 805 333 794 333 783 325 757 337 735 321 720 334 707 327 676 331 642 321 627 334 615 327 603 339 589 328 575 333 548 331 534 321 524 328 489 327 476 333 461 325 447 332 413 323 404 328 385 327 376 337 362 326 351 333 327 333 314 323 269 324 260 332 230 326 216 332 209 325 190 331 180 324 159 323"/></Shape>
	    <String CONTENT="آتش غيرت وحميّت رستم بيگ اشتعال يافته حكم فرمود كه اموال و جهات"
                    HPOS="157"
                    VPOS="290"
                    WIDTH="690"
                    HEIGHT="49"></String>
          </TextLine>
          
          
	  <TextLine ID="eSc_line_122467"
                    
                    BASELINE="157 364 187 362 218 366 245 368 523 368 539 365 554 369 566 366 795 366 840 369" 
                    HPOS="157"
                    VPOS="328"
                    WIDTH="683"
                    HEIGHT="55">
            <Shape><Polygon POINTS="157 364 160 344 211 337 223 347 232 339 250 347 267 331 279 328 292 342 302 340 320 353 340 339 362 352 376 340 397 350 408 339 444 351 454 345 485 349 499 339 521 346 529 339 548 339 566 351 580 340 592 340 604 351 632 336 646 347 657 339 682 340 695 353 713 339 725 342 735 351 752 351 767 340 783 357 803 340 822 346 830 339 837 342 840 369 830 377 808 372 792 380 781 370 764 380 752 368 722 380 716 374 699 376 685 369 646 374 637 368 612 372 602 381 586 371 572 371 553 381 539 366 516 368 503 380 492 381 477 372 452 374 444 368 437 374 406 372 397 380 381 372 370 383 357 376 302 376 296 371 280 371 271 380 254 376 244 383 219 378 210 369 159 371"/></Shape>
	    <String CONTENT="ايشان را صونگ کنند آخر الامر (١) قرار دده ددۀ رستم بیگ بتشفّع زبان گشاده"
                    HPOS="157"
                    VPOS="328"
                    WIDTH="683"
                    HEIGHT="55"></String>
          </TextLine>
          
          
	  <TextLine ID="eSc_line_122471"
                    
                    BASELINE="159 410 242 409 376 409 426 413 489 413 513 409 765 409 822 414 846 416" 
                    HPOS="157"
                    VPOS="382"
                    WIDTH="688"
                    HEIGHT="50">
            <Shape><Polygon POINTS="157 409 162 391 175 396 204 385 212 393 222 384 249 390 262 385 271 391 287 384 305 383 312 388 358 382 384 397 404 382 423 396 439 383 452 394 464 395 477 385 497 399 516 385 536 396 546 387 566 387 574 393 598 385 615 394 628 387 644 390 666 404 705 389 717 393 724 385 749 384 765 390 773 384 782 389 793 382 806 393 837 397 845 415 812 426 781 413 770 422 743 416 727 427 694 415 673 432 660 429 648 418 623 427 604 418 571 415 553 427 535 425 529 419 502 418 491 426 480 421 470 428 451 425 442 416 431 427 418 420 387 420 372 414 323 416 313 422 301 416 275 419 266 414 254 423 237 418 226 427 216 426 205 415 191 426 181 426 172 416 159 416"/></Shape>
	    <String CONTENT="جريمۀ ايشانرا به سي هزار تنکه قرار داد و از رستم بیگ استغفار گناه ایشان کرد *"
                    HPOS="157"
                    VPOS="382"
                    WIDTH="688"
                    HEIGHT="50"></String>
          </TextLine>
          
          
	  <TextLine ID="eSc_line_122481"
                    
                    BASELINE="196 475 287 476 803 476" 
                    HPOS="195"
                    VPOS="433"
                    WIDTH="607"
                    HEIGHT="69">
            <Shape><Polygon POINTS="195 475 226 440 241 451 261 456 282 435 292 438 299 433 328 460 344 451 364 467 393 441 408 448 428 469 453 448 466 452 499 445 505 451 518 440 541 460 560 442 585 441 593 448 603 446 625 469 640 469 660 451 676 459 703 438 727 460 752 437 764 433 782 448 800 445 802 475 773 495 750 483 722 484 705 475 675 496 657 490 641 502 630 501 612 483 573 483 555 499 545 502 520 483 459 483 434 497 421 494 410 483 400 483 376 502 365 499 349 483 339 483 326 496 314 496 296 480 256 483 248 491 233 484 217 499 198 497"/></Shape>
	    <String CONTENT="توقّف كردن خاقان اسكندر شان در لاهجان"
                    HPOS="195"
                    VPOS="433"
                    WIDTH="607"
                    HEIGHT="69"></String>
          </TextLine>
          
          
	  <TextLine ID="eSc_line_122476"
                    
                    BASELINE="154 529 206 528 222 534 276 532 308 534 543 534 571 532 803 530" 
                    HPOS="153"
                    VPOS="499"
                    WIDTH="649"
                    HEIGHT="49">
            <Shape><Polygon POINTS="153 528 159 511 168 513 181 501 198 504 211 516 239 503 251 513 287 505 296 514 307 513 317 518 333 516 346 507 362 514 370 510 378 516 397 516 408 505 426 504 442 517 460 504 470 511 503 504 516 516 528 505 545 507 555 517 578 505 600 511 610 505 627 518 642 504 668 505 681 516 713 499 729 509 739 504 751 516 761 510 782 513 802 529 781 542 758 539 748 530 731 547 714 536 647 536 631 545 619 535 603 547 593 537 553 545 546 537 514 543 503 535 482 537 476 543 463 537 453 543 439 539 431 545 418 536 399 548 394 543 372 546 356 534 319 548 307 536 274 539 249 533 233 545 212 547 195 543 188 536 162 537 154 532"/></Shape>
	    <String CONTENT="بعد از آنکه خاقان اسکندر شان لاهجان را از ورود قدوم سعادت لزوم رشک"
                    HPOS="153"
                    VPOS="499"
                    WIDTH="649"
                    HEIGHT="49"></String>
          </TextLine>
          
          
	  <TextLine ID="eSc_line_122482"
                    
                    BASELINE="152 578 171 580 209 575 822 577 852 577" 
                    HPOS="150"
                    VPOS="540"
                    WIDTH="701"
                    HEIGHT="51">
            <Shape><Polygon POINTS="150 577 159 555 171 560 200 555 217 559 228 549 245 548 251 554 270 551 279 559 289 548 309 545 326 558 344 558 356 548 377 551 384 556 396 549 422 560 437 546 445 545 459 559 476 553 486 562 498 560 516 542 529 540 562 564 571 555 604 559 615 548 632 548 646 560 663 547 675 558 684 555 707 564 720 552 737 558 761 549 773 561 786 564 834 549 849 564 851 575 839 575 824 589 796 585 787 590 776 589 764 577 750 587 738 583 724 587 711 575 699 587 678 589 667 580 650 586 637 575 630 581 575 581 566 575 554 587 539 580 526 589 515 581 494 584 480 575 461 589 445 579 432 589 414 580 389 589 375 583 358 591 346 580 324 583 313 577 283 589 271 579 207 584 188 579 175 589 152 591"/></Shape>
	    <String CONTENT="فردوس فومود و رحل اقامت و توقّف در آن دیار فراغت آثار انداخت روز"
                    HPOS="150"
                    VPOS="540"
                    WIDTH="701"
                    HEIGHT="51"></String>
          </TextLine>
          
          
	  <TextLine ID="eSc_line_122477"
                    
                    BASELINE="153 615 209 617 277 617 327 619 419 618 431 621 532 621 578 624 606 622 648 622 661 618 780 618 793 619 807 624 845 623" 
                    HPOS="152"
                    VPOS="589"
                    WIDTH="692"
                    HEIGHT="48">
            <Shape><Polygon POINTS="152 613 153 597 162 589 184 592 206 604 220 604 236 589 268 597 282 589 294 600 311 594 327 609 349 590 363 599 377 591 389 603 421 603 432 592 442 596 461 591 489 611 510 591 527 597 537 593 566 611 572 606 580 609 599 591 613 600 644 596 654 605 668 609 678 602 694 602 704 593 726 597 735 592 748 604 769 592 779 602 788 599 798 605 809 598 817 603 834 599 844 622 807 635 789 623 768 632 742 617 730 625 676 629 669 624 659 634 635 625 624 631 599 627 590 636 580 637 564 623 554 631 530 625 522 634 507 628 491 637 471 621 450 632 421 619 385 634 375 634 361 621 333 636 315 622 298 631 268 621 249 632 231 624 206 630 199 623 175 632 153 617"/></Shape>
	    <String CONTENT="بروز مواد اخلاص و یكجهتي و یکرنگي کارکيا میرزا علي درجۀ تزاید و مرتبۀ"
                    HPOS="152"
                    VPOS="589"
                    WIDTH="692"
                    HEIGHT="48"></String>
          </TextLine>
          
          
	  <TextLine ID="eSc_line_122483"
                    
                    BASELINE="152 659 171 662 547 661 585 667 682 667 798 661 822 661 840 663" 
                    HPOS="152"
                    VPOS="630"
                    WIDTH="688"
                    HEIGHT="51">
            <Shape><Polygon POINTS="152 659 153 635 163 630 176 642 192 632 201 638 211 632 228 635 236 643 251 634 270 634 280 643 300 636 306 642 324 641 332 646 345 638 356 649 380 636 390 641 401 635 410 644 435 647 441 653 469 635 482 643 508 637 522 651 542 637 553 642 568 635 583 649 600 643 625 653 634 644 657 644 665 637 681 644 693 635 712 654 720 651 725 656 743 643 760 650 769 644 776 649 786 640 798 644 803 638 833 638 840 663 815 674 808 669 770 672 755 663 729 681 710 668 701 675 689 669 665 676 655 668 628 667 617 676 602 673 577 678 565 667 552 678 524 662 495 669 453 668 445 662 431 675 412 667 402 676 387 668 365 670 357 665 337 669 332 675 314 667 298 675 287 666 256 666 247 674 235 674 224 666 212 667 195 675 175 668 163 670 153 661"/></Shape>
	    <String CONTENT="تضاعف مي پذيرفت و بهر گونه خدمات و مراعات خود را منظور نظر کیميأ"
                    HPOS="152"
                    VPOS="630"
                    WIDTH="688"
                    HEIGHT="51"></String>
          </TextLine>
          
          
	  <TextLine ID="eSc_line_122478"
                    
                    BASELINE="161 704 279 704 359 710 457 708 505 711 518 707 581 707 608 704 843 704" 
                    HPOS="160"
                    VPOS="675"
                    WIDTH="681"
                    HEIGHT="50">
            <Shape><Polygon POINTS="160 703 161 687 167 689 180 676 194 682 217 679 224 686 237 679 247 688 264 685 275 691 315 681 327 692 344 680 352 684 357 679 371 689 384 686 389 691 407 676 432 694 445 693 459 679 473 688 485 676 509 681 520 693 537 685 548 693 584 686 594 691 616 681 629 691 657 691 667 681 685 680 704 697 720 680 739 687 755 680 776 685 790 681 801 691 827 675 838 680 841 703 832 712 814 713 807 719 741 710 726 711 713 723 688 711 663 720 650 712 634 717 565 711 551 720 541 712 524 719 517 711 492 711 480 718 465 710 439 720 427 711 393 716 383 710 350 725 342 717 325 714 312 720 304 713 279 718 270 711 257 713 243 707 223 723 211 711 185 719 176 711 161 710"/></Shape>
	    <String CONTENT="آثار پادشاه عالي تبار ميساخت و در خلال اين حال صوفیان يكجهت از اطراف"
                    HPOS="160"
                    VPOS="675"
                    WIDTH="681"
                    HEIGHT="50"></String>
          </TextLine>
          
          
	  <TextLine ID="eSc_line_122479"
                    
                    BASELINE="156 749 185 746 283 746 318 752 818 752 843 749" 
                    HPOS="155"
                    VPOS="717"
                    WIDTH="686"
                    HEIGHT="50">
            <Shape><Polygon POINTS="155 748 156 730 179 720 191 729 201 719 220 722 231 731 258 717 285 720 295 731 314 720 342 742 376 724 407 730 416 738 435 723 447 730 466 723 488 737 503 723 518 724 535 736 543 727 559 731 572 723 587 724 611 742 621 733 638 731 646 736 659 723 672 730 686 730 699 718 742 738 750 731 770 736 781 725 793 723 821 739 836 737 841 748 831 763 817 756 792 763 782 755 761 761 746 751 718 761 686 751 670 760 651 763 643 757 617 765 608 756 592 762 584 755 568 763 530 751 509 767 489 756 472 762 464 756 451 761 442 754 423 761 413 751 378 754 359 763 349 762 339 752 330 761 315 754 290 763 276 752 232 752 224 757 207 752 180 761 173 754 156 750"/></Shape>
	    <String CONTENT="و جوانب سيمًا ديار روم و قراجه داغ و تومان مشکین و غير ذلك بانذورات"
                    HPOS="155"
                    VPOS="717"
                    WIDTH="686"
                    HEIGHT="50"></String>
          </TextLine>
          
          
	  <TextLine ID="eSc_line_122480"
                    
                    BASELINE="161 795 226 795 238 793 255 793 332 795 400 792 451 795 463 793 552 792 606 795 845 795" 
                    HPOS="160"
                    VPOS="764"
                    WIDTH="684"
                    HEIGHT="45">
            <Shape><Polygon POINTS="160 794 161 780 180 764 198 764 228 779 241 779 262 767 290 776 321 774 327 780 346 765 359 764 370 775 390 765 413 773 425 767 437 779 450 767 475 768 485 777 503 773 523 776 549 767 567 776 577 769 596 780 612 765 623 773 656 765 667 775 681 770 689 777 703 777 712 768 733 773 746 767 763 779 775 767 790 765 801 773 813 771 822 780 833 779 844 794 830 806 811 799 780 802 771 794 758 806 744 798 695 800 688 794 669 805 654 796 629 803 616 800 606 807 566 794 551 798 539 809 530 809 518 798 496 800 488 795 458 798 442 808 426 798 387 799 369 806 359 798 333 805 323 796 295 808 262 798 243 798 226 805 214 796 161 806"/></Shape>
	    <String CONTENT="و هدایا و تحف در لاهجان به ملازمت خاقان اسکندر شان میرسیدند و هدایای"
                    HPOS="160"
                    VPOS="764"
                    WIDTH="684"
                    HEIGHT="45"></String>
          </TextLine>
          
          
	  <TextLine ID="eSc_line_122473"
                    
                    BASELINE="152 834 320 834 369 836 393 838 841 839" 
                    HPOS="150"
                    VPOS="801"
                    WIDTH="690"
                    HEIGHT="52">
            <Shape><Polygon POINTS="150 833 156 818 205 818 217 809 228 819 250 801 276 819 290 818 296 822 305 814 324 813 328 818 340 809 364 821 384 801 396 801 419 819 437 819 450 811 465 824 490 811 513 822 527 811 537 811 548 819 578 818 591 806 610 819 619 815 627 821 641 807 659 818 680 815 686 820 698 809 707 815 718 809 727 818 736 809 755 809 764 818 780 811 789 820 798 815 811 820 821 812 837 826 840 838 807 850 793 841 783 849 752 841 723 851 713 841 692 845 656 838 631 852 617 844 609 850 594 844 573 850 554 840 548 846 533 843 515 851 494 843 483 853 473 853 463 845 450 850 442 843 418 843 410 838 394 849 350 839 319 850 298 833 267 850 244 834 222 850 213 850 184 840 163 843 152 836"/></Shape>
	    <String CONTENT="خود را بفظر اصابت اثر در آورده بنابر صلاح وقـت توقّف نکرده سريعًا مراجعت"
                    HPOS="150"
                    VPOS="801"
                    WIDTH="690"
                    HEIGHT="52"></String>
          </TextLine>
          
          
	  <TextLine ID="eSc_line_122459"
                    
                    BASELINE="154 882 171 879 842 881" 
                    HPOS="153"
                    VPOS="845"
                    WIDTH="688"
                    HEIGHT="53">
            <Shape><Polygon POINTS="153 881 154 866 161 859 207 862 217 869 231 855 250 855 261 863 286 849 317 872 330 862 363 855 370 855 383 868 409 845 441 870 498 852 517 853 528 863 537 860 545 865 568 855 583 864 602 853 619 866 640 852 660 866 678 853 694 853 699 858 711 853 726 866 744 855 767 864 787 855 805 872 831 862 841 879 827 884 812 898 802 898 788 884 764 893 751 885 729 884 713 893 706 885 663 882 647 893 625 879 610 891 580 879 562 894 555 894 542 882 521 893 491 883 484 888 458 887 444 896 426 885 382 896 366 884 331 891 324 898 313 897 299 884 286 894 271 887 255 893 248 885 238 894 224 895 207 884 188 891 154 884"/></Shape>
	    <String CONTENT="مي نمودند پادشاه والا جاه نزد مولانا شمس الّدين لاهجي قرأت قران مجيد"
                    HPOS="153"
                    VPOS="845"
                    WIDTH="688"
                    HEIGHT="53"></String>
          </TextLine>
          
          
	  <TextLine ID="eSc_line_122464"
                    
                    BASELINE="153 921 172 925 219 922 845 922" 
                    HPOS="152"
                    VPOS="891"
                    WIDTH="692"
                    HEIGHT="48">
            <Shape><Polygon POINTS="152 920 155 912 174 903 194 903 205 909 226 895 247 895 255 901 266 891 286 907 293 900 306 906 327 900 372 904 385 896 402 896 413 906 438 902 447 907 478 897 502 909 509 903 533 903 551 896 567 912 585 900 598 909 617 896 634 907 648 894 654 894 673 913 708 896 724 908 754 897 776 914 790 901 806 907 832 898 844 921 821 936 808 932 795 936 780 923 768 935 743 928 717 936 706 928 681 939 670 931 661 939 644 932 630 935 622 927 605 928 598 921 577 935 564 929 549 935 542 928 515 929 504 923 496 932 477 928 464 939 446 927 425 929 413 921 395 928 375 927 365 935 325 927 298 935 287 926 275 932 264 923 229 928 217 935 204 927 180 927 169 936 153 932"/></Shape>
	    <String CONTENT="فرمود و امیر نجم زرگر که در رشت بملازمت شاه رسیده بود با سلظام حسن"
                    HPOS="152"
                    VPOS="891"
                    WIDTH="692"
                    HEIGHT="48"></String>
          </TextLine>
          
          
	  <TextLine ID="eSc_line_122469"
                    
                    BASELINE="152 966 437 965 532 971 762 971 774 966 801 967 813 964 845 968" 
                    HPOS="150"
                    VPOS="938"
                    WIDTH="694"
                    HEIGHT="47">
            <Shape><Polygon POINTS="150 965 152 951 166 940 182 940 194 952 204 953 224 940 247 950 276 948 290 953 311 948 319 953 330 942 351 948 371 938 383 950 400 948 407 953 444 942 463 952 484 941 496 952 517 948 530 960 551 941 566 948 578 940 592 952 598 947 617 948 627 940 635 945 655 939 674 952 685 941 698 947 712 940 732 954 749 941 763 941 781 953 814 941 844 967 827 980 806 972 782 983 770 982 761 972 736 983 729 976 713 982 699 976 674 979 662 970 643 980 618 970 609 978 578 984 564 971 543 985 524 978 494 982 484 973 466 973 457 979 448 974 389 976 376 971 325 974 308 984 292 971 260 982 226 972 207 972 193 980 152 967"/></Shape>
	    <String CONTENT="و امير هاشم برادران کارکیا میرزا علي پیوسته بخدمت آنحضرت میرسیدند و شاه"
                    HPOS="150"
                    VPOS="938"
                    WIDTH="694"
                    HEIGHT="47"></String>
          </TextLine>
          
          
	  <TextLine ID="eSc_line_122474"
                    
                    BASELINE="156 1015 173 1012 230 1012 260 1015 273 1011 375 1010 495 1011 522 1008 807 1008 848 1011" 
                    HPOS="155"
                    VPOS="983"
                    WIDTH="692"
                    HEIGHT="44">
            <Shape><Polygon POINTS="155 1014 156 992 173 990 182 995 198 983 219 1001 231 993 241 1002 261 983 273 991 283 984 307 1003 331 983 350 989 362 984 374 996 390 990 416 993 426 984 434 984 444 991 466 991 478 1002 486 995 498 999 507 991 532 991 540 984 559 983 600 998 616 984 635 998 648 985 672 985 682 996 694 996 706 984 737 991 744 984 757 989 769 985 776 992 786 984 824 984 847 1010 822 1024 808 1010 789 1011 782 1007 744 1021 716 1016 701 1023 691 1023 676 1009 666 1016 654 1016 643 1027 627 1014 608 1027 594 1014 515 1018 504 1010 486 1024 472 1012 448 1022 431 1015 387 1017 375 1010 358 1018 336 1016 324 1022 306 1010 298 1016 261 1020 241 1012 229 1023 214 1015 207 1020 186 1015 165 1021 156 1016"/></Shape>
	    <String CONTENT="را (٢) استبشاش تمام از محافظت و مجالست ايشان حاصل و باعث"
                    HPOS="155"
                    VPOS="983"
                    WIDTH="692"
                    HEIGHT="44"></String>
          </TextLine>
          
          
	  <TextLine ID="eSc_line_122475"
                    
                    BASELINE="157 1056 201 1056 214 1054 357 1054 376 1056 447 1053 845 1054" 
                    HPOS="156"
                    VPOS="1023"
                    WIDTH="688"
                    HEIGHT="50">
            <Shape><Polygon POINTS="156 1055 157 1037 172 1024 184 1034 191 1028 210 1028 222 1037 264 1036 270 1041 283 1029 312 1040 323 1029 336 1027 345 1036 358 1036 365 1043 389 1027 421 1040 454 1023 480 1028 491 1039 498 1033 518 1030 548 1041 559 1035 580 1037 590 1028 611 1034 623 1023 631 1023 655 1046 675 1027 717 1027 741 1043 750 1035 773 1035 781 1027 796 1036 808 1028 817 1035 832 1036 844 1053 820 1065 807 1060 757 1061 745 1054 731 1067 717 1059 678 1059 662 1073 655 1073 636 1054 622 1060 586 1059 575 1067 549 1053 529 1065 515 1059 496 1060 488 1053 476 1060 426 1059 420 1054 385 1071 374 1068 362 1056 346 1066 324 1067 296 1055 281 1071 266 1060 239 1067 218 1055 206 1061 157 1065"/></Shape>
	    <String CONTENT="مباسطت و شكفتگي آنحضرت ميشد تا آنكه مزاج مباک از صوب اعتدال"
                    HPOS="156"
                    VPOS="1023"
                    WIDTH="688"
                    HEIGHT="50"></String>
          </TextLine>
          
          
	  <TextLine ID="eSc_line_122470"
                    
                    BASELINE="159 1102 207 1098 699 1098 713 1099 738 1105 755 1103 846 1104" 
                    HPOS="157"
                    VPOS="1065"
                    WIDTH="688"
                    HEIGHT="51">
            <Shape><Polygon POINTS="157 1102 159 1080 172 1067 179 1067 192 1080 211 1072 230 1081 242 1075 254 1080 270 1065 292 1080 309 1077 327 1081 346 1072 359 1077 368 1071 387 1071 419 1087 426 1081 438 1086 463 1071 480 1085 490 1086 509 1072 521 1071 537 1087 551 1090 571 1074 585 1081 606 1075 628 1078 640 1066 665 1083 676 1071 687 1071 697 1079 725 1072 742 1088 771 1072 801 1086 833 1080 845 1103 828 1111 801 1111 792 1105 773 1111 762 1104 749 1113 738 1112 727 1103 700 1104 686 1113 650 1098 635 1111 600 1099 579 1112 565 1110 554 1116 532 1099 489 1115 473 1100 439 1100 428 1110 412 1100 388 1111 362 1097 351 1103 311 1105 287 1097 276 1104 251 1100 233 1111 216 1103 201 1115 190 1112 180 1103 159 1109"/></Shape>
	    <String CONTENT="روی بوادی انحراف آورده مرضي طاري شد و مولانا نعمت الله در علاج آن"
                    HPOS="157"
                    VPOS="1065"
                    WIDTH="688"
                    HEIGHT="51"></String>
          </TextLine>
          
          
	  <TextLine ID="eSc_line_122460"
                    
                    BASELINE="154 1142 261 1141 277 1144 292 1144 357 1141 845 1141" 
                    HPOS="153"
                    VPOS="1110"
                    WIDTH="691"
                    HEIGHT="47">
            <Shape><Polygon POINTS="153 1141 154 1125 169 1113 180 1121 188 1113 200 1119 212 1115 229 1124 245 1117 252 1124 264 1122 271 1126 288 1110 306 1121 320 1112 339 1125 355 1123 370 1111 381 1118 397 1115 407 1124 421 1111 428 1111 440 1123 452 1119 458 1124 473 1124 488 1115 515 1131 542 1115 570 1122 581 1131 594 1122 627 1113 641 1126 662 1116 674 1125 691 1124 703 1132 719 1135 744 1116 757 1125 775 1124 782 1130 811 1115 821 1125 831 1124 844 1140 814 1156 788 1153 779 1143 742 1147 733 1155 713 1156 701 1145 686 1154 678 1149 662 1153 642 1142 634 1150 615 1145 590 1157 577 1148 570 1153 555 1147 534 1151 518 1144 505 1154 489 1149 451 1154 434 1140 419 1151 399 1144 372 1150 342 1143 311 1154 298 1144 283 1155 261 1145 244 1156 213 1145 154 1145"/></Shape>
	    <String CONTENT="مرض مساعی جمیله بتقدیم رسانید و باوجود آن تا یک سال آن مرض امتداد"
                    HPOS="153"
                    VPOS="1110"
                    WIDTH="691"
                    HEIGHT="47"></String>
          </TextLine>
          
          
	  <TextLine ID="eSc_line_122472"
                    
                    BASELINE="146 1183 355 1186 432 1183 641 1183 691 1187 719 1183 846 1185" 
                    HPOS="144"
                    VPOS="1148"
                    WIDTH="701"
                    HEIGHT="58">
            <Shape><Polygon POINTS="144 1182 162 1163 175 1169 195 1161 209 1167 228 1163 242 1168 252 1159 280 1162 292 1154 315 1159 327 1169 346 1150 361 1157 368 1150 375 1151 387 1161 403 1149 428 1161 444 1148 452 1156 463 1151 486 1153 495 1161 516 1151 527 1162 534 1155 547 1156 556 1149 587 1168 603 1160 624 1175 654 1161 675 1176 699 1155 716 1167 729 1157 741 1169 754 1164 776 1170 799 1162 808 1167 826 1159 845 1183 831 1197 811 1189 790 1193 779 1187 765 1197 735 1188 719 1204 701 1193 686 1199 672 1189 651 1195 642 1205 627 1202 615 1191 586 1199 578 1192 549 1194 534 1189 517 1206 491 1186 466 1206 454 1205 442 1193 416 1192 408 1199 387 1201 372 1192 358 1205 345 1200 332 1206 311 1193 290 1192 280 1185 257 1202 241 1191 223 1194 205 1188 187 1202 172 1199 167 1204 146 1183"/></Shape>
	    <String CONTENT="یافت بعد از آن حکيم دار الّشفأ اِذَا مَرِضتُ فهُوَيشهفِينِ شفأ کرامت فرمود"
                    HPOS="144"
                    VPOS="1148"
                    WIDTH="701"
                    HEIGHT="58"></String>
          </TextLine>
          
          
	  <TextLine ID="eSc_line_122468"
                    
                    BASELINE="547 1255 780 1256 798 1252" 
                    HPOS="546"
                    VPOS="1229"
                    WIDTH="250"
                    HEIGHT="55">
            <Shape><Polygon POINTS="546 1254 553 1238 577 1240 589 1230 611 1242 622 1232 642 1238 654 1233 694 1237 756 1229 763 1236 788 1231 796 1251 790 1265 769 1269 757 1261 730 1284 711 1284 700 1275 694 1281 687 1274 676 1275 659 1261 638 1277 627 1265 612 1275 604 1267 571 1262 556 1268 547 1258"/></Shape>
	    <String CONTENT="(١) قراده ده ده ده رستم بيگ ب"
                    HPOS="546"
                    VPOS="1229"
                    WIDTH="250"
                    HEIGHT="55"></String>
          </TextLine>
          
          
	  <TextLine ID="eSc_line_122485"
                    
                    BASELINE="218 1256 264 1257 277 1254 344 1254" 
                    HPOS="217"
                    VPOS="1229"
                    WIDTH="126"
                    HEIGHT="42">
            <Shape><Polygon POINTS="217 1255 218 1233 224 1229 238 1239 251 1239 266 1229 293 1233 302 1229 311 1235 337 1230 343 1254 339 1271 330 1265 317 1267 308 1258 295 1267 267 1261 243 1265 232 1256 218 1257"/></Shape>
	    <String CONTENT="(٢) امتيناس ا"
                    HPOS="217"
                    VPOS="1229"
                    WIDTH="126"
                    HEIGHT="42"></String>
          </TextLine>
          </TextBlock>
          
        </PrintSpace>
      </Page>
    </Layout>
  </alto>
