<?xml version="1.0" encoding="UTF-8"?>
<alto xmlns:xsi="http://www.w3.org/2001/XMLSchema-instance"
      xmlns="http://www.loc.gov/standards/alto/ns-v4#"
      xsi:schemaLocation="http://www.loc.gov/standards/alto/ns-v4# https://gitlab.inria.fr/scripta/escriptorium/-/raw/develop/app/escriptorium/static/alto-4-1-baselines.xsd">
  <Description>
    <MeasurementUnit>pixel</MeasurementUnit>
    <sourceImageInformation>
      <fileName>Ferdowsi_Moscow.pdf_000037.png</fileName>
    </sourceImageInformation>
  </Description>
  
  <Tags>
    <OtherTag ID="BT1" LABEL="Title" DESCRIPTION="block type Title"/><OtherTag ID="BT2" LABEL="Main" DESCRIPTION="block type Main"/><OtherTag ID="BT3" LABEL="Commentary" DESCRIPTION="block type Commentary"/><OtherTag ID="BT4" LABEL="Illustration" DESCRIPTION="block type Illustration"/>
    
  </Tags>
  
  <Layout>
    <Page WIDTH="2430"
          HEIGHT="3000"
          PHYSICAL_IMG_NR="3"
          ID="eSc_dummypage_">
      <PrintSpace HPOS="0"
                  VPOS="0"
                  WIDTH="2430"
                  HEIGHT="3000">
        
        <TextBlock ID="eSc_dummyblock_">
          
	  <TextLine ID="eSc_line_55799"
                    
                    BASELINE="1050 467 1140 462 1205 467" 
                    HPOS="1050"
                    VPOS="402"
                    WIDTH="155"
                    HEIGHT="115">
            <Shape><Polygon POINTS="1050 467 1052 427 1067 415 1107 407 1135 420 1155 402 1197 435 1205 467 1197 517 1052 515"/></Shape>
	    <String CONTENT="ملحقات"
                    HPOS="1050"
                    VPOS="402"
                    WIDTH="155"
                    HEIGHT="115"></String>
          </TextLine>
          
          
	  <TextLine ID="eSc_line_55833"
                    
                    BASELINE="1170 587 1205 595 1875 592 2012 598" 
                    HPOS="1170"
                    VPOS="535"
                    WIDTH="840"
                    HEIGHT="87">
            <Shape><Polygon POINTS="1170 585 1172 557 1190 545 1215 557 1307 552 1332 572 1397 542 1430 557 1517 552 1530 562 1600 535 1640 555 1657 545 1677 557 1705 545 1757 570 1807 545 1830 545 1845 560 1900 555 1917 570 1932 555 1972 552 2010 597 1995 597 1975 620 1925 617 1910 605 1877 617 1860 605 1800 602 1777 622 1750 607 1727 620 1707 605 1602 617 1532 595 1462 615 1422 602 1340 612 1325 600 1297 617 1272 602 1222 610 1172 600"/></Shape>
	    <String CONTENT="چو رستم بنزدیک مهتر رسید"
                    HPOS="1170"
                    VPOS="535"
                    WIDTH="840"
                    HEIGHT="87"></String>
          </TextLine>
          
          
	  <TextLine ID="eSc_line_55832"
                    
                    BASELINE="250 577 475 595 642 592 910 605 1037 602 1089 607" 
                    HPOS="250"
                    VPOS="530"
                    WIDTH="837"
                    HEIGHT="95">
            <Shape><Polygon POINTS="250 575 282 545 310 560 327 550 370 557 387 542 410 542 422 555 452 530 490 557 517 547 535 560 555 547 577 557 620 530 647 537 670 560 682 547 712 562 747 542 782 540 812 567 860 552 892 560 917 550 935 565 955 547 985 562 1072 547 1087 605 1055 622 1022 602 957 622 887 605 872 617 845 610 817 625 787 600 705 615 652 592 637 607 600 602 575 617 532 610 502 622 465 595 415 607 372 602 345 617 267 602 252 590"/></Shape>
	    <String CONTENT="زمین بوس کرد آفرین گسترید"
                    HPOS="250"
                    VPOS="530"
                    WIDTH="837"
                    HEIGHT="95"></String>
          </TextLine>
          
          
	  <TextLine ID="eSc_line_55801"
                    
                    BASELINE="1160 680 1487 680 1527 672 1895 672 2002 673" 
                    HPOS="1160"
                    VPOS="617"
                    WIDTH="840"
                    HEIGHT="85">
            <Shape><Polygon POINTS="1160 680 1172 642 1247 632 1272 655 1312 622 1340 640 1375 622 1402 640 1465 640 1482 630 1507 652 1530 630 1555 642 1650 635 1667 650 1730 617 1765 640 1792 642 1830 625 1852 647 1882 617 1917 642 1952 645 1982 627 2000 672 1972 697 1925 697 1900 685 1855 697 1835 677 1690 685 1670 672 1647 695 1622 685 1550 692 1510 675 1485 697 1457 685 1330 682 1300 702 1265 680 1247 695 1222 682 1177 695 1162 682"/></Shape>
	    <String CONTENT="ز بار نمک برد  پیشش بسی"
                    HPOS="1160"
                    VPOS="617"
                    WIDTH="840"
                    HEIGHT="85"></String>
          </TextLine>
          
          
	  <TextLine ID="eSc_line_55817"
                    
                    BASELINE="260 675 295 680 380 672 1087 675" 
                    HPOS="260"
                    VPOS="612"
                    WIDTH="825"
                    HEIGHT="93">
            <Shape><Polygon POINTS="260 675 262 647 315 640 342 622 382 650 417 630 440 640 460 620 495 642 542 632 565 650 590 627 612 635 640 615 682 642 717 625 752 657 777 632 802 645 817 637 842 645 882 612 920 617 950 647 1062 630 1077 642 1085 675 1002 682 980 695 925 675 852 695 805 690 780 705 740 677 672 697 652 697 637 680 567 675 545 695 520 685 482 695 457 672 387 697 360 675 287 700 262 695"/></Shape>
	    <String CONTENT="همی آفرین خواند بر1 هر کسی"
                    HPOS="260"
                    VPOS="612"
                    WIDTH="825"
                    HEIGHT="93"></String>
          </TextLine>
          
          
	  <TextLine ID="eSc_line_55834"
                    
                    BASELINE="1170 757 1220 757 1250 752 1932 755 2009 747" 
                    HPOS="1170"
                    VPOS="697"
                    WIDTH="837"
                    HEIGHT="83">
            <Shape><Polygon POINTS="1170 755 1172 732 1222 697 1282 727 1315 707 1332 720 1362 715 1380 697 1447 725 1472 702 1497 715 1527 700 1565 735 1615 710 1682 725 1710 715 1732 732 1767 710 1792 722 1817 700 1837 712 1877 697 1902 722 1940 710 1960 722 1982 717 2007 745 1982 777 1935 765 1902 780 1875 755 1842 767 1752 767 1722 755 1665 777 1630 765 1567 777 1540 752 1510 765 1457 752 1432 777 1392 762 1357 777 1287 760 1262 780 1240 765 1172 780"/></Shape>
	    <String CONTENT="بدو گفت مهتر که جاوید باش"
                    HPOS="1170"
                    VPOS="697"
                    WIDTH="837"
                    HEIGHT="83"></String>
          </TextLine>
          
          
	  <TextLine ID="eSc_line_55827"
                    
                    BASELINE="260 770 292 755 320 752 1087 752" 
                    HPOS="260"
                    VPOS="695"
                    WIDTH="825"
                    HEIGHT="85">
            <Shape><Polygon POINTS="260 770 262 730 317 695 355 727 387 707 437 722 470 702 490 720 540 720 570 702 602 735 645 712 685 732 700 717 725 727 755 697 810 730 827 712 875 717 890 705 917 717 947 695 962 707 987 702 1010 725 1022 715 1067 717 1085 750 1060 777 1020 777 995 757 920 775 902 762 822 762 810 750 782 762 730 760 710 777 675 762 660 777 617 780 590 755 517 777 482 775 467 762 412 770 362 757 332 777 312 762 290 780 262 775"/></Shape>
	    <String CONTENT="چو تابنده ماه و چو خورشید باش"
                    HPOS="260"
                    VPOS="695"
                    WIDTH="825"
                    HEIGHT="85"></String>
          </TextLine>
          
          
	  <TextLine ID="eSc_line_55825"
                    
                    BASELINE="1172 842 1207 847 1232 837 1285 845 1327 840 1360 847 1437 840 1532 840 1560 847 1617 840 1720 840 1832 832 1994 830 2022 833" 
                    HPOS="1170"
                    VPOS="775"
                    WIDTH="850"
                    HEIGHT="90">
            <Shape><Polygon POINTS="1170 840 1172 810 1227 775 1260 802 1342 802 1360 817 1382 795 1405 800 1430 777 1470 802 1490 782 1520 795 1540 790 1555 802 1607 802 1630 785 1657 810 1680 800 1697 817 1722 797 1762 802 1820 775 1870 807 1925 777 1952 802 1980 797 2020 832 1970 865 1947 847 1907 857 1872 847 1837 860 1780 845 1747 845 1715 862 1695 842 1672 862 1637 842 1580 855 1547 847 1530 860 1497 840 1382 862 1360 845 1295 847 1267 860 1225 842 1190 862 1172 857"/></Shape>
	    <String CONTENT="پذیرفتم و نیز2 دارم سپاس"
                    HPOS="1170"
                    VPOS="775"
                    WIDTH="850"
                    HEIGHT="90"></String>
          </TextLine>
          
          
	  <TextLine ID="eSc_line_55824"
                    
                    BASELINE="262 832 622 832 732 840 800 832 1012 835 1105 827" 
                    HPOS="260"
                    VPOS="775"
                    WIDTH="845"
                    HEIGHT="87">
            <Shape><Polygon POINTS="260 830 267 785 285 785 307 807 340 777 397 797 425 785 450 807 485 805 520 780 567 802 597 782 610 792 642 782 657 797 705 802 732 790 760 815 797 777 857 800 900 775 940 802 962 782 987 795 1017 775 1040 795 1067 777 1105 825 1037 855 995 835 930 855 837 840 790 855 757 837 737 857 707 847 687 862 650 857 615 830 557 855 505 845 452 860 435 845 335 845 310 862 290 862 262 835"/></Shape>
	    <String CONTENT="ایا نیک دل پور3 نیکی شناس4"
                    HPOS="260"
                    VPOS="775"
                    WIDTH="845"
                    HEIGHT="87"></String>
          </TextLine>
          
          
	  <TextLine ID="eSc_line_55818"
                    
                    BASELINE="1180 927 1215 922 1250 925 1275 920 1345 917 1557 922 1610 912 1997 912" 
                    HPOS="1180"
                    VPOS="857"
                    WIDTH="815"
                    HEIGHT="85">
            <Shape><Polygon POINTS="1180 925 1182 865 1205 857 1250 882 1317 875 1342 890 1367 870 1390 885 1490 875 1512 897 1552 857 1575 867 1600 857 1625 882 1752 877 1767 892 1792 872 1852 885 1885 860 1907 860 1935 887 1962 870 1982 872 1995 910 1950 940 1912 920 1890 930 1770 917 1747 937 1722 925 1672 935 1602 925 1580 942 1525 937 1505 920 1390 935 1345 917 1310 942 1292 925 1252 925 1220 940 1205 927 1182 932"/></Shape>
	    <String CONTENT="در آمد ببازار مرد جوان"
                    HPOS="1180"
                    VPOS="857"
                    WIDTH="815"
                    HEIGHT="85"></String>
          </TextLine>
          
          
	  <TextLine ID="eSc_line_55820"
                    
                    BASELINE="262 915 320 927 455 917 480 922 555 912 590 912 650 920 792 917 915 920 942 925 1096 920" 
                    HPOS="260"
                    VPOS="857"
                    WIDTH="835"
                    HEIGHT="88">
            <Shape><Polygon POINTS="260 915 262 862 327 857 355 882 377 860 407 880 447 860 470 882 487 872 510 885 535 870 570 885 592 865 622 882 640 875 697 885 727 862 752 885 787 857 817 887 855 875 880 892 897 872 947 880 970 860 1002 885 1072 877 1095 920 1070 937 1042 925 1030 935 982 927 967 940 922 937 882 920 860 942 842 930 747 917 677 940 627 925 575 925 520 927 492 945 450 917 350 942 320 930 287 932 267 917"/></Shape>
	    <String CONTENT="بیاورد با خویشتن کاروان5"
                    HPOS="260"
                    VPOS="857"
                    WIDTH="835"
                    HEIGHT="88"></String>
          </TextLine>
          
          
	  <TextLine ID="eSc_line_55828"
                    
                    BASELINE="1167 1000 1212 1000 1272 992 1607 992 1632 1000 1762 1000 1800 995 1905 992 2005 993" 
                    HPOS="1165"
                    VPOS="937"
                    WIDTH="840"
                    HEIGHT="90">
            <Shape><Polygon POINTS="1165 1000 1167 972 1187 952 1270 962 1292 950 1320 962 1350 937 1365 937 1390 962 1412 952 1430 965 1462 945 1487 967 1502 955 1562 965 1600 937 1637 962 1725 955 1747 972 1762 957 1832 960 1857 977 1917 955 1952 972 1982 957 2005 992 1972 1027 1937 1007 1872 1020 1847 1000 1787 1007 1770 1020 1742 1007 1712 1017 1697 1005 1637 1022 1610 995 1597 1007 1542 1017 1487 995 1465 1007 1405 1007 1375 992 1297 1012 1222 1005 1197 1022 1167 1012"/></Shape>
	    <String CONTENT="ز هر سو برو گرد شد انجمن"
                    HPOS="1165"
                    VPOS="937"
                    WIDTH="840"
                    HEIGHT="90"></String>
          </TextLine>
          
          
	  <TextLine ID="eSc_line_55821"
                    
                    BASELINE="270 997 312 1005 365 1005 390 1000 482 1000 507 995 560 992 1105 992" 
                    HPOS="270"
                    VPOS="937"
                    WIDTH="835"
                    HEIGHT="85">
            <Shape><Polygon POINTS="270 995 272 940 342 952 360 970 375 957 400 970 417 952 445 965 507 952 522 967 545 945 572 960 607 957 625 972 645 957 670 970 687 952 717 967 752 945 782 972 845 942 880 957 932 942 955 965 995 937 1012 955 1040 945 1067 957 1105 990 1090 990 1057 1020 1010 990 972 1022 930 995 887 1020 852 1002 807 1007 782 990 727 1017 672 1000 647 1020 617 1002 590 1020 532 992 457 1017 402 1000 382 1020 350 1007 327 1022 287 1015 272 1000"/></Shape>
	    <String CONTENT="چه از کودک خرد و چه مرد و زن6"
                    HPOS="270"
                    VPOS="937"
                    WIDTH="835"
                    HEIGHT="85"></String>
          </TextLine>
          
          
	  <TextLine ID="eSc_line_55829"
                    
                    BASELINE="1167 1090 1202 1080 1482 1085 1507 1080 1640 1072 1822 1072 1872 1077 1989 1077" 
                    HPOS="1165"
                    VPOS="1015"
                    WIDTH="822"
                    HEIGHT="90">
            <Shape><Polygon POINTS="1165 1090 1175 1040 1295 1040 1310 1055 1325 1040 1355 1047 1375 1027 1397 1025 1442 1050 1490 1042 1530 1015 1557 1040 1575 1035 1590 1050 1615 1027 1657 1042 1692 1017 1717 1042 1737 1035 1767 1052 1817 1017 1860 1055 1945 1020 1980 1040 1987 1075 1980 1097 1922 1085 1872 1100 1850 1080 1785 1087 1770 1077 1735 1102 1715 1085 1637 1090 1597 1075 1572 1097 1515 1082 1467 1100 1435 1087 1417 1102 1382 1105 1357 1085 1322 1100 1295 1082 1237 1092 1205 1085 1180 1105 1167 1100"/></Shape>
	    <String CONTENT="یکی داد جامه یکی زرّ و سیم"
                    HPOS="1165"
                    VPOS="1015"
                    WIDTH="822"
                    HEIGHT="90"></String>
          </TextLine>
          
          
	  <TextLine ID="eSc_line_55809"
                    
                    BASELINE="260 1085 637 1085 675 1080 820 1080 862 1075 960 1072 1116 1068" 
                    HPOS="260"
                    VPOS="1022"
                    WIDTH="855"
                    HEIGHT="83">
            <Shape><Polygon POINTS="260 1085 265 1040 357 1035 375 1050 400 1037 422 1055 482 1045 505 1025 545 1052 615 1035 635 1055 660 1032 682 1037 695 1025 740 1045 787 1035 810 1052 825 1040 852 1050 882 1032 902 1040 915 1030 965 1045 1022 1045 1052 1022 1095 1065 1115 1067 1002 1100 862 1085 837 1102 807 1090 780 1097 770 1087 737 1100 712 1085 632 1085 615 1100 592 1092 555 1102 522 1085 455 1105 415 1087 397 1100 292 1087 265 1102"/></Shape>
	    <String CONTENT="خریدند و بردند بی ترس و بیم"
                    HPOS="260"
                    VPOS="1022"
                    WIDTH="855"
                    HEIGHT="83"></String>
          </TextLine>
          
          
	  <TextLine ID="eSc_line_55837"
                    
                    BASELINE="1175 1152 1355 1152 1405 1157 1465 1152 1895 1152 1932 1165 1962 1162 2002 1167" 
                    HPOS="1175"
                    VPOS="1097"
                    WIDTH="825"
                    HEIGHT="88">
            <Shape><Polygon POINTS="1175 1150 1177 1120 1210 1097 1230 1097 1267 1122 1292 1112 1307 1127 1332 1125 1352 1105 1372 1107 1392 1127 1422 1125 1435 1112 1470 1125 1525 1117 1550 1140 1587 1110 1610 1117 1630 1102 1670 1135 1690 1115 1742 1125 1807 1105 1825 1122 1855 1125 1890 1105 1920 1132 1940 1115 1992 1127 2000 1165 1965 1182 1927 1180 1907 1162 1845 1180 1817 1152 1805 1165 1705 1177 1670 1150 1635 1165 1570 1162 1550 1150 1522 1177 1430 1167 1407 1185 1372 1162 1335 1180 1300 1170 1260 1182 1227 1165 1177 1167"/></Shape>
	    <String CONTENT="چو شب تیره شد رستم تیزچنگ"
                    HPOS="1175"
                    VPOS="1097"
                    WIDTH="825"
                    HEIGHT="88"></String>
          </TextLine>
          
          
	  <TextLine ID="eSc_line_55835"
                    
                    BASELINE="260 1155 927 1152 1040 1160 1102 1150" 
                    HPOS="260"
                    VPOS="1095"
                    WIDTH="840"
                    HEIGHT="87">
            <Shape><Polygon POINTS="260 1155 262 1117 302 1095 320 1095 340 1115 362 1107 377 1122 410 1117 427 1127 477 1100 502 1115 527 1100 572 1127 602 1102 632 1120 647 1107 675 1120 702 1095 732 1125 780 1117 792 1127 815 1110 875 1127 905 1102 930 1115 967 1102 997 1132 1055 1117 1100 1150 1062 1182 1040 1170 1000 1182 975 1160 937 1182 902 1167 802 1157 765 1177 687 1152 647 1170 527 1167 510 1180 450 1175 435 1160 407 1182 385 1165 265 1162"/></Shape>
	    <String CONTENT="بر آراست با نامداران جنگ"
                    HPOS="260"
                    VPOS="1095"
                    WIDTH="840"
                    HEIGHT="87"></String>
          </TextLine>
          
          
	  <TextLine ID="eSc_line_55838"
                    
                    BASELINE="1182 1240 1485 1245 1560 1240 1665 1245 1780 1240 1817 1245 1930 1245 2009 1237" 
                    HPOS="1180"
                    VPOS="1180"
                    WIDTH="827"
                    HEIGHT="82">
            <Shape><Polygon POINTS="1180 1240 1185 1195 1195 1187 1255 1200 1272 1215 1297 1192 1322 1205 1362 1182 1382 1182 1400 1200 1432 1185 1450 1202 1482 1195 1505 1215 1562 1180 1597 1205 1667 1197 1690 1220 1752 1190 1787 1205 1807 1195 1832 1205 1870 1195 1890 1215 1915 1195 1932 1205 1960 1195 1987 1202 2007 1235 1972 1260 1945 1247 1900 1260 1882 1245 1820 1255 1742 1245 1705 1260 1680 1245 1662 1257 1570 1247 1555 1260 1515 1245 1482 1245 1457 1260 1437 1260 1422 1245 1380 1245 1350 1262 1310 1260 1282 1242 1237 1260 1182 1252"/></Shape>
	    <String CONTENT="چو مهتر بباره در7 آورد روی"
                    HPOS="1180"
                    VPOS="1180"
                    WIDTH="827"
                    HEIGHT="82"></String>
          </TextLine>
          
          
	  <TextLine ID="eSc_line_55806"
                    
                    BASELINE="270 1245 1052 1245 1105 1237" 
                    HPOS="270"
                    VPOS="1172"
                    WIDTH="835"
                    HEIGHT="93">
            <Shape><Polygon POINTS="270 1245 272 1200 287 1190 387 1207 435 1177 460 1200 487 1182 510 1205 595 1195 610 1210 632 1187 665 1180 695 1205 800 1205 832 1172 885 1215 920 1180 957 1210 1040 1205 1055 1192 1105 1235 1065 1260 1005 1245 977 1265 955 1262 937 1245 905 1262 877 1245 770 1255 702 1247 682 1260 615 1245 595 1260 565 1247 502 1255 490 1245 425 1245 402 1262 362 1262 345 1247 272 1255"/></Shape>
	    <String CONTENT="پس او دلیران پرخاش‌جوی"
                    HPOS="270"
                    VPOS="1172"
                    WIDTH="835"
                    HEIGHT="93"></String>
          </TextLine>
          
          
	  <TextLine ID="eSc_line_55839"
                    
                    BASELINE="1160 1320 1250 1317 1282 1312 1847 1312 1967 1322 2007 1317" 
                    HPOS="1160"
                    VPOS="1257"
                    WIDTH="845"
                    HEIGHT="85">
            <Shape><Polygon POINTS="1160 1320 1162 1300 1202 1260 1237 1282 1280 1275 1297 1285 1325 1275 1350 1290 1390 1257 1437 1282 1460 1265 1480 1265 1512 1285 1560 1262 1585 1287 1605 1272 1662 1285 1682 1265 1697 1265 1720 1287 1750 1257 1802 1285 1825 1262 1852 1257 1897 1285 1917 1275 1932 1285 1980 1280 2005 1315 1972 1342 1945 1327 1900 1340 1877 1320 1865 1332 1845 1322 1735 1327 1720 1317 1620 1327 1592 1325 1577 1310 1490 1340 1465 1327 1410 1340 1392 1327 1360 1330 1347 1317 1285 1330 1210 1327 1187 1340 1162 1325"/></Shape>
	    <String CONTENT="چو آگاه شد کوتوال حصار"
                    HPOS="1160"
                    VPOS="1257"
                    WIDTH="845"
                    HEIGHT="85"></String>
          </TextLine>
          
          
	  <TextLine ID="eSc_line_55819"
                    
                    BASELINE="270 1312 742 1312 840 1320 1027 1325 1104 1317" 
                    HPOS="270"
                    VPOS="1257"
                    WIDTH="832"
                    HEIGHT="85">
            <Shape><Polygon POINTS="270 1310 272 1277 292 1257 345 1285 385 1260 407 1280 435 1265 455 1285 492 1285 510 1270 545 1287 590 1287 625 1262 660 1287 705 1272 775 1287 805 1262 832 1285 875 1285 937 1260 972 1292 982 1282 1070 1277 1102 1315 1067 1340 1045 1327 975 1337 957 1325 915 1340 865 1327 695 1325 665 1340 622 1325 587 1342 565 1327 510 1325 462 1342 440 1322 300 1325 272 1337"/></Shape>
	    <String CONTENT="بر آویخت با رستم نامدار"
                    HPOS="270"
                    VPOS="1257"
                    WIDTH="832"
                    HEIGHT="85"></String>
          </TextLine>
          
          
	  <TextLine ID="eSc_line_55840"
                    
                    BASELINE="1165 1407 1230 1402 1612 1405 1640 1400 1975 1397 2004 1390" 
                    HPOS="1165"
                    VPOS="1335"
                    WIDTH="837"
                    HEIGHT="90">
            <Shape><Polygon POINTS="1165 1405 1167 1377 1202 1347 1230 1365 1310 1362 1325 1377 1355 1360 1402 1357 1417 1370 1435 1352 1480 1347 1507 1375 1532 1352 1577 1365 1620 1335 1655 1367 1690 1365 1710 1345 1737 1340 1790 1377 1817 1352 1837 1362 1870 1350 1885 1362 1922 1365 1977 1345 1995 1355 2002 1390 1945 1417 1845 1407 1822 1425 1805 1425 1782 1405 1772 1415 1712 1405 1667 1420 1640 1400 1572 1407 1532 1425 1495 1405 1475 1417 1417 1405 1400 1420 1377 1407 1337 1417 1317 1402 1257 1407 1230 1422 1212 1415 1182 1425 1167 1415"/></Shape>
	    <String CONTENT="تهمتن یکی گرز زد بر سرش"
                    HPOS="1165"
                    VPOS="1335"
                    WIDTH="837"
                    HEIGHT="90"></String>
          </TextLine>
          
          
	  <TextLine ID="eSc_line_55813"
                    
                    BASELINE="258 1400 340 1405 420 1400 445 1392 472 1392 522 1400 725 1400 812 1405 982 1402 1007 1407 1047 1392 1107 1397" 
                    HPOS="257"
                    VPOS="1340"
                    WIDTH="848"
                    HEIGHT="90">
            <Shape><Polygon POINTS="257 1400 260 1345 280 1345 295 1360 322 1347 340 1365 362 1365 390 1340 410 1355 422 1345 455 1362 475 1355 497 1372 527 1360 547 1377 560 1365 625 1365 635 1375 662 1355 682 1362 710 1347 742 1377 762 1357 787 1367 882 1357 905 1380 930 1360 952 1365 992 1352 1012 1362 1027 1347 1072 1345 1105 1395 1070 1392 1045 1410 1022 1400 992 1425 945 1410 915 1420 895 1410 870 1430 840 1410 792 1412 760 1430 730 1405 670 1410 637 1400 620 1410 580 1407 562 1420 505 1420 485 1400 447 1410 380 1405 292 1425 265 1402"/></Shape>
	    <String CONTENT="که زیر زمین شد سر و مغفرش8"
                    HPOS="257"
                    VPOS="1340"
                    WIDTH="848"
                    HEIGHT="90"></String>
          </TextLine>
          
          
	  <TextLine ID="eSc_line_55841"
                    
                    BASELINE="1170 1467 1210 1475 1325 1472 1407 1477 1575 1472 1999 1475" 
                    HPOS="1170"
                    VPOS="1417"
                    WIDTH="827"
                    HEIGHT="88">
            <Shape><Polygon POINTS="1170 1465 1172 1445 1190 1432 1215 1445 1235 1427 1262 1440 1282 1430 1302 1437 1330 1417 1375 1447 1395 1440 1417 1462 1450 1440 1520 1445 1540 1425 1580 1452 1615 1427 1665 1460 1712 1432 1735 1447 1835 1437 1847 1450 1870 1427 1897 1445 1947 1445 1972 1432 1990 1445 1997 1475 1942 1490 1872 1487 1845 1475 1742 1500 1707 1487 1690 1505 1655 1480 1620 1505 1600 1502 1575 1477 1545 1490 1465 1487 1447 1497 1415 1482 1397 1500 1347 1487 1172 1485"/></Shape>
	    <String CONTENT="همه مردم دژ خبر یافتند"
                    HPOS="1170"
                    VPOS="1417"
                    WIDTH="827"
                    HEIGHT="88"></String>
          </TextLine>
          
          
	  <TextLine ID="eSc_line_55830"
                    
                    BASELINE="265 1475 705 1472 730 1477 925 1485 1027 1485 1102 1477" 
                    HPOS="265"
                    VPOS="1415"
                    WIDTH="835"
                    HEIGHT="95">
            <Shape><Polygon POINTS="265 1475 267 1422 320 1440 332 1427 357 1437 387 1432 407 1415 432 1420 452 1440 480 1430 505 1445 522 1427 555 1445 585 1437 610 1460 652 1422 700 1450 730 1427 787 1450 815 1442 837 1465 862 1442 902 1437 942 1452 977 1427 1017 1445 1070 1442 1100 1475 1060 1490 1025 1487 1007 1502 942 1487 925 1502 860 1510 835 1487 817 1502 775 1490 707 1490 677 1505 615 1472 587 1500 562 1487 292 1487 270 1477"/></Shape>
	    <String CONTENT="سوی رزم بدخواه بشتافتند9"
                    HPOS="265"
                    VPOS="1415"
                    WIDTH="835"
                    HEIGHT="95"></String>
          </TextLine>
          
          
	  <TextLine ID="eSc_line_55843"
                    
                    BASELINE="1180 1552 1437 1552 1502 1560 1817 1560 1900 1552 1962 1555 2002 1547" 
                    HPOS="1180"
                    VPOS="1500"
                    WIDTH="820"
                    HEIGHT="87">
            <Shape><Polygon POINTS="1180 1550 1182 1517 1217 1512 1232 1525 1262 1505 1290 1527 1332 1500 1367 1525 1385 1507 1420 1525 1447 1502 1505 1532 1537 1502 1565 1525 1605 1525 1625 1505 1645 1505 1667 1527 1692 1520 1705 1530 1717 1517 1815 1525 1840 1502 1875 1527 1905 1530 1940 1527 1972 1510 2000 1545 1985 1570 1925 1570 1910 1585 1870 1555 1807 1575 1767 1567 1742 1577 1707 1562 1670 1580 1650 1560 1592 1575 1572 1567 1552 1587 1530 1587 1505 1565 1480 1580 1450 1565 1325 1575 1287 1560 1182 1567"/></Shape>
	    <String CONTENT="شب تیره و تیغ رخشان شده"
                    HPOS="1180"
                    VPOS="1500"
                    WIDTH="820"
                    HEIGHT="87"></String>
          </TextLine>
          
          
	  <TextLine ID="eSc_line_55823"
                    
                    BASELINE="270 1550 537 1555 640 1550 670 1555 695 1552 747 1560 1107 1560" 
                    HPOS="270"
                    VPOS="1495"
                    WIDTH="835"
                    HEIGHT="90">
            <Shape><Polygon POINTS="270 1550 272 1515 292 1512 312 1522 337 1507 365 1530 385 1510 420 1502 437 1520 465 1510 482 1525 510 1502 527 1520 552 1515 565 1525 577 1515 602 1532 630 1505 660 1520 710 1495 750 1530 802 1517 877 1527 907 1515 930 1535 950 1515 982 1527 1070 1510 1105 1560 1085 1560 1057 1580 1020 1567 980 1570 960 1585 940 1585 915 1562 837 1570 825 1582 787 1572 767 1585 730 1560 707 1572 652 1567 625 1585 597 1567 582 1580 522 1565 400 1577 362 1562 272 1567"/></Shape>
	    <String CONTENT="زمین همچو لعل بدخشان شده"
                    HPOS="270"
                    VPOS="1495"
                    WIDTH="835"
                    HEIGHT="90"></String>
          </TextLine>
          
          
	  <TextLine ID="eSc_line_55844"
                    
                    BASELINE="1170 1645 1877 1642 2014 1647" 
                    HPOS="1170"
                    VPOS="1575"
                    WIDTH="842"
                    HEIGHT="92">
            <Shape><Polygon POINTS="1170 1645 1175 1587 1237 1605 1270 1582 1297 1607 1312 1595 1415 1600 1432 1617 1505 1600 1525 1620 1560 1597 1582 1620 1617 1602 1642 1622 1670 1602 1735 1605 1772 1575 1807 1600 1842 1580 1882 1620 1982 1597 2012 1645 1977 1667 1937 1655 1900 1667 1875 1645 1840 1647 1825 1660 1782 1660 1767 1647 1690 1647 1660 1660 1637 1645 1607 1665 1577 1647 1552 1667 1520 1650 1450 1667 1422 1645 1377 1647 1340 1665 1312 1662 1295 1645 1237 1647 1217 1660 1175 1655"/></Shape>
	    <String CONTENT="زبس داروگیر و ز بس موج خون"
                    HPOS="1170"
                    VPOS="1575"
                    WIDTH="842"
                    HEIGHT="92"></String>
          </TextLine>
          
          
	  <TextLine ID="eSc_line_55815"
                    
                    BASELINE="250 1637 295 1645 417 1632 632 1640 1096 1640" 
                    HPOS="250"
                    VPOS="1577"
                    WIDTH="845"
                    HEIGHT="88">
            <Shape><Polygon POINTS="250 1635 260 1590 315 1602 345 1577 375 1592 387 1587 415 1612 462 1587 497 1610 542 1580 595 1607 617 1607 652 1582 687 1607 715 1595 730 1610 755 1587 792 1585 837 1615 895 1592 925 1597 947 1585 962 1595 1000 1577 1025 1602 1067 1587 1087 1607 1095 1640 1072 1640 1032 1662 1002 1640 972 1650 887 1647 860 1662 827 1642 782 1647 760 1662 727 1650 687 1662 667 1642 650 1655 547 1650 520 1662 492 1640 475 1652 430 1650 410 1635 392 1650 322 1650 297 1665 252 1655"/></Shape>
	    <String CONTENT="نو گفتی شفق ز آسمان شد نگون"
                    HPOS="250"
                    VPOS="1577"
                    WIDTH="845"
                    HEIGHT="88"></String>
          </TextLine>
          
          
	  <TextLine ID="eSc_line_55845"
                    
                    BASELINE="1182 1715 1365 1720 1400 1725 1740 1722 1817 1727 1845 1720 1999 1715" 
                    HPOS="1180"
                    VPOS="1655"
                    WIDTH="817"
                    HEIGHT="97">
            <Shape><Polygon POINTS="1180 1715 1182 1677 1207 1680 1222 1667 1252 1685 1277 1685 1317 1665 1340 1687 1360 1680 1372 1690 1397 1667 1427 1687 1490 1672 1505 1685 1525 1680 1545 1700 1577 1680 1597 1700 1632 1667 1672 1685 1707 1655 1745 1682 1762 1677 1785 1700 1807 1677 1830 1687 1860 1672 1880 1687 1915 1690 1980 1667 1997 1715 1940 1740 1842 1730 1817 1747 1795 1745 1775 1725 1755 1740 1710 1725 1647 1740 1612 1737 1590 1722 1572 1742 1537 1727 1525 1740 1465 1730 1432 1735 1410 1752 1372 1732 1340 1740 1320 1720 1302 1730 1182 1727"/></Shape>
	    <String CONTENT="تهمتن بگرز و بتیغ و کمند"
                    HPOS="1180"
                    VPOS="1655"
                    WIDTH="817"
                    HEIGHT="97"></String>
          </TextLine>
          
          
	  <TextLine ID="eSc_line_55804"
                    
                    BASELINE="252 1715 392 1712 432 1720 640 1720 670 1725 1025 1725 1099 1717" 
                    HPOS="250"
                    VPOS="1652"
                    WIDTH="847"
                    HEIGHT="90">
            <Shape><Polygon POINTS="250 1715 252 1682 272 1672 300 1685 330 1670 342 1682 377 1660 455 1700 470 1685 517 1685 545 1660 592 1690 637 1685 652 1695 695 1665 712 1665 742 1690 842 1687 882 1652 920 1687 967 1657 1017 1687 1067 1685 1097 1715 1057 1732 1022 1727 1000 1737 940 1737 910 1725 825 1730 815 1740 762 1730 732 1742 672 1740 652 1725 572 1740 527 1727 492 1727 472 1740 440 1727 412 1740 397 1727 252 1725"/></Shape>
	    <String CONTENT="سران دلیران سراسر بکند"
                    HPOS="250"
                    VPOS="1652"
                    WIDTH="847"
                    HEIGHT="90"></String>
          </TextLine>
          
          
	  <TextLine ID="eSc_line_55846"
                    
                    BASELINE="1160 1797 1222 1792 1482 1792 1507 1797 1565 1797 1590 1792 1840 1805 2002 1800" 
                    HPOS="1160"
                    VPOS="1737"
                    WIDTH="840"
                    HEIGHT="88">
            <Shape><Polygon POINTS="1160 1795 1165 1760 1182 1750 1207 1760 1242 1740 1277 1767 1305 1740 1322 1737 1377 1740 1435 1772 1470 1752 1497 1767 1545 1755 1560 1765 1580 1747 1622 1757 1642 1740 1677 1765 1687 1755 1715 1767 1745 1767 1767 1745 1795 1762 1855 1767 1885 1747 1915 1777 1955 1757 2000 1800 1970 1822 1935 1825 1902 1805 1795 1822 1775 1807 1720 1817 1665 1797 1627 1825 1582 1800 1547 1825 1522 1807 1492 1817 1440 1805 1410 1822 1380 1805 1350 1807 1332 1790 1252 1822 1225 1807 1162 1800"/></Shape>
	    <String CONTENT="چو خورشید از10 پرده بالا گرفت"
                    HPOS="1160"
                    VPOS="1737"
                    WIDTH="840"
                    HEIGHT="88"></String>
          </TextLine>
          
          
	  <TextLine ID="eSc_line_55826"
                    
                    BASELINE="250 1797 322 1792 500 1800 525 1805 1099 1805" 
                    HPOS="250"
                    VPOS="1737"
                    WIDTH="847"
                    HEIGHT="90">
            <Shape><Polygon POINTS="250 1795 255 1757 282 1750 302 1762 327 1737 375 1765 432 1737 445 1750 467 1742 490 1765 510 1755 522 1770 547 1767 572 1742 600 1757 612 1745 642 1760 672 1750 695 1772 732 1752 775 1770 807 1742 840 1770 880 1740 900 1760 937 1742 975 1767 987 1757 1012 1767 1047 1760 1097 1805 1072 1805 1052 1825 1027 1810 985 1817 947 1807 917 1820 885 1805 850 1827 820 1805 747 1825 695 1805 592 1805 520 1820 425 1797 412 1810 355 1820 330 1807 252 1802"/></Shape>
	    <String CONTENT="جهان از ثری تا ثریا گرفت"
                    HPOS="250"
                    VPOS="1737"
                    WIDTH="847"
                    HEIGHT="90"></String>
          </TextLine>
          
          
	  <TextLine ID="eSc_line_55847"
                    
                    BASELINE="1162 1877 1290 1885 1460 1885 1485 1880 1530 1885 1560 1880 1712 1877 1988 1877" 
                    HPOS="1160"
                    VPOS="1820"
                    WIDTH="827"
                    HEIGHT="90">
            <Shape><Polygon POINTS="1160 1875 1165 1840 1220 1847 1270 1820 1295 1837 1342 1822 1385 1852 1412 1832 1435 1847 1462 1847 1480 1830 1515 1852 1535 1837 1557 1847 1582 1827 1625 1852 1662 1847 1702 1820 1755 1850 1780 1825 1805 1825 1822 1842 1855 1835 1877 1852 1910 1830 1980 1842 1987 1875 1972 1900 1930 1887 1907 1905 1870 1882 1815 1900 1775 1875 1745 1897 1690 1885 1637 1900 1605 1880 1545 1907 1520 1905 1500 1885 1452 1900 1390 1885 1355 1910 1287 1885 1215 1902 1180 1902 1162 1885"/></Shape>
	    <String CONTENT="بدژ در11 یکی تن نبد زان گروه"
                    HPOS="1160"
                    VPOS="1820"
                    WIDTH="827"
                    HEIGHT="90"></String>
          </TextLine>
          
          
	  <TextLine ID="eSc_line_55816"
                    
                    BASELINE="242 1877 280 1872 435 1872 552 1885 1002 1877 1040 1887 1095 1875" 
                    HPOS="240"
                    VPOS="1820"
                    WIDTH="855"
                    HEIGHT="90">
            <Shape><Polygon POINTS="240 1875 242 1850 257 1837 310 1830 352 1850 370 1832 392 1842 427 1832 440 1842 465 1827 482 1840 507 1820 527 1822 550 1845 595 1837 637 1857 675 1820 707 1842 732 1832 747 1847 770 1840 792 1850 820 1830 837 1840 870 1832 882 1845 897 1830 927 1845 957 1827 985 1842 1007 1830 1025 1842 1047 1835 1095 1875 1050 1905 970 1877 955 1892 825 1892 802 1882 775 1907 695 1882 662 1907 632 1892 615 1905 555 1910 525 1882 387 1892 357 1877 277 1905 245 1880"/></Shape>
	    <String CONTENT="چه کشته چه از رزم گشته ستوه"
                    HPOS="240"
                    VPOS="1820"
                    WIDTH="855"
                    HEIGHT="90"></String>
          </TextLine>
          
          
	  <TextLine ID="eSc_line_55848"
                    
                    BASELINE="1175 1957 1345 1952 1412 1957 1585 1957 1762 1965 1935 1965 1995 1957" 
                    HPOS="1175"
                    VPOS="1892"
                    WIDTH="820"
                    HEIGHT="93">
            <Shape><Polygon POINTS="1175 1955 1177 1920 1202 1925 1217 1910 1240 1920 1270 1915 1287 1897 1367 1922 1395 1907 1417 1925 1442 1920 1452 1930 1472 1912 1497 1925 1515 1910 1570 1925 1610 1900 1650 1940 1712 1920 1772 1920 1787 1935 1815 1907 1840 1900 1872 1925 1895 1927 1942 1892 1987 1922 1995 1955 1962 1972 1917 1977 1812 1977 1785 1965 1770 1980 1742 1967 1717 1982 1685 1970 1667 1985 1647 1982 1622 1957 1557 1982 1462 1960 1435 1982 1402 1967 1177 1972"/></Shape>
	    <String CONTENT="دلیران بهر گوشه بشتافتند"
                    HPOS="1175"
                    VPOS="1892"
                    WIDTH="820"
                    HEIGHT="93"></String>
          </TextLine>
          
          
	  <TextLine ID="eSc_line_55808"
                    
                    BASELINE="242 1957 342 1952 490 1960 1094 1960" 
                    HPOS="240"
                    VPOS="1900"
                    WIDTH="852"
                    HEIGHT="85">
            <Shape><Polygon POINTS="240 1955 242 1935 272 1912 290 1925 310 1912 357 1917 375 1900 400 1902 425 1927 455 1925 482 1900 517 1930 565 1907 602 1935 620 1922 647 1927 677 1915 707 1945 737 1922 795 1920 815 1937 845 1915 865 1925 877 1912 927 1912 942 1925 972 1910 987 1922 1027 1902 1062 1920 1092 1960 1060 1980 1015 1967 832 1970 817 1960 732 1980 700 1960 600 1977 572 1960 502 1985 467 1962 445 1982 405 1970 275 1972 242 1960"/></Shape>
	    <String CONTENT="بکشتند مر هر کرا یافتند"
                    HPOS="240"
                    VPOS="1900"
                    WIDTH="852"
                    HEIGHT="85"></String>
          </TextLine>
          
          
	  <TextLine ID="eSc_line_55855"
                    
                    BASELINE="1165 2037 1320 2037 1350 2032 1567 2032 1670 2040 1735 2040 1760 2047 1815 2040 1995 2035" 
                    HPOS="1165"
                    VPOS="1977"
                    WIDTH="830"
                    HEIGHT="90">
            <Shape><Polygon POINTS="1165 2035 1167 2002 1210 1977 1257 1990 1275 2007 1315 2010 1385 1980 1430 2015 1465 1980 1497 2000 1510 1987 1532 1997 1555 1982 1585 1997 1607 1987 1637 2017 1672 2010 1715 1982 1777 2015 1815 1995 1825 2005 1840 1992 1910 2005 1975 1987 1995 2035 1935 2057 1840 2047 1802 2067 1775 2052 1745 2057 1725 2047 1655 2062 1630 2040 1527 2050 1492 2032 1460 2065 1437 2065 1417 2045 1382 2047 1352 2065 1320 2040 1297 2050 1167 2047"/></Shape>
	    <String CONTENT="تهمتن یکی خانه از خاره سنگ"
                    HPOS="1165"
                    VPOS="1977"
                    WIDTH="830"
                    HEIGHT="90"></String>
          </TextLine>
          
          
	  <TextLine ID="eSc_line_55810"
                    
                    BASELINE="255 2035 292 2032 342 2037 775 2040 825 2045 1084 2040" 
                    HPOS="255"
                    VPOS="1977"
                    WIDTH="827"
                    HEIGHT="88">
            <Shape><Polygon POINTS="255 2035 257 2002 310 1977 327 1995 367 1982 400 2005 452 1982 472 2002 507 2010 535 1985 570 1995 605 1982 630 2005 670 2005 705 1985 735 2015 762 1997 785 2010 822 1995 845 2017 865 2000 910 2007 960 1982 1002 2015 1065 2002 1082 2040 1060 2062 1035 2050 1000 2062 975 2042 940 2065 905 2065 855 2045 790 2062 732 2040 645 2052 627 2065 570 2060 527 2037 495 2065 455 2047 420 2060 390 2037 362 2050 257 2050"/></Shape>
	    <String CONTENT="بر آورده دید اندران 12 جای تنگ"
                    HPOS="255"
                    VPOS="1977"
                    WIDTH="827"
                    HEIGHT="88"></String>
          </TextLine>
          
          
	  <TextLine ID="eSc_line_55850"
                    
                    BASELINE="1155 2120 1360 2120 1390 2127 1417 2122 1991 2122" 
                    HPOS="1155"
                    VPOS="2060"
                    WIDTH="835"
                    HEIGHT="87">
            <Shape><Polygon POINTS="1155 2120 1157 2087 1175 2070 1200 2085 1217 2072 1250 2082 1295 2060 1330 2087 1365 2085 1382 2102 1402 2082 1487 2087 1510 2077 1542 2100 1565 2077 1632 2085 1670 2062 1692 2062 1707 2077 1730 2070 1757 2097 1805 2075 1830 2100 1847 2087 1885 2087 1905 2067 1930 2062 1952 2085 1975 2080 1990 2120 1970 2140 1905 2127 1852 2142 1815 2120 1782 2140 1762 2140 1745 2122 1722 2140 1690 2125 1602 2127 1567 2147 1532 2125 1517 2140 1450 2130 1412 2145 1372 2122 1350 2132 1180 2130 1160 2120"/></Shape>
	    <String CONTENT="یکی در ز آهن برو ساخته"
                    HPOS="1155"
                    VPOS="2060"
                    WIDTH="835"
                    HEIGHT="87"></String>
          </TextLine>
          
          
	  <TextLine ID="eSc_line_55807"
                    
                    BASELINE="250 2107 287 2115 322 2115 347 2110 372 2117 480 2122 555 2120 605 2125 927 2125 975 2120 1000 2125 1027 2120 1092 2120" 
                    HPOS="250"
                    VPOS="2060"
                    WIDTH="842"
                    HEIGHT="90">
            <Shape><Polygon POINTS="250 2107 257 2070 322 2082 372 2060 410 2090 477 2077 495 2092 520 2067 545 2085 572 2067 615 2087 647 2060 682 2085 722 2062 765 2090 805 2082 832 2110 915 2072 930 2087 952 2070 980 2087 1062 2077 1092 2120 1010 2140 960 2127 892 2130 862 2150 845 2150 822 2127 800 2145 777 2132 697 2142 675 2125 610 2130 575 2145 557 2130 512 2122 475 2142 445 2130 410 2142 375 2127 252 2125"/></Shape>
	    <String CONTENT="مهندس بران گونه پرداخته"
                    HPOS="250"
                    VPOS="2060"
                    WIDTH="842"
                    HEIGHT="90"></String>
          </TextLine>
          
          
	  <TextLine ID="eSc_line_55849"
                    
                    BASELINE="1160 2207 1197 2202 1415 2205 1470 2197 1660 2200 1715 2205 1925 2205 2007 2197" 
                    HPOS="1160"
                    VPOS="2137"
                    WIDTH="845"
                    HEIGHT="90">
            <Shape><Polygon POINTS="1160 2205 1162 2170 1202 2145 1277 2177 1332 2142 1377 2167 1402 2152 1430 2170 1452 2147 1525 2162 1537 2152 1557 2160 1587 2140 1627 2140 1677 2177 1705 2162 1730 2185 1757 2157 1797 2165 1840 2137 1870 2165 1927 2152 1942 2167 1975 2160 2005 2195 1970 2222 1950 2210 1902 2220 1875 2205 1830 2205 1762 2227 1742 2227 1722 2207 1685 2225 1662 2202 1495 2212 1445 2200 1387 2222 1347 2222 1325 2205 1292 2227 1270 2217 1242 2227 1227 2212 1180 2222 1162 2212"/></Shape>
	    <String CONTENT="بزد گرز و افگند 13 دررا ز جای"
                    HPOS="1160"
                    VPOS="2137"
                    WIDTH="845"
                    HEIGHT="90"></String>
          </TextLine>
          
          
	  <TextLine ID="eSc_line_55812"
                    
                    BASELINE="240 2197 275 2205 307 2202 337 2207 365 2200 775 2200 852 2205 887 2202 1082 2207" 
                    HPOS="240"
                    VPOS="2137"
                    WIDTH="840"
                    HEIGHT="93">
            <Shape><Polygon POINTS="240 2195 245 2172 290 2140 352 2175 370 2160 397 2167 420 2145 452 2142 470 2155 492 2137 550 2170 570 2150 595 2160 617 2145 645 2157 667 2147 700 2182 737 2155 782 2172 832 2175 857 2152 875 2160 912 2140 930 2157 970 2145 1000 2175 1062 2157 1075 2167 1080 2205 1065 2222 1035 2215 1015 2227 995 2225 972 2202 962 2212 915 2215 830 2205 780 2215 762 2230 717 2220 695 2200 665 2210 555 2202 532 2222 497 2207 427 2210 405 2225 357 2205 327 2227 295 2207 267 2220 242 2210"/></Shape>
	    <String CONTENT="پس آنگه سوی خانه بگذارد پای"
                    HPOS="240"
                    VPOS="2137"
                    WIDTH="840"
                    HEIGHT="93"></String>
          </TextLine>
          
          
	  <TextLine ID="eSc_line_55852"
                    
                    BASELINE="1150 2277 1222 2272 1342 2280 1802 2280 1850 2285 1932 2285 2006 2277" 
                    HPOS="1150"
                    VPOS="2220"
                    WIDTH="855"
                    HEIGHT="87">
            <Shape><Polygon POINTS="1150 2275 1152 2250 1177 2227 1200 2245 1220 2232 1250 2245 1270 2225 1305 2222 1330 2247 1345 2247 1370 2222 1400 2247 1427 2240 1442 2255 1480 2220 1510 2245 1535 2237 1557 2260 1595 2222 1630 2245 1657 2232 1677 2247 1722 2247 1742 2230 1767 2242 1810 2220 1840 2250 1882 2247 1930 2222 1952 2245 1970 2237 2005 2275 1972 2300 1907 2287 1857 2305 1822 2282 1692 2297 1615 2280 1580 2307 1542 2280 1517 2290 1462 2290 1445 2280 1422 2302 1375 2287 1307 2302 1290 2287 1177 2290 1157 2275"/></Shape>
	    <String CONTENT="یکی گنبد از ماه بفراشته"
                    HPOS="1150"
                    VPOS="2220"
                    WIDTH="855"
                    HEIGHT="87"></String>
          </TextLine>
          
          
	  <TextLine ID="eSc_line_55811"
                    
                    BASELINE="240 2277 280 2272 362 2272 400 2277 522 2280 735 2280 760 2285 907 2280 1035 2285 1082 2280" 
                    HPOS="240"
                    VPOS="2222"
                    WIDTH="840"
                    HEIGHT="85">
            <Shape><Polygon POINTS="240 2275 242 2242 260 2227 285 2245 317 2232 332 2247 355 2227 390 2222 415 2247 452 2250 495 2225 527 2257 540 2247 615 2247 650 2225 665 2240 695 2232 725 2262 740 2250 830 2242 855 2260 900 2222 922 2245 947 2232 967 2250 1012 2235 1037 2250 1062 2240 1080 2280 1062 2305 1020 2290 990 2302 950 2290 862 2302 842 2285 762 2290 727 2307 702 2287 645 2292 627 2280 607 2292 530 2302 505 2282 432 2300 392 2287 260 2290 242 2277"/></Shape>
	    <String CONTENT="بدینار سر تا سر انباشته"
                    HPOS="240"
                    VPOS="2222"
                    WIDTH="840"
                    HEIGHT="85"></String>
          </TextLine>
          
          
	  <TextLine ID="eSc_line_55853"
                    
                    BASELINE="1150 2360 1312 2360 1370 2365 1720 2365 1747 2360 1837 2360 1880 2365 2010 2357" 
                    HPOS="1150"
                    VPOS="2297"
                    WIDTH="860"
                    HEIGHT="95">
            <Shape><Polygon POINTS="1150 2360 1152 2340 1182 2315 1222 2315 1245 2330 1262 2312 1285 2322 1312 2310 1340 2327 1377 2297 1405 2317 1452 2305 1502 2342 1527 2322 1557 2322 1590 2342 1645 2312 1677 2327 1737 2322 1752 2335 1825 2302 1875 2317 1900 2340 1972 2302 2010 2355 1915 2390 1885 2365 1775 2370 1755 2360 1727 2382 1645 2370 1615 2390 1582 2370 1562 2387 1520 2387 1497 2370 1462 2392 1440 2377 1412 2382 1392 2365 1345 2372 1322 2390 1247 2360 1207 2382 1155 2360"/></Shape>
	    <String CONTENT="فرو ماند رستم چو زان گونه دید"
                    HPOS="1150"
                    VPOS="2297"
                    WIDTH="860"
                    HEIGHT="95"></String>
          </TextLine>
          
          
	  <TextLine ID="eSc_line_55814"
                    
                    BASELINE="240 2357 305 2352 350 2362 472 2365 1089 2360" 
                    HPOS="240"
                    VPOS="2295"
                    WIDTH="847"
                    HEIGHT="95">
            <Shape><Polygon POINTS="240 2355 252 2307 285 2307 330 2327 380 2312 402 2327 430 2300 445 2300 480 2332 517 2317 540 2330 580 2305 605 2330 630 2332 650 2330 690 2295 725 2330 757 2327 770 2315 802 2327 825 2307 850 2322 885 2302 905 2317 927 2312 947 2330 970 2307 985 2307 1027 2342 1062 2320 1087 2360 1057 2390 1037 2390 1022 2375 992 2387 952 2370 780 2370 722 2385 697 2367 622 2387 600 2365 515 2372 485 2387 455 2365 355 2382 247 2355"/></Shape>
	    <String CONTENT="ز راه شگفتی لب اندر گزید14"
                    HPOS="240"
                    VPOS="2295"
                    WIDTH="847"
                    HEIGHT="95"></String>
          </TextLine>
          </TextBlock>
          
        </PrintSpace>
      </Page>
    </Layout>
  </alto>
