<?xml version="1.0" encoding="UTF-8"?>
<alto xmlns:xsi="http://www.w3.org/2001/XMLSchema-instance"
      xmlns="http://www.loc.gov/standards/alto/ns-v4#"
      xsi:schemaLocation="http://www.loc.gov/standards/alto/ns-v4# https://gitlab.inria.fr/scripta/escriptorium/-/raw/develop/app/escriptorium/static/alto-4-1-baselines.xsd">
  <Description>
    <MeasurementUnit>pixel</MeasurementUnit>
    <sourceImageInformation>
      <fileName>Ferdowsi_Moscow.pdf_000046.png</fileName>
    </sourceImageInformation>
  </Description>
  
  <Tags>
    <OtherTag ID="BT1" LABEL="Title" DESCRIPTION="block type Title"/><OtherTag ID="BT2" LABEL="Main" DESCRIPTION="block type Main"/><OtherTag ID="BT3" LABEL="Commentary" DESCRIPTION="block type Commentary"/><OtherTag ID="BT4" LABEL="Illustration" DESCRIPTION="block type Illustration"/>
    
  </Tags>
  
  <Layout>
    <Page WIDTH="2430"
          HEIGHT="3000"
          PHYSICAL_IMG_NR="12"
          ID="eSc_dummypage_">
      <PrintSpace HPOS="0"
                  VPOS="0"
                  WIDTH="2430"
                  HEIGHT="3000">
        
        <TextBlock ID="eSc_dummyblock_">
          
	  <TextLine ID="eSc_line_58176"
                    
                    BASELINE="1057 447 1227 455" 
                    HPOS="1055"
                    VPOS="395"
                    WIDTH="170"
                    HEIGHT="72">
            <Shape><Polygon POINTS="1055 445 1065 402 1082 410 1105 395 1135 410 1162 397 1187 405 1225 455 1190 467 1057 462"/></Shape>
	    <String CONTENT="شاهنامه"
                    HPOS="1055"
                    VPOS="395"
                    WIDTH="170"
                    HEIGHT="72"></String>
          </TextLine>
          
          
	  <TextLine ID="eSc_line_58177"
                    
                    BASELINE="1170 585 1717 577 1993 580" 
                    HPOS="1170"
                    VPOS="515"
                    WIDTH="822"
                    HEIGHT="95">
            <Shape><Polygon POINTS="1170 585 1172 537 1197 522 1237 550 1275 537 1305 552 1332 535 1367 550 1395 525 1425 545 1447 527 1480 545 1497 530 1527 537 1545 522 1575 540 1600 532 1620 547 1690 545 1730 517 1770 557 1800 547 1837 515 1875 542 1917 535 1930 547 1977 547 1992 580 1972 592 1907 590 1895 602 1807 592 1777 607 1745 585 1667 602 1645 590 1500 602 1472 580 1457 592 1382 597 1305 585 1172 610"/></Shape>
	    <String CONTENT="سدیگر فرستادن تخت عاج"
                    HPOS="1170"
                    VPOS="515"
                    WIDTH="822"
                    HEIGHT="95"></String>
          </TextLine>
          
          
	  <TextLine ID="eSc_line_58192"
                    
                    BASELINE="260 592 320 582 492 587 615 582 1047 582 1080 587" 
                    HPOS="260"
                    VPOS="517"
                    WIDTH="820"
                    HEIGHT="95">
            <Shape><Polygon POINTS="260 592 262 540 290 522 340 527 357 542 402 535 432 547 530 537 547 555 562 542 587 547 627 517 657 517 697 545 740 537 755 552 777 537 822 537 835 527 867 530 885 545 907 525 967 545 1065 540 1080 587 1062 602 1037 592 972 595 947 610 907 582 892 582 865 607 830 590 757 582 735 605 670 590 605 600 590 590 572 605 542 595 520 607 502 595 460 592 420 610 385 610 347 585 310 592 285 612 262 610"/></Shape>
	    <String CONTENT="برین1 ژنده پیلان و پیروزه تاج"
                    HPOS="260"
                    VPOS="517"
                    WIDTH="820"
                    HEIGHT="95"></String>
          </TextLine>
          
          
	  <TextLine ID="eSc_line_58193"
                    
                    BASELINE="1168 662 1947 662 1985 667" 
                    HPOS="1167"
                    VPOS="602"
                    WIDTH="818"
                    HEIGHT="85">
            <Shape><Polygon POINTS="1167 660 1172 610 1257 630 1302 602 1320 620 1342 615 1355 627 1375 612 1410 627 1452 602 1492 642 1510 627 1570 625 1600 602 1637 627 1687 602 1710 622 1790 617 1800 627 1822 622 1837 637 1860 617 1882 627 1927 617 1950 627 1975 622 1985 665 1972 682 1927 670 1870 687 1832 672 1805 682 1792 670 1755 682 1722 670 1647 677 1627 660 1557 682 1535 672 1492 682 1470 660 1450 660 1400 685 1300 660 1220 687 1170 665"/></Shape>
	    <String CONTENT="بدین بدرهای گهر گونه گون2"
                    HPOS="1167"
                    VPOS="602"
                    WIDTH="818"
                    HEIGHT="85"></String>
          </TextLine>
          
          
	  <TextLine ID="eSc_line_58199"
                    
                    BASELINE="260 667 302 667 330 660 355 665 987 665 1080 657" 
                    HPOS="260"
                    VPOS="607"
                    WIDTH="820"
                    HEIGHT="85">
            <Shape><Polygon POINTS="260 667 265 612 327 632 350 610 392 642 412 627 540 627 570 612 585 627 615 622 630 637 657 625 680 645 710 617 730 630 785 630 815 607 852 632 995 630 1012 620 1037 630 1060 615 1072 622 1080 657 1062 675 1027 675 1017 685 990 675 967 690 892 672 857 685 837 665 770 680 735 672 710 690 672 667 655 685 625 675 600 682 582 670 532 672 517 685 435 672 407 692 380 665 300 687 262 682"/></Shape>
	    <String CONTENT="نجوییم کین و بشوییم خون"
                    HPOS="260"
                    VPOS="607"
                    WIDTH="820"
                    HEIGHT="85"></String>
          </TextLine>
          
          
	  <TextLine ID="eSc_line_58194"
                    
                    BASELINE="1162 750 1315 750 1360 745 1492 742 1985 742" 
                    HPOS="1162"
                    VPOS="680"
                    WIDTH="823"
                    HEIGHT="92">
            <Shape><Polygon POINTS="1162 750 1165 727 1210 697 1235 710 1267 702 1292 725 1310 707 1372 710 1395 690 1447 712 1497 710 1530 680 1555 697 1580 687 1597 702 1662 685 1702 710 1740 702 1760 682 1800 712 1830 690 1867 712 1972 707 1985 742 1877 765 1847 752 1760 747 1735 767 1682 750 1625 765 1590 757 1575 742 1470 755 1445 767 1412 765 1400 752 1332 755 1315 772 1285 750 1267 765 1245 755 1215 765 1165 760"/></Shape>
	    <String CONTENT="سر تاجداری3 فروشم بزر"
                    HPOS="1162"
                    VPOS="680"
                    WIDTH="823"
                    HEIGHT="92"></String>
          </TextLine>
          
          
	  <TextLine ID="eSc_line_58186"
                    
                    BASELINE="260 732 315 740 1082 740" 
                    HPOS="260"
                    VPOS="680"
                    WIDTH="820"
                    HEIGHT="90">
            <Shape><Polygon POINTS="260 730 265 690 292 705 325 680 350 705 372 695 412 720 425 707 450 715 480 695 510 707 530 687 557 705 587 690 612 712 637 692 657 707 682 700 697 710 730 682 745 695 770 685 817 712 865 685 887 695 912 690 927 705 950 692 967 707 992 700 1007 710 1027 692 1067 687 1080 740 1047 752 1010 740 990 750 920 740 880 750 855 770 817 752 790 762 777 750 712 740 662 752 617 740 585 752 457 745 432 767 397 747 362 752 345 740 307 762 285 762 262 742"/></Shape>
	    <String CONTENT="که مه تاج بادا مه تخت و مه فر4"
                    HPOS="260"
                    VPOS="680"
                    WIDTH="820"
                    HEIGHT="90"></String>
          </TextLine>
          
          
	  <TextLine ID="eSc_line_58190"
                    
                    BASELINE="1172 825 1987 825" 
                    HPOS="1172"
                    VPOS="765"
                    WIDTH="815"
                    HEIGHT="82">
            <Shape><Polygon POINTS="1172 825 1177 767 1207 792 1227 782 1245 792 1280 785 1302 805 1332 780 1377 795 1412 770 1430 770 1455 795 1505 777 1522 792 1602 797 1632 767 1657 780 1672 765 1705 790 1780 785 1795 800 1865 785 1895 800 1907 790 1975 787 1987 825 1910 845 1845 835 1822 847 1792 832 1775 847 1752 835 1732 845 1680 835 1647 847 1622 825 1477 837 1350 837 1300 825 1277 847 1252 835 1232 845 1177 835"/></Shape>
	    <String CONTENT="سربی بهارا ستاند بها"
                    HPOS="1172"
                    VPOS="765"
                    WIDTH="815"
                    HEIGHT="82"></String>
          </TextLine>
          
          
	  <TextLine ID="eSc_line_58189"
                    
                    BASELINE="267 812 337 820 1080 820" 
                    HPOS="265"
                    VPOS="752"
                    WIDTH="815"
                    HEIGHT="98">
            <Shape><Polygon POINTS="265 810 267 770 297 767 322 792 432 782 462 765 492 785 532 752 570 790 617 780 655 792 745 787 785 765 852 787 887 762 932 800 1015 760 1042 787 1067 785 1080 820 1050 832 967 832 955 842 935 842 912 822 837 830 820 842 760 822 737 845 712 832 622 845 610 832 530 832 485 820 455 850 435 850 417 832 302 837 267 825"/></Shape>
	    <String CONTENT="مگر ناسزا5 بچهٔ اژدها6"
                    HPOS="265"
                    VPOS="752"
                    WIDTH="815"
                    HEIGHT="98"></String>
          </TextLine>
          
          
	  <TextLine ID="eSc_line_58187"
                    
                    BASELINE="1160 910 1230 900 1255 905 1845 905 1870 900 1987 900" 
                    HPOS="1160"
                    VPOS="842"
                    WIDTH="827"
                    HEIGHT="85">
            <Shape><Polygon POINTS="1160 910 1162 887 1187 867 1322 872 1362 845 1387 870 1405 870 1440 842 1477 867 1522 842 1547 867 1572 862 1595 875 1617 852 1647 870 1677 847 1717 875 1742 857 1767 870 1795 860 1832 872 1877 842 1937 872 1980 850 1987 900 1957 915 1917 915 1880 900 1815 927 1717 905 1600 905 1577 927 1547 912 1492 922 1470 905 1387 925 1352 912 1300 925 1262 915 1247 927 1207 912 1180 925 1162 912"/></Shape>
	    <String CONTENT="که گوید که جان گرامی پسر"
                    HPOS="1160"
                    VPOS="842"
                    WIDTH="827"
                    HEIGHT="85"></String>
          </TextLine>
          
          
	  <TextLine ID="eSc_line_58196"
                    
                    BASELINE="255 907 320 902 1040 902 1083 907" 
                    HPOS="255"
                    VPOS="842"
                    WIDTH="827"
                    HEIGHT="85">
            <Shape><Polygon POINTS="255 905 257 885 300 860 325 872 345 862 370 872 390 855 410 865 442 857 452 867 485 855 497 865 527 842 575 880 590 867 662 872 690 860 712 882 745 857 770 870 795 852 815 870 857 850 880 872 900 872 932 870 967 845 992 870 1015 860 1032 870 1075 867 1082 905 1060 927 1037 912 1025 922 995 912 945 922 922 912 885 925 860 900 837 912 735 912 717 902 690 927 665 915 572 922 550 900 490 915 377 907 357 927 307 912 280 927 257 925"/></Shape>
	    <String CONTENT="بهایی کند پیر گشته پدر"
                    HPOS="255"
                    VPOS="842"
                    WIDTH="827"
                    HEIGHT="85"></String>
          </TextLine>
          
          
	  <TextLine ID="eSc_line_58197"
                    
                    BASELINE="1175 980 1995 985" 
                    HPOS="1175"
                    VPOS="927"
                    WIDTH="820"
                    HEIGHT="85">
            <Shape><Polygon POINTS="1175 980 1177 950 1200 927 1252 952 1272 935 1292 942 1310 927 1332 937 1357 927 1377 947 1410 950 1435 935 1515 950 1542 930 1565 950 1590 935 1610 952 1627 937 1670 952 1715 927 1747 952 1790 932 1820 962 1845 940 1870 950 1922 937 1947 950 1980 942 1995 985 1977 1002 1925 990 1907 1002 1880 995 1865 1010 1835 1007 1812 985 1715 1007 1700 995 1587 995 1570 982 1507 1002 1407 982 1322 1010 1292 985 1245 1005 1212 995 1195 1012 1177 1012"/></Shape>
	    <String CONTENT="بدین خواسته نیست مارا نیاز"
                    HPOS="1175"
                    VPOS="927"
                    WIDTH="820"
                    HEIGHT="85"></String>
          </TextLine>
          
          
	  <TextLine ID="eSc_line_58212"
                    
                    BASELINE="270 990 432 990 462 982 1076 989" 
                    HPOS="270"
                    VPOS="925"
                    WIDTH="805"
                    HEIGHT="90">
            <Shape><Polygon POINTS="270 990 272 932 295 945 322 927 342 947 362 942 375 952 402 930 457 955 540 935 587 965 602 950 727 950 757 925 797 952 862 935 880 950 915 950 930 965 955 940 975 947 1005 927 1030 950 1067 947 1075 987 992 990 952 1012 922 992 890 1007 870 992 795 985 732 992 712 1010 630 997 605 1012 582 990 565 1005 530 992 482 1005 465 997 440 1015 400 990 305 1012 272 1000"/></Shape>
	    <String CONTENT="سخن چند گوییم چندین7 دراز8"
                    HPOS="270"
                    VPOS="925"
                    WIDTH="805"
                    HEIGHT="90"></String>
          </TextLine>
          
          
	  <TextLine ID="eSc_line_58178"
                    
                    BASELINE="1160 1065 1357 1070 1432 1062 1988 1062" 
                    HPOS="1160"
                    VPOS="1005"
                    WIDTH="827"
                    HEIGHT="85">
            <Shape><Polygon POINTS="1160 1065 1187 1030 1257 1027 1277 1047 1300 1030 1410 1027 1432 1005 1467 1030 1487 1025 1505 1042 1527 1022 1555 1017 1580 1030 1600 1010 1652 1035 1675 1017 1770 1030 1795 1005 1822 1020 1855 1010 1880 1035 1917 1017 1942 1030 1972 1020 1987 1060 1975 1085 1925 1070 1887 1085 1860 1065 1810 1072 1785 1060 1752 1085 1727 1072 1710 1087 1690 1087 1657 1062 1622 1090 1592 1072 1527 1072 1512 1060 1485 1085 1427 1067 1402 1090 1375 1075 1317 1075 1292 1087 1267 1070 1182 1087 1162 1077"/></Shape>
	    <String CONTENT="پدر تا بود زنده با پیر سر"
                    HPOS="1160"
                    VPOS="1005"
                    WIDTH="827"
                    HEIGHT="85"></String>
          </TextLine>
          
          
	  <TextLine ID="eSc_line_58188"
                    
                    BASELINE="262 1055 297 1050 320 1062 345 1065 942 1062 1017 1070 1085 1065" 
                    HPOS="262"
                    VPOS="1007"
                    WIDTH="823"
                    HEIGHT="88">
            <Shape><Polygon POINTS="262 1055 265 1012 290 1012 312 1032 370 1032 397 1012 430 1027 445 1015 470 1022 485 1007 560 1007 582 1030 597 1020 622 1030 667 1007 695 1032 730 1012 747 1030 775 1015 797 1037 815 1022 877 1032 907 1012 937 1030 960 1012 1027 1027 1060 1007 1077 1022 1085 1065 1047 1087 1005 1092 980 1090 955 1065 917 1065 875 1082 847 1077 822 1095 782 1070 710 1075 670 1092 652 1075 592 1075 575 1065 455 1085 410 1065 397 1075 337 1075 320 1087 267 1067"/></Shape>
	    <String CONTENT="ازین9 کین نخواهد گشادن کمر 10"
                    HPOS="262"
                    VPOS="1007"
                    WIDTH="823"
                    HEIGHT="88"></String>
          </TextLine>
          
          
	  <TextLine ID="eSc_line_58203"
                    
                    BASELINE="1165 1147 1200 1142 1990 1142" 
                    HPOS="1165"
                    VPOS="1082"
                    WIDTH="825"
                    HEIGHT="93">
            <Shape><Polygon POINTS="1165 1145 1177 1112 1202 1112 1220 1095 1245 1105 1270 1092 1292 1112 1327 1090 1357 1110 1382 1085 1452 1120 1507 1090 1547 1117 1595 1097 1617 1110 1665 1110 1692 1092 1712 1107 1732 1090 1765 1112 1792 1095 1845 1110 1877 1082 1907 1110 1980 1102 1990 1140 1975 1167 1945 1155 1912 1162 1875 1150 1792 1152 1767 1140 1752 1152 1672 1152 1647 1162 1585 1152 1562 1172 1527 1147 1472 1170 1447 1160 1417 1170 1390 1152 1355 1155 1327 1175 1287 1152 1222 1152 1190 1172 1167 1170"/></Shape>
	    <String CONTENT="پیامت شنیدم تو پاسخ شنو"
                    HPOS="1165"
                    VPOS="1082"
                    WIDTH="825"
                    HEIGHT="93"></String>
          </TextLine>
          
          
	  <TextLine ID="eSc_line_58195"
                    
                    BASELINE="252 1165 317 1152 492 1155 720 1142 915 1145 1090 1137" 
                    HPOS="250"
                    VPOS="1082"
                    WIDTH="840"
                    HEIGHT="93">
            <Shape><Polygon POINTS="250 1165 252 1130 270 1112 360 1107 377 1125 427 1097 455 1110 540 1107 562 1127 585 1107 605 1115 627 1092 652 1092 667 1107 700 1097 727 1115 772 1082 832 1122 897 1087 932 1110 960 1085 985 1102 1020 1087 1045 1107 1065 1102 1090 1135 1055 1167 1010 1155 937 1167 907 1155 860 1160 837 1147 812 1170 780 1157 727 1157 695 1172 642 1147 617 1147 590 1172 570 1172 555 1157 537 1170 507 1160 480 1172 430 1160 395 1167 377 1152 360 1170 320 1162 275 1175 252 1165"/></Shape>
	    <String CONTENT="یکایک بگوی11 و بزودی برو"
                    HPOS="250"
                    VPOS="1082"
                    WIDTH="840"
                    HEIGHT="93"></String>
          </TextLine>
          
          
	  <TextLine ID="eSc_line_58204"
                    
                    BASELINE="1180 1460 1240 1472 1425 1472 1475 1480 1510 1470 1617 1475 1937 1475 2003 1468" 
                    HPOS="1180"
                    VPOS="1410"
                    WIDTH="822"
                    HEIGHT="90">
            <Shape><Polygon POINTS="1180 1460 1185 1422 1222 1432 1245 1412 1285 1442 1320 1417 1350 1442 1412 1430 1450 1445 1475 1422 1505 1435 1537 1417 1575 1442 1600 1420 1632 1437 1652 1422 1677 1435 1705 1412 1740 1432 1777 1412 1800 1435 1840 1440 1862 1417 1905 1422 1935 1410 1952 1422 1980 1412 1997 1430 2002 1467 1955 1500 1897 1490 1880 1475 1847 1475 1825 1497 1795 1482 1750 1492 1620 1475 1607 1485 1530 1487 1515 1500 1467 1492 1450 1477 1427 1500 1380 1500 1365 1485 1322 1482 1250 1500 1235 1485 1182 1480"/></Shape>
	    <String CONTENT="ازان12 جایگه قارن رزمخواه 13"
                    HPOS="1180"
                    VPOS="1410"
                    WIDTH="822"
                    HEIGHT="90"></String>
          </TextLine>
          
          
	  <TextLine ID="eSc_line_58183"
                    
                    BASELINE="262 1477 300 1472 410 1480 535 1480 580 1472 987 1472 1093 1477" 
                    HPOS="260"
                    VPOS="1415"
                    WIDTH="832"
                    HEIGHT="87">
            <Shape><Polygon POINTS="260 1475 265 1440 285 1422 315 1437 345 1425 372 1450 435 1432 460 1445 477 1435 540 1445 565 1425 592 1445 620 1435 642 1452 665 1432 687 1440 705 1430 725 1445 757 1445 777 1427 805 1445 865 1435 882 1450 915 1427 945 1440 970 1415 1005 1440 1075 1435 1092 1475 1067 1497 1042 1485 1010 1492 880 1475 857 1497 827 1485 687 1500 642 1470 615 1487 537 1487 515 1502 485 1502 465 1487 437 1497 405 1487 367 1502 352 1487 262 1487"/></Shape>
	    <String CONTENT="بیامد بنزد منوچهر شاه"
                    HPOS="260"
                    VPOS="1415"
                    WIDTH="832"
                    HEIGHT="87"></String>
          </TextLine>
          
          
	  <TextLine ID="eSc_line_58205"
                    
                    BASELINE="1162 1557 1252 1552 1992 1555" 
                    HPOS="1162"
                    VPOS="1492"
                    WIDTH="830"
                    HEIGHT="90">
            <Shape><Polygon POINTS="1162 1557 1165 1535 1185 1515 1212 1527 1257 1505 1275 1520 1300 1507 1315 1522 1360 1522 1380 1505 1412 1502 1430 1520 1462 1510 1480 1522 1502 1500 1525 1507 1547 1492 1612 1535 1637 1512 1702 1522 1735 1497 1755 1497 1780 1522 1807 1520 1832 1500 1857 1517 1892 1495 1910 1512 1937 1502 1955 1520 1985 1515 1992 1555 1977 1575 1952 1562 1845 1555 1790 1580 1757 1557 1732 1572 1667 1567 1650 1582 1627 1582 1607 1562 1590 1580 1555 1562 1445 1567 1417 1555 1402 1570 1330 1580 1275 1555 1222 1577 1165 1557"/></Shape>
	    <String CONTENT="بشاه نو آیین بگفت آنچه کرد"
                    HPOS="1162"
                    VPOS="1492"
                    WIDTH="830"
                    HEIGHT="90"></String>
          </TextLine>
          
          
	  <TextLine ID="eSc_line_58185"
                    
                    BASELINE="262 1557 332 1565 845 1565 880 1555 947 1555 995 1562 1085 1567" 
                    HPOS="262"
                    VPOS="1495"
                    WIDTH="823"
                    HEIGHT="92">
            <Shape><Polygon POINTS="262 1557 267 1520 280 1515 302 1527 432 1530 467 1507 492 1532 525 1502 557 1527 575 1527 597 1505 625 1500 655 1522 690 1522 715 1545 755 1507 807 1525 867 1525 902 1495 937 1517 952 1502 990 1507 1027 1495 1080 1522 1085 1567 1037 1585 962 1557 907 1555 820 1577 772 1565 740 1582 700 1565 677 1582 632 1587 600 1570 527 1570 495 1582 475 1565 390 1580 357 1570 300 1580 265 1567"/></Shape>
	    <String CONTENT="وزان14 گردش روز گار نبرد"
                    HPOS="262"
                    VPOS="1495"
                    WIDTH="823"
                    HEIGHT="92"></String>
          </TextLine>
          
          
	  <TextLine ID="eSc_line_58206"
                    
                    BASELINE="1155 1645 1996 1645" 
                    HPOS="1155"
                    VPOS="1577"
                    WIDTH="840"
                    HEIGHT="90">
            <Shape><Polygon POINTS="1155 1645 1160 1622 1185 1597 1210 1607 1280 1605 1307 1577 1342 1582 1367 1605 1392 1592 1412 1607 1442 1607 1465 1587 1487 1585 1520 1617 1595 1595 1615 1605 1635 1595 1705 1602 1725 1587 1750 1605 1782 1595 1807 1620 1837 1600 1982 1595 1995 1645 1982 1657 1947 1645 1902 1660 1862 1647 1820 1657 1802 1645 1702 1645 1677 1662 1637 1660 1625 1647 1602 1657 1562 1647 1527 1660 1510 1645 1437 1650 1412 1662 1377 1645 1262 1660 1217 1650 1192 1667 1160 1655"/></Shape>
	    <String CONTENT="بروبر منوچهر کرد آفرین"
                    HPOS="1155"
                    VPOS="1577"
                    WIDTH="840"
                    HEIGHT="90"></String>
          </TextLine>
          
          
	  <TextLine ID="eSc_line_58184"
                    
                    BASELINE="268 1632 327 1642 380 1645 660 1645 770 1632 970 1637 1080 1630" 
                    HPOS="267"
                    VPOS="1580"
                    WIDTH="813"
                    HEIGHT="90">
            <Shape><Polygon POINTS="267 1630 270 1587 295 1587 307 1600 375 1595 422 1612 460 1580 477 1580 500 1600 550 1585 572 1607 592 1600 607 1610 625 1600 662 1602 685 1580 715 1597 757 1580 785 1605 832 1597 852 1615 905 1587 970 1610 985 1597 1007 1605 1025 1587 1065 1585 1080 1630 1050 1647 1015 1640 972 1662 950 1660 930 1640 872 1665 842 1645 782 1657 702 1640 662 1647 642 1665 612 1645 585 1662 557 1645 507 1662 425 1645 405 1662 335 1660 305 1670 270 1640"/></Shape>
	    <String CONTENT="که بی تو مباد اسپ و کوپال و زین 15"
                    HPOS="267"
                    VPOS="1580"
                    WIDTH="813"
                    HEIGHT="90"></String>
          </TextLine>
          
          
	  <TextLine ID="eSc_line_58207"
                    
                    BASELINE="1160 1717 1235 1725 1475 1722 1532 1727 1562 1722 1992 1722" 
                    HPOS="1160"
                    VPOS="1660"
                    WIDTH="832"
                    HEIGHT="90">
            <Shape><Polygon POINTS="1160 1717 1162 1690 1187 1667 1220 1692 1297 1690 1312 1700 1340 1680 1372 1692 1405 1665 1435 1692 1502 1685 1520 1700 1567 1692 1595 1675 1615 1682 1642 1660 1677 1690 1722 1682 1742 1702 1792 1675 1820 1690 1847 1662 1902 1695 1972 1670 1992 1722 1925 1747 1895 1735 1870 1750 1792 1730 1765 1745 1735 1732 1722 1745 1695 1732 1667 1745 1637 1732 1577 1732 1555 1747 1532 1747 1515 1732 1497 1747 1475 1735 1365 1740 1312 1725 1242 1747 1162 1732"/></Shape>
	    <String CONTENT="تو زایدر برفتی بیامد سپاه"
                    HPOS="1160"
                    VPOS="1660"
                    WIDTH="832"
                    HEIGHT="90"></String>
          </TextLine>
          
          
	  <TextLine ID="eSc_line_58180"
                    
                    BASELINE="270 1725 305 1722 507 1730 690 1730 715 1735 860 1735 907 1730 1052 1727 1085 1730" 
                    HPOS="270"
                    VPOS="1670"
                    WIDTH="815"
                    HEIGHT="87">
            <Shape><Polygon POINTS="270 1725 280 1675 307 1692 335 1677 355 1697 377 1675 402 1690 427 1680 442 1695 470 1695 500 1675 540 1702 552 1692 600 1697 635 1672 650 1685 670 1675 700 1702 737 1695 762 1670 785 1670 837 1707 862 1685 925 1697 950 1672 977 1670 1002 1695 1035 1692 1050 1677 1080 1707 1085 1730 1015 1752 980 1730 952 1745 890 1742 867 1757 830 1737 805 1747 777 1735 710 1750 687 1730 597 1740 580 1755 537 1752 512 1730 450 1747 430 1737 387 1740 360 1725 307 1757 272 1742"/></Shape>
	    <String CONTENT="نو آیین یکی نامور کینه خواه"
                    HPOS="270"
                    VPOS="1670"
                    WIDTH="815"
                    HEIGHT="87"></String>
          </TextLine>
          
          
	  <TextLine ID="eSc_line_58208"
                    
                    BASELINE="1150 1810 1427 1815 1570 1810 1625 1815 1985 1815" 
                    HPOS="1150"
                    VPOS="1757"
                    WIDTH="835"
                    HEIGHT="85">
            <Shape><Polygon POINTS="1150 1810 1160 1772 1210 1782 1247 1775 1267 1787 1337 1757 1372 1780 1395 1772 1420 1785 1457 1765 1482 1787 1510 1762 1537 1762 1552 1775 1570 1757 1622 1782 1650 1770 1670 1782 1762 1775 1780 1787 1800 1770 1945 1777 1972 1757 1985 1815 1925 1830 1810 1830 1770 1815 1700 1835 1677 1825 1655 1835 1577 1825 1562 1837 1500 1812 1457 1827 1292 1827 1267 1817 1247 1837 1217 1825 1190 1842 1152 1822"/></Shape>
	    <String CONTENT="نبیره سپهدار16 ضحاک بود"
                    HPOS="1150"
                    VPOS="1757"
                    WIDTH="835"
                    HEIGHT="85"></String>
          </TextLine>
          
          
	  <TextLine ID="eSc_line_58198"
                    
                    BASELINE="267 1812 302 1820 410 1812 1083 1815" 
                    HPOS="265"
                    VPOS="1760"
                    WIDTH="817"
                    HEIGHT="87">
            <Shape><Polygon POINTS="265 1810 275 1777 317 1790 377 1785 417 1760 450 1785 475 1760 507 1780 525 1765 577 1762 647 1785 700 1760 717 1775 752 1765 767 1780 795 1767 812 1785 840 1765 877 1785 917 1770 970 1782 987 1765 1012 1775 1035 1762 1082 1815 955 1835 905 1825 887 1842 852 1815 835 1827 785 1827 767 1815 725 1830 682 1822 640 1840 592 1835 547 1815 470 1842 420 1825 362 1830 335 1847 320 1832 297 1847 267 1832"/></Shape>
	    <String CONTENT="شنیدم که کاکوی 17 ناپاک بود"
                    HPOS="265"
                    VPOS="1760"
                    WIDTH="817"
                    HEIGHT="87"></String>
          </TextLine>
          
          
	  <TextLine ID="eSc_line_58210"
                    
                    BASELINE="1160 1897 1195 1905 1985 1905" 
                    HPOS="1160"
                    VPOS="1840"
                    WIDTH="825"
                    HEIGHT="90">
            <Shape><Polygon POINTS="1160 1895 1162 1872 1190 1845 1260 1870 1282 1850 1305 1850 1325 1867 1350 1860 1362 1872 1387 1857 1407 1862 1432 1842 1457 1865 1487 1872 1515 1860 1530 1872 1590 1847 1620 1870 1637 1857 1665 1870 1690 1852 1717 1865 1765 1840 1787 1857 1817 1847 1842 1872 1882 1867 1927 1842 1952 1865 1977 1865 1985 1905 1975 1920 1887 1910 1860 1925 1825 1905 1682 1910 1642 1930 1622 1927 1600 1905 1542 1922 1490 1907 1472 1925 1420 1905 1370 1915 1265 1905 1220 1925 1162 1927"/></Shape>
	    <String CONTENT="یکی تاختن کرد با صد 18 هزار"
                    HPOS="1160"
                    VPOS="1840"
                    WIDTH="825"
                    HEIGHT="90"></String>
          </TextLine>
          
          
	  <TextLine ID="eSc_line_58191"
                    
                    BASELINE="260 1892 300 1907 355 1902 1047 1902 1085 1907" 
                    HPOS="260"
                    VPOS="1842"
                    WIDTH="825"
                    HEIGHT="90">
            <Shape><Polygon POINTS="260 1892 262 1855 295 1855 307 1867 327 1847 380 1875 412 1847 442 1865 515 1852 570 1885 602 1857 637 1872 672 1847 700 1862 722 1852 752 1872 782 1872 820 1842 845 1857 920 1845 947 1857 972 1845 1007 1872 1060 1870 1085 1907 980 1930 922 1917 890 1922 872 1905 827 1902 762 1925 732 1915 622 1915 602 1932 562 1917 530 1930 485 1902 460 1917 340 1917 307 1932 262 1907"/></Shape>
	    <String CONTENT="سواران 19 گردنکش و20  نامدار21"
                    HPOS="260"
                    VPOS="1842"
                    WIDTH="825"
                    HEIGHT="90"></String>
          </TextLine>
          
          
	  <TextLine ID="eSc_line_58175"
                    
                    BASELINE="267 2380 1130 2385 1285 2380 1310 2387 1340 2382 1685 2385 1715 2380 1770 2380 1820 2372 1945 2372 1985 2377" 
                    HPOS="267"
                    VPOS="2315"
                    WIDTH="1718"
                    HEIGHT="90">
            <Shape><Polygon POINTS="267 2380 270 2330 285 2322 315 2327 335 2347 372 2325 400 2350 462 2342 477 2352 505 2337 535 2350 560 2327 585 2325 620 2355 637 2342 710 2340 740 2352 770 2332 795 2345 837 2342 875 2322 897 2325 925 2347 940 2335 967 2347 1012 2335 1035 2347 1067 2337 1090 2357 1117 2335 1155 2357 1212 2317 1255 2340 1285 2325 1315 2350 1335 2335 1392 2342 1425 2322 1462 2345 1520 2320 1560 2352 1657 2332 1677 2350 1717 2315 1762 2342 1810 2330 1905 2337 1935 2320 1952 2335 1977 2332 1985 2377 1922 2380 1892 2395 1852 2395 1837 2382 1817 2392 1795 2382 1755 2390 1732 2380 1705 2402 1670 2385 1650 2395 1590 2387 1570 2400 1525 2385 1470 2405 1442 2385 1365 2390 1345 2402 1315 2400 1297 2385 1215 2385 1177 2397 1150 2385 1122 2400 1090 2385 1067 2405 1037 2390 980 2400 920 2385 872 2400 757 2385 720 2400 692 2390 625 2400 602 2382 575 2395 485 2387 465 2405 442 2392 417 2405 370 2392 350 2402 272 2402"/></Shape>
	    <String CONTENT="منوچهر از بهر این کین خدای * پدید آورید بر آمد بپای (؟)"
                    HPOS="267"
                    VPOS="2315"
                    WIDTH="1718"
                    HEIGHT="90"></String>
          </TextLine>
          
          
	  <TextLine ID="eSc_line_58179"
                    
                    BASELINE="280 2605 372 2602 497 2607 527 2600 560 2600 585 2605 610 2597 635 2605 665 2600 797 2592 1077 2592 1120 2597 1145 2592 1690 2595 1752 2587 1845 2587 1880 2580 1925 2585 1996 2577" 
                    HPOS="280"
                    VPOS="2527"
                    WIDTH="1715"
                    HEIGHT="93">
            <Shape><Polygon POINTS="280 2605 285 2552 305 2540 337 2557 357 2540 390 2557 427 2542 455 2567 500 2562 545 2537 610 2572 630 2557 715 2560 732 2545 762 2560 807 2535 847 2562 870 2547 910 2562 932 2542 957 2555 992 2535 1022 2560 1032 2550 1070 2552 1090 2570 1122 2550 1152 2565 1195 2532 1222 2537 1245 2557 1285 2535 1347 2562 1385 2542 1425 2560 1447 2540 1470 2537 1492 2557 1545 2545 1590 2567 1667 2530 1695 2547 1715 2550 1750 2530 1767 2545 1805 2550 1825 2532 1850 2547 1885 2527 1915 2555 1982 2535 1995 2575 1977 2595 1927 2612 1890 2592 1872 2607 1830 2595 1772 2605 1730 2592 1715 2605 1652 2597 1625 2612 1585 2597 1562 2612 1492 2612 1472 2595 1430 2612 1405 2602 1365 2610 1340 2595 1297 2612 1280 2605 1260 2617 1187 2617 1157 2595 1135 2612 1115 2612 1082 2592 1050 2617 1017 2617 1000 2602 962 2615 945 2602 870 2612 805 2600 775 2617 752 2605 615 2617 560 2605 460 2615 430 2602 345 2620 285 2617"/></Shape>
	    <String CONTENT="تو اینجا یکی رزم کردی مجار (؟) * من اینجا بنیرو یکی کارزار"
                    HPOS="280"
                    VPOS="2527"
                    WIDTH="1715"
                    HEIGHT="93"></String>
          </TextLine>
          
          
	  <TextLine ID="eSc_line_58216"
                    
                    BASELINE="1133 2842 1234 2837" 
                    HPOS="1132"
                    VPOS="2792"
                    WIDTH="100"
                    HEIGHT="73">
            <Shape><Polygon POINTS="1132 2840 1135 2797 1162 2792 1187 2792 1232 2835 1217 2855 1177 2865 1137 2855"/></Shape>
	    <String CONTENT="۲۶۰"
                    HPOS="1132"
                    VPOS="2792"
                    WIDTH="100"
                    HEIGHT="73"></String>
          </TextLine>
          </TextBlock>
          
        </PrintSpace>
      </Page>
    </Layout>
  </alto>
