<?xml version="1.0" encoding="UTF-8"?>
<alto xmlns:xsi="http://www.w3.org/2001/XMLSchema-instance"
      xmlns="http://www.loc.gov/standards/alto/ns-v4#"
      xsi:schemaLocation="http://www.loc.gov/standards/alto/ns-v4# https://gitlab.inria.fr/scripta/escriptorium/-/raw/develop/app/escriptorium/static/alto-4-1-baselines.xsd">
  <Description>
    <MeasurementUnit>pixel</MeasurementUnit>
    <sourceImageInformation>
      <fileName>Ferdowsi_Moscow.pdf_000038.png</fileName>
    </sourceImageInformation>
  </Description>
  
  <Tags>
    <OtherTag ID="BT1" LABEL="Title" DESCRIPTION="block type Title"/><OtherTag ID="BT2" LABEL="Main" DESCRIPTION="block type Main"/><OtherTag ID="BT3" LABEL="Commentary" DESCRIPTION="block type Commentary"/><OtherTag ID="BT4" LABEL="Illustration" DESCRIPTION="block type Illustration"/>
    
  </Tags>
  
  <Layout>
    <Page WIDTH="2430"
          HEIGHT="3000"
          PHYSICAL_IMG_NR="4"
          ID="eSc_dummypage_">
      <PrintSpace HPOS="0"
                  VPOS="0"
                  WIDTH="2430"
                  HEIGHT="3000">
        
        <TextBlock ID="eSc_dummyblock_">
          
	  <TextLine ID="eSc_line_55867"
                    
                    BASELINE="1040 455 1205 460" 
                    HPOS="1040"
                    VPOS="405"
                    WIDTH="165"
                    HEIGHT="70">
            <Shape><Polygon POINTS="1040 455 1045 415 1092 405 1117 417 1145 405 1167 412 1205 460 1160 475 1042 472"/></Shape>
	    <String CONTENT="شاهنامه"
                    HPOS="1040"
                    VPOS="405"
                    WIDTH="165"
                    HEIGHT="70"></String>
          </TextLine>
          
          
	  <TextLine ID="eSc_line_55868"
                    
                    BASELINE="1182 592 1582 590 1692 582 1880 582 2009 587" 
                    HPOS="1180"
                    VPOS="527"
                    WIDTH="827"
                    HEIGHT="90">
            <Shape><Polygon POINTS="1180 590 1182 545 1220 555 1257 527 1285 540 1307 535 1345 555 1397 535 1415 535 1435 555 1477 530 1512 550 1527 542 1547 552 1567 532 1607 560 1645 540 1672 555 1727 527 1747 527 1775 550 1812 535 1835 557 1877 527 1902 552 1965 545 2007 585 1987 585 1962 610 1940 597 1872 597 1840 610 1817 590 1687 597 1670 582 1612 612 1590 590 1532 607 1495 597 1452 607 1432 590 1407 590 1352 610 1262 590 1182 617"/></Shape>
	    <String CONTENT="ببار نمک در نهان کرد1 گرز"
                    HPOS="1180"
                    VPOS="527"
                    WIDTH="827"
                    HEIGHT="90"></String>
          </TextLine>
          
          
	  <TextLine ID="eSc_line_55891"
                    
                    BASELINE="272 600 435 597 490 592 570 595 857 590 1090 595" 
                    HPOS="270"
                    VPOS="527"
                    WIDTH="820"
                    HEIGHT="93">
            <Shape><Polygon POINTS="270 600 272 547 320 557 345 547 370 565 407 552 417 562 457 530 497 557 520 552 537 570 572 547 607 555 632 530 667 552 702 560 727 547 742 562 767 540 830 547 872 530 907 552 942 527 992 565 1062 552 1090 595 1060 615 1022 605 1005 617 967 595 887 612 870 600 792 605 750 592 720 620 660 605 557 615 535 600 507 615 487 602 432 607 420 597 395 615 315 602 272 620"/></Shape>
	    <String CONTENT="بر افراخته پهلوی یال و برز"
                    HPOS="270"
                    VPOS="527"
                    WIDTH="820"
                    HEIGHT="93"></String>
          </TextLine>
          
          
	  <TextLine ID="eSc_line_55892"
                    
                    BASELINE="1160 667 1307 675 1332 670 1687 670 1812 662 1842 667 2019 667" 
                    HPOS="1160"
                    VPOS="607"
                    WIDTH="857"
                    HEIGHT="90">
            <Shape><Polygon POINTS="1160 665 1172 627 1200 640 1255 635 1275 617 1330 635 1355 617 1385 632 1417 612 1447 642 1472 625 1492 632 1520 620 1535 632 1565 630 1590 650 1660 617 1707 615 1722 627 1765 607 1792 627 1815 615 1840 632 1875 630 1895 612 1950 630 1970 622 2017 665 1992 665 1962 692 1942 690 1922 670 1882 690 1770 675 1747 687 1715 670 1605 690 1582 670 1555 695 1517 677 1452 675 1417 692 1395 670 1330 697 1290 675 1267 675 1245 695 1162 680"/></Shape>
	    <String CONTENT="ز خویشان تنی چند با خود 2 ببرد"
                    HPOS="1160"
                    VPOS="607"
                    WIDTH="857"
                    HEIGHT="90"></String>
          </TextLine>
          
          
	  <TextLine ID="eSc_line_55897"
                    
                    BASELINE="258 670 555 675 587 670 1084 670" 
                    HPOS="257"
                    VPOS="612"
                    WIDTH="825"
                    HEIGHT="88">
            <Shape><Polygon POINTS="257 670 262 627 312 637 350 612 410 647 450 612 482 640 522 642 562 625 577 642 612 627 637 647 665 630 687 640 710 622 742 637 820 640 840 622 862 635 902 617 925 642 947 642 992 615 1022 635 1065 617 1077 627 1082 670 975 680 947 695 925 692 902 670 875 682 827 675 810 692 775 682 752 700 720 682 647 682 635 672 585 687 457 682 432 695 407 682 370 692 350 672 307 690 260 680"/></Shape>
	    <String CONTENT="کسانی که بودند هشیار و گرد"
                    HPOS="257"
                    VPOS="612"
                    WIDTH="825"
                    HEIGHT="88"></String>
          </TextLine>
          
          
	  <TextLine ID="eSc_line_55898"
                    
                    BASELINE="1155 750 1675 755 1810 745 1852 750 1997 750" 
                    HPOS="1155"
                    VPOS="687"
                    WIDTH="840"
                    HEIGHT="90">
            <Shape><Polygon POINTS="1155 750 1165 700 1230 692 1270 720 1295 695 1320 692 1337 710 1365 705 1392 720 1422 717 1452 687 1490 720 1522 717 1540 735 1562 717 1622 720 1642 707 1675 732 1745 697 1772 712 1792 695 1832 722 1865 690 1880 690 1902 712 1972 707 1995 750 1972 762 1935 755 1922 765 1875 755 1860 767 1840 767 1822 750 1745 755 1700 770 1667 755 1650 772 1610 760 1550 772 1530 755 1455 757 1387 762 1365 777 1345 775 1322 752 1267 762 1255 775 1185 767 1157 752"/></Shape>
	    <String CONTENT="ببار شتر بر سلیح گوان3"
                    HPOS="1155"
                    VPOS="687"
                    WIDTH="840"
                    HEIGHT="90"></String>
          </TextLine>
          
          
	  <TextLine ID="eSc_line_55886"
                    
                    BASELINE="250 747 310 755 985 752 1037 757 1084 745" 
                    HPOS="250"
                    VPOS="692"
                    WIDTH="832"
                    HEIGHT="85">
            <Shape><Polygon POINTS="250 745 255 700 282 705 317 692 350 720 377 692 392 692 417 717 432 707 455 722 492 712 515 735 535 717 595 722 632 695 650 712 675 700 695 717 717 697 787 695 807 715 822 707 845 722 875 720 905 700 932 717 970 695 1002 717 1062 700 1082 745 1020 772 982 762 942 772 920 752 860 772 805 752 737 770 717 752 685 752 665 762 577 765 560 777 525 777 507 765 475 777 462 765 435 772 390 760 322 777 310 767 280 770 252 750"/></Shape>
	    <String CONTENT="نهان کرد آن 4 نامور پهلوان 5"
                    HPOS="250"
                    VPOS="692"
                    WIDTH="832"
                    HEIGHT="85"></String>
          </TextLine>
          
          
	  <TextLine ID="eSc_line_55870"
                    
                    BASELINE="1160 830 1322 827 1442 830 1472 835 1587 835 1787 822 1965 825 2002 816" 
                    HPOS="1160"
                    VPOS="762"
                    WIDTH="840"
                    HEIGHT="98">
            <Shape><Polygon POINTS="1160 830 1162 797 1182 785 1205 800 1232 782 1252 800 1282 780 1310 805 1335 787 1355 795 1377 782 1392 792 1417 777 1440 797 1472 790 1497 812 1540 780 1565 797 1587 785 1625 797 1660 777 1677 795 1712 770 1727 782 1752 772 1772 792 1795 787 1820 807 1855 772 1910 797 1952 762 1992 787 2000 815 1920 852 1880 827 1845 855 1815 837 1792 855 1765 840 1725 852 1685 827 1617 855 1552 840 1527 860 1490 837 1437 855 1417 840 1327 845 1305 830 1272 845 1165 840"/></Shape>
	    <String CONTENT="لب از چارهٔ خویش درخند خند"
                    HPOS="1160"
                    VPOS="762"
                    WIDTH="840"
                    HEIGHT="98"></String>
          </TextLine>
          
          
	  <TextLine ID="eSc_line_55882"
                    
                    BASELINE="262 825 560 830 642 835 1035 835 1089 827" 
                    HPOS="260"
                    VPOS="777"
                    WIDTH="827"
                    HEIGHT="83">
            <Shape><Polygon POINTS="260 825 262 780 287 795 315 797 340 785 357 802 385 802 430 797 452 777 517 800 555 777 582 800 650 777 690 797 715 790 725 800 755 785 770 800 787 792 800 802 837 777 847 787 872 780 900 805 915 790 977 800 1002 780 1022 795 1057 795 1087 825 1050 855 990 840 972 850 945 845 922 860 882 835 850 845 807 835 787 855 755 842 650 855 632 842 557 830 490 857 437 830 367 857 342 842 285 845 262 832"/></Shape>
	    <String CONTENT="چنین تا بنزدیک کوه6 سپند7"
                    HPOS="260"
                    VPOS="777"
                    WIDTH="827"
                    HEIGHT="83"></String>
          </TextLine>
          
          
	  <TextLine ID="eSc_line_55887"
                    
                    BASELINE="1152 907 1257 915 1583 907 1936 910 1855 917 1989 912" 
                    HPOS="1150"
                    VPOS="840"
                    WIDTH="837"
                    HEIGHT="97">
            <Shape><Polygon POINTS="1150 905 1180 867 1205 877 1252 865 1265 877 1290 875 1315 897 1357 862 1390 880 1425 852 1455 877 1500 865 1515 877 1555 867 1582 892 1612 862 1632 870 1670 840 1707 877 1730 867 1750 885 1775 872 1797 890 1830 865 1855 877 1972 872 1987 910 1970 932 1927 917 1877 927 1802 910 1775 935 1745 925 1730 937 1710 937 1677 907 1652 925 1572 907 1545 930 1492 920 1470 935 1452 922 1412 920 1372 922 1355 937 1327 935 1310 917 1290 935 1262 922 1220 932 1155 910"/></Shape>
	    <String CONTENT="رسید و ز کُه دیدبانش بدید"
                    HPOS="1150"
                    VPOS="840"
                    WIDTH="837"
                    HEIGHT="97"></String>
          </TextLine>
          
          
	  <TextLine ID="eSc_line_55894"
                    
                    BASELINE="252 895 290 910 320 915 1082 915" 
                    HPOS="250"
                    VPOS="855"
                    WIDTH="830"
                    HEIGHT="80">
            <Shape><Polygon POINTS="250 895 257 860 302 865 322 880 387 867 417 895 445 875 467 880 490 865 515 880 537 870 565 882 600 872 620 892 657 855 697 855 722 880 790 877 802 890 877 855 900 877 967 867 985 880 1002 862 1035 880 1060 872 1080 915 1055 935 1012 920 952 935 815 915 682 920 655 935 635 935 615 915 545 932 522 922 432 932 400 915 347 935 252 910"/></Shape>
	    <String CONTENT="بنزدیک سالار مهتر دوید8"
                    HPOS="250"
                    VPOS="855"
                    WIDTH="830"
                    HEIGHT="80"></String>
          </TextLine>
          
          
	  <TextLine ID="eSc_line_55895"
                    
                    BASELINE="1170 990 1487 995 1515 990 1745 982 1835 982 1900 987 1927 980 1955 987 2019 987" 
                    HPOS="1170"
                    VPOS="932"
                    WIDTH="847"
                    HEIGHT="88">
            <Shape><Polygon POINTS="1170 990 1172 942 1197 935 1230 957 1255 935 1287 955 1322 937 1352 965 1397 960 1445 935 1505 970 1540 945 1567 960 1605 932 1627 955 1670 937 1687 955 1727 945 1747 960 1772 937 1802 952 1827 932 1842 932 1875 965 1917 945 1945 960 1975 947 2017 985 1995 985 1970 1012 1920 1000 1897 1015 1882 1015 1850 982 1827 1002 1702 1000 1667 985 1650 1002 1555 1005 1507 992 1490 1010 1422 1000 1375 1020 1325 992 1215 1020 1195 1007 1172 1012"/></Shape>
	    <String CONTENT="بدو گفت کامد یکی کاروان"
                    HPOS="1170"
                    VPOS="932"
                    WIDTH="847"
                    HEIGHT="88"></String>
          </TextLine>
          
          
	  <TextLine ID="eSc_line_55883"
                    
                    BASELINE="260 992 325 992 357 997 382 992 1010 992 1089 997" 
                    HPOS="260"
                    VPOS="932"
                    WIDTH="827"
                    HEIGHT="85">
            <Shape><Polygon POINTS="260 990 262 937 325 935 350 955 380 932 407 960 445 957 455 967 547 957 570 935 605 960 627 952 640 962 657 945 675 945 712 970 775 935 790 935 815 960 865 947 955 960 982 942 1002 960 1057 952 1087 995 1060 1012 987 1000 847 1012 832 1002 737 1002 705 990 677 1015 652 1017 637 1005 615 1015 562 992 540 1015 515 1002 467 1015 450 997 332 1015 282 1010 262 992"/></Shape>
	    <String CONTENT="بنزدیک دژ با بسی ساروان9"
                    HPOS="260"
                    VPOS="932"
                    WIDTH="827"
                    HEIGHT="85"></String>
          </TextLine>
          
          
	  <TextLine ID="eSc_line_55899"
                    
                    BASELINE="1162 1075 1292 1075 1345 1067 1702 1070 1730 1065 1820 1067 1877 1062 1995 1062" 
                    HPOS="1160"
                    VPOS="1010"
                    WIDTH="835"
                    HEIGHT="87">
            <Shape><Polygon POINTS="1160 1075 1162 1035 1175 1022 1207 1017 1222 1030 1240 1017 1265 1035 1285 1015 1320 1040 1380 1037 1422 1015 1447 1040 1480 1042 1507 1022 1532 1045 1557 1030 1585 1040 1605 1022 1640 1015 1665 1040 1685 1032 1700 1045 1725 1020 1767 1017 1787 1037 1825 1037 1865 1010 1892 1035 1925 1037 1950 1012 1975 1010 1995 1060 1972 1060 1940 1080 1820 1080 1800 1097 1765 1070 1747 1080 1707 1070 1682 1095 1632 1080 1542 1082 1530 1070 1500 1085 1357 1077 1332 1097 1312 1082 1275 1095 1242 1082 1162 1090"/></Shape>
	    <String CONTENT="گمانم که باشد نمک بارشان"
                    HPOS="1160"
                    VPOS="1010"
                    WIDTH="835"
                    HEIGHT="87"></String>
          </TextLine>
          
          
	  <TextLine ID="eSc_line_55877"
                    
                    BASELINE="250 1060 370 1070 465 1070 505 1077 532 1070 560 1075 910 1075 1075 1067" 
                    HPOS="250"
                    VPOS="1012"
                    WIDTH="825"
                    HEIGHT="88">
            <Shape><Polygon POINTS="250 1060 252 1022 320 1015 350 1027 362 1017 390 1035 410 1015 435 1030 465 1017 492 1040 532 1015 565 1047 612 1025 642 1040 655 1030 715 1037 742 1017 775 1032 825 1025 842 1040 942 1030 965 1050 1047 1012 1067 1020 1075 1065 1060 1077 995 1082 972 1095 830 1080 780 1090 755 1075 712 1075 660 1092 617 1080 562 1092 540 1072 505 1100 470 1072 390 1095 365 1080 295 1090 252 1070"/></Shape>
	    <String CONTENT="اگر پرسدی 10 مهتر از کارشان11"
                    HPOS="250"
                    VPOS="1012"
                    WIDTH="825"
                    HEIGHT="88"></String>
          </TextLine>
          
          
	  <TextLine ID="eSc_line_55900"
                    
                    BASELINE="1170 1147 1250 1155 1645 1155 1670 1150 1905 1150 2002 1137" 
                    HPOS="1170"
                    VPOS="1087"
                    WIDTH="830"
                    HEIGHT="90">
            <Shape><Polygon POINTS="1170 1145 1172 1102 1207 1095 1262 1120 1290 1092 1345 1130 1395 1120 1437 1095 1462 1117 1480 1110 1507 1137 1532 1117 1557 1122 1572 1107 1595 1107 1607 1120 1692 1112 1712 1130 1755 1092 1782 1112 1812 1105 1827 1120 1907 1120 1967 1087 2000 1135 1972 1157 1915 1160 1890 1172 1855 1162 1730 1162 1717 1150 1642 1172 1585 1162 1522 1172 1500 1157 1480 1172 1400 1162 1357 1175 1340 1162 1305 1175 1282 1155 1260 1155 1222 1177 1172 1172"/></Shape>
	    <String CONTENT="فرستاد مهتر یکی را دوان"
                    HPOS="1170"
                    VPOS="1087"
                    WIDTH="830"
                    HEIGHT="90"></String>
          </TextLine>
          
          
	  <TextLine ID="eSc_line_55874"
                    
                    BASELINE="236 1147 285 1145 330 1155 1042 1155 1075 1147" 
                    HPOS="235"
                    VPOS="1092"
                    WIDTH="840"
                    HEIGHT="85">
            <Shape><Polygon POINTS="235 1145 237 1120 257 1100 315 1102 335 1092 360 1117 385 1097 415 1115 455 1100 487 1132 512 1115 565 1120 582 1105 612 1120 665 1110 727 1120 750 1110 780 1135 792 1122 832 1120 867 1095 902 1117 970 1107 990 1120 1015 1102 1035 1120 1067 1115 1075 1145 1062 1177 1032 1162 982 1162 952 1175 862 1160 800 1177 772 1155 672 1172 647 1162 527 1162 497 1172 477 1155 447 1155 342 1177 325 1167 300 1172 240 1145"/></Shape>
	    <String CONTENT="بنزدیکی مهتر کاروان12"
                    HPOS="235"
                    VPOS="1092"
                    WIDTH="840"
                    HEIGHT="85"></String>
          </TextLine>
          
          
	  <TextLine ID="eSc_line_55901"
                    
                    BASELINE="1172 1235 1362 1235 1417 1230 1625 1227 1957 1227 1992 1213" 
                    HPOS="1170"
                    VPOS="1172"
                    WIDTH="820"
                    HEIGHT="88">
            <Shape><Polygon POINTS="1170 1235 1172 1200 1197 1175 1227 1195 1257 1200 1295 1185 1327 1202 1400 1197 1420 1177 1442 1187 1462 1180 1482 1195 1537 1177 1570 1210 1625 1172 1687 1200 1737 1182 1777 1197 1797 1177 1827 1192 1867 1172 1895 1200 1935 1185 1950 1197 1980 1192 1990 1212 1975 1252 1927 1240 1892 1255 1865 1230 1850 1242 1722 1235 1705 1255 1672 1242 1615 1242 1572 1257 1540 1227 1522 1242 1485 1230 1462 1242 1415 1240 1395 1260 1262 1235 1240 1255 1217 1242 1172 1255"/></Shape>
	    <String CONTENT="بدو گفت بنگر که تا چیست بار"
                    HPOS="1170"
                    VPOS="1172"
                    WIDTH="820"
                    HEIGHT="88"></String>
          </TextLine>
          
          
	  <TextLine ID="eSc_line_55875"
                    
                    BASELINE="250 1217 375 1235 1052 1232 1099 1237" 
                    HPOS="250"
                    VPOS="1172"
                    WIDTH="847"
                    HEIGHT="85">
            <Shape><Polygon POINTS="250 1215 252 1182 287 1177 305 1192 327 1172 352 1195 377 1177 410 1195 425 1182 450 1197 487 1187 510 1207 605 1200 617 1190 670 1200 705 1172 752 1182 775 1172 817 1200 882 1190 905 1207 970 1175 995 1200 1065 1192 1097 1235 1060 1257 1037 1242 1007 1250 955 1232 925 1257 892 1237 787 1252 760 1232 735 1245 645 1242 630 1252 567 1242 545 1255 527 1255 505 1235 450 1235 417 1255 387 1235 305 1257 255 1230"/></Shape>
	    <String CONTENT="بیا و مرا آگهی ده ز کار13"
                    HPOS="250"
                    VPOS="1172"
                    WIDTH="847"
                    HEIGHT="85"></String>
          </TextLine>
          
          
	  <TextLine ID="eSc_line_55902"
                    
                    BASELINE="1160 1307 1205 1315 1602 1315 1695 1307 1845 1310 1905 1315 1995 1302" 
                    HPOS="1160"
                    VPOS="1250"
                    WIDTH="835"
                    HEIGHT="95">
            <Shape><Polygon POINTS="1160 1305 1172 1270 1202 1282 1267 1272 1282 1285 1340 1255 1365 1275 1397 1267 1412 1282 1485 1280 1522 1255 1547 1280 1562 1267 1590 1267 1620 1292 1660 1255 1695 1285 1717 1270 1775 1282 1807 1255 1830 1255 1847 1272 1870 1265 1912 1277 1955 1250 1987 1267 1995 1300 1970 1320 1897 1335 1842 1310 1825 1322 1712 1325 1685 1307 1637 1345 1610 1320 1562 1342 1535 1317 1472 1335 1440 1322 1317 1325 1287 1315 1197 1332 1165 1317"/></Shape>
	    <String CONTENT="فرود آمد از دژ فرستاده مرد"
                    HPOS="1160"
                    VPOS="1250"
                    WIDTH="835"
                    HEIGHT="95"></String>
          </TextLine>
          
          
	  <TextLine ID="eSc_line_55893"
                    
                    BASELINE="250 1302 410 1315 1105 1310" 
                    HPOS="250"
                    VPOS="1250"
                    WIDTH="855"
                    HEIGHT="90">
            <Shape><Polygon POINTS="250 1300 255 1262 287 1260 330 1282 357 1280 392 1250 432 1280 470 1255 502 1282 535 1280 577 1255 600 1277 617 1272 637 1290 672 1267 692 1280 732 1280 772 1255 810 1282 847 1282 882 1265 900 1282 965 1277 982 1295 1010 1277 1060 1275 1105 1310 1062 1337 1035 1325 995 1335 975 1322 950 1337 922 1325 842 1325 827 1340 787 1312 775 1325 640 1315 620 1335 587 1322 532 1322 512 1335 465 1322 430 1335 397 1315 337 1337 252 1312"/></Shape>
	    <String CONTENT="بر رستم آمد بکردار گرد14"
                    HPOS="250"
                    VPOS="1250"
                    WIDTH="855"
                    HEIGHT="90"></String>
          </TextLine>
          
          
	  <TextLine ID="eSc_line_55903"
                    
                    BASELINE="1160 1387 1195 1385 1220 1392 1247 1395 1685 1395 1725 1390 1905 1390 1942 1395 2015 1390" 
                    HPOS="1160"
                    VPOS="1330"
                    WIDTH="855"
                    HEIGHT="87">
            <Shape><Polygon POINTS="1160 1385 1162 1347 1172 1340 1245 1335 1275 1357 1307 1335 1337 1340 1367 1370 1425 1345 1452 1360 1480 1350 1497 1360 1537 1352 1560 1372 1610 1335 1637 1355 1680 1340 1700 1360 1725 1345 1762 1360 1785 1337 1812 1355 1852 1330 1885 1360 1920 1345 1945 1357 1975 1352 2015 1390 1992 1392 1972 1412 1920 1400 1885 1415 1852 1390 1830 1402 1722 1405 1670 1395 1577 1412 1547 1395 1487 1412 1415 1402 1382 1415 1332 1395 1285 1417 1247 1417 1235 1407 1212 1415 1162 1387"/></Shape>
	    <String CONTENT="بدو گفت کای مهتر کاروان15"
                    HPOS="1160"
                    VPOS="1330"
                    WIDTH="855"
                    HEIGHT="87"></String>
          </TextLine>
          
          
	  <TextLine ID="eSc_line_55878"
                    
                    BASELINE="260 1392 1074 1392" 
                    HPOS="260"
                    VPOS="1335"
                    WIDTH="812"
                    HEIGHT="87">
            <Shape><Polygon POINTS="260 1390 265 1345 292 1337 325 1362 370 1362 400 1345 422 1367 462 1337 487 1362 537 1355 557 1375 582 1352 610 1367 622 1355 652 1352 680 1377 692 1365 780 1362 792 1352 850 1362 885 1335 917 1337 935 1352 962 1337 997 1362 1062 1352 1072 1390 1062 1402 985 1412 962 1412 937 1390 907 1407 887 1397 805 1412 737 1405 712 1417 670 1390 645 1407 610 1400 585 1422 550 1405 535 1417 510 1405 425 1417 405 1397 350 1415 327 1405 265 1412"/></Shape>
	    <String CONTENT="مرا آگهی ده ز بار نهان"
                    HPOS="260"
                    VPOS="1335"
                    WIDTH="812"
                    HEIGHT="87"></String>
          </TextLine>
          
          
	  <TextLine ID="eSc_line_55904"
                    
                    BASELINE="1182 1462 1220 1475 1720 1475 1787 1470 1977 1470" 
                    HPOS="1180"
                    VPOS="1412"
                    WIDTH="795"
                    HEIGHT="88">
            <Shape><Polygon POINTS="1180 1460 1182 1420 1255 1440 1292 1422 1330 1455 1375 1427 1447 1442 1475 1432 1490 1447 1552 1415 1582 1435 1645 1427 1662 1440 1682 1420 1710 1440 1727 1430 1750 1440 1782 1412 1802 1430 1835 1420 1852 1435 1867 1420 1902 1415 1940 1437 1967 1432 1975 1470 1967 1492 1942 1480 1867 1490 1842 1472 1812 1482 1757 1472 1737 1492 1680 1480 1635 1495 1480 1475 1432 1492 1365 1482 1327 1495 1307 1477 1202 1500 1182 1480"/></Shape>
	    <String CONTENT="بدان تا بنزدیک مهتر شوم16"
                    HPOS="1180"
                    VPOS="1412"
                    WIDTH="795"
                    HEIGHT="88"></String>
          </TextLine>
          
          
	  <TextLine ID="eSc_line_55876"
                    
                    BASELINE="257 1492 275 1462 310 1475 1087 1475" 
                    HPOS="257"
                    VPOS="1410"
                    WIDTH="830"
                    HEIGHT="90">
            <Shape><Polygon POINTS="257 1492 260 1420 342 1440 367 1422 392 1437 420 1422 440 1440 467 1432 485 1450 540 1420 572 1440 585 1430 610 1440 637 1422 657 1437 692 1432 720 1447 745 1422 780 1415 795 1430 817 1422 832 1437 857 1432 887 1452 905 1437 935 1440 947 1430 987 1437 1032 1410 1080 1450 1087 1475 1062 1495 1017 1480 972 1497 927 1485 912 1500 880 1477 857 1497 815 1480 745 1492 717 1475 695 1497 647 1497 610 1482 590 1500 570 1500 552 1482 490 1497 477 1485 455 1495 437 1482 370 1480 332 1497 287 1500 267 1480"/></Shape>
	    <String CONTENT="بگویم چنان چون ز تو بشنوم17"
                    HPOS="257"
                    VPOS="1410"
                    WIDTH="830"
                    HEIGHT="90"></String>
          </TextLine>
          
          
	  <TextLine ID="eSc_line_55906"
                    
                    BASELINE="1160 1547 1200 1555 2002 1550" 
                    HPOS="1160"
                    VPOS="1495"
                    WIDTH="840"
                    HEIGHT="87">
            <Shape><Polygon POINTS="1160 1545 1162 1517 1197 1502 1215 1517 1245 1510 1292 1527 1370 1507 1387 1525 1452 1520 1465 1530 1492 1510 1522 1522 1542 1502 1567 1512 1595 1495 1632 1522 1645 1510 1707 1520 1727 1502 1750 1517 1770 1510 1795 1522 1820 1497 1862 1520 1897 1495 1922 1520 1970 1515 2000 1550 1967 1575 1920 1575 1885 1560 1857 1562 1830 1582 1795 1560 1775 1575 1720 1560 1660 1577 1602 1575 1590 1562 1470 1557 1437 1580 1372 1562 1330 1565 1312 1580 1290 1567 1270 1577 1242 1562 1212 1577 1162 1567"/></Shape>
	    <String CONTENT="بپاسخ چنین گفت رستم بدوی"
                    HPOS="1160"
                    VPOS="1495"
                    WIDTH="840"
                    HEIGHT="87"></String>
          </TextLine>
          
          
	  <TextLine ID="eSc_line_55888"
                    
                    BASELINE="255 1557 325 1552 1097 1555" 
                    HPOS="255"
                    VPOS="1497"
                    WIDTH="840"
                    HEIGHT="85">
            <Shape><Polygon POINTS="255 1555 260 1525 282 1510 322 1522 350 1512 397 1522 425 1497 452 1515 480 1502 510 1532 572 1505 605 1520 682 1512 700 1525 720 1505 757 1497 787 1517 842 1510 855 1522 890 1500 912 1522 935 1512 972 1522 992 1502 1022 1520 1062 1500 1090 1527 1095 1555 1037 1565 975 1555 955 1575 927 1577 892 1557 822 1577 782 1555 730 1575 695 1555 630 1575 607 1562 515 1572 492 1552 365 1572 327 1565 292 1582 257 1572"/></Shape>
	    <String CONTENT="که رو نزد آن مهتر نامجوی"
                    HPOS="255"
                    VPOS="1497"
                    WIDTH="840"
                    HEIGHT="85"></String>
          </TextLine>
          
          
	  <TextLine ID="eSc_line_55907"
                    
                    BASELINE="1170 1625 1235 1635 1932 1632 2004 1637" 
                    HPOS="1170"
                    VPOS="1572"
                    WIDTH="832"
                    HEIGHT="88">
            <Shape><Polygon POINTS="1170 1625 1172 1580 1195 1582 1212 1600 1255 1577 1297 1605 1352 1577 1385 1597 1407 1580 1455 1580 1487 1607 1507 1592 1582 1575 1615 1607 1645 1580 1687 1607 1710 1585 1760 1595 1800 1572 1825 1597 1850 1577 1912 1597 1940 1585 2002 1635 1985 1635 1965 1655 1902 1660 1880 1657 1850 1632 1800 1632 1770 1655 1725 1647 1705 1660 1665 1640 1647 1657 1620 1660 1592 1632 1572 1645 1527 1647 1487 1635 1467 1645 1402 1635 1380 1655 1305 1640 1287 1655 1257 1655 1175 1635"/></Shape>
	    <String CONTENT="چنین18 گویش از گفت ما 19 یک بیک 20"
                    HPOS="1170"
                    VPOS="1572"
                    WIDTH="832"
                    HEIGHT="88"></String>
          </TextLine>
          
          
	  <TextLine ID="eSc_line_55873"
                    
                    BASELINE="265 1630 827 1635 920 1630 1079 1630" 
                    HPOS="265"
                    VPOS="1575"
                    WIDTH="812"
                    HEIGHT="82">
            <Shape><Polygon POINTS="265 1630 267 1595 305 1577 340 1602 370 1605 400 1585 435 1620 522 1575 552 1597 570 1592 597 1620 635 1587 680 1597 710 1577 740 1597 755 1585 787 1597 817 1577 842 1602 865 1597 887 1620 927 1587 962 1610 990 1582 1017 1600 1060 1580 1077 1630 1035 1645 957 1630 917 1657 880 1640 862 1657 835 1645 780 1657 765 1645 615 1635 592 1635 575 1652 515 1642 447 1655 422 1632 385 1647 267 1645"/></Shape>
	    <String CONTENT="که در بارشانست یکسر نمک"
                    HPOS="265"
                    VPOS="1575"
                    WIDTH="812"
                    HEIGHT="82"></String>
          </TextLine>
          
          
	  <TextLine ID="eSc_line_55908"
                    
                    BASELINE="1160 1715 1222 1720 1282 1712 1777 1715 1802 1710 1992 1710" 
                    HPOS="1160"
                    VPOS="1652"
                    WIDTH="830"
                    HEIGHT="90">
            <Shape><Polygon POINTS="1160 1715 1162 1687 1197 1655 1227 1682 1275 1655 1302 1685 1320 1672 1350 1685 1375 1662 1395 1660 1422 1685 1455 1687 1487 1667 1537 1682 1555 1665 1572 1665 1590 1682 1612 1660 1635 1657 1662 1682 1702 1675 1725 1692 1782 1657 1810 1677 1837 1665 1855 1680 1927 1680 1970 1652 1982 1665 1990 1710 1907 1735 1885 1722 1740 1725 1727 1715 1705 1737 1680 1725 1637 1737 1622 1722 1467 1715 1432 1742 1402 1720 1390 1730 1305 1727 1287 1715 1217 1737 1162 1740"/></Shape>
	    <String CONTENT="فرستاده  بر گشت و آمد فراز"
                    HPOS="1160"
                    VPOS="1652"
                    WIDTH="830"
                    HEIGHT="90"></String>
          </TextLine>
          
          
	  <TextLine ID="eSc_line_55871"
                    
                    BASELINE="262 1725 385 1712 1067 1712" 
                    HPOS="262"
                    VPOS="1652"
                    WIDTH="805"
                    HEIGHT="88">
            <Shape><Polygon POINTS="262 1725 265 1677 287 1655 332 1680 360 1652 395 1677 457 1677 485 1705 517 1677 542 1680 562 1665 592 1680 675 1675 697 1697 730 1665 777 1660 805 1687 875 1657 900 1680 962 1670 985 1685 1002 1667 1030 1682 1060 1675 1067 1712 1060 1735 1030 1725 905 1735 887 1725 832 1727 807 1712 782 1712 740 1735 705 1712 625 1732 597 1722 505 1732 470 1712 390 1735 350 1722 265 1740"/></Shape>
	    <String CONTENT="بنزدیک آن مهتر سرفراز"
                    HPOS="262"
                    VPOS="1652"
                    WIDTH="805"
                    HEIGHT="88"></String>
          </TextLine>
          
          
	  <TextLine ID="eSc_line_55909"
                    
                    BASELINE="1150 1792 2006 1792" 
                    HPOS="1150"
                    VPOS="1735"
                    WIDTH="855"
                    HEIGHT="87">
            <Shape><Polygon POINTS="1150 1790 1197 1737 1230 1765 1257 1765 1280 1745 1307 1752 1322 1740 1352 1757 1382 1750 1395 1762 1415 1742 1445 1757 1477 1735 1507 1757 1535 1750 1552 1762 1595 1737 1630 1760 1665 1737 1692 1765 1755 1742 1780 1767 1855 1762 1900 1737 1925 1762 1972 1755 2005 1790 1975 1815 1880 1802 1832 1805 1802 1820 1760 1790 1737 1805 1662 1807 1642 1820 1607 1820 1590 1805 1517 1807 1492 1790 1467 1807 1327 1807 1307 1795 1292 1807 1197 1805 1180 1822 1155 1810"/></Shape>
	    <String CONTENT="یکی کاروانست گفتا تمام"
                    HPOS="1150"
                    VPOS="1735"
                    WIDTH="855"
                    HEIGHT="87"></String>
          </TextLine>
          
          
	  <TextLine ID="eSc_line_55896"
                    
                    BASELINE="250 1795 777 1790 885 1795 1017 1795 1080 1787" 
                    HPOS="250"
                    VPOS="1735"
                    WIDTH="830"
                    HEIGHT="82">
            <Shape><Polygon POINTS="250 1795 252 1765 282 1737 307 1750 327 1740 347 1760 412 1740 435 1762 465 1765 487 1745 517 1762 560 1735 585 1752 600 1740 627 1740 680 1760 735 1737 750 1752 775 1745 802 1772 840 1735 872 1760 887 1752 905 1765 965 1737 1000 1762 1030 1765 1065 1745 1080 1785 1065 1805 910 1797 887 1817 865 1802 810 1817 790 1800 652 1805 602 1792 530 1812 507 1797 437 1812 337 1795 252 1817"/></Shape>
	    <String CONTENT="نمک بار شانست21 ای نیک نام"
                    HPOS="250"
                    VPOS="1735"
                    WIDTH="830"
                    HEIGHT="82"></String>
          </TextLine>
          
          
	  <TextLine ID="eSc_line_55912"
                    
                    BASELINE="1152 1877 1190 1872 1999 1875" 
                    HPOS="1150"
                    VPOS="1820"
                    WIDTH="847"
                    HEIGHT="85">
            <Shape><Polygon POINTS="1150 1875 1152 1855 1200 1820 1255 1852 1275 1835 1302 1850 1330 1832 1350 1842 1375 1820 1397 1820 1427 1850 1485 1835 1510 1860 1567 1827 1600 1842 1667 1835 1690 1852 1715 1832 1767 1842 1787 1822 1815 1837 1840 1820 1862 1840 1885 1832 1907 1852 1927 1835 1967 1835 1997 1875 1982 1875 1960 1897 1917 1897 1900 1882 1872 1895 1860 1882 1800 1880 1747 1895 1690 1875 1627 1895 1582 1885 1530 1895 1502 1877 1482 1897 1460 1887 1430 1897 1402 1875 1387 1887 1305 1882 1280 1905 1247 1892 1222 1902 1207 1887 1175 1897 1152 1877"/></Shape>
	    <String CONTENT="چو بشنید مهتر بر آمد ز جای"
                    HPOS="1150"
                    VPOS="1820"
                    WIDTH="847"
                    HEIGHT="85"></String>
          </TextLine>
          
          
	  <TextLine ID="eSc_line_55885"
                    
                    BASELINE="262 1860 300 1875 1017 1872 1087 1877" 
                    HPOS="260"
                    VPOS="1810"
                    WIDTH="825"
                    HEIGHT="90">
            <Shape><Polygon POINTS="260 1860 262 1820 310 1832 337 1812 372 1832 405 1812 437 1845 477 1817 520 1825 542 1847 577 1845 630 1817 670 1840 682 1827 707 1835 732 1822 760 1847 787 1825 827 1842 845 1825 875 1835 905 1812 947 1845 967 1825 1007 1845 1057 1810 1077 1827 1085 1875 1022 1895 985 1885 955 1900 915 1872 880 1890 757 1872 732 1885 627 1885 612 1895 580 1885 560 1900 525 1880 510 1892 477 1885 440 1897 417 1877 347 1895 262 1875"/></Shape>
	    <String CONTENT="لبش گشت خندان و نیکی فزای 22"
                    HPOS="260"
                    VPOS="1810"
                    WIDTH="825"
                    HEIGHT="90"></String>
          </TextLine>
          
          
	  <TextLine ID="eSc_line_55913"
                    
                    BASELINE="1172 1950 1996 1955" 
                    HPOS="1170"
                    VPOS="1895"
                    WIDTH="825"
                    HEIGHT="90">
            <Shape><Polygon POINTS="1170 1950 1172 1922 1195 1900 1230 1927 1280 1920 1295 1930 1317 1915 1345 1925 1362 1907 1382 1912 1400 1897 1432 1922 1455 1905 1485 1922 1530 1895 1560 1925 1582 1912 1610 1920 1642 1897 1670 1925 1720 1905 1742 1927 1760 1912 1890 1922 1925 1900 1945 1920 1972 1915 1995 1955 1967 1975 1930 1962 1892 1962 1872 1975 1815 1962 1775 1980 1742 1955 1705 1967 1647 1967 1612 1955 1560 1977 1527 1952 1512 1965 1295 1962 1277 1980 1207 1967 1172 1985"/></Shape>
	    <String CONTENT="بفرمود تا در گشادند باز"
                    HPOS="1170"
                    VPOS="1895"
                    WIDTH="825"
                    HEIGHT="90"></String>
          </TextLine>
          
          
	  <TextLine ID="eSc_line_55872"
                    
                    BASELINE="272 1965 360 1960 527 1957 552 1965 630 1952 1076 1955" 
                    HPOS="270"
                    VPOS="1895"
                    WIDTH="805"
                    HEIGHT="85">
            <Shape><Polygon POINTS="270 1965 272 1910 285 1897 332 1920 357 1895 402 1930 415 1917 472 1915 482 1925 530 1895 562 1920 597 1897 622 1922 680 1900 702 1917 725 1910 770 1922 797 1902 822 1910 840 1895 865 1912 895 1902 910 1915 927 1902 967 1900 1005 1922 1065 1915 1075 1955 1062 1975 987 1962 937 1975 902 1955 880 1965 830 1955 732 1975 682 1952 665 1965 595 1965 567 1980 505 1975 485 1962 470 1975 442 1962 412 1975 387 1960 272 1980"/></Shape>
	    <String CONTENT="بدان تا شود کاروان بر فراز"
                    HPOS="270"
                    VPOS="1895"
                    WIDTH="805"
                    HEIGHT="85"></String>
          </TextLine>
          
          
	  <TextLine ID="eSc_line_55911"
                    
                    BASELINE="1160 2027 1310 2035 1832 2032 1999 2037" 
                    HPOS="1160"
                    VPOS="1972"
                    WIDTH="837"
                    HEIGHT="93">
            <Shape><Polygon POINTS="1160 2025 1162 1997 1180 1987 1230 2005 1240 1995 1282 2000 1312 1975 1345 1995 1367 1987 1385 2005 1432 1995 1465 2020 1487 2000 1515 2002 1537 1987 1565 2002 1630 1997 1645 2010 1672 1990 1697 2002 1727 1982 1755 2007 1787 1977 1812 1990 1842 1972 1870 1977 1895 2002 1970 1997 1997 2035 1957 2060 1930 2045 1897 2057 1875 2037 1857 2047 1840 2037 1772 2045 1755 2032 1710 2047 1647 2037 1622 2057 1592 2045 1512 2045 1490 2062 1460 2042 1432 2062 1410 2045 1272 2047 1255 2065 1232 2047 1207 2057 1162 2050"/></Shape>
	    <String CONTENT="چو آگاه شد رستم جنگ‌جوی"
                    HPOS="1160"
                    VPOS="1972"
                    WIDTH="837"
                    HEIGHT="93"></String>
          </TextLine>
          
          
	  <TextLine ID="eSc_line_55879"
                    
                    BASELINE="262 2022 307 2032 345 2035 787 2035 817 2030 845 2037 930 2037 957 2032 1015 2040 1089 2035" 
                    HPOS="260"
                    VPOS="1975"
                    WIDTH="827"
                    HEIGHT="87">
            <Shape><Polygon POINTS="260 2020 262 1982 280 1980 307 1997 330 1987 355 2000 420 1992 432 2005 460 2005 480 1985 502 1992 527 1977 555 2005 597 1995 650 2005 670 1985 697 1997 720 1977 760 1975 785 2002 850 1992 872 2015 930 2002 947 1987 977 2000 1007 1992 1025 2007 1055 1992 1087 2035 1042 2062 995 2060 975 2042 890 2057 867 2037 837 2055 825 2045 727 2047 710 2035 610 2055 387 2042 367 2057 305 2057 262 2035"/></Shape>
	    <String CONTENT="ز پستی ببالا نهادند روی23"
                    HPOS="260"
                    VPOS="1975"
                    WIDTH="827"
                    HEIGHT="87"></String>
          </TextLine>
          
          
	  <TextLine ID="eSc_line_55927"
                    
                    BASELINE="1167 2110 1357 2115 1402 2120 1530 2112 1867 2112 1905 2117 1992 2117" 
                    HPOS="1165"
                    VPOS="2055"
                    WIDTH="825"
                    HEIGHT="90">
            <Shape><Polygon POINTS="1165 2110 1167 2077 1215 2055 1242 2075 1262 2067 1277 2080 1310 2065 1327 2082 1385 2057 1415 2082 1455 2072 1477 2095 1547 2057 1575 2080 1637 2070 1662 2082 1687 2067 1705 2082 1735 2075 1750 2090 1777 2070 1812 2082 1835 2060 1860 2057 1885 2082 1902 2072 1920 2082 1962 2075 1982 2090 1990 2115 1960 2140 1932 2125 1887 2137 1865 2117 1850 2130 1752 2117 1730 2137 1707 2125 1585 2137 1467 2115 1432 2140 1365 2145 1320 2115 1285 2130 1167 2125"/></Shape>
	    <String CONTENT="چو آمد بنزدیک دروازه تنگ"
                    HPOS="1165"
                    VPOS="2055"
                    WIDTH="825"
                    HEIGHT="90"></String>
          </TextLine>
          
          
	  <TextLine ID="eSc_line_55866"
                    
                    BASELINE="260 2102 380 2115 1027 2115 1079 2107" 
                    HPOS="260"
                    VPOS="2057"
                    WIDTH="817"
                    HEIGHT="85">
            <Shape><Polygon POINTS="260 2100 262 2065 287 2065 305 2080 342 2057 400 2080 422 2072 447 2095 520 2077 545 2087 570 2065 595 2085 642 2085 670 2070 697 2095 727 2067 787 2077 810 2065 850 2077 875 2062 902 2085 920 2072 975 2080 1015 2057 1037 2080 1060 2075 1077 2105 1055 2142 1027 2125 937 2135 902 2115 867 2125 752 2122 717 2142 685 2120 615 2130 552 2117 525 2140 505 2127 465 2140 437 2117 400 2140 370 2127 325 2132 262 2120"/></Shape>
	    <String CONTENT="پذیره شدندش همه بی درنگ24"
                    HPOS="260"
                    VPOS="2057"
                    WIDTH="817"
                    HEIGHT="85"></String>
          </TextLine>
          </TextBlock>
          
        </PrintSpace>
      </Page>
    </Layout>
  </alto>
