<?xml version="1.0" encoding="UTF-8"?>
<alto xmlns:xsi="http://www.w3.org/2001/XMLSchema-instance"
      xmlns="http://www.loc.gov/standards/alto/ns-v4#"
      xsi:schemaLocation="http://www.loc.gov/standards/alto/ns-v4# https://gitlab.inria.fr/scripta/escriptorium/-/raw/develop/app/escriptorium/static/alto-4-1-baselines.xsd">
  <Description>
    <MeasurementUnit>pixel</MeasurementUnit>
    <sourceImageInformation>
      <fileName>Ferdowsi_Moscow.pdf_000057.png</fileName>
    </sourceImageInformation>
  </Description>
  
  <Tags>
    <OtherTag ID="BT1" LABEL="Title" DESCRIPTION="block type Title"/><OtherTag ID="BT2" LABEL="Main" DESCRIPTION="block type Main"/><OtherTag ID="BT3" LABEL="Commentary" DESCRIPTION="block type Commentary"/><OtherTag ID="BT4" LABEL="Illustration" DESCRIPTION="block type Illustration"/>
    
  </Tags>
  
  <Layout>
    <Page WIDTH="2430"
          HEIGHT="3000"
          PHYSICAL_IMG_NR="23"
          ID="eSc_dummypage_">
      <PrintSpace HPOS="0"
                  VPOS="0"
                  WIDTH="2430"
                  HEIGHT="3000">
        
        <TextBlock ID="eSc_dummyblock_">
          
	  <TextLine ID="eSc_line_119757"
                    
                    BASELINE="1070 440 1165 445 1190 435 1286 430" 
                    HPOS="1070"
                    VPOS="390"
                    WIDTH="215"
                    HEIGHT="92">
            <Shape><Polygon POINTS="1070 440 1082 400 1132 390 1150 400 1192 390 1245 427 1285 430 1185 445 1137 482 1075 482"/></Shape>
	    <String CONTENT="منوچهر"
                    HPOS="1070"
                    VPOS="390"
                    WIDTH="215"
                    HEIGHT="92"></String>
          </TextLine>
          
          
	  <TextLine ID="eSc_line_119758"
                    
                    BASELINE="1160 557 1195 565 1747 562 2031 572" 
                    HPOS="1160"
                    VPOS="497"
                    WIDTH="870"
                    HEIGHT="93">
            <Shape><Polygon POINTS="1160 555 1212 497 1265 520 1300 512 1322 525 1340 510 1372 525 1400 517 1417 535 1457 500 1482 517 1502 510 1520 522 1550 505 1582 530 1685 507 1705 525 1735 515 1765 542 1827 505 1862 532 1877 517 1907 527 1962 517 1977 502 2022 530 2030 570 2010 570 1995 585 1942 590 1910 575 1895 590 1872 590 1845 565 1785 590 1752 562 1715 585 1682 570 1582 582 1562 562 1537 572 1472 562 1437 590 1410 575 1382 585 1370 572 1275 567 1232 587 1165 557"/></Shape>
	    <String CONTENT="[وزین نو درختی که از پشت زال"
                    HPOS="1160"
                    VPOS="497"
                    WIDTH="870"
                    HEIGHT="93"></String>
          </TextLine>
          
          
	  <TextLine ID="eSc_line_119771"
                    
                    BASELINE="271 565 590 557 807 565 867 560 940 560 1000 565 1135 565" 
                    HPOS="270"
                    VPOS="500"
                    WIDTH="865"
                    HEIGHT="87">
            <Shape><Polygon POINTS="270 565 272 507 282 500 320 510 362 500 417 532 490 500 517 515 540 507 562 527 582 515 605 525 622 510 655 522 695 505 715 525 762 522 795 507 810 522 835 525 850 510 877 517 902 505 935 527 945 517 975 527 1002 505 1022 505 1055 530 1087 522 1135 565 1105 565 1085 585 1060 575 1042 585 997 572 937 575 920 560 887 572 840 570 822 585 765 572 752 585 727 572 695 585 677 572 562 567 505 570 487 587 427 582 410 567 400 577 370 567 307 570 297 580 272 572"/></Shape>
	    <String CONTENT="برآمد کنون بر کشد شاخ و یال1]"
                    HPOS="270"
                    VPOS="500"
                    WIDTH="865"
                    HEIGHT="87"></String>
          </TextLine>
          
          
	  <TextLine ID="eSc_line_119760"
                    
                    BASELINE="1180 647 1222 647 1252 642 1282 642 1307 647 1407 647 1437 642 1535 642 1582 647 1952 647 1977 642 2047 645" 
                    HPOS="1180"
                    VPOS="585"
                    WIDTH="865"
                    HEIGHT="85">
            <Shape><Polygon POINTS="1180 645 1207 610 1235 612 1255 595 1280 610 1310 597 1330 612 1385 600 1405 620 1427 597 1485 610 1512 590 1545 615 1592 585 1655 610 1700 590 1737 625 1762 607 1835 610 1857 590 1895 617 1917 605 1935 617 1967 585 1995 587 2015 607 2037 592 2045 645 2037 655 2020 645 1997 667 1910 667 1885 647 1817 662 1790 652 1740 662 1722 645 1705 645 1637 670 1562 660 1545 642 1530 652 1482 652 1450 670 1415 645 1377 665 1357 655 1337 667 1302 652 1227 655 1205 667 1182 657"/></Shape>
	    <String CONTENT="[از و شهر توران شود بی‌هنر"
                    HPOS="1180"
                    VPOS="585"
                    WIDTH="865"
                    HEIGHT="85"></String>
          </TextLine>
          
          
	  <TextLine ID="eSc_line_119774"
                    
                    BASELINE="280 637 335 645 1062 645 1114 637" 
                    HPOS="280"
                    VPOS="582"
                    WIDTH="832"
                    HEIGHT="88">
            <Shape><Polygon POINTS="280 635 282 585 310 585 332 605 365 605 390 590 407 607 427 592 457 607 502 607 542 585 570 607 620 582 645 605 700 597 725 620 755 597 780 607 800 587 820 585 852 610 912 590 935 612 950 600 1007 607 1052 582 1112 635 1082 665 1055 650 1022 650 1007 660 980 655 960 670 937 667 917 647 857 670 827 645 805 660 735 645 622 647 587 660 567 645 535 645 485 657 380 647 362 662 282 662"/></Shape>
	    <String CONTENT="بکین تو آید همان کینه‌ ور2]"
                    HPOS="280"
                    VPOS="582"
                    WIDTH="832"
                    HEIGHT="88"></String>
          </TextLine>
          
          
	  <TextLine ID="eSc_line_119772"
                    
                    BASELINE="1150 717 1192 727 1285 727 1310 722 2032 722" 
                    HPOS="1150"
                    VPOS="662"
                    WIDTH="880"
                    HEIGHT="85">
            <Shape><Polygon POINTS="1150 715 1215 670 1252 692 1322 685 1345 667 1372 687 1397 672 1432 690 1452 670 1480 667 1505 692 1525 677 1560 690 1582 667 1607 665 1632 690 1652 677 1692 692 1755 662 1782 690 1810 692 1840 675 1877 687 1900 667 1917 677 1952 665 1977 687 1992 682 2030 720 1995 742 1947 730 1822 725 1795 747 1765 727 1670 747 1630 720 1597 735 1517 732 1485 720 1450 745 1405 732 1387 747 1365 747 1337 720 1307 745 1290 732 1222 745 1155 717"/></Shape>
	    <String CONTENT="بگفت و فرود آمد آبش3 بروی"
                    HPOS="1150"
                    VPOS="662"
                    WIDTH="880"
                    HEIGHT="85"></String>
          </TextLine>
          
          
	  <TextLine ID="eSc_line_119762"
                    
                    BASELINE="270 727 342 722 1106 722" 
                    HPOS="270"
                    VPOS="660"
                    WIDTH="835"
                    HEIGHT="90">
            <Shape><Polygon POINTS="270 725 272 695 307 672 342 690 410 680 427 697 462 662 510 687 552 687 582 672 602 692 642 672 657 685 702 680 740 690 777 660 850 702 890 665 947 697 1050 690 1077 677 1105 720 1080 732 997 732 980 745 940 730 912 750 890 740 865 745 845 727 827 742 782 730 710 742 592 720 575 732 517 730 500 745 467 732 437 742 420 730 407 740 370 730 315 742 272 727"/></Shape>
	    <String CONTENT="همی زار بگریست نوذر بروی"
                    HPOS="270"
                    VPOS="660"
                    WIDTH="835"
                    HEIGHT="90"></String>
          </TextLine>
          
          
	  <TextLine ID="eSc_line_119775"
                    
                    BASELINE="1170 807 1330 807 1387 802 1920 802 1945 807 2054 807" 
                    HPOS="1170"
                    VPOS="745"
                    WIDTH="882"
                    HEIGHT="85">
            <Shape><Polygon POINTS="1170 805 1192 770 1275 765 1297 745 1330 770 1450 767 1480 747 1535 770 1597 760 1620 780 1655 755 1705 760 1732 780 1767 752 1792 767 1825 745 1847 755 1890 747 1912 770 1957 770 1987 745 2052 805 2017 805 1990 827 1955 815 1922 825 1895 802 1882 815 1785 810 1762 827 1740 827 1720 810 1707 822 1682 812 1642 820 1615 800 1520 830 1492 827 1465 800 1442 822 1417 812 1387 822 1370 812 1302 812 1270 825 1232 812 1200 825 1175 805"/></Shape>
	    <String CONTENT="[بی آنکش بدی هیچ4 بیماریی"
                    HPOS="1170"
                    VPOS="745"
                    WIDTH="882"
                    HEIGHT="85"></String>
          </TextLine>
          
          
	  <TextLine ID="eSc_line_119767"
                    
                    BASELINE="285 800 309 807 425 807 502 802 1108 802" 
                    HPOS="285"
                    VPOS="742"
                    WIDTH="822"
                    HEIGHT="88">
            <Shape><Polygon POINTS="285 800 287 747 315 747 340 770 402 762 422 742 450 755 485 745 505 762 535 757 565 770 662 770 687 757 707 772 742 745 767 770 895 760 917 782 955 745 985 765 1007 755 1022 770 1057 770 1087 755 1107 800 1077 815 1000 812 977 800 945 830 930 830 907 807 855 825 837 812 745 812 725 800 615 817 557 810 530 830 487 802 452 827 370 810 340 822 312 812 287 825"/></Shape>
	    <String CONTENT="نه از دردها هیچ آزاریی5]"
                    HPOS="285"
                    VPOS="742"
                    WIDTH="822"
                    HEIGHT="88"></String>
          </TextLine>
          
          
	  <TextLine ID="eSc_line_119764"
                    
                    BASELINE="1185 887 1220 882 1405 890 1565 890 1617 887 1642 882 2051 885" 
                    HPOS="1185"
                    VPOS="825"
                    WIDTH="865"
                    HEIGHT="87">
            <Shape><Polygon POINTS="1185 885 1187 852 1225 827 1255 852 1277 837 1302 850 1330 832 1360 852 1405 845 1422 857 1500 842 1545 845 1565 862 1612 852 1650 825 1682 850 1722 852 1747 832 1767 832 1785 850 1830 850 1862 832 1880 852 1910 842 1945 862 1985 835 2030 880 2050 885 2000 885 1960 910 1937 892 1915 912 1875 892 1815 892 1790 910 1762 885 1705 902 1617 892 1592 912 1557 895 1535 907 1520 892 1500 902 1457 892 1425 912 1412 900 1337 905 1297 892 1272 902 1200 897 1187 887"/></Shape>
	    <String CONTENT="دو چشم کیانی بهم برنهاد"
                    HPOS="1185"
                    VPOS="825"
                    WIDTH="865"
                    HEIGHT="87"></String>
          </TextLine>
          
          
	  <TextLine ID="eSc_line_119763"
                    
                    BASELINE="280 877 315 875 342 880 410 880 437 885 1062 882 1106 882" 
                    HPOS="280"
                    VPOS="822"
                    WIDTH="825"
                    HEIGHT="85">
            <Shape><Polygon POINTS="280 875 282 840 320 822 345 847 365 837 382 850 410 835 427 850 492 855 537 850 555 832 582 827 602 847 625 842 635 852 652 837 697 837 725 862 787 842 815 862 827 850 855 862 875 842 905 857 997 835 1012 850 1090 842 1105 880 1085 905 1062 892 1045 902 1010 892 992 905 932 895 912 907 862 885 840 907 807 895 782 902 772 892 740 905 710 892 680 907 645 885 622 902 537 892 515 907 480 890 417 900 385 882 352 900 342 890 282 887"/></Shape>
	    <String CONTENT="بپژمرد و بر زد یکی سرد باد"
                    HPOS="280"
                    VPOS="822"
                    WIDTH="825"
                    HEIGHT="85"></String>
          </TextLine>
          
          
	  <TextLine ID="eSc_line_119769"
                    
                    BASELINE="1190 967 1262 967 1322 962 1972 962 2037 967" 
                    HPOS="1190"
                    VPOS="905"
                    WIDTH="845"
                    HEIGHT="82">
            <Shape><Polygon POINTS="1190 965 1192 932 1220 905 1250 930 1262 920 1285 932 1345 920 1370 930 1387 912 1420 927 1440 910 1472 930 1495 930 1517 912 1537 927 1565 920 1580 932 1642 920 1667 945 1690 925 1737 930 1765 905 1790 920 1815 915 1827 927 1842 912 1892 907 1915 930 1975 910 2035 965 2000 962 1967 975 1917 972 1897 960 1852 982 1822 965 1760 967 1695 987 1660 972 1642 985 1615 972 1577 985 1542 970 1467 985 1425 960 1350 982 1327 972 1290 985 1222 972 1192 985"/></Shape>
	    <String CONTENT="شد آن نامور پرهنر6 شهریار"
                    HPOS="1190"
                    VPOS="905"
                    WIDTH="845"
                    HEIGHT="82"></String>
          </TextLine>
          
          
	  <TextLine ID="eSc_line_119768"
                    
                    BASELINE="282 955 362 955 487 965 1116 965" 
                    HPOS="280"
                    VPOS="902"
                    WIDTH="835"
                    HEIGHT="88">
            <Shape><Polygon POINTS="280 955 282 912 300 910 315 925 337 905 362 925 390 902 437 907 460 930 472 920 492 927 517 907 547 930 575 920 592 935 615 920 642 932 685 910 705 930 732 922 752 940 772 920 795 927 817 907 847 930 885 927 902 937 952 917 1007 927 1027 907 1052 902 1115 965 1082 985 1052 970 1007 980 947 972 912 990 887 972 820 970 762 990 735 967 592 970 570 990 550 990 530 987 507 965 482 982 395 967 307 985 282 962"/></Shape>
	    <String CONTENT="بگیتی سخن ماند زو7 یادگار8"
                    HPOS="280"
                    VPOS="902"
                    WIDTH="835"
                    HEIGHT="88"></String>
          </TextLine>
          
          
	  <TextLine ID="eSc_line_119770"
                    
                    BASELINE="290 1177 392 1172 502 1177 740 1175 810 1185 845 1180 1080 1180 1137 1185 1172 1180 1430 1175 1462 1185 1490 1180 1560 1180 1695 1172 1915 1172 1991 1185 2049 1172" 
                    HPOS="290"
                    VPOS="1107"
                    WIDTH="1757"
                    HEIGHT="100">
            <Shape><Polygon POINTS="290 1175 295 1137 347 1107 385 1137 402 1125 450 1127 500 1150 562 1125 587 1135 600 1125 630 1127 657 1150 682 1145 710 1120 737 1117 782 1150 810 1142 825 1152 867 1132 892 1142 922 1125 940 1140 975 1135 1002 1157 1055 1122 1087 1140 1120 1135 1145 1157 1162 1145 1220 1145 1250 1122 1277 1137 1305 1115 1355 1142 1390 1115 1412 1115 1447 1142 1475 1125 1545 1145 1630 1150 1665 1122 1717 1135 1750 1117 1787 1142 1820 1132 1842 1152 1865 1135 1915 1145 1937 1125 1967 1122 2000 1125 2047 1170 1965 1200 1935 1197 1912 1180 1867 1202 1827 1180 1782 1200 1732 1180 1707 1205 1650 1197 1625 1182 1562 1197 1522 1187 1482 1207 1445 1190 1425 1200 1405 1185 1355 1177 1297 1185 1280 1197 1192 1185 1157 1205 1142 1192 1105 1192 1085 1207 1055 1192 1027 1202 995 1180 952 1195 920 1185 900 1200 865 1187 847 1202 720 1187 682 1202 660 1185 637 1202 615 1187 572 1200 557 1187 507 1180 487 1195 412 1185 382 1202 355 1180 295 1185"/></Shape>
	    <String CONTENT="الآن من دوحة زال سیدوّخ بلاد الترک و یتوغل دیارهم و یطلب بثارک وینتقم لک"
                    HPOS="290"
                    VPOS="1107"
                    WIDTH="1757"
                    HEIGHT="100"></String>
          </TextLine>
          
          
	  <TextLine ID="eSc_line_119766"
                    
                    BASELINE="270 1375 305 1392 332 1387 422 1387 507 1395 2041 1395" 
                    HPOS="270"
                    VPOS="1332"
                    WIDTH="1770"
                    HEIGHT="95">
            <Shape><Polygon POINTS="270 1375 295 1352 320 1357 350 1342 372 1355 415 1332 505 1370 537 1347 587 1360 612 1337 645 1357 722 1355 745 1370 795 1332 835 1360 870 1340 900 1362 935 1335 972 1362 1005 1360 1047 1337 1070 1355 1090 1347 1115 1367 1152 1350 1180 1372 1205 1355 1230 1357 1257 1342 1280 1355 1330 1332 1372 1360 1430 1347 1462 1375 1492 1355 1627 1357 1655 1347 1735 1357 1755 1340 1785 1357 1847 1350 1870 1370 1920 1335 1940 1352 1980 1337 2030 1372 2040 1395 2000 1422 1972 1422 1945 1405 1882 1420 1855 1400 1710 1405 1685 1422 1642 1420 1625 1405 1575 1417 1545 1405 1512 1405 1492 1417 1455 1407 1427 1422 1400 1407 1370 1420 1342 1405 1237 1405 1200 1427 1170 1405 1137 1417 1115 1402 1087 1422 1057 1420 1040 1405 980 1420 952 1410 897 1420 872 1405 810 1425 750 1417 732 1402 567 1407 545 1425 520 1425 492 1402 327 1405 302 1422 275 1417"/></Shape>
	    <String CONTENT="زکار منوچهر پرداختم * ز کردار نوذر سخن ساختم"
                    HPOS="270"
                    VPOS="1332"
                    WIDTH="1770"
                    HEIGHT="95"></String>
          </TextLine>
          </TextBlock>
          
        </PrintSpace>
      </Page>
    </Layout>
  </alto>
