<?xml version="1.0" encoding="UTF-8"?>
<alto xmlns:xsi="http://www.w3.org/2001/XMLSchema-instance"
      xmlns="http://www.loc.gov/standards/alto/ns-v4#"
      xsi:schemaLocation="http://www.loc.gov/standards/alto/ns-v4# https://gitlab.inria.fr/scripta/escriptorium/-/raw/develop/app/escriptorium/static/alto-4-1-baselines.xsd">
  <Description>
    <MeasurementUnit>pixel</MeasurementUnit>
    <sourceImageInformation>
      <fileName>Ferdowsi_Moscow.pdf_000041.png</fileName>
    </sourceImageInformation>
  </Description>
  
  <Tags>
    <OtherTag ID="BT1" LABEL="Title" DESCRIPTION="block type Title"/><OtherTag ID="BT2" LABEL="Main" DESCRIPTION="block type Main"/><OtherTag ID="BT3" LABEL="Commentary" DESCRIPTION="block type Commentary"/><OtherTag ID="BT4" LABEL="Illustration" DESCRIPTION="block type Illustration"/>
    
  </Tags>
  
  <Layout>
    <Page WIDTH="2430"
          HEIGHT="3000"
          PHYSICAL_IMG_NR="7"
          ID="eSc_dummypage_">
      <PrintSpace HPOS="0"
                  VPOS="0"
                  WIDTH="2430"
                  HEIGHT="3000">
        
        <TextBlock ID="eSc_dummyblock_">
          
	  <TextLine ID="eSc_line_57894"
                    
                    BASELINE="1050 460 1185 460" 
                    HPOS="1050"
                    VPOS="400"
                    WIDTH="135"
                    HEIGHT="115">
            <Shape><Polygon POINTS="1050 460 1055 415 1095 407 1122 417 1142 400 1180 427 1185 460 1180 515 1055 515"/></Shape>
	    <String CONTENT="ملحقات"
                    HPOS="1050"
                    VPOS="400"
                    WIDTH="135"
                    HEIGHT="115"></String>
          </TextLine>
          
          
	  <TextLine ID="eSc_line_57896"
                    
                    BASELINE="1150 587 1192 595 1242 595 1412 582 1986 582" 
                    HPOS="1150"
                    VPOS="527"
                    WIDTH="835"
                    HEIGHT="88">
            <Shape><Polygon POINTS="1150 585 1152 540 1165 532 1192 550 1225 535 1242 552 1287 550 1307 565 1337 542 1367 552 1390 532 1415 532 1445 560 1480 542 1500 547 1530 527 1565 552 1607 527 1622 527 1645 550 1667 530 1685 530 1707 552 1727 545 1747 560 1765 547 1790 555 1835 540 1847 552 1867 532 1920 532 1940 552 1972 550 1985 580 1965 612 1932 597 1802 592 1777 610 1745 597 1720 610 1707 597 1675 595 1622 612 1610 600 1592 607 1557 580 1542 595 1480 600 1465 612 1445 612 1422 590 1407 602 1297 590 1195 615 1157 587"/></Shape>
	    <String CONTENT="بخفت و بخواب اندر آمد سرش1"
                    HPOS="1150"
                    VPOS="527"
                    WIDTH="835"
                    HEIGHT="88"></String>
          </TextLine>
          
          
	  <TextLine ID="eSc_line_57915"
                    
                    BASELINE="262 591 305 600 370 592 1085 592" 
                    HPOS="260"
                    VPOS="527"
                    WIDTH="825"
                    HEIGHT="88">
            <Shape><Polygon POINTS="260 590 262 532 285 547 312 537 330 552 367 542 397 570 440 527 480 557 520 555 542 535 592 555 637 555 660 535 687 550 717 540 742 555 777 535 810 567 842 542 872 555 895 532 922 530 957 565 975 550 1060 547 1085 590 1055 612 1032 600 957 607 940 590 910 602 797 590 697 612 662 597 620 607 555 597 485 612 457 592 422 615 380 590 340 612 312 605 277 615 262 600"/></Shape>
	    <String CONTENT="بر آمد خروشیدنی از درش 2"
                    HPOS="260"
                    VPOS="527"
                    WIDTH="825"
                    HEIGHT="88"></String>
          </TextLine>
          
          
	  <TextLine ID="eSc_line_57912"
                    
                    BASELINE="1152 670 1310 667 1715 675 1867 670 1920 662 1947 662 1980 667" 
                    HPOS="1152"
                    VPOS="615"
                    WIDTH="828"
                    HEIGHT="80">
            <Shape><Polygon POINTS="1152 670 1165 635 1215 620 1242 635 1295 625 1315 637 1342 625 1390 640 1412 627 1432 637 1525 640 1555 620 1575 635 1712 632 1730 650 1772 615 1795 637 1845 635 1855 625 1880 635 1900 617 1927 635 1972 615 1980 667 1952 680 1885 672 1865 690 1835 677 1812 687 1780 680 1757 695 1722 675 1642 690 1625 680 1587 685 1515 672 1457 692 1432 682 1412 692 1310 672 1290 692 1250 692 1225 677 1155 672"/></Shape>
	    <String CONTENT="که پیل سپید سپهبد زبند"
                    HPOS="1152"
                    VPOS="615"
                    WIDTH="828"
                    HEIGHT="80"></String>
          </TextLine>
          
          
	  <TextLine ID="eSc_line_57911"
                    
                    BASELINE="260 657 320 667 497 670 1068 670" 
                    HPOS="260"
                    VPOS="610"
                    WIDTH="807"
                    HEIGHT="87">
            <Shape><Polygon POINTS="260 655 262 615 315 632 332 615 372 632 400 612 432 625 450 615 472 632 505 630 520 642 610 632 627 645 652 627 685 640 712 617 735 617 757 640 792 640 817 622 852 637 877 620 905 632 950 610 962 622 985 612 1002 630 1057 632 1067 670 1047 692 942 670 927 680 797 672 770 695 737 675 727 685 627 677 610 695 585 682 547 682 527 695 490 682 475 697 440 670 410 670 355 692 262 672"/></Shape>
	    <String CONTENT="رها گشت و آمد بمردم 3 گزند 4"
                    HPOS="260"
                    VPOS="610"
                    WIDTH="807"
                    HEIGHT="87"></String>
          </TextLine>
          
          
	  <TextLine ID="eSc_line_57913"
                    
                    BASELINE="1166 752 1465 752 1527 757 1560 750 1617 747 1682 747 1750 755 1932 755 1975 747" 
                    HPOS="1165"
                    VPOS="687"
                    WIDTH="810"
                    HEIGHT="88">
            <Shape><Polygon POINTS="1165 750 1167 720 1185 702 1235 715 1262 690 1327 720 1402 692 1432 722 1452 702 1482 715 1515 690 1530 705 1552 697 1565 707 1577 695 1602 705 1630 687 1662 712 1677 697 1700 707 1722 695 1747 715 1777 687 1797 687 1815 705 1857 690 1907 722 1940 707 1965 710 1975 745 1952 775 1900 760 1870 775 1807 755 1722 772 1662 745 1610 760 1512 757 1482 775 1467 765 1432 775 1407 752 1392 762 1330 752 1310 770 1257 757 1217 775 1167 775"/></Shape>
	    <String CONTENT="چو زان گونه گفتارش آمد بگوش"
                    HPOS="1165"
                    VPOS="687"
                    WIDTH="810"
                    HEIGHT="88"></String>
          </TextLine>
          
          
	  <TextLine ID="eSc_line_57925"
                    
                    BASELINE="250 760 410 752 995 755 1070 747" 
                    HPOS="250"
                    VPOS="685"
                    WIDTH="820"
                    HEIGHT="92">
            <Shape><Polygon POINTS="250 760 252 727 277 702 325 717 360 710 392 732 420 705 445 720 500 697 552 697 570 715 620 707 637 720 660 697 675 697 687 710 717 702 750 720 810 690 842 722 860 712 882 730 922 702 990 715 1020 685 1062 717 1070 745 1050 762 1000 767 905 767 882 755 857 775 825 755 740 772 722 760 685 767 667 752 635 752 597 772 555 772 535 752 452 770 390 752 367 775 342 762 312 777 252 775"/></Shape>
	    <String CONTENT="دلیری و گردی 5  درو6  کرد جوش"
                    HPOS="250"
                    VPOS="685"
                    WIDTH="820"
                    HEIGHT="92"></String>
          </TextLine>
          
          
	  <TextLine ID="eSc_line_57916"
                    
                    BASELINE="1157 827 1320 835 1607 832 1637 837 1662 830 1837 830 1927 835 1981 830" 
                    HPOS="1155"
                    VPOS="767"
                    WIDTH="825"
                    HEIGHT="88">
            <Shape><Polygon POINTS="1155 825 1157 797 1172 787 1200 795 1230 772 1267 797 1315 772 1347 805 1395 792 1417 805 1450 775 1477 797 1530 780 1557 807 1580 785 1620 792 1652 767 1702 795 1730 775 1790 790 1825 767 1867 802 1905 772 1965 785 1980 830 1940 852 1892 847 1870 832 1830 852 1812 837 1745 830 1717 830 1692 852 1655 832 1582 855 1562 855 1540 832 1492 850 1422 835 1402 855 1377 842 1350 855 1322 835 1255 852 1157 837"/></Shape>
	    <String CONTENT="دوان رفت 7 و گرز نیا بر گرفت"
                    HPOS="1155"
                    VPOS="767"
                    WIDTH="825"
                    HEIGHT="88"></String>
          </TextLine>
          
          
	  <TextLine ID="eSc_line_57921"
                    
                    BASELINE="240 832 620 830 670 835 1015 835 1075 827" 
                    HPOS="240"
                    VPOS="770"
                    WIDTH="835"
                    HEIGHT="87">
            <Shape><Polygon POINTS="240 832 242 807 260 790 280 785 300 797 327 770 365 797 425 770 460 805 497 787 525 797 555 775 585 795 612 780 670 802 702 775 730 797 762 782 810 800 852 797 872 777 900 775 922 797 942 780 992 797 1060 792 1075 827 1060 852 1022 842 967 855 905 835 892 845 825 840 730 857 710 855 690 835 642 857 600 832 540 845 502 840 480 855 460 852 440 832 357 855 247 832"/></Shape>
	    <String CONTENT="برون آمدن‌را ره8 اندر گرفت"
                    HPOS="240"
                    VPOS="770"
                    WIDTH="835"
                    HEIGHT="87"></String>
          </TextLine>
          
          
	  <TextLine ID="eSc_line_57922"
                    
                    BASELINE="1175 910 1505 915 1550 910 1855 910 1947 902 1985 907" 
                    HPOS="1175"
                    VPOS="847"
                    WIDTH="810"
                    HEIGHT="93">
            <Shape><Polygon POINTS="1175 910 1190 862 1222 877 1257 867 1277 877 1310 847 1342 870 1365 867 1395 895 1425 875 1460 880 1470 870 1502 890 1530 867 1555 877 1572 860 1615 877 1675 870 1692 880 1727 857 1745 875 1772 855 1787 855 1817 885 1862 877 1910 850 1930 870 1957 855 1980 877 1985 907 1960 917 1870 917 1845 932 1822 930 1802 910 1762 920 1697 910 1675 932 1645 922 1620 940 1587 920 1545 925 1507 915 1477 932 1450 922 1410 932 1392 915 1372 915 1337 932 1307 920 1262 930 1207 920 1177 937"/></Shape>
	    <String CONTENT="کسانی که بودند بر درگهش"
                    HPOS="1175"
                    VPOS="847"
                    WIDTH="810"
                    HEIGHT="93"></String>
          </TextLine>
          
          
	  <TextLine ID="eSc_line_57918"
                    
                    BASELINE="250 917 292 917 322 912 702 912 727 917 777 910 875 910 902 915 940 915 965 910 1068 910" 
                    HPOS="250"
                    VPOS="857"
                    WIDTH="817"
                    HEIGHT="80">
            <Shape><Polygon POINTS="250 915 252 887 285 862 315 880 355 867 400 885 435 862 480 885 545 870 567 887 600 865 620 877 647 860 680 880 712 880 745 857 775 875 795 860 822 877 835 865 870 877 897 872 917 890 927 880 1052 870 1067 910 1057 922 970 922 952 935 930 935 912 920 887 935 870 920 810 922 782 910 680 932 657 920 582 920 567 910 545 932 507 922 445 935 402 917 375 935 345 920 297 922 277 937 252 932"/></Shape>
	    <String CONTENT="همی بسته کردند بروی رهش"
                    HPOS="250"
                    VPOS="857"
                    WIDTH="817"
                    HEIGHT="80"></String>
          </TextLine>
          
          
	  <TextLine ID="eSc_line_57919"
                    
                    BASELINE="1150 1010 1205 995 1230 992 1797 995 1887 990 1995 990" 
                    HPOS="1150"
                    VPOS="930"
                    WIDTH="845"
                    HEIGHT="90">
            <Shape><Polygon POINTS="1150 1010 1152 982 1180 955 1240 957 1272 932 1300 952 1325 940 1347 962 1375 945 1400 960 1470 947 1490 957 1557 957 1592 930 1625 960 1802 947 1820 965 1857 930 1887 947 1912 937 1930 955 1972 935 1987 950 1995 990 1950 1000 1887 990 1852 1015 1815 1000 1800 1010 1777 1000 1660 1000 1632 1017 1610 995 1540 1000 1527 1012 1497 1000 1480 1010 1417 1010 1352 995 1232 1000 1207 1020 1160 1010"/></Shape>
	    <String CONTENT="که از بیم اسپهبد نامور"
                    HPOS="1150"
                    VPOS="930"
                    WIDTH="845"
                    HEIGHT="90"></String>
          </TextLine>
          
          
	  <TextLine ID="eSc_line_57939"
                    
                    BASELINE="250 992 402 992 427 997 475 997 500 992 1075 992" 
                    HPOS="250"
                    VPOS="932"
                    WIDTH="825"
                    HEIGHT="90">
            <Shape><Polygon POINTS="250 990 282 952 297 950 322 972 342 955 365 962 385 942 402 942 432 972 475 945 495 962 580 952 605 977 622 960 707 962 735 937 767 960 800 945 820 962 852 935 887 955 900 942 922 952 947 942 972 960 1007 932 1040 955 1070 960 1075 990 1057 1017 997 1002 947 1020 885 990 842 1005 735 1012 645 1005 630 1020 597 1000 580 1017 550 1005 482 1005 442 1022 412 995 345 1017 312 997 275 1017 255 1012"/></Shape>
	    <String CONTENT="چگونه گشاییم پیش تو در"
                    HPOS="250"
                    VPOS="932"
                    WIDTH="825"
                    HEIGHT="90"></String>
          </TextLine>
          
          
	  <TextLine ID="eSc_line_57923"
                    
                    BASELINE="1165 1067 1200 1075 1887 1075 1920 1065 1952 1062 1985 1067" 
                    HPOS="1165"
                    VPOS="1015"
                    WIDTH="820"
                    HEIGHT="82">
            <Shape><Polygon POINTS="1165 1067 1177 1030 1210 1037 1237 1020 1257 1040 1285 1032 1297 1045 1315 1027 1337 1037 1355 1020 1382 1035 1397 1025 1462 1030 1495 1052 1530 1017 1557 1037 1635 1030 1652 1047 1672 1032 1695 1042 1707 1030 1805 1037 1832 1015 1865 1037 1927 1037 1962 1017 1977 1030 1985 1067 1957 1080 1912 1080 1900 1092 1867 1075 1800 1087 1760 1080 1742 1092 1697 1075 1672 1095 1647 1085 1622 1095 1605 1082 1575 1090 1557 1080 1515 1095 1487 1075 1465 1097 1437 1080 1355 1075 1317 1097 1240 1080 1167 1080"/></Shape>
	    <String CONTENT="شب تیره و پیل جسته ز بند"
                    HPOS="1165"
                    VPOS="1015"
                    WIDTH="820"
                    HEIGHT="82"></String>
          </TextLine>
          
          
	  <TextLine ID="eSc_line_57910"
                    
                    BASELINE="250 1067 285 1075 502 1072 562 1080 1075 1075" 
                    HPOS="250"
                    VPOS="1017"
                    WIDTH="825"
                    HEIGHT="85">
            <Shape><Polygon POINTS="250 1067 255 1040 272 1027 292 1035 305 1022 332 1037 367 1030 385 1047 405 1030 437 1042 467 1017 497 1040 520 1032 567 1042 587 1032 605 1047 667 1017 695 1042 725 1025 767 1042 797 1022 825 1047 862 1025 905 1045 997 1032 1015 1050 1045 1020 1062 1020 1075 1075 1040 1097 1005 1085 927 1085 877 1100 820 1077 775 1085 750 1102 695 1080 657 1080 635 1095 602 1082 577 1097 562 1087 540 1102 492 1075 460 1095 435 1087 417 1100 380 1085 355 1097 337 1082 252 1080"/></Shape>
	    <String CONTENT="تو بیرون شوی کی بود این پسند"
                    HPOS="250"
                    VPOS="1017"
                    WIDTH="825"
                    HEIGHT="85"></String>
          </TextLine>
          
          
	  <TextLine ID="eSc_line_57926"
                    
                    BASELINE="1182 1150 1245 1155 1272 1150 1480 1147 1997 1147" 
                    HPOS="1182"
                    VPOS="1092"
                    WIDTH="815"
                    HEIGHT="88">
            <Shape><Polygon POINTS="1182 1150 1185 1117 1200 1102 1227 1117 1247 1102 1305 1112 1322 1095 1345 1110 1367 1092 1382 1092 1407 1117 1437 1092 1465 1115 1482 1100 1545 1110 1572 1097 1585 1110 1642 1095 1670 1122 1690 1107 1715 1120 1750 1100 1780 1130 1802 1107 1825 1117 1855 1102 1875 1117 1907 1120 1970 1100 1990 1117 1997 1147 1935 1170 1840 1160 1812 1177 1790 1175 1767 1152 1700 1162 1662 1147 1635 1162 1500 1162 1455 1150 1420 1180 1377 1150 1355 1162 1215 1162 1185 1177"/></Shape>
	    <String CONTENT="تهمتن شد آشفته از گفتنش"
                    HPOS="1182"
                    VPOS="1092"
                    WIDTH="815"
                    HEIGHT="88"></String>
          </TextLine>
          
          
	  <TextLine ID="eSc_line_57920"
                    
                    BASELINE="252 1150 290 1157 315 1152 1075 1152" 
                    HPOS="250"
                    VPOS="1090"
                    WIDTH="825"
                    HEIGHT="90">
            <Shape><Polygon POINTS="250 1150 252 1130 290 1102 312 1117 340 1100 377 1120 432 1090 467 1117 492 1120 525 1097 550 1117 615 1117 630 1130 682 1112 707 1122 720 1110 767 1110 780 1122 817 1107 842 1120 862 1102 892 1120 925 1112 942 1130 1032 1097 1050 1115 1067 1115 1075 1150 1065 1172 1010 1160 975 1175 952 1172 932 1152 907 1162 782 1157 757 1180 712 1157 695 1172 640 1172 620 1160 545 1172 512 1150 475 1177 440 1150 380 1172 342 1160 300 1162 282 1177 252 1172"/></Shape>
	    <String CONTENT="یکی مشت زد بر سر9 و  گردنش"
                    HPOS="250"
                    VPOS="1090"
                    WIDTH="825"
                    HEIGHT="90"></String>
          </TextLine>
          
          
	  <TextLine ID="eSc_line_57927"
                    
                    BASELINE="1165 1232 1997 1232" 
                    HPOS="1165"
                    VPOS="1175"
                    WIDTH="832"
                    HEIGHT="87">
            <Shape><Polygon POINTS="1165 1232 1170 1197 1187 1187 1215 1195 1242 1175 1277 1200 1322 1187 1347 1195 1385 1177 1445 1212 1477 1185 1507 1202 1552 1197 1570 1207 1615 1182 1647 1202 1667 1182 1692 1195 1727 1180 1745 1195 1785 1175 1817 1200 1855 1207 1877 1185 1910 1175 1932 1197 1977 1197 1997 1232 1975 1257 1947 1245 1930 1255 1875 1252 1855 1237 1755 1252 1732 1232 1705 1245 1652 1232 1592 1245 1567 1232 1515 1257 1487 1250 1472 1260 1455 1260 1432 1240 1282 1245 1265 1232 1212 1262 1170 1250"/></Shape>
	    <String CONTENT="بران سان که شد سرش مانند گوی"
                    HPOS="1165"
                    VPOS="1175"
                    WIDTH="832"
                    HEIGHT="87"></String>
          </TextLine>
          
          
	  <TextLine ID="eSc_line_57902"
                    
                    BASELINE="260 1230 332 1245 490 1232 1085 1235" 
                    HPOS="260"
                    VPOS="1172"
                    WIDTH="825"
                    HEIGHT="90">
            <Shape><Polygon POINTS="260 1230 262 1197 277 1187 337 1195 355 1212 377 1190 422 1197 447 1177 467 1177 495 1202 530 1187 552 1200 585 1175 612 1195 630 1180 672 1185 707 1175 732 1200 772 1202 797 1177 820 1172 847 1200 910 1190 930 1207 965 1185 1012 1202 1062 1197 1085 1235 1010 1245 990 1257 947 1250 930 1235 895 1255 860 1242 672 1252 650 1235 525 1242 492 1257 470 1237 427 1260 382 1242 305 1262 262 1252"/></Shape>
	    <String CONTENT="سوی دیگران 10 اندر آورد روی"
                    HPOS="260"
                    VPOS="1172"
                    WIDTH="825"
                    HEIGHT="90"></String>
          </TextLine>
          
          
	  <TextLine ID="eSc_line_57928"
                    
                    BASELINE="1162 1320 1227 1317 1260 1310 1292 1315 1997 1315" 
                    HPOS="1160"
                    VPOS="1250"
                    WIDTH="835"
                    HEIGHT="90">
            <Shape><Polygon POINTS="1160 1320 1162 1300 1192 1272 1280 1280 1315 1255 1340 1280 1360 1280 1387 1260 1420 1290 1435 1275 1457 1277 1487 1250 1522 1280 1535 1270 1557 1280 1595 1270 1622 1297 1677 1255 1702 1267 1730 1255 1755 1280 1775 1267 1795 1280 1812 1262 1865 1280 1970 1275 1995 1315 1967 1335 1932 1322 1885 1330 1737 1315 1707 1340 1650 1330 1632 1315 1615 1315 1595 1335 1565 1322 1460 1322 1432 1337 1405 1315 1235 1322 1210 1337 1162 1325"/></Shape>
	    <String CONTENT="رمیدند ازان پهلو نامور"
                    HPOS="1160"
                    VPOS="1250"
                    WIDTH="835"
                    HEIGHT="90"></String>
          </TextLine>
          
          
	  <TextLine ID="eSc_line_57904"
                    
                    BASELINE="265 1315 1017 1312 1080 1317" 
                    HPOS="265"
                    VPOS="1257"
                    WIDTH="815"
                    HEIGHT="85">
            <Shape><Polygon POINTS="265 1315 267 1285 280 1275 300 1270 325 1287 382 1257 417 1277 485 1267 535 1282 562 1265 582 1282 640 1275 657 1292 687 1270 715 1285 750 1285 790 1257 817 1285 940 1277 962 1300 1012 1257 1045 1257 1072 1285 1080 1317 1002 1342 970 1337 955 1322 930 1340 912 1327 715 1327 665 1315 637 1335 565 1322 422 1332 330 1315 267 1335"/></Shape>
	    <String CONTENT="دلاور بیامد بنزدیک در"
                    HPOS="265"
                    VPOS="1257"
                    WIDTH="815"
                    HEIGHT="85"></String>
          </TextLine>
          
          
	  <TextLine ID="eSc_line_57930"
                    
                    BASELINE="1157 1397 1192 1392 1847 1392 1990 1400" 
                    HPOS="1155"
                    VPOS="1332"
                    WIDTH="835"
                    HEIGHT="90">
            <Shape><Polygon POINTS="1155 1395 1165 1362 1220 1345 1245 1360 1267 1357 1282 1372 1307 1357 1337 1375 1352 1360 1457 1360 1472 1345 1527 1367 1555 1345 1597 1357 1640 1335 1660 1352 1680 1342 1700 1360 1727 1355 1745 1372 1775 1355 1795 1372 1817 1350 1840 1357 1860 1337 1885 1332 1905 1352 1972 1350 1990 1400 1947 1417 1880 1392 1850 1415 1802 1417 1787 1405 1760 1417 1740 1402 1712 1415 1700 1402 1532 1395 1507 1420 1485 1422 1465 1405 1357 1415 1322 1405 1292 1420 1275 1407 1250 1417 1235 1405 1170 1407 1157 1397"/></Shape>
	    <String CONTENT="بزد گرز و بشکست زنجیر و بند"
                    HPOS="1155"
                    VPOS="1332"
                    WIDTH="835"
                    HEIGHT="90"></String>
          </TextLine>
          
          
	  <TextLine ID="eSc_line_57905"
                    
                    BASELINE="250 1387 315 1395 612 1392 672 1400 792 1400 837 1395 862 1400 925 1400 952 1392 1045 1400 1082 1395" 
                    HPOS="250"
                    VPOS="1332"
                    WIDTH="832"
                    HEIGHT="95">
            <Shape><Polygon POINTS="250 1387 257 1360 297 1345 317 1362 337 1352 365 1370 390 1352 435 1357 457 1377 475 1360 540 1362 562 1340 592 1360 617 1345 640 1365 695 1332 710 1347 732 1337 757 1362 787 1362 820 1342 872 1367 902 1347 920 1362 972 1362 1002 1345 1020 1362 1037 1352 1065 1360 1082 1395 1050 1420 990 1402 952 1415 925 1405 902 1422 867 1407 835 1422 812 1405 787 1405 760 1422 737 1402 700 1422 682 1410 652 1415 627 1397 602 1410 525 1407 490 1427 447 1407 422 1420 367 1402 337 1420 320 1407 252 1397"/></Shape>
	    <String CONTENT="چنین زخم ازان نامور بد پسند"
                    HPOS="250"
                    VPOS="1332"
                    WIDTH="832"
                    HEIGHT="95"></String>
          </TextLine>
          
          
	  <TextLine ID="eSc_line_57931"
                    
                    BASELINE="1170 1472 1825 1472 1935 1485 1990 1477" 
                    HPOS="1170"
                    VPOS="1415"
                    WIDTH="820"
                    HEIGHT="85">
            <Shape><Polygon POINTS="1170 1470 1172 1435 1197 1417 1227 1442 1250 1437 1267 1455 1302 1420 1345 1445 1400 1445 1420 1425 1447 1420 1475 1445 1515 1432 1545 1457 1577 1430 1595 1430 1622 1455 1670 1415 1697 1442 1725 1427 1747 1442 1780 1442 1820 1417 1847 1435 1875 1422 1912 1445 1972 1435 1990 1475 1967 1497 1947 1485 1867 1495 1837 1472 1812 1487 1707 1482 1690 1470 1640 1500 1607 1472 1570 1495 1535 1477 1515 1495 1492 1485 1377 1485 1355 1495 1310 1485 1292 1497 1260 1485 1247 1497 1217 1485 1172 1487"/></Shape>
	    <String CONTENT="برون آمد از در بکردار باد"
                    HPOS="1170"
                    VPOS="1415"
                    WIDTH="820"
                    HEIGHT="85"></String>
          </TextLine>
          
          
	  <TextLine ID="eSc_line_57917"
                    
                    BASELINE="252 1467 292 1467 322 1475 350 1475 390 1487 415 1482 587 1482 660 1472 1045 1472 1082 1477" 
                    HPOS="252"
                    VPOS="1415"
                    WIDTH="830"
                    HEIGHT="87">
            <Shape><Polygon POINTS="252 1467 262 1420 307 1432 330 1415 365 1445 390 1430 407 1447 447 1432 470 1455 492 1437 562 1437 582 1455 607 1430 625 1440 645 1420 672 1415 690 1432 725 1420 750 1440 777 1427 795 1442 827 1430 847 1437 872 1417 905 1437 925 1427 960 1442 1017 1430 1040 1442 1060 1435 1082 1477 1047 1497 1032 1485 917 1482 895 1472 885 1482 747 1502 717 1477 667 1472 605 1502 572 1485 552 1500 525 1485 490 1495 462 1485 442 1500 365 1502 322 1482 255 1472"/></Shape>
	    <String CONTENT="بدست اندرش11  گرز و سر پر ز باد12"
                    HPOS="252"
                    VPOS="1415"
                    WIDTH="830"
                    HEIGHT="87"></String>
          </TextLine>
          
          
	  <TextLine ID="eSc_line_57932"
                    
                    BASELINE="1165 1562 1485 1552 1902 1552 1995 1557" 
                    HPOS="1165"
                    VPOS="1492"
                    WIDTH="830"
                    HEIGHT="93">
            <Shape><Polygon POINTS="1165 1562 1167 1520 1185 1502 1217 1522 1287 1512 1310 1527 1345 1512 1367 1517 1390 1502 1432 1522 1475 1505 1510 1522 1557 1527 1605 1497 1630 1510 1647 1500 1692 1502 1712 1517 1732 1505 1757 1515 1780 1492 1835 1532 1940 1525 1962 1507 1987 1527 1995 1557 1857 1580 1835 1565 1805 1577 1705 1552 1632 1585 1607 1572 1580 1575 1562 1560 1487 1577 1435 1562 1415 1582 1380 1567 1315 1562 1297 1580 1265 1565 1170 1575"/></Shape>
	    <String CONTENT="همی رفت تازان سوی ژنده پیل"
                    HPOS="1165"
                    VPOS="1492"
                    WIDTH="830"
                    HEIGHT="93"></String>
          </TextLine>
          
          
	  <TextLine ID="eSc_line_57924"
                    
                    BASELINE="262 1565 472 1557 500 1552 1020 1552 1080 1557" 
                    HPOS="262"
                    VPOS="1497"
                    WIDTH="818"
                    HEIGHT="83">
            <Shape><Polygon POINTS="262 1565 265 1515 277 1502 310 1522 352 1522 380 1502 407 1530 452 1497 467 1497 490 1520 557 1515 582 1540 620 1512 642 1525 670 1510 685 1522 715 1500 750 1525 777 1517 795 1535 845 1510 870 1522 897 1507 915 1522 947 1505 987 1525 1017 1525 1050 1502 1072 1525 1080 1557 965 1580 940 1565 812 1567 797 1552 765 1567 605 1567 575 1552 515 1580 482 1565 427 1572 410 1560 337 1572 302 1565 265 1577"/></Shape>
	    <String CONTENT="خروشنده مانند دریای نیل"
                    HPOS="262"
                    VPOS="1497"
                    WIDTH="818"
                    HEIGHT="83"></String>
          </TextLine>
          
          
	  <TextLine ID="eSc_line_57933"
                    
                    BASELINE="1152 1635 1996 1630" 
                    HPOS="1150"
                    VPOS="1575"
                    WIDTH="845"
                    HEIGHT="87">
            <Shape><Polygon POINTS="1150 1635 1152 1617 1187 1590 1210 1602 1257 1590 1277 1605 1317 1590 1342 1602 1375 1590 1390 1602 1415 1585 1435 1600 1485 1605 1517 1585 1547 1612 1610 1590 1660 1602 1685 1582 1702 1582 1725 1605 1742 1590 1792 1605 1825 1582 1852 1597 1875 1585 1890 1600 1920 1575 1952 1592 1977 1587 1995 1630 1967 1647 1875 1647 1835 1632 1780 1657 1697 1632 1645 1660 1597 1645 1567 1662 1535 1640 1437 1662 1415 1647 1290 1645 1277 1635 1227 1655 1157 1635"/></Shape>
	    <String CONTENT="نگه کرد کوهی خروشنده دید"
                    HPOS="1150"
                    VPOS="1575"
                    WIDTH="845"
                    HEIGHT="87"></String>
          </TextLine>
          
          
	  <TextLine ID="eSc_line_57914"
                    
                    BASELINE="262 1632 665 1632 810 1645 1078 1640" 
                    HPOS="260"
                    VPOS="1577"
                    WIDTH="817"
                    HEIGHT="88">
            <Shape><Polygon POINTS="260 1630 272 1592 317 1592 337 1612 352 1597 427 1590 440 1600 467 1587 482 1602 517 1597 542 1610 567 1585 595 1585 632 1607 660 1580 677 1577 697 1597 727 1592 752 1612 797 1577 825 1605 905 1592 927 1610 947 1592 970 1605 1065 1592 1077 1640 1057 1662 1015 1645 947 1665 920 1650 892 1665 852 1647 817 1657 802 1645 775 1662 742 1640 697 1660 680 1647 615 1650 555 1630 522 1660 490 1665 460 1647 352 1647 337 1635 305 1655 262 1645"/></Shape>
	    <String CONTENT="زمین زیر او دیگ13 جوشنده دید"
                    HPOS="260"
                    VPOS="1577"
                    WIDTH="817"
                    HEIGHT="88"></String>
          </TextLine>
          
          
	  <TextLine ID="eSc_line_57934"
                    
                    BASELINE="1152 1717 1260 1725 1285 1720 1547 1712 1994 1712" 
                    HPOS="1150"
                    VPOS="1657"
                    WIDTH="842"
                    HEIGHT="88">
            <Shape><Polygon POINTS="1150 1715 1205 1665 1230 1685 1250 1675 1295 1685 1325 1660 1362 1690 1385 1667 1422 1660 1437 1672 1455 1657 1500 1685 1537 1660 1567 1680 1592 1665 1620 1692 1687 1657 1715 1685 1740 1670 1765 1682 1807 1672 1835 1697 1865 1667 1897 1660 1922 1685 1977 1682 1992 1710 1967 1740 1935 1727 1862 1735 1835 1710 1800 1735 1730 1725 1705 1710 1667 1742 1630 1740 1605 1715 1580 1727 1462 1727 1445 1740 1397 1740 1365 1717 1307 1725 1280 1742 1215 1725 1190 1745 1155 1725"/></Shape>
	    <String CONTENT="رمان دید ازو نامداران خویش"
                    HPOS="1150"
                    VPOS="1657"
                    WIDTH="842"
                    HEIGHT="88"></String>
          </TextLine>
          
          
	  <TextLine ID="eSc_line_57907"
                    
                    BASELINE="270 1720 365 1725 430 1717 927 1717 987 1720 1012 1725 1083 1724" 
                    HPOS="270"
                    VPOS="1655"
                    WIDTH="812"
                    HEIGHT="90">
            <Shape><Polygon POINTS="270 1720 272 1685 290 1667 320 1685 382 1675 402 1687 467 1655 490 1672 530 1657 552 1680 585 1665 635 1697 667 1672 687 1680 702 1667 730 1685 797 1685 817 1665 857 1662 877 1677 917 1657 962 1687 982 1667 1020 1657 1045 1682 1065 1677 1075 1687 1082 1722 1065 1737 1030 1740 1010 1730 985 1737 962 1720 885 1735 855 1715 837 1727 805 1717 772 1737 637 1715 607 1740 570 1745 522 1715 492 1735 402 1720 350 1735 307 1725 272 1742"/></Shape>
	    <String CONTENT="بران سان که بیند رخ گرگ میش"
                    HPOS="270"
                    VPOS="1655"
                    WIDTH="812"
                    HEIGHT="90"></String>
          </TextLine>
          
          
	  <TextLine ID="eSc_line_57936"
                    
                    BASELINE="1170 1800 1320 1797 1350 1792 1665 1792 1697 1797 1825 1797 1875 1792 1995 1795" 
                    HPOS="1170"
                    VPOS="1737"
                    WIDTH="825"
                    HEIGHT="88">
            <Shape><Polygon POINTS="1170 1800 1182 1762 1242 1762 1272 1742 1302 1772 1317 1757 1435 1762 1452 1750 1487 1772 1507 1752 1552 1752 1567 1765 1580 1755 1610 1762 1642 1745 1680 1770 1737 1737 1780 1775 1802 1755 1825 1765 1852 1750 1872 1765 1910 1765 1967 1745 1987 1760 1995 1795 1935 1817 1835 1807 1812 1825 1792 1825 1772 1805 1760 1815 1727 1807 1690 1817 1667 1795 1610 1817 1570 1800 1537 1825 1490 1792 1380 1817 1345 1805 1317 1820 1292 1800 1172 1815"/></Shape>
	    <String CONTENT="تهمتن یکی نعره زد همچو شیر"
                    HPOS="1170"
                    VPOS="1737"
                    WIDTH="825"
                    HEIGHT="88"></String>
          </TextLine>
          
          
	  <TextLine ID="eSc_line_57899"
                    
                    BASELINE="260 1807 382 1800 635 1800 710 1792 785 1797 867 1790 905 1795 990 1792 1085 1797" 
                    HPOS="260"
                    VPOS="1732"
                    WIDTH="825"
                    HEIGHT="90">
            <Shape><Polygon POINTS="260 1807 262 1777 277 1762 340 1760 367 1732 425 1780 467 1740 507 1770 602 1757 625 1777 652 1755 682 1767 717 1740 735 1740 765 1770 790 1757 805 1770 830 1755 855 1767 987 1765 1002 1750 1037 1760 1055 1745 1077 1760 1085 1797 1045 1812 1012 1805 967 1817 940 1807 872 1817 810 1802 780 1822 745 1795 727 1810 682 1812 627 1800 602 1822 580 1807 507 1817 490 1800 457 1822 442 1822 420 1800 402 1810 350 1807 332 1817 300 1807 265 1817"/></Shape>
	    <String CONTENT="نترسید و آمد بر او دلیر"
                    HPOS="260"
                    VPOS="1732"
                    WIDTH="825"
                    HEIGHT="90"></String>
          </TextLine>
          
          
	  <TextLine ID="eSc_line_57937"
                    
                    BASELINE="1182 1875 1275 1872 1325 1880 1457 1880 1527 1872 1662 1875 1687 1870 1717 1877 1790 1885 1990 1877" 
                    HPOS="1182"
                    VPOS="1817"
                    WIDTH="808"
                    HEIGHT="85">
            <Shape><Polygon POINTS="1182 1875 1185 1832 1212 1845 1252 1832 1315 1842 1347 1820 1375 1842 1405 1817 1440 1852 1495 1835 1530 1852 1547 1835 1587 1832 1605 1845 1630 1832 1645 1845 1692 1835 1717 1860 1755 1822 1785 1845 1857 1835 1880 1857 1900 1840 1932 1847 1960 1837 1982 1847 1990 1877 1965 1902 1937 1890 1905 1902 1875 1890 1842 1900 1830 1887 1775 1887 1755 1902 1732 1900 1710 1877 1682 1892 1575 1890 1522 1875 1455 1900 1437 1900 1417 1880 1390 1902 1355 1902 1330 1882 1310 1897 1270 1885 1245 1895 1187 1887"/></Shape>
	    <String CONTENT="چو پیل دمنده مر اورا بدید"
                    HPOS="1182"
                    VPOS="1817"
                    WIDTH="808"
                    HEIGHT="85"></String>
          </TextLine>
          
          
	  <TextLine ID="eSc_line_57908"
                    
                    BASELINE="270 1875 370 1885 750 1885 775 1880 1040 1880 1083 1885" 
                    HPOS="270"
                    VPOS="1820"
                    WIDTH="812"
                    HEIGHT="87">
            <Shape><Polygon POINTS="270 1875 275 1835 337 1845 397 1832 422 1855 457 1820 497 1852 512 1842 592 1840 612 1857 700 1847 717 1832 740 1845 805 1847 842 1822 875 1847 902 1820 945 1847 977 1845 1020 1820 1045 1842 1075 1845 1082 1885 1060 1900 1010 1885 960 1895 907 1887 877 1900 840 1880 775 1890 747 1907 715 1887 665 1890 647 1902 622 1902 610 1890 582 1902 560 1887 507 1900 480 1885 450 1900 415 1885 377 1900 272 1887"/></Shape>
	    <String CONTENT="بکردار کوهی بر او دوید"
                    HPOS="270"
                    VPOS="1820"
                    WIDTH="812"
                    HEIGHT="87"></String>
          </TextLine>
          
          
	  <TextLine ID="eSc_line_57938"
                    
                    BASELINE="1165 1957 1200 1965 1996 1960" 
                    HPOS="1165"
                    VPOS="1900"
                    WIDTH="830"
                    HEIGHT="85">
            <Shape><Polygon POINTS="1165 1955 1167 1917 1202 1900 1237 1925 1310 1910 1330 1930 1367 1905 1390 1927 1497 1927 1522 1917 1542 1937 1560 1920 1610 1925 1647 1900 1670 1922 1697 1925 1737 1902 1765 1930 1785 1912 1830 1922 1860 1902 1905 1935 1977 1920 1995 1960 1975 1982 1952 1970 1907 1980 1877 1962 1852 1985 1815 1982 1777 1962 1675 1977 1630 1965 1597 1985 1555 1982 1540 1967 1522 1982 1495 1970 1380 1970 1362 1980 1327 1970 1312 1982 1262 1967 1170 1972"/></Shape>
	    <String CONTENT="بر آورد خرطوم پیل ژیان"
                    HPOS="1165"
                    VPOS="1900"
                    WIDTH="830"
                    HEIGHT="85"></String>
          </TextLine>
          
          
	  <TextLine ID="eSc_line_57906"
                    
                    BASELINE="272 1960 317 1965 440 1957 932 1957 1080 1962" 
                    HPOS="270"
                    VPOS="1895"
                    WIDTH="810"
                    HEIGHT="87">
            <Shape><Polygon POINTS="270 1960 272 1907 290 1900 327 1925 380 1912 395 1927 417 1912 440 1925 482 1900 507 1925 565 1920 580 1930 622 1902 667 1925 697 1895 735 1925 760 1917 775 1927 850 1920 870 1900 897 1917 922 1905 945 1922 997 1900 1035 1925 1070 1920 1080 1960 1060 1980 1015 1965 955 1975 935 1957 920 1967 865 1962 847 1980 822 1967 792 1980 777 1967 752 1977 695 1965 640 1982 597 1955 557 1980 527 1967 392 1962 370 1982 320 1967 272 1975"/></Shape>
	    <String CONTENT="بدان تا بپهلو14 رساند زیان"
                    HPOS="270"
                    VPOS="1895"
                    WIDTH="810"
                    HEIGHT="87"></String>
          </TextLine>
          
          
	  <TextLine ID="eSc_line_57943"
                    
                    BASELINE="1180 2042 1792 2042 1817 2047 1900 2032 1995 2032" 
                    HPOS="1180"
                    VPOS="1980"
                    WIDTH="815"
                    HEIGHT="90">
            <Shape><Polygon POINTS="1180 2042 1182 2000 1195 1990 1225 2005 1275 2002 1292 2020 1327 1997 1372 2010 1387 1995 1435 1995 1460 2020 1485 1995 1525 2005 1557 1980 1575 1980 1615 2012 1685 1982 1707 2005 1727 2000 1745 2015 1765 1997 1797 2007 1815 1990 1850 2007 1902 2007 1917 1997 1937 2007 1972 1987 1987 2000 1995 2032 1972 2050 1912 2060 1902 2050 1797 2050 1770 2070 1700 2050 1645 2050 1610 2065 1585 2042 1487 2065 1452 2042 1427 2065 1380 2042 1360 2060 1335 2050 1307 2060 1277 2042 1182 2065"/></Shape>
	    <String CONTENT="تهمتن یکی گرز زد بر سرش"
                    HPOS="1180"
                    VPOS="1980"
                    WIDTH="815"
                    HEIGHT="90"></String>
          </TextLine>
          
          
	  <TextLine ID="eSc_line_57900"
                    
                    BASELINE="260 2037 507 2047 532 2040 695 2037 745 2032 1075 2035" 
                    HPOS="260"
                    VPOS="1967"
                    WIDTH="815"
                    HEIGHT="100">
            <Shape><Polygon POINTS="260 2037 262 2015 287 1992 347 2007 367 1987 395 1982 417 2005 482 1995 502 2017 577 1967 617 2000 642 1982 677 1980 707 2005 770 1992 792 2007 817 1987 837 2002 857 1982 880 1980 907 2007 930 2007 952 1985 985 2007 1007 1987 1032 2000 1070 1985 1075 2035 1030 2050 985 2035 927 2052 912 2067 875 2040 850 2050 735 2047 720 2062 675 2047 627 2057 582 2040 562 2052 500 2047 480 2065 452 2047 360 2047 262 2065"/></Shape>
	    <String CONTENT="که خم گشت بالای کُه پیکرش"
                    HPOS="260"
                    VPOS="1967"
                    WIDTH="815"
                    HEIGHT="100"></String>
          </TextLine>
          
          
	  <TextLine ID="eSc_line_57941"
                    
                    BASELINE="1170 2125 1995 2120" 
                    HPOS="1170"
                    VPOS="2050"
                    WIDTH="825"
                    HEIGHT="97">
            <Shape><Polygon POINTS="1170 2125 1177 2067 1232 2087 1265 2070 1300 2085 1362 2080 1375 2092 1392 2075 1417 2085 1452 2050 1490 2085 1510 2075 1527 2087 1577 2090 1617 2065 1657 2102 1685 2082 1715 2087 1735 2077 1755 2087 1777 2075 1802 2090 1850 2077 1892 2087 1932 2060 1957 2085 1980 2082 1995 2120 1980 2142 1902 2130 1855 2147 1760 2122 1740 2140 1715 2127 1672 2137 1635 2122 1565 2130 1540 2147 1522 2147 1495 2125 1390 2142 1377 2130 1350 2140 1335 2127 1320 2137 1240 2127 1217 2142 1175 2135"/></Shape>
	    <String CONTENT="بلرزید بر خود کُهِ بیستون"
                    HPOS="1170"
                    VPOS="2050"
                    WIDTH="825"
                    HEIGHT="97"></String>
          </TextLine>
          
          
	  <TextLine ID="eSc_line_57903"
                    
                    BASELINE="250 2122 1083 2122" 
                    HPOS="250"
                    VPOS="2062"
                    WIDTH="832"
                    HEIGHT="85">
            <Shape><Polygon POINTS="250 2120 255 2090 275 2070 320 2087 390 2077 407 2095 430 2082 452 2100 490 2062 537 2090 570 2067 600 2095 640 2065 670 2082 702 2075 715 2085 745 2067 767 2090 837 2082 852 2097 950 2090 985 2070 997 2082 1070 2082 1082 2120 1067 2142 1040 2130 1015 2142 965 2130 905 2132 885 2145 850 2132 825 2145 810 2132 780 2140 745 2130 617 2130 595 2120 517 2147 462 2142 447 2130 427 2145 400 2132 380 2147 332 2130 297 2147 255 2127"/></Shape>
	    <String CONTENT="بزخمی بیفتاد خوار و زبون"
                    HPOS="250"
                    VPOS="2062"
                    WIDTH="832"
                    HEIGHT="85"></String>
          </TextLine>
          
          
	  <TextLine ID="eSc_line_57940"
                    
                    BASELINE="1172 2197 1207 2205 1332 2202 1357 2207 1387 2200 1520 2205 1762 2205 1817 2200 1850 2200 1880 2205 1986 2200" 
                    HPOS="1170"
                    VPOS="2140"
                    WIDTH="815"
                    HEIGHT="85">
            <Shape><Polygon POINTS="1170 2195 1172 2162 1220 2140 1245 2165 1270 2157 1285 2172 1302 2155 1330 2172 1375 2155 1400 2167 1430 2147 1450 2165 1495 2155 1520 2180 1557 2145 1585 2167 1695 2170 1720 2160 1737 2177 1787 2142 1810 2162 1842 2155 1855 2167 1875 2147 1910 2170 1977 2162 1985 2200 1975 2225 1950 2212 1917 2222 1885 2210 1807 2215 1747 2205 1717 2225 1687 2210 1572 2210 1537 2222 1517 2205 1382 2212 1330 2202 1305 2225 1252 2225 1235 2207 1172 2215"/></Shape>
	    <String CONTENT="بیفتاد پیل دمنده ز پای"
                    HPOS="1170"
                    VPOS="2140"
                    WIDTH="815"
                    HEIGHT="85"></String>
          </TextLine>
          
          
	  <TextLine ID="eSc_line_57909"
                    
                    BASELINE="259 2190 427 2200 717 2197 772 2205 965 2205 1081 2197" 
                    HPOS="257"
                    VPOS="2140"
                    WIDTH="823"
                    HEIGHT="92">
            <Shape><Polygon POINTS="257 2190 267 2145 307 2160 342 2140 410 2180 457 2140 505 2170 580 2142 602 2165 620 2162 635 2175 662 2155 695 2167 722 2142 757 2167 815 2160 842 2177 867 2160 892 2170 925 2152 942 2170 995 2170 1067 2150 1080 2195 1075 2210 1025 2222 997 2212 897 2212 870 2232 802 2210 655 2212 637 2200 595 2217 512 2202 495 2220 462 2210 445 2225 425 2225 405 2207 375 2225 360 2210 312 2217 262 2197"/></Shape>
	    <String CONTENT="تهمتن بیامد سبک باز جای15"
                    HPOS="257"
                    VPOS="2140"
                    WIDTH="823"
                    HEIGHT="92"></String>
          </TextLine>
          
          
	  <TextLine ID="eSc_line_57944"
                    
                    BASELINE="1087 2847 1147 2855 1201 2847" 
                    HPOS="1085"
                    VPOS="2797"
                    WIDTH="115"
                    HEIGHT="75">
            <Shape><Polygon POINTS="1085 2845 1090 2802 1115 2797 1162 2797 1200 2845 1165 2872 1087 2870"/></Shape>
	    <String CONTENT="۲۶۵"
                    HPOS="1085"
                    VPOS="2797"
                    WIDTH="115"
                    HEIGHT="75"></String>
          </TextLine>
          </TextBlock>
          
        </PrintSpace>
      </Page>
    </Layout>
  </alto>
