<?xml version="1.0" encoding="UTF-8"?>
<alto xmlns:xsi="http://www.w3.org/2001/XMLSchema-instance"
      xmlns="http://www.loc.gov/standards/alto/ns-v4#"
      xsi:schemaLocation="http://www.loc.gov/standards/alto/ns-v4# https://gitlab.inria.fr/scripta/escriptorium/-/raw/develop/app/escriptorium/static/alto-4-1-baselines.xsd">
  <Description>
    <MeasurementUnit>pixel</MeasurementUnit>
    <sourceImageInformation>
      <fileName>Ferdowsi_Moscow.pdf_000051.png</fileName>
    </sourceImageInformation>
  </Description>
  
  <Tags>
    <OtherTag ID="BT1" LABEL="Title" DESCRIPTION="block type Title"/><OtherTag ID="BT2" LABEL="Main" DESCRIPTION="block type Main"/><OtherTag ID="BT3" LABEL="Commentary" DESCRIPTION="block type Commentary"/><OtherTag ID="BT4" LABEL="Illustration" DESCRIPTION="block type Illustration"/>
    
  </Tags>
  
  <Layout>
    <Page WIDTH="2430"
          HEIGHT="3000"
          PHYSICAL_IMG_NR="17"
          ID="eSc_dummypage_">
      <PrintSpace HPOS="0"
                  VPOS="0"
                  WIDTH="2430"
                  HEIGHT="3000">
        
        <TextBlock ID="eSc_dummyblock_">
          
	  <TextLine ID="eSc_line_59384"
                    
                    BASELINE="1042 452 1209 447" 
                    HPOS="1040"
                    VPOS="387"
                    WIDTH="167"
                    HEIGHT="80">
            <Shape><Polygon POINTS="1040 450 1042 420 1055 407 1092 397 1132 405 1152 387 1200 425 1207 445 1185 462 1080 467 1045 457"/></Shape>
	    <String CONTENT="ملحقات"
                    HPOS="1040"
                    VPOS="387"
                    WIDTH="167"
                    HEIGHT="80"></String>
          </TextLine>
          
          
	  <TextLine ID="eSc_line_59385"
                    
                    BASELINE="1177 580 1360 585 1472 580 1500 575 1570 580 1622 575 1787 572 1915 572 1999 578" 
                    HPOS="1175"
                    VPOS="517"
                    WIDTH="822"
                    HEIGHT="90">
            <Shape><Polygon POINTS="1175 580 1177 535 1252 540 1277 525 1302 545 1332 545 1357 520 1372 520 1397 545 1487 545 1507 525 1535 520 1557 542 1600 545 1635 517 1652 517 1675 540 1697 520 1730 537 1760 525 1787 550 1815 530 1860 542 1905 520 1947 547 1975 540 1997 577 1965 605 1942 590 1807 587 1790 572 1757 590 1685 590 1647 575 1632 587 1567 590 1552 600 1520 587 1345 597 1260 582 1220 607 1177 592"/></Shape>
	    <String CONTENT="بدانست شاه گرانمایه زود"
                    HPOS="1175"
                    VPOS="517"
                    WIDTH="822"
                    HEIGHT="90"></String>
          </TextLine>
          
          
	  <TextLine ID="eSc_line_59430"
                    
                    BASELINE="260 587 315 582 870 585 990 577 1080 580" 
                    HPOS="260"
                    VPOS="515"
                    WIDTH="820"
                    HEIGHT="95">
            <Shape><Polygon POINTS="260 587 262 540 362 547 395 527 415 545 432 532 492 545 527 522 542 535 565 532 585 552 650 515 732 562 757 537 782 545 837 525 877 547 915 545 950 522 987 545 1000 535 1027 542 1062 525 1072 530 1080 580 1002 605 967 582 955 595 925 590 902 602 852 590 790 592 770 610 750 610 727 590 687 605 590 585 517 602 452 592 417 610 382 585 317 595 292 610 262 595"/></Shape>
	    <String CONTENT="کز آمیختن رنگ نایدش1 سود"
                    HPOS="260"
                    VPOS="515"
                    WIDTH="820"
                    HEIGHT="95"></String>
          </TextLine>
          
          
	  <TextLine ID="eSc_line_59386"
                    
                    BASELINE="1170 655 1345 660 1370 667 1512 660 1585 665 1625 660 1790 660 1845 665 1992 665" 
                    HPOS="1170"
                    VPOS="592"
                    WIDTH="822"
                    HEIGHT="98">
            <Shape><Polygon POINTS="1170 655 1175 605 1247 627 1270 612 1305 625 1340 602 1365 630 1387 617 1405 630 1510 620 1527 637 1620 592 1640 612 1667 610 1685 630 1712 612 1780 600 1817 632 1842 615 1860 627 1897 627 1922 610 1942 625 1980 627 1992 665 1965 685 1935 670 1900 670 1822 687 1787 660 1767 670 1660 660 1590 685 1547 680 1522 662 1495 675 1405 675 1367 690 1342 665 1250 662 1217 687 1172 662"/></Shape>
	    <String CONTENT="چنین گفت کآری همین است زه2"
                    HPOS="1170"
                    VPOS="592"
                    WIDTH="822"
                    HEIGHT="98"></String>
          </TextLine>
          
          
	  <TextLine ID="eSc_line_59422"
                    
                    BASELINE="272 657 372 665 1087 660" 
                    HPOS="270"
                    VPOS="605"
                    WIDTH="815"
                    HEIGHT="87">
            <Shape><Polygon POINTS="270 655 272 612 302 615 320 630 357 607 387 630 435 607 455 627 482 612 520 635 572 612 595 635 630 637 677 607 717 642 745 615 772 632 807 630 837 627 872 605 907 632 922 620 947 630 1057 622 1085 660 1015 682 995 672 952 675 932 692 900 680 872 685 850 662 827 685 727 662 695 677 635 670 610 690 572 665 555 677 472 670 447 687 417 672 387 685 377 675 310 677 272 665"/></Shape>
	    <String CONTENT="مهین را بمه داد و که را بکه 3"
                    HPOS="270"
                    VPOS="605"
                    WIDTH="815"
                    HEIGHT="87"></String>
          </TextLine>
          
          
	  <TextLine ID="eSc_line_59387"
                    
                    BASELINE="1180 742 1357 737 1989 740" 
                    HPOS="1180"
                    VPOS="680"
                    WIDTH="807"
                    HEIGHT="90">
            <Shape><Polygon POINTS="1180 740 1182 692 1197 687 1225 700 1252 692 1272 712 1300 685 1327 700 1362 687 1387 712 1450 690 1487 712 1512 690 1535 702 1550 692 1580 710 1722 712 1750 690 1782 687 1800 702 1820 690 1832 700 1860 680 1885 692 1917 685 1952 707 1980 702 1987 740 1975 762 1947 750 1812 750 1777 740 1767 750 1735 745 1700 770 1682 757 1610 765 1595 752 1522 752 1497 737 1467 750 1400 750 1360 737 1277 765 1260 752 1182 762"/></Shape>
	    <String CONTENT="بدانگه که پیوسته شد کارشان"
                    HPOS="1180"
                    VPOS="680"
                    WIDTH="807"
                    HEIGHT="90"></String>
          </TextLine>
          
          
	  <TextLine ID="eSc_line_59406"
                    
                    BASELINE="250 747 312 742 1087 742" 
                    HPOS="250"
                    VPOS="687"
                    WIDTH="837"
                    HEIGHT="85">
            <Shape><Polygon POINTS="250 747 252 715 292 687 322 707 345 692 370 707 390 687 415 697 440 687 462 710 482 702 497 712 522 690 585 712 607 712 627 692 680 712 730 712 752 692 787 710 830 690 860 720 902 697 932 725 950 710 1007 700 1040 710 1065 700 1087 742 1060 765 1040 752 1015 762 980 752 960 770 920 742 882 765 860 762 840 742 807 755 705 762 660 752 550 755 507 742 485 765 442 755 417 772 392 762 365 767 350 755 270 765 252 752"/></Shape>
	    <String CONTENT="بهم در کشیدند4 بازارشان"
                    HPOS="250"
                    VPOS="687"
                    WIDTH="837"
                    HEIGHT="85"></String>
          </TextLine>
          
          
	  <TextLine ID="eSc_line_59407"
                    
                    BASELINE="1172 825 1635 825 1692 817 1989 820" 
                    HPOS="1170"
                    VPOS="760"
                    WIDTH="817"
                    HEIGHT="92">
            <Shape><Polygon POINTS="1170 825 1172 770 1197 787 1240 792 1292 765 1337 772 1350 785 1375 772 1392 790 1425 787 1450 810 1490 775 1522 790 1585 780 1607 800 1645 762 1675 782 1705 770 1750 787 1782 762 1817 795 1845 787 1872 760 1900 765 1917 782 1940 770 1980 790 1987 820 1970 832 1910 820 1895 832 1847 830 1812 842 1797 830 1777 837 1680 817 1635 847 1602 835 1570 847 1512 832 1482 852 1442 825 1340 825 1292 832 1277 847 1247 835 1227 850 1192 847 1172 832"/></Shape>
	    <String CONTENT="سه افسر بُد5 از پیش سه تاجور6"
                    HPOS="1170"
                    VPOS="760"
                    WIDTH="817"
                    HEIGHT="92"></String>
          </TextLine>
          
          
	  <TextLine ID="eSc_line_59414"
                    
                    BASELINE="252 807 307 830 365 830 402 835 485 835 565 822 1042 825 1079 817" 
                    HPOS="250"
                    VPOS="762"
                    WIDTH="827"
                    HEIGHT="93">
            <Shape><Polygon POINTS="250 805 262 772 297 790 350 787 375 810 395 790 422 795 450 772 482 792 507 780 522 795 557 775 595 792 627 775 657 805 697 765 737 797 782 785 810 795 857 767 880 785 905 775 925 795 972 762 997 777 1012 767 1037 787 1057 785 1077 815 1047 845 1020 832 945 845 920 830 850 842 812 835 780 850 765 835 732 845 712 827 690 850 645 832 565 850 522 832 502 850 447 835 435 847 397 852 372 835 352 855 322 840 285 847 252 817"/></Shape>
	    <String CONTENT="رخان شان پر از خوی ز شرم پدر7"
                    HPOS="250"
                    VPOS="762"
                    WIDTH="827"
                    HEIGHT="93"></String>
          </TextLine>
          
          
	  <TextLine ID="eSc_line_59431"
                    
                    BASELINE="1163 900 1617 905 1807 897 1832 905 1947 902 1997 907" 
                    HPOS="1162"
                    VPOS="840"
                    WIDTH="833"
                    HEIGHT="87">
            <Shape><Polygon POINTS="1162 900 1172 850 1222 870 1280 850 1302 870 1327 865 1342 880 1377 845 1402 857 1450 845 1470 865 1500 870 1527 857 1540 870 1565 850 1587 867 1600 855 1630 860 1660 840 1702 877 1735 850 1752 862 1777 845 1805 857 1832 850 1857 875 1887 855 1932 870 1977 867 1995 905 1920 925 1872 922 1855 905 1745 915 1717 900 1677 925 1652 912 1567 910 1497 910 1475 925 1432 905 1392 910 1372 927 1337 912 1322 925 1250 912 1192 927 1167 902"/></Shape>
	    <String CONTENT="سوی خانه رفتند با ناز و شرم 8"
                    HPOS="1162"
                    VPOS="840"
                    WIDTH="833"
                    HEIGHT="87"></String>
          </TextLine>
          
          
	  <TextLine ID="eSc_line_59417"
                    
                    BASELINE="255 917 292 912 1090 912" 
                    HPOS="255"
                    VPOS="842"
                    WIDTH="835"
                    HEIGHT="90">
            <Shape><Polygon POINTS="255 915 265 870 320 872 337 855 360 865 382 850 407 865 425 847 477 847 512 880 562 865 587 877 632 870 660 842 697 865 727 852 770 875 842 842 917 882 965 845 995 875 1060 862 1090 910 1060 930 1032 915 990 925 972 910 940 930 910 912 882 927 860 915 785 910 727 932 705 930 685 910 640 912 622 927 595 910 570 932 542 915 510 925 492 910 455 927 400 930 380 910 352 910 295 930 257 930"/></Shape>
	    <String CONTENT="پر از رنگ رخ لب پر آواز9 نرم"
                    HPOS="255"
                    VPOS="842"
                    WIDTH="835"
                    HEIGHT="90"></String>
          </TextLine>
          
          
	  <TextLine ID="eSc_line_59418"
                    
                    BASELINE="1180 987 1330 982 1997 985" 
                    HPOS="1180"
                    VPOS="925"
                    WIDTH="815"
                    HEIGHT="87">
            <Shape><Polygon POINTS="1180 985 1185 942 1210 952 1270 952 1287 942 1307 955 1337 925 1370 945 1397 930 1427 957 1442 945 1580 955 1625 927 1662 952 1720 947 1740 927 1782 950 1830 930 1862 962 1877 947 1980 950 1995 985 1897 992 1882 1002 1835 985 1752 995 1730 1012 1687 995 1595 1002 1580 987 1490 992 1467 1005 1435 1005 1415 987 1312 987 1290 1005 1217 995 1182 1012"/></Shape>
	    <String CONTENT="سر تازیان سرو شاه یمن"
                    HPOS="1180"
                    VPOS="925"
                    WIDTH="815"
                    HEIGHT="87"></String>
          </TextLine>
          
          
	  <TextLine ID="eSc_line_59415"
                    
                    BASELINE="262 992 370 982 777 985 880 990 1082 985" 
                    HPOS="262"
                    VPOS="925"
                    WIDTH="820"
                    HEIGHT="87">
            <Shape><Polygon POINTS="262 992 265 952 282 940 297 952 340 952 350 942 382 950 425 930 442 947 465 940 482 955 515 952 545 930 575 947 602 945 630 925 662 947 685 930 720 950 782 945 810 970 835 947 855 960 872 942 905 952 962 930 990 957 1067 945 1082 985 1010 1010 992 1010 970 990 932 1010 897 1010 860 990 827 1012 800 987 750 1002 682 992 650 1007 600 1007 570 985 490 1005 432 985 370 1002 310 995 287 1012 265 1012"/></Shape>
	    <String CONTENT="می آورد و میخواره کرد انجمن"
                    HPOS="262"
                    VPOS="925"
                    WIDTH="820"
                    HEIGHT="87"></String>
          </TextLine>
          
          
	  <TextLine ID="eSc_line_59423"
                    
                    BASELINE="1170 1060 1947 1065 1993 1057" 
                    HPOS="1170"
                    VPOS="997"
                    WIDTH="822"
                    HEIGHT="95">
            <Shape><Polygon POINTS="1170 1060 1172 1030 1210 1032 1242 1000 1272 1020 1305 1007 1327 1030 1347 1012 1377 1027 1417 997 1485 1042 1502 1025 1530 1035 1547 1020 1575 1017 1602 1032 1635 1007 1660 1020 1685 1007 1710 1032 1772 1022 1797 1045 1835 1015 1872 1030 1905 1002 1935 1030 1982 1027 1992 1055 1970 1087 1952 1075 1915 1085 1887 1070 1855 1072 1825 1092 1790 1070 1767 1087 1747 1075 1727 1085 1680 1075 1647 1087 1632 1075 1550 1072 1537 1062 1510 1085 1477 1070 1462 1085 1417 1070 1315 1077 1260 1067 1210 1075 1190 1090 1172 1080"/></Shape>
	    <String CONTENT="برامش بیاراست و بگشاد لب"
                    HPOS="1170"
                    VPOS="997"
                    WIDTH="822"
                    HEIGHT="95"></String>
          </TextLine>
          
          
	  <TextLine ID="eSc_line_59416"
                    
                    BASELINE="260 1067 295 1062 1077 1062" 
                    HPOS="260"
                    VPOS="1005"
                    WIDTH="817"
                    HEIGHT="85">
            <Shape><Polygon POINTS="260 1067 262 1030 317 1032 335 1015 352 1015 372 1035 397 1017 425 1025 470 1005 502 1017 535 1010 555 1027 590 1012 622 1032 680 1027 695 1012 727 1025 745 1007 797 1015 815 1032 827 1020 857 1030 915 1012 942 1040 1055 1020 1070 1030 1077 1062 1057 1075 995 1072 970 1087 932 1067 887 1087 852 1087 812 1062 792 1075 725 1062 707 1075 647 1075 627 1087 592 1072 552 1087 505 1062 470 1075 397 1075 372 1062 355 1075 302 1075 282 1090 262 1077"/></Shape>
	    <String CONTENT="همی خورد تا تیره‌تر10 گشت شب"
                    HPOS="260"
                    VPOS="1005"
                    WIDTH="817"
                    HEIGHT="85"></String>
          </TextLine>
          
          
	  <TextLine ID="eSc_line_59432"
                    
                    BASELINE="1162 1142 1667 1142 1720 1147 1812 1147 1865 1142 2006 1141" 
                    HPOS="1160"
                    VPOS="1082"
                    WIDTH="845"
                    HEIGHT="90">
            <Shape><Polygon POINTS="1160 1140 1165 1120 1200 1087 1230 1110 1270 1087 1297 1112 1335 1087 1367 1115 1395 1092 1422 1112 1502 1112 1520 1095 1552 1107 1590 1100 1605 1112 1630 1102 1652 1112 1700 1082 1747 1122 1762 1107 1845 1105 1857 1115 1890 1095 1910 1115 1977 1112 2005 1140 1980 1155 1942 1157 1867 1147 1840 1172 1812 1155 1790 1172 1750 1167 1725 1145 1650 1170 1610 1155 1580 1155 1552 1170 1517 1162 1502 1147 1397 1155 1375 1140 1350 1157 1242 1157 1220 1142 1187 1170 1165 1162"/></Shape>
	    <String CONTENT="سه پور فریدون سه داماد او"
                    HPOS="1160"
                    VPOS="1082"
                    WIDTH="845"
                    HEIGHT="90"></String>
          </TextLine>
          
          
	  <TextLine ID="eSc_line_59401"
                    
                    BASELINE="254 1140 1087 1141" 
                    HPOS="252"
                    VPOS="1090"
                    WIDTH="833"
                    HEIGHT="82">
            <Shape><Polygon POINTS="252 1140 292 1090 320 1110 360 1090 385 1115 415 1115 437 1095 490 1097 507 1115 557 1115 580 1102 607 1125 642 1102 655 1115 685 1107 717 1127 797 1105 825 1115 847 1102 862 1115 882 1095 922 1115 977 1115 1000 1092 1037 1115 1070 1095 1085 1140 1067 1155 975 1157 955 1170 812 1150 747 1172 712 1155 680 1172 665 1157 620 1167 600 1150 487 1157 432 1145 410 1167 327 1157 312 1145 282 1172 257 1162"/></Shape>
	    <String CONTENT="نخوردند می جز همه11 یاد او"
                    HPOS="252"
                    VPOS="1090"
                    WIDTH="833"
                    HEIGHT="82"></String>
          </TextLine>
          
          
	  <TextLine ID="eSc_line_59433"
                    
                    BASELINE="1160 1217 1195 1225 1872 1225 2004 1217" 
                    HPOS="1160"
                    VPOS="1162"
                    WIDTH="842"
                    HEIGHT="88">
            <Shape><Polygon POINTS="1160 1215 1172 1180 1225 1190 1242 1172 1287 1205 1345 1185 1370 1197 1432 1172 1467 1192 1482 1182 1510 1192 1597 1182 1627 1202 1695 1182 1720 1192 1742 1172 1780 1172 1797 1187 1812 1175 1832 1182 1857 1162 1885 1177 1917 1170 1952 1192 1972 1187 2002 1215 1970 1250 1947 1235 1817 1235 1797 1225 1715 1225 1662 1245 1645 1245 1622 1225 1597 1247 1535 1232 1500 1245 1470 1225 1372 1225 1352 1245 1332 1235 1297 1245 1275 1225 1207 1242 1162 1230"/></Shape>
	    <String CONTENT="بدانگه که می چیره شد بر خرد"
                    HPOS="1160"
                    VPOS="1162"
                    WIDTH="842"
                    HEIGHT="88"></String>
          </TextLine>
          
          
	  <TextLine ID="eSc_line_59413"
                    
                    BASELINE="265 1222 312 1230 370 1222 1035 1225 1075 1217" 
                    HPOS="265"
                    VPOS="1167"
                    WIDTH="810"
                    HEIGHT="88">
            <Shape><Polygon POINTS="265 1222 267 1185 345 1195 375 1177 402 1202 497 1170 512 1182 547 1172 572 1195 602 1180 622 1195 650 1167 685 1192 707 1170 735 1170 757 1192 775 1187 790 1197 817 1190 840 1167 880 1190 907 1172 935 1190 957 1167 1025 1190 1062 1170 1075 1217 1047 1235 1002 1242 940 1225 862 1250 840 1235 817 1245 797 1227 767 1250 735 1227 725 1237 660 1235 632 1247 605 1237 577 1255 520 1225 435 1237 420 1250 400 1250 385 1235 325 1252 267 1237"/></Shape>
	    <String CONTENT="کجا خواب و آسایش12 اندر خورد"
                    HPOS="265"
                    VPOS="1167"
                    WIDTH="810"
                    HEIGHT="88"></String>
          </TextLine>
          
          
	  <TextLine ID="eSc_line_59424"
                    
                    BASELINE="1160 1295 1390 1305 2008 1305" 
                    HPOS="1160"
                    VPOS="1242"
                    WIDTH="847"
                    HEIGHT="85">
            <Shape><Polygon POINTS="1160 1295 1175 1252 1205 1252 1222 1267 1245 1245 1280 1245 1297 1262 1335 1242 1370 1275 1442 1270 1465 1247 1490 1242 1512 1265 1530 1247 1555 1247 1585 1277 1670 1272 1685 1287 1705 1272 1835 1267 1877 1247 1900 1270 1980 1270 2007 1305 1917 1322 1810 1307 1787 1327 1765 1317 1690 1327 1672 1312 1580 1325 1560 1305 1527 1325 1502 1312 1362 1325 1330 1305 1225 1325 1162 1297"/></Shape>
	    <String CONTENT="سبک بر سر آبگیر گلاب13"
                    HPOS="1160"
                    VPOS="1242"
                    WIDTH="847"
                    HEIGHT="85"></String>
          </TextLine>
          
          
	  <TextLine ID="eSc_line_59420"
                    
                    BASELINE="260 1297 302 1305 1052 1305 1089 1309" 
                    HPOS="260"
                    VPOS="1247"
                    WIDTH="827"
                    HEIGHT="85">
            <Shape><Polygon POINTS="260 1295 262 1270 275 1272 302 1247 335 1272 375 1255 407 1287 475 1247 547 1290 577 1262 645 1265 685 1247 720 1272 752 1270 767 1282 795 1255 820 1247 845 1265 870 1255 932 1272 960 1262 1000 1272 1030 1250 1050 1267 1077 1270 1087 1307 1067 1325 1010 1312 975 1327 945 1312 922 1330 902 1330 887 1315 830 1312 792 1325 770 1305 720 1317 610 1315 595 1330 565 1330 542 1307 517 1330 490 1315 432 1322 412 1305 350 1315 327 1332 297 1320 280 1327 262 1315"/></Shape>
	    <String CONTENT="بفرمودشان ساختن جای خواب"
                    HPOS="260"
                    VPOS="1247"
                    WIDTH="827"
                    HEIGHT="85"></String>
          </TextLine>
          
          
	  <TextLine ID="eSc_line_59419"
                    
                    BASELINE="1170 1387 1265 1382 1880 1382 1992 1383" 
                    HPOS="1170"
                    VPOS="1317"
                    WIDTH="820"
                    HEIGHT="93">
            <Shape><Polygon POINTS="1170 1385 1172 1345 1195 1335 1215 1350 1250 1332 1267 1350 1302 1340 1320 1352 1362 1327 1395 1345 1407 1335 1430 1342 1452 1322 1477 1325 1495 1342 1507 1332 1532 1342 1575 1325 1585 1335 1617 1330 1640 1350 1665 1352 1737 1347 1755 1330 1842 1350 1882 1317 1927 1350 1982 1347 1990 1382 1977 1405 1952 1397 1937 1407 1912 1392 1795 1405 1752 1382 1725 1410 1670 1392 1635 1405 1587 1380 1512 1407 1475 1390 1337 1402 1315 1385 1262 1407 1247 1392 1172 1390"/></Shape>
	    <String CONTENT="بپالیز14 زیر15 گل افشان درخت"
                    HPOS="1170"
                    VPOS="1317"
                    WIDTH="820"
                    HEIGHT="93"></String>
          </TextLine>
          
          
	  <TextLine ID="eSc_line_59425"
                    
                    BASELINE="252 1385 1073 1380" 
                    HPOS="250"
                    VPOS="1327"
                    WIDTH="822"
                    HEIGHT="88">
            <Shape><Polygon POINTS="250 1385 252 1357 275 1340 307 1350 340 1332 360 1352 392 1352 435 1330 470 1352 495 1327 520 1342 535 1330 595 1342 632 1332 647 1347 670 1335 687 1352 782 1332 830 1355 865 1330 897 1350 930 1340 947 1352 975 1332 992 1345 1017 1332 1042 1355 1065 1347 1072 1380 1065 1410 1022 1395 907 1395 890 1382 865 1407 832 1397 790 1412 755 1385 732 1395 637 1385 600 1415 515 1387 457 1407 442 1395 375 1405 255 1385"/></Shape>
	    <String CONTENT="بخفت این16 سه آزادهٔ نیکبخت"
                    HPOS="250"
                    VPOS="1327"
                    WIDTH="822"
                    HEIGHT="88"></String>
          </TextLine>
          
          
	  <TextLine ID="eSc_line_59408"
                    
                    BASELINE="1160 1470 1275 1462 1842 1462 1962 1465 1987 1477 2004 1473" 
                    HPOS="1160"
                    VPOS="1402"
                    WIDTH="842"
                    HEIGHT="88">
            <Shape><Polygon POINTS="1160 1470 1162 1430 1205 1405 1247 1432 1287 1402 1315 1422 1340 1415 1355 1430 1407 1402 1445 1427 1475 1405 1505 1432 1560 1412 1582 1435 1630 1407 1645 1407 1670 1432 1725 1427 1747 1405 1782 1432 1835 1412 1862 1440 1880 1427 1977 1430 1995 1442 2002 1472 1895 1475 1870 1485 1842 1465 1825 1475 1757 1475 1740 1490 1692 1475 1605 1482 1582 1462 1540 1475 1455 1475 1435 1462 1422 1472 1375 1472 1357 1490 1335 1490 1320 1475 1247 1475 1220 1487 1162 1475"/></Shape>
	    <String CONTENT="سر تازیان شاه افسونگران"
                    HPOS="1160"
                    VPOS="1402"
                    WIDTH="842"
                    HEIGHT="88"></String>
          </TextLine>
          
          
	  <TextLine ID="eSc_line_59397"
                    
                    BASELINE="267 1470 400 1462 877 1462 932 1470 1082 1472" 
                    HPOS="267"
                    VPOS="1407"
                    WIDTH="815"
                    HEIGHT="85">
            <Shape><Polygon POINTS="267 1470 270 1417 292 1410 335 1430 367 1427 402 1407 427 1430 445 1422 467 1437 525 1412 550 1427 572 1415 592 1435 630 1417 660 1435 697 1422 722 1432 755 1407 790 1432 850 1407 872 1430 900 1425 925 1440 977 1432 995 1415 1022 1410 1042 1430 1065 1425 1075 1435 1082 1472 1062 1485 980 1475 957 1487 920 1472 895 1492 855 1475 815 1487 782 1462 680 1485 577 1477 532 1462 520 1475 457 1487 417 1462 322 1490 270 1485"/></Shape>
	    <String CONTENT="یکی چاره اندیشه کرد اندران"
                    HPOS="267"
                    VPOS="1407"
                    WIDTH="815"
                    HEIGHT="85"></String>
          </TextLine>
          
          
	  <TextLine ID="eSc_line_59393"
                    
                    BASELINE="1175 1550 1237 1555 1297 1547 1347 1552 1377 1550 1402 1542 1700 1545 1807 1540 1870 1552 1992 1555" 
                    HPOS="1175"
                    VPOS="1485"
                    WIDTH="817"
                    HEIGHT="87">
            <Shape><Polygon POINTS="1175 1550 1177 1512 1190 1502 1267 1512 1297 1492 1327 1520 1355 1500 1372 1512 1417 1512 1450 1497 1467 1515 1490 1515 1530 1485 1567 1515 1600 1485 1620 1485 1652 1515 1687 1485 1717 1515 1737 1500 1770 1515 1800 1490 1820 1490 1842 1510 1867 1492 1912 1515 1972 1502 1985 1512 1992 1555 1975 1567 1942 1555 1882 1570 1825 1545 1805 1562 1735 1560 1702 1545 1677 1570 1657 1572 1615 1545 1560 1560 1380 1555 1357 1572 1337 1572 1315 1550 1237 1570 1177 1567"/></Shape>
	    <String CONTENT="برون آمد از گلشن خسروی"
                    HPOS="1175"
                    VPOS="1485"
                    WIDTH="817"
                    HEIGHT="87"></String>
          </TextLine>
          
          
	  <TextLine ID="eSc_line_59403"
                    
                    BASELINE="250 1547 285 1555 620 1552 677 1557 720 1550 772 1547 895 1547 1017 1550 1081 1547" 
                    HPOS="250"
                    VPOS="1487"
                    WIDTH="830"
                    HEIGHT="88">
            <Shape><Polygon POINTS="250 1545 260 1512 292 1497 325 1505 340 1490 377 1515 430 1510 465 1535 507 1500 537 1517 610 1515 637 1487 660 1500 697 1490 725 1517 747 1502 780 1517 840 1515 865 1490 890 1500 912 1487 940 1515 1067 1510 1080 1545 1067 1570 1030 1557 922 1555 885 1570 862 1557 737 1560 720 1550 662 1570 565 1557 522 1560 505 1575 480 1572 460 1552 427 1575 402 1557 340 1555 300 1570 255 1555"/></Shape>
	    <String CONTENT="بیاراست آرایش جادوی"
                    HPOS="250"
                    VPOS="1487"
                    WIDTH="830"
                    HEIGHT="88"></String>
          </TextLine>
          
          
	  <TextLine ID="eSc_line_59394"
                    
                    BASELINE="1165 1627 1227 1622 1530 1622 1842 1630 1892 1635 1987 1630" 
                    HPOS="1165"
                    VPOS="1567"
                    WIDTH="820"
                    HEIGHT="85">
            <Shape><Polygon POINTS="1165 1625 1170 1582 1207 1570 1240 1595 1310 1580 1332 1597 1380 1567 1405 1595 1457 1590 1472 1605 1535 1567 1560 1592 1590 1595 1617 1587 1745 1597 1765 1577 1787 1595 1827 1572 1850 1572 1880 1602 1897 1590 1980 1587 1985 1630 1975 1650 1935 1635 1880 1650 1847 1632 1817 1652 1777 1647 1745 1627 1650 1637 1630 1650 1517 1627 1485 1652 1465 1640 1437 1650 1425 1637 1342 1635 1327 1620 1307 1635 1207 1637 1195 1647 1167 1640"/></Shape>
	    <String CONTENT="بر آورد سرما و باد دمان"
                    HPOS="1165"
                    VPOS="1567"
                    WIDTH="820"
                    HEIGHT="85"></String>
          </TextLine>
          
          
	  <TextLine ID="eSc_line_59398"
                    
                    BASELINE="270 1622 482 1622 572 1627 660 1622 1079 1622" 
                    HPOS="270"
                    VPOS="1570"
                    WIDTH="807"
                    HEIGHT="87">
            <Shape><Polygon POINTS="270 1620 275 1580 297 1572 332 1592 375 1575 407 1582 442 1572 467 1597 500 1580 520 1597 552 1590 565 1600 622 1592 645 1575 685 1587 737 1572 767 1602 830 1595 855 1570 915 1585 1007 1570 1047 1595 1070 1590 1077 1620 1067 1650 1007 1635 970 1647 920 1622 902 1637 845 1632 797 1637 780 1650 762 1650 742 1630 715 1647 637 1630 615 1652 592 1640 545 1650 505 1637 407 1647 387 1630 342 1657 307 1637 275 1647"/></Shape>
	    <String CONTENT="بدان 17 تا سر آیند 18 بریشان 19 زمان"
                    HPOS="270"
                    VPOS="1570"
                    WIDTH="807"
                    HEIGHT="87"></String>
          </TextLine>
          
          
	  <TextLine ID="eSc_line_59434"
                    
                    BASELINE="1174 1715 1315 1715 1430 1702 1995 1705" 
                    HPOS="1172"
                    VPOS="1647"
                    WIDTH="823"
                    HEIGHT="85">
            <Shape><Polygon POINTS="1172 1715 1175 1650 1212 1650 1257 1687 1277 1670 1297 1680 1327 1655 1345 1670 1380 1675 1412 1650 1435 1670 1460 1665 1477 1680 1495 1665 1520 1677 1560 1672 1590 1652 1640 1680 1665 1655 1690 1667 1727 1652 1747 1672 1815 1655 1835 1675 1855 1655 1890 1647 1905 1662 1925 1655 1942 1670 1980 1672 1995 1705 1967 1730 1927 1712 1850 1722 1832 1707 1750 1715 1722 1705 1672 1715 1647 1702 1622 1727 1592 1712 1517 1727 1475 1707 1462 1717 1375 1717 1357 1732 1300 1715 1277 1732 1250 1717 1232 1730 1175 1732"/></Shape>
	    <String CONTENT="چنان شد که بفسرد هامون و راغ"
                    HPOS="1172"
                    VPOS="1647"
                    WIDTH="823"
                    HEIGHT="85"></String>
          </TextLine>
          
          
	  <TextLine ID="eSc_line_59402"
                    
                    BASELINE="257 1692 270 1727 310 1715 705 1715 732 1710 877 1702 902 1715 1079 1715" 
                    HPOS="255"
                    VPOS="1647"
                    WIDTH="822"
                    HEIGHT="90">
            <Shape><Polygon POINTS="255 1690 257 1662 290 1647 307 1647 347 1677 372 1662 412 1677 447 1667 470 1677 565 1667 582 1685 617 1660 642 1675 700 1672 725 1647 760 1675 795 1675 817 1655 840 1670 860 1652 887 1652 907 1672 965 1665 990 1687 1010 1672 1067 1667 1077 1715 1065 1730 1035 1715 1012 1727 980 1715 967 1727 942 1717 897 1727 850 1702 782 1725 730 1717 710 1730 630 1715 582 1715 565 1732 532 1717 442 1727 427 1717 362 1715 320 1737 257 1730"/></Shape>
	    <String CONTENT="بسر بر20 نیارست پرید زاغ"
                    HPOS="255"
                    VPOS="1647"
                    WIDTH="822"
                    HEIGHT="90"></String>
          </TextLine>
          
          
	  <TextLine ID="eSc_line_59409"
                    
                    BASELINE="1182 1785 1957 1782 1992 1787" 
                    HPOS="1182"
                    VPOS="1725"
                    WIDTH="810"
                    HEIGHT="90">
            <Shape><Polygon POINTS="1182 1785 1185 1745 1212 1727 1237 1747 1250 1737 1280 1747 1320 1725 1355 1747 1382 1750 1420 1725 1452 1747 1470 1732 1510 1740 1530 1727 1550 1742 1575 1735 1602 1762 1627 1737 1650 1732 1672 1732 1700 1760 1720 1745 1747 1755 1765 1737 1832 1755 1872 1727 1892 1747 1915 1737 1937 1757 1985 1757 1992 1787 1945 1802 1887 1785 1792 1815 1757 1797 1705 1797 1692 1785 1640 1807 1620 1805 1600 1785 1577 1797 1445 1785 1385 1795 1362 1810 1310 1795 1185 1802"/></Shape>
	    <String CONTENT="سه فرزند آن شاه21 افسون گشای"
                    HPOS="1182"
                    VPOS="1725"
                    WIDTH="810"
                    HEIGHT="90"></String>
          </TextLine>
          
          
	  <TextLine ID="eSc_line_59435"
                    
                    BASELINE="260 1797 300 1790 395 1790 475 1782 1087 1782" 
                    HPOS="260"
                    VPOS="1730"
                    WIDTH="825"
                    HEIGHT="87">
            <Shape><Polygon POINTS="260 1795 262 1752 300 1730 332 1755 352 1747 382 1765 430 1730 460 1750 567 1757 592 1740 625 1752 645 1732 660 1732 682 1755 725 1755 747 1735 787 1742 820 1730 867 1760 927 1740 947 1750 975 1742 990 1755 1010 1745 1065 1750 1085 1780 1062 1812 1037 1797 1012 1807 997 1797 867 1795 837 1817 815 1805 785 1807 735 1782 715 1797 587 1795 572 1785 487 1810 470 1797 427 1795 402 1815 375 1802 347 1812 332 1797 262 1802"/></Shape>
	    <String CONTENT="بجستند زان22 سخت سرما ز جای"
                    HPOS="260"
                    VPOS="1730"
                    WIDTH="825"
                    HEIGHT="87"></String>
          </TextLine>
          
          
	  <TextLine ID="eSc_line_59395"
                    
                    BASELINE="1175 1872 1262 1867 1295 1870 1320 1877 1345 1872 1430 1875 1482 1870 1735 1862 1925 1865 1989 1857" 
                    HPOS="1175"
                    VPOS="1807"
                    WIDTH="812"
                    HEIGHT="88">
            <Shape><Polygon POINTS="1175 1870 1177 1837 1210 1835 1245 1807 1275 1825 1312 1810 1350 1835 1370 1835 1407 1807 1437 1837 1490 1817 1535 1837 1565 1807 1600 1830 1637 1817 1697 1837 1737 1835 1762 1810 1785 1820 1877 1810 1917 1837 1980 1830 1987 1855 1970 1890 1897 1875 1847 1890 1790 1865 1765 1885 1715 1875 1660 1892 1642 1877 1607 1882 1592 1867 1562 1880 1512 1880 1485 1895 1465 1885 1435 1892 1417 1875 1327 1895 1297 1877 1237 1875 1180 1890"/></Shape>
	    <String CONTENT="بدان23 ایزدی فرّ و فرزانگی"
                    HPOS="1175"
                    VPOS="1807"
                    WIDTH="812"
                    HEIGHT="88"></String>
          </TextLine>
          
          
	  <TextLine ID="eSc_line_59405"
                    
                    BASELINE="250 1872 290 1872 317 1877 350 1860 375 1865 475 1862 550 1870 947 1870 1007 1862 1079 1870" 
                    HPOS="250"
                    VPOS="1807"
                    WIDTH="827"
                    HEIGHT="88">
            <Shape><Polygon POINTS="250 1870 262 1840 327 1837 367 1807 405 1837 460 1810 492 1837 582 1825 607 1845 635 1830 652 1847 705 1810 737 1832 772 1812 805 1832 835 1817 862 1842 887 1817 940 1832 965 1807 985 1807 1017 1835 1067 1827 1077 1870 1067 1890 1040 1877 980 1875 942 1877 925 1892 880 1885 862 1870 697 1885 652 1870 625 1892 595 1872 527 1877 490 1892 455 1875 305 1880 267 1895 252 1880"/></Shape>
	    <String CONTENT="بافسون شاهان و مردانگی"
                    HPOS="250"
                    VPOS="1807"
                    WIDTH="827"
                    HEIGHT="88"></String>
          </TextLine>
          
          
	  <TextLine ID="eSc_line_59396"
                    
                    BASELINE="1162 1942 1787 1942 1837 1950 1862 1947 1925 1955 2004 1950" 
                    HPOS="1160"
                    VPOS="1882"
                    WIDTH="842"
                    HEIGHT="90">
            <Shape><Polygon POINTS="1160 1940 1165 1897 1200 1895 1210 1905 1227 1887 1267 1912 1300 1882 1330 1907 1345 1897 1372 1912 1385 1900 1457 1915 1492 1905 1517 1927 1575 1890 1610 1915 1662 1907 1692 1927 1722 1902 1750 1912 1765 1897 1797 1915 1820 1902 1842 1920 1867 1895 1897 1887 1940 1915 1975 1907 2002 1950 1957 1972 1942 1957 1880 1967 1842 1950 1812 1967 1777 1955 1717 1957 1695 1942 1655 1972 1637 1957 1575 1952 1527 1970 1510 1952 1480 1967 1470 1957 1437 1965 1422 1955 1280 1950 1242 1970 1162 1947"/></Shape>
	    <String CONTENT="بران بند جادو ببستند راه24"
                    HPOS="1160"
                    VPOS="1882"
                    WIDTH="842"
                    HEIGHT="90"></String>
          </TextLine>
          
          
	  <TextLine ID="eSc_line_59399"
                    
                    BASELINE="262 1945 1078 1945" 
                    HPOS="260"
                    VPOS="1890"
                    WIDTH="817"
                    HEIGHT="90">
            <Shape><Polygon POINTS="260 1945 265 1910 280 1895 305 1905 325 1890 382 1910 397 1897 472 1892 497 1917 512 1902 545 1917 597 1905 622 1917 662 1917 697 1895 717 1915 735 1910 750 1920 827 1920 842 1907 880 1917 902 1895 917 1895 967 1922 1030 1892 1072 1902 1077 1945 1067 1957 995 1960 972 1972 925 1952 905 1970 882 1967 862 1980 842 1977 822 1957 747 1972 675 1947 650 1972 620 1960 580 1972 552 1960 467 1960 440 1970 387 1945 367 1960 265 1960"/></Shape>
	    <String CONTENT="نکرد ایچ سرما بدیشان25 نگاه"
                    HPOS="260"
                    VPOS="1890"
                    WIDTH="817"
                    HEIGHT="90"></String>
          </TextLine>
          
          
	  <TextLine ID="eSc_line_59392"
                    
                    BASELINE="1157 2027 1220 2022 1350 2030 1642 2030 1737 2025 1832 2035 1996 2030" 
                    HPOS="1155"
                    VPOS="1970"
                    WIDTH="840"
                    HEIGHT="87">
            <Shape><Polygon POINTS="1155 2025 1167 1985 1195 1990 1220 1975 1247 1982 1277 1970 1320 1995 1370 1975 1395 1997 1435 1972 1460 1997 1517 2002 1535 1985 1580 1987 1602 2010 1635 1990 1732 1992 1762 1975 1782 1992 1832 1992 1860 1975 1890 2005 1910 1987 1977 1992 1995 2030 1965 2050 1935 2037 1900 2050 1885 2035 1835 2035 1795 2052 1745 2035 1725 2045 1660 2037 1647 2050 1595 2037 1567 2057 1520 2030 1460 2050 1437 2037 1415 2057 1400 2057 1375 2032 1310 2047 1282 2030 1235 2022 1195 2052 1157 2032"/></Shape>
	    <String CONTENT="چو خورشید بر زد سر از تیره 26 کوه"
                    HPOS="1155"
                    VPOS="1970"
                    WIDTH="840"
                    HEIGHT="87"></String>
          </TextLine>
          
          
	  <TextLine ID="eSc_line_59404"
                    
                    BASELINE="265 2017 375 2035 485 2035 515 2030 665 2027 852 2027 877 2020 945 2027 1090 2024" 
                    HPOS="265"
                    VPOS="1967"
                    WIDTH="825"
                    HEIGHT="88">
            <Shape><Polygon POINTS="265 2015 270 1977 325 1992 352 1977 377 1997 417 1992 435 1977 487 1995 527 1967 565 1995 585 1982 610 2000 677 1990 700 2012 762 1972 797 1987 820 1970 847 1995 880 1995 895 2010 922 1985 955 1995 990 1970 1012 1992 1065 1987 1090 2022 1060 2050 980 2035 907 2040 892 2025 877 2040 830 2037 810 2047 770 2037 725 2042 690 2025 675 2037 600 2050 545 2030 487 2040 465 2055 392 2055 375 2040 325 2055 285 2032 267 2035"/></Shape>
	    <String CONTENT="بیامد سبک مرد افسون پژوه27"
                    HPOS="265"
                    VPOS="1967"
                    WIDTH="825"
                    HEIGHT="88"></String>
          </TextLine>
          
          
	  <TextLine ID="eSc_line_59441"
                    
                    BASELINE="1072 2860 1177 2860" 
                    HPOS="1072"
                    VPOS="2807"
                    WIDTH="105"
                    HEIGHT="70">
            <Shape><Polygon POINTS="1072 2860 1077 2812 1150 2807 1172 2830 1177 2860 1160 2877 1077 2877"/></Shape>
	    <String CONTENT="۲۵۵"
                    HPOS="1072"
                    VPOS="2807"
                    WIDTH="105"
                    HEIGHT="70"></String>
          </TextLine>
          </TextBlock>
          
        </PrintSpace>
      </Page>
    </Layout>
  </alto>
