<?xml version="1.0" encoding="UTF-8"?>
<alto xmlns:xsi="http://www.w3.org/2001/XMLSchema-instance"
      xmlns="http://www.loc.gov/standards/alto/ns-v4#"
      xsi:schemaLocation="http://www.loc.gov/standards/alto/ns-v4# https://gitlab.inria.fr/scripta/escriptorium/-/raw/develop/app/escriptorium/static/alto-4-1-baselines.xsd">
  <Description>
    <MeasurementUnit>pixel</MeasurementUnit>
    <sourceImageInformation>
      <fileName>Ferdowsi_Moscow.pdf_000061.png</fileName>
    </sourceImageInformation>
  </Description>
  
  <Tags>
    <OtherTag ID="BT1" LABEL="Title" DESCRIPTION="block type Title"/><OtherTag ID="BT2" LABEL="Main" DESCRIPTION="block type Main"/><OtherTag ID="BT3" LABEL="Commentary" DESCRIPTION="block type Commentary"/><OtherTag ID="BT4" LABEL="Illustration" DESCRIPTION="block type Illustration"/>
    
  </Tags>
  
  <Layout>
    <Page WIDTH="2430"
          HEIGHT="3000"
          PHYSICAL_IMG_NR="27"
          ID="eSc_dummypage_">
      <PrintSpace HPOS="0"
                  VPOS="0"
                  WIDTH="2430"
                  HEIGHT="3000">
        
        <TextBlock ID="eSc_dummyblock_">
          
	  <TextLine ID="eSc_line_120069"
                    
                    BASELINE="1062 440 1130 432 1216 432" 
                    HPOS="1060"
                    VPOS="382"
                    WIDTH="155"
                    HEIGHT="98">
            <Shape><Polygon POINTS="1060 440 1062 400 1085 387 1130 397 1160 382 1197 395 1215 430 1210 480 1067 480"/></Shape>
	    <String CONTENT="منوچهر"
                    HPOS="1060"
                    VPOS="382"
                    WIDTH="155"
                    HEIGHT="98"></String>
          </TextLine>
          
          
	  <TextLine ID="eSc_line_120070"
                    
                    BASELINE="1172 560 1260 557 1922 562 1995 567" 
                    HPOS="1172"
                    VPOS="495"
                    WIDTH="823"
                    HEIGHT="92">
            <Shape><Polygon POINTS="1172 560 1180 520 1250 522 1267 507 1302 522 1337 517 1355 530 1407 497 1435 517 1462 507 1497 525 1555 522 1582 510 1602 522 1655 495 1705 540 1745 517 1795 535 1830 507 1850 510 1867 497 1910 522 1967 500 1990 512 1995 567 1967 582 1942 570 1915 585 1862 567 1800 585 1780 567 1760 585 1727 587 1695 565 1670 582 1645 570 1615 575 1600 562 1457 580 1445 570 1377 577 1350 560 1245 567 1230 577 1195 567 1175 580"/></Shape>
	    <String CONTENT="[ دو رانش چو ران هیونان ستبر"
                    HPOS="1172"
                    VPOS="495"
                    WIDTH="823"
                    HEIGHT="92"></String>
          </TextLine>
          
          
	  <TextLine ID="eSc_line_120098"
                    
                    BASELINE="260 570 417 560 722 565 1075 555" 
                    HPOS="260"
                    VPOS="497"
                    WIDTH="815"
                    HEIGHT="88">
            <Shape><Polygon POINTS="260 570 262 500 290 502 312 525 417 517 442 537 467 517 582 527 595 512 622 517 655 497 707 547 782 507 825 540 847 525 920 525 940 505 955 505 985 535 1030 500 1067 532 1075 555 1020 577 987 557 907 577 870 570 852 582 815 562 740 582 702 565 625 580 585 565 567 582 550 585 535 572 510 585 450 580 432 562 412 582 387 570 362 580 340 567 317 580 287 572 262 582"/></Shape>
	    <String CONTENT="دل شیر نر دارد و زور ببر1]"
                    HPOS="260"
                    VPOS="497"
                    WIDTH="815"
                    HEIGHT="88"></String>
          </TextLine>
          
          
	  <TextLine ID="eSc_line_120099"
                    
                    BASELINE="1160 640 1212 640 1242 645 1907 642 1987 647 1986 640 2003 641" 
                    HPOS="1160"
                    VPOS="575"
                    WIDTH="842"
                    HEIGHT="92">
            <Shape><Polygon POINTS="1160 640 1162 605 1187 580 1207 580 1262 617 1280 600 1302 605 1350 575 1390 610 1405 597 1435 607 1460 582 1475 582 1500 607 1520 602 1537 617 1567 607 1597 577 1675 617 1695 600 1765 607 1792 587 1827 620 1852 597 1872 607 1932 597 1945 607 1980 582 1995 595 2002 640 1987 660 1922 650 1902 662 1880 655 1865 667 1842 667 1817 642 1755 660 1715 657 1697 642 1672 642 1652 660 1612 660 1592 647 1562 662 1537 650 1502 662 1477 645 1460 660 1437 652 1417 667 1397 667 1375 645 1340 657 1307 645 1292 660 1260 650 1232 657 1212 645 1165 650"/></Shape>
	    <String CONTENT="[بدین خوب روئی و این فرّ و یال"
                    HPOS="1160"
                    VPOS="575"
                    WIDTH="842"
                    HEIGHT="92"></String>
          </TextLine>
          
          
	  <TextLine ID="eSc_line_120086"
                    
                    BASELINE="255 642 317 647 342 640 422 637 655 640 680 647 752 642 807 645 857 640 1075 640" 
                    HPOS="255"
                    VPOS="580"
                    WIDTH="820"
                    HEIGHT="87">
            <Shape><Polygon POINTS="255 642 257 587 302 597 322 582 360 605 405 595 427 605 447 585 475 592 512 582 535 602 575 582 597 602 620 580 655 600 715 597 737 620 782 580 820 615 885 585 915 607 930 595 955 602 987 580 1030 607 1047 590 1065 592 1075 640 1055 650 985 647 962 662 917 640 887 640 822 665 792 645 762 667 732 647 712 665 687 650 660 657 647 647 577 662 560 650 477 657 455 640 432 640 257 665"/></Shape>
	    <String CONTENT="ندارد کس از پهلوانان2 همال 3]"
                    HPOS="255"
                    VPOS="580"
                    WIDTH="820"
                    HEIGHT="87"></String>
          </TextLine>
          
          
	  <TextLine ID="eSc_line_120087"
                    
                    BASELINE="1172 725 1495 725 1525 720 1622 720 1680 712 1797 712 1875 720 1900 727 1930 722 1990 722" 
                    HPOS="1172"
                    VPOS="660"
                    WIDTH="818"
                    HEIGHT="85">
            <Shape><Polygon POINTS="1172 725 1175 682 1285 685 1305 665 1345 695 1387 677 1412 687 1442 665 1487 685 1505 670 1527 680 1567 665 1592 690 1615 690 1665 660 1697 680 1737 662 1765 675 1792 667 1820 695 1840 675 1877 685 1917 672 1935 685 1957 662 1972 662 1982 670 1990 722 1975 740 1915 727 1900 737 1872 732 1860 745 1830 742 1810 722 1667 725 1600 740 1577 720 1490 727 1467 742 1415 725 1360 742 1337 725 1315 725 1265 742 1195 730 1175 745"/></Shape>
	    <String CONTENT="[بدین شادمانی کنون می خوریم"
                    HPOS="1172"
                    VPOS="660"
                    WIDTH="818"
                    HEIGHT="85"></String>
          </TextLine>
          
          
	  <TextLine ID="eSc_line_120104"
                    
                    BASELINE="257 722 402 722 427 727 455 720 865 720 890 725 1087 725" 
                    HPOS="255"
                    VPOS="660"
                    WIDTH="830"
                    HEIGHT="85">
            <Shape><Polygon POINTS="255 720 260 665 292 665 312 685 355 680 365 690 417 662 445 677 470 670 487 685 575 662 617 692 637 677 702 682 735 660 757 677 775 665 837 665 857 685 902 687 927 665 960 690 1065 680 1085 725 1062 742 1037 730 990 730 957 745 927 725 877 745 860 730 795 737 777 720 682 727 662 742 620 720 590 742 552 720 532 720 512 740 485 727 395 727 370 742 325 730 307 745 257 742"/></Shape>
	    <String CONTENT="بمی4 جان5 اندوه را6 بشکریم7]"
                    HPOS="255"
                    VPOS="660"
                    WIDTH="830"
                    HEIGHT="85"></String>
          </TextLine>
          
          
	  <TextLine ID="eSc_line_120105"
                    
                    BASELINE="1182 795 1537 792 1642 800 1845 797 1991 801" 
                    HPOS="1180"
                    VPOS="737"
                    WIDTH="810"
                    HEIGHT="88">
            <Shape><Polygon POINTS="1180 795 1182 750 1195 740 1242 762 1267 750 1285 767 1307 755 1342 767 1392 737 1417 757 1442 747 1467 765 1500 752 1525 770 1552 745 1577 762 1600 742 1620 742 1657 772 1710 755 1730 762 1750 742 1775 737 1795 757 1832 742 1862 765 1885 742 1905 740 1945 767 1977 765 1990 800 1972 822 1942 812 1925 825 1900 810 1870 815 1850 797 1827 812 1760 805 1707 820 1682 807 1657 825 1617 800 1582 812 1487 810 1460 795 1442 810 1382 800 1322 810 1280 795 1220 822 1182 807"/></Shape>
	    <String CONTENT="بزال آنگهی گفت تاصد نژاد"
                    HPOS="1180"
                    VPOS="737"
                    WIDTH="810"
                    HEIGHT="88"></String>
          </TextLine>
          
          
	  <TextLine ID="eSc_line_120090"
                    
                    BASELINE="263 792 447 800 595 800 622 805 1088 805" 
                    HPOS="262"
                    VPOS="740"
                    WIDTH="825"
                    HEIGHT="90">
            <Shape><Polygon POINTS="262 790 265 747 275 745 305 757 327 740 355 765 402 762 420 775 447 747 500 767 527 742 572 762 582 752 607 760 635 740 682 777 702 757 722 760 740 745 782 777 845 750 872 760 900 750 920 770 1067 760 1087 805 1065 820 1040 812 1025 822 1002 810 982 822 952 810 905 822 887 805 852 805 787 830 760 805 707 827 675 810 647 822 605 802 585 812 530 810 500 825 460 802 427 800 392 825 382 812 307 812 265 800"/></Shape>
	    <String CONTENT="بپرسی8 کس این را ندارد9 بیاد 10"
                    HPOS="262"
                    VPOS="740"
                    WIDTH="825"
                    HEIGHT="90"></String>
          </TextLine>
          
          
	  <TextLine ID="eSc_line_120106"
                    
                    BASELINE="1167 877 1272 885 1665 885 1712 880 1910 872 1962 872 1995 877" 
                    HPOS="1167"
                    VPOS="820"
                    WIDTH="828"
                    HEIGHT="90">
            <Shape><Polygon POINTS="1167 877 1170 845 1185 835 1205 842 1225 827 1257 842 1275 825 1302 822 1322 842 1342 827 1390 847 1455 840 1470 855 1487 840 1507 847 1535 820 1572 847 1642 837 1667 862 1700 835 1722 850 1792 827 1815 845 1842 847 1875 825 1902 840 1917 827 1940 840 1972 825 1987 835 1995 877 1975 875 1947 892 1885 875 1825 905 1782 885 1755 895 1722 885 1695 910 1662 890 1637 905 1612 890 1597 900 1512 890 1482 902 1462 890 1452 900 1425 887 1400 900 1355 900 1300 885 1267 902 1230 902 1217 890 1170 887"/></Shape>
	    <String CONTENT="که کودک ز پهلو برون آورند"
                    HPOS="1167"
                    VPOS="820"
                    WIDTH="828"
                    HEIGHT="90"></String>
          </TextLine>
          
          
	  <TextLine ID="eSc_line_120091"
                    
                    BASELINE="265 867 365 882 595 885 1042 885 1087 877" 
                    HPOS="265"
                    VPOS="822"
                    WIDTH="820"
                    HEIGHT="85">
            <Shape><Polygon POINTS="265 865 267 830 305 842 340 832 355 845 402 822 435 850 465 827 482 842 520 842 547 860 610 825 657 852 682 827 705 827 725 845 757 822 787 847 817 827 870 850 902 835 927 860 952 837 982 847 1022 832 1042 845 1067 842 1085 875 1060 902 1017 890 950 907 915 885 867 900 812 890 770 905 717 902 700 885 655 885 632 907 610 895 580 905 552 885 522 907 450 897 432 882 377 905 267 887"/></Shape>
	    <String CONTENT="بدین نیکوئی11 چاره چون آورند12"
                    HPOS="265"
                    VPOS="822"
                    WIDTH="820"
                    HEIGHT="85"></String>
          </TextLine>
          
          
	  <TextLine ID="eSc_line_120093"
                    
                    BASELINE="1160 967 1195 962 1507 965 1645 957 1702 960 1730 967 1800 962 2001 962" 
                    HPOS="1160"
                    VPOS="900"
                    WIDTH="840"
                    HEIGHT="90">
            <Shape><Polygon POINTS="1160 965 1162 937 1182 917 1207 927 1267 917 1337 927 1365 900 1402 902 1432 932 1465 902 1517 927 1582 912 1600 927 1625 902 1650 912 1665 900 1700 927 1740 917 1762 927 1800 902 1822 925 1980 920 2000 960 1972 982 1950 970 1845 970 1802 987 1762 965 1735 980 1700 967 1635 970 1615 957 1452 982 1420 965 1310 970 1295 980 1215 970 1190 990 1162 977"/></Shape>
	    <String CONTENT="بسیمرغ بادا هزار آفرین"
                    HPOS="1160"
                    VPOS="900"
                    WIDTH="840"
                    HEIGHT="90"></String>
          </TextLine>
          
          
	  <TextLine ID="eSc_line_120092"
                    
                    BASELINE="266 958 940 962 967 967 1010 960 1075 955" 
                    HPOS="265"
                    VPOS="902"
                    WIDTH="810"
                    HEIGHT="88">
            <Shape><Polygon POINTS="265 957 267 910 335 930 395 927 407 917 435 930 462 905 500 930 520 917 602 930 630 912 652 935 670 920 720 932 750 902 785 925 810 925 830 945 857 917 895 915 925 930 965 905 980 920 1007 910 1025 927 1065 905 1075 955 1035 972 982 975 967 965 935 982 920 972 885 982 827 960 797 985 760 982 737 960 702 982 682 982 642 960 625 972 570 972 537 987 485 960 457 975 402 972 385 985 340 975 302 990 267 965"/></Shape>
	    <String CONTENT="که ایزد ورا ره نمود اندرین13"
                    HPOS="265"
                    VPOS="902"
                    WIDTH="810"
                    HEIGHT="88"></String>
          </TextLine>
          
          
	  <TextLine ID="eSc_line_120107"
                    
                    BASELINE="1170 1047 1205 1042 1452 1045 1595 1037 1802 1040 1852 1032 1993 1032" 
                    HPOS="1170"
                    VPOS="977"
                    WIDTH="822"
                    HEIGHT="88">
            <Shape><Polygon POINTS="1170 1045 1172 1012 1185 1002 1260 1005 1297 985 1325 1000 1355 982 1372 982 1402 1012 1457 995 1477 1010 1500 992 1547 1005 1622 990 1637 1005 1712 1005 1727 1015 1767 1007 1787 990 1842 1005 1885 977 1907 997 1925 990 1940 1002 1975 985 1985 990 1992 1030 1957 1050 1922 1050 1890 1030 1872 1047 1835 1057 1777 1047 1757 1062 1737 1062 1717 1045 1675 1047 1652 1062 1632 1047 1565 1055 1487 1042 1462 1062 1435 1050 1400 1057 1385 1045 1327 1057 1302 1042 1270 1042 1237 1065 1172 1060"/></Shape>
	    <String CONTENT="که گیتی سپنجست پر آی 14 و رو"
                    HPOS="1170"
                    VPOS="977"
                    WIDTH="822"
                    HEIGHT="88"></String>
          </TextLine>
          
          
	  <TextLine ID="eSc_line_120115"
                    
                    BASELINE="272 1035 312 1032 365 1040 612 1037 715 1045 930 1045 1085 1035" 
                    HPOS="272"
                    VPOS="980"
                    WIDTH="813"
                    HEIGHT="90">
            <Shape><Polygon POINTS="272 1035 275 987 330 1007 367 992 387 1012 407 997 432 1007 447 995 467 1002 485 987 507 987 542 1020 600 980 632 1002 660 997 687 1025 700 1012 732 1010 757 987 780 987 830 1022 862 997 885 1005 912 992 940 1017 965 997 982 1007 1012 997 1030 1005 1072 987 1085 1035 1020 1060 992 1050 970 1070 927 1047 837 1045 812 1065 765 1050 705 1065 680 1042 637 1062 605 1050 537 1065 512 1040 467 1067 382 1040 302 1067 275 1042"/></Shape>
	    <String CONTENT="کهن شد یکی دیگر آرند نو15"
                    HPOS="272"
                    VPOS="980"
                    WIDTH="813"
                    HEIGHT="90"></String>
          </TextLine>
          
          
	  <TextLine ID="eSc_line_120074"
                    
                    BASELINE="1177 1117 1772 1117 1897 1125 1993 1125" 
                    HPOS="1175"
                    VPOS="1065"
                    WIDTH="817"
                    HEIGHT="80">
            <Shape><Polygon POINTS="1175 1115 1177 1085 1190 1075 1210 1082 1230 1070 1270 1085 1300 1072 1322 1092 1342 1072 1375 1065 1390 1080 1412 1075 1427 1087 1460 1080 1480 1100 1497 1085 1525 1095 1550 1077 1575 1090 1595 1072 1635 1087 1712 1087 1742 1070 1767 1085 1802 1085 1820 1072 1850 1095 1977 1080 1992 1125 1975 1142 1950 1130 1862 1142 1842 1125 1767 1130 1717 1120 1697 1140 1672 1130 1637 1140 1527 1125 1505 1145 1487 1145 1467 1125 1372 1130 1357 1140 1320 1125 1177 1130"/></Shape>
	    <String CONTENT="بمی دست بردند و مستان شدند"
                    HPOS="1175"
                    VPOS="1065"
                    WIDTH="817"
                    HEIGHT="80"></String>
          </TextLine>
          
          
	  <TextLine ID="eSc_line_120096"
                    
                    BASELINE="258 1115 375 1112 477 1120 692 1120 745 1125 1052 1125 1085 1117" 
                    HPOS="257"
                    VPOS="1062"
                    WIDTH="828"
                    HEIGHT="88">
            <Shape><Polygon POINTS="257 1115 260 1075 270 1070 335 1087 355 1075 397 1085 420 1070 447 1092 495 1062 517 1077 542 1075 557 1090 605 1077 625 1097 670 1062 700 1087 725 1082 737 1095 775 1070 815 1090 870 1087 882 1100 935 1075 965 1087 1022 1080 1037 1095 1067 1077 1085 1115 1060 1147 925 1130 897 1150 872 1130 782 1145 740 1127 707 1142 630 1120 602 1132 497 1130 480 1140 447 1127 300 1135 260 1122"/></Shape>
	    <String CONTENT="ز رستم سوی یاد دستان شدند16"
                    HPOS="257"
                    VPOS="1062"
                    WIDTH="828"
                    HEIGHT="88"></String>
          </TextLine>
          
          
	  <TextLine ID="eSc_line_120094"
                    
                    BASELINE="1182 1197 1512 1197 1602 1205 1993 1197" 
                    HPOS="1180"
                    VPOS="1142"
                    WIDTH="812"
                    HEIGHT="88">
            <Shape><Polygon POINTS="1180 1195 1187 1155 1210 1167 1280 1167 1310 1155 1325 1167 1365 1142 1410 1162 1437 1152 1450 1165 1477 1160 1495 1170 1525 1167 1547 1145 1590 1170 1615 1170 1627 1157 1650 1167 1685 1157 1702 1172 1722 1155 1745 1167 1797 1170 1830 1150 1857 1175 1970 1157 1985 1167 1992 1195 1975 1212 1912 1207 1882 1222 1852 1202 1805 1210 1770 1230 1712 1202 1627 1220 1597 1212 1567 1225 1550 1212 1525 1220 1505 1200 1480 1222 1450 1207 1372 1210 1360 1220 1337 1220 1320 1205 1272 1217 1185 1210"/></Shape>
	    <String CONTENT="همی خورد مهراب چندان نبید"
                    HPOS="1180"
                    VPOS="1142"
                    WIDTH="812"
                    HEIGHT="88"></String>
          </TextLine>
          
          
	  <TextLine ID="eSc_line_120081"
                    
                    BASELINE="260 1187 295 1195 355 1192 482 1205 577 1202 620 1207 660 1202 947 1205 1007 1200 1085 1200" 
                    HPOS="260"
                    VPOS="1140"
                    WIDTH="825"
                    HEIGHT="92">
            <Shape><Polygon POINTS="260 1187 265 1152 337 1170 377 1157 400 1165 422 1152 445 1177 525 1140 560 1160 605 1150 627 1172 680 1147 710 1170 745 1155 822 1167 850 1147 877 1175 907 1150 925 1167 1005 1170 1022 1152 1065 1147 1077 1157 1085 1200 1045 1212 1010 1202 987 1225 955 1215 935 1230 875 1205 820 1230 780 1215 720 1230 682 1205 632 1232 607 1227 587 1205 570 1205 547 1225 525 1212 470 1227 435 1210 380 1210 360 1225 262 1205"/></Shape>
	    <String CONTENT="که چون خویشتن کس17 بگیتی ندید 18"
                    HPOS="260"
                    VPOS="1140"
                    WIDTH="825"
                    HEIGHT="92"></String>
          </TextLine>
          
          
	  <TextLine ID="eSc_line_120075"
                    
                    BASELINE="1182 1290 1285 1287 1327 1282 1495 1282 1527 1287 1552 1280 1687 1275 1865 1280 1925 1280 1992 1272" 
                    HPOS="1180"
                    VPOS="1222"
                    WIDTH="810"
                    HEIGHT="88">
            <Shape><Polygon POINTS="1180 1290 1187 1245 1227 1237 1242 1252 1280 1222 1337 1257 1372 1225 1407 1247 1442 1247 1472 1230 1492 1247 1537 1235 1562 1250 1590 1235 1607 1250 1635 1232 1655 1252 1680 1232 1727 1247 1757 1230 1775 1245 1815 1222 1845 1252 1970 1237 1990 1270 1977 1292 1892 1290 1865 1305 1825 1280 1802 1292 1737 1292 1660 1277 1625 1292 1522 1300 1437 1290 1420 1307 1387 1287 1362 1310 1330 1295 1295 1310 1280 1295 1242 1287 1220 1307 1182 1302"/></Shape>
	    <String CONTENT="همی گفت نندیشم از زال زر"
                    HPOS="1180"
                    VPOS="1222"
                    WIDTH="810"
                    HEIGHT="88"></String>
          </TextLine>
          
          
	  <TextLine ID="eSc_line_120085"
                    
                    BASELINE="263 1267 320 1282 345 1285 460 1285 495 1280 662 1277 1101 1280" 
                    HPOS="262"
                    VPOS="1222"
                    WIDTH="838"
                    HEIGHT="90">
            <Shape><Polygon POINTS="262 1265 267 1230 297 1230 312 1245 342 1222 375 1252 407 1255 450 1225 475 1235 527 1225 577 1257 607 1227 632 1242 655 1232 672 1245 707 1227 760 1247 780 1232 807 1255 832 1245 850 1260 882 1227 942 1260 990 1225 1007 1242 1022 1230 1045 1242 1070 1232 1095 1257 1100 1280 1065 1292 997 1280 962 1312 927 1290 855 1310 842 1297 810 1305 790 1285 735 1305 702 1285 577 1290 562 1305 507 1285 495 1295 467 1290 445 1310 417 1310 405 1297 370 1307 350 1290 310 1310 265 1282"/></Shape>
	    <String CONTENT="نه از سام و نز19 شاه با تاج و فر20"
                    HPOS="262"
                    VPOS="1222"
                    WIDTH="838"
                    HEIGHT="90"></String>
          </TextLine>
          
          
	  <TextLine ID="eSc_line_120076"
                    
                    BASELINE="1162 1357 1377 1365 1527 1357 1645 1360 1680 1365 1955 1365 1995 1357" 
                    HPOS="1162"
                    VPOS="1305"
                    WIDTH="833"
                    HEIGHT="85">
            <Shape><Polygon POINTS="1162 1357 1167 1325 1185 1307 1207 1317 1235 1310 1257 1332 1280 1322 1297 1337 1320 1315 1345 1327 1400 1320 1440 1330 1457 1312 1475 1312 1495 1332 1517 1310 1545 1310 1567 1330 1602 1330 1642 1305 1677 1330 1705 1322 1717 1335 1772 1312 1802 1327 1857 1322 1875 1337 1895 1322 1922 1337 1947 1315 1982 1320 1995 1357 1952 1387 1915 1372 1887 1385 1867 1370 1850 1382 1817 1370 1752 1370 1735 1387 1710 1372 1680 1387 1657 1365 1637 1375 1590 1372 1567 1387 1542 1365 1510 1360 1425 1382 1402 1372 1310 1382 1290 1370 1260 1385 1237 1365 1205 1390 1165 1382"/></Shape>
	    <String CONTENT="من و رستم و اسب21  شبدیز و تیغ"
                    HPOS="1162"
                    VPOS="1305"
                    WIDTH="833"
                    HEIGHT="85"></String>
          </TextLine>
          
          
	  <TextLine ID="eSc_line_120089"
                    
                    BASELINE="262 1347 352 1360 792 1357 872 1365 1086 1360" 
                    HPOS="260"
                    VPOS="1305"
                    WIDTH="825"
                    HEIGHT="87">
            <Shape><Polygon POINTS="260 1345 262 1312 272 1307 322 1310 342 1330 405 1320 432 1345 462 1317 490 1332 540 1315 557 1330 587 1305 622 1327 650 1315 665 1330 700 1307 725 1332 760 1335 785 1312 815 1312 832 1330 907 1322 920 1332 937 1317 960 1327 992 1305 1015 1327 1072 1315 1085 1360 1035 1377 992 1370 972 1385 925 1365 902 1385 880 1372 827 1392 775 1357 747 1375 705 1372 687 1385 602 1357 580 1375 517 1370 482 1387 442 1360 417 1360 347 1377 332 1392 300 1387 262 1362"/></Shape>
	    <String CONTENT="نیارد برو22 سایه گسترد میغ23"
                    HPOS="260"
                    VPOS="1305"
                    WIDTH="825"
                    HEIGHT="87"></String>
          </TextLine>
          
          
	  <TextLine ID="eSc_line_120088"
                    
                    BASELINE="1177 1445 1290 1445 1330 1440 1597 1445 1687 1437 1887 1440 1960 1437 1992 1430" 
                    HPOS="1175"
                    VPOS="1385"
                    WIDTH="815"
                    HEIGHT="85">
            <Shape><Polygon POINTS="1175 1445 1177 1390 1232 1422 1255 1400 1270 1407 1307 1385 1322 1385 1345 1407 1375 1400 1395 1410 1427 1390 1465 1425 1490 1402 1572 1412 1620 1385 1645 1407 1667 1390 1697 1390 1725 1405 1747 1397 1760 1410 1792 1392 1817 1397 1840 1420 1867 1402 1895 1407 1922 1390 1940 1407 1982 1387 1990 1430 1965 1450 1887 1450 1865 1467 1835 1442 1805 1467 1772 1450 1712 1455 1660 1440 1627 1442 1602 1462 1525 1452 1502 1470 1457 1442 1327 1455 1307 1445 1230 1445 1197 1467 1177 1455"/></Shape>
	    <String CONTENT="کنم زنده24 آیین ضحاک را"
                    HPOS="1175"
                    VPOS="1385"
                    WIDTH="815"
                    HEIGHT="85"></String>
          </TextLine>
          
          
	  <TextLine ID="eSc_line_120082"
                    
                    BASELINE="270 1432 335 1432 382 1440 532 1437 827 1440 852 1445 1089 1445" 
                    HPOS="270"
                    VPOS="1385"
                    WIDTH="817"
                    HEIGHT="82">
            <Shape><Polygon POINTS="270 1430 272 1390 317 1390 357 1415 427 1385 475 1410 495 1392 527 1392 542 1407 592 1390 610 1397 622 1385 650 1397 670 1385 697 1410 725 1407 740 1422 807 1387 832 1405 855 1395 875 1412 912 1407 930 1390 960 1390 982 1412 1070 1402 1087 1445 1062 1465 1045 1455 1030 1465 1007 1455 972 1465 950 1445 767 1457 737 1440 637 1465 600 1437 580 1457 560 1455 542 1467 487 1440 455 1455 362 1445 327 1467 295 1442 272 1445"/></Shape>
	    <String CONTENT="بپی25 مشک سارا کنم 26 خاک را27"
                    HPOS="270"
                    VPOS="1385"
                    WIDTH="817"
                    HEIGHT="82"></String>
          </TextLine>
          
          
	  <TextLine ID="eSc_line_120078"
                    
                    BASELINE="1180 1525 1352 1522 1447 1527 1485 1520 1542 1517 1762 1517 1885 1525 1995 1517" 
                    HPOS="1180"
                    VPOS="1460"
                    WIDTH="815"
                    HEIGHT="90">
            <Shape><Polygon POINTS="1180 1525 1182 1482 1202 1465 1257 1500 1275 1485 1302 1495 1340 1462 1395 1490 1445 1487 1472 1460 1507 1480 1530 1470 1585 1485 1607 1470 1630 1482 1660 1460 1695 1485 1747 1485 1760 1475 1782 1485 1810 1472 1837 1500 1877 1462 1912 1492 1982 1482 1995 1517 1977 1547 1952 1535 1905 1545 1890 1530 1867 1550 1847 1550 1825 1527 1692 1532 1677 1517 1617 1532 1542 1532 1497 1520 1430 1545 1397 1527 1365 1550 1302 1530 1275 1547 1247 1530 1202 1530 1182 1547"/></Shape>
	    <String CONTENT="پر از خنده گشته لب زال و سام"
                    HPOS="1180"
                    VPOS="1460"
                    WIDTH="815"
                    HEIGHT="90"></String>
          </TextLine>
          
          
	  <TextLine ID="eSc_line_120084"
                    
                    BASELINE="270 1520 1093 1525" 
                    HPOS="270"
                    VPOS="1462"
                    WIDTH="822"
                    HEIGHT="90">
            <Shape><Polygon POINTS="270 1520 275 1487 300 1467 325 1487 365 1472 387 1495 422 1467 467 1495 515 1472 540 1495 572 1465 615 1495 672 1462 702 1492 747 1482 777 1492 797 1482 827 1507 867 1467 895 1487 912 1475 940 1487 957 1470 987 1485 1030 1465 1052 1487 1075 1480 1092 1525 1052 1550 1022 1525 885 1532 860 1547 835 1547 810 1525 750 1545 712 1535 682 1547 660 1532 637 1542 615 1522 567 1540 532 1525 455 1540 360 1522 345 1535 295 1532 272 1552"/></Shape>
	    <String CONTENT="ز گفتار مهراب دل شاد کام"
                    HPOS="270"
                    VPOS="1462"
                    WIDTH="822"
                    HEIGHT="90"></String>
          </TextLine>
          
          
	  <TextLine ID="eSc_line_120079"
                    
                    BASELINE="1170 1587 1305 1600 1782 1595 1996 1600" 
                    HPOS="1170"
                    VPOS="1542"
                    WIDTH="825"
                    HEIGHT="85">
            <Shape><Polygon POINTS="1170 1585 1172 1552 1215 1557 1230 1545 1265 1570 1287 1562 1312 1585 1382 1560 1432 1570 1460 1550 1495 1562 1515 1557 1530 1570 1552 1560 1612 1570 1642 1557 1672 1585 1692 1565 1717 1567 1732 1552 1812 1555 1832 1542 1897 1580 1922 1565 1982 1567 1995 1600 1910 1625 1885 1602 1812 1612 1757 1597 1687 1627 1660 1600 1585 1622 1537 1610 1500 1625 1442 1600 1385 1622 1352 1612 1335 1625 1315 1625 1297 1607 1247 1617 1172 1602"/></Shape>
	    <String CONTENT="سر ماه28 نو هرمز29  مهر ماه30"
                    HPOS="1170"
                    VPOS="1542"
                    WIDTH="825"
                    HEIGHT="85"></String>
          </TextLine>
          
          
	  <TextLine ID="eSc_line_120080"
                    
                    BASELINE="260 1587 370 1605 1087 1600" 
                    HPOS="260"
                    VPOS="1545"
                    WIDTH="825"
                    HEIGHT="82">
            <Shape><Polygon POINTS="260 1585 265 1552 307 1557 330 1545 372 1577 400 1557 422 1570 462 1557 480 1565 502 1545 565 1572 607 1560 627 1567 640 1555 665 1565 685 1550 715 1572 765 1545 787 1567 820 1557 842 1575 867 1552 900 1572 917 1555 955 1570 1005 1547 1030 1572 1072 1567 1085 1600 1072 1627 1045 1615 1022 1627 997 1617 975 1625 947 1605 917 1617 842 1617 785 1602 722 1625 692 1612 575 1607 552 1625 520 1610 457 1625 377 1607 337 1627 320 1612 265 1602"/></Shape>
	    <String CONTENT="بران تخت فرخنده بگزید راه31"
                    HPOS="260"
                    VPOS="1545"
                    WIDTH="825"
                    HEIGHT="82"></String>
          </TextLine>
          
          
	  <TextLine ID="eSc_line_120073"
                    
                    BASELINE="260 2405 300 2406 452 2405 502 2400 610 2400 727 2390 752 2397 792 2400 1155 2400 1227 2405 1370 2405 1495 2392 1737 2392 1840 2405 1920 2397 1945 2402 2005 2397" 
                    HPOS="260"
                    VPOS="2335"
                    WIDTH="1745"
                    HEIGHT="92">
            <Shape><Polygon POINTS="260 2405 265 2377 287 2357 352 2357 370 2372 392 2355 455 2367 487 2342 540 2372 602 2370 635 2340 677 2367 732 2355 765 2382 790 2365 832 2355 862 2365 907 2345 937 2360 980 2350 1002 2367 1072 2355 1100 2377 1135 2355 1170 2380 1205 2352 1225 2367 1290 2357 1312 2375 1340 2355 1405 2370 1437 2350 1482 2365 1517 2345 1550 2370 1607 2340 1655 2365 1677 2345 1715 2362 1742 2340 1775 2360 1802 2342 1835 2357 1867 2335 1900 2362 1990 2352 2005 2395 1992 2415 1977 2417 1905 2402 1810 2417 1762 2397 1740 2415 1697 2400 1620 2407 1595 2422 1545 2390 1520 2405 1407 2402 1387 2420 1337 2425 1300 2405 1230 2410 1195 2425 1165 2402 1130 2417 1105 2400 947 2420 925 2407 810 2407 782 2417 750 2397 732 2407 580 2410 555 2427 520 2402 400 2422 362 2405 320 2407 287 2425 262 2412"/></Shape>
	    <String CONTENT="ز بازوی او تازه شد روز من * همان اختر عالم افروز من"
                    HPOS="260"
                    VPOS="2335"
                    WIDTH="1745"
                    HEIGHT="92"></String>
          </TextLine>
          
          
	  <TextLine ID="eSc_line_120064"
                    
                    BASELINE="273 2475 900 2475 982 2470 1115 2470 1260 2475 1407 2475 1465 2470 1580 2470 1620 2462 1997 2465" 
                    HPOS="272"
                    VPOS="2410"
                    WIDTH="1723"
                    HEIGHT="85">
            <Shape><Polygon POINTS="272 2475 277 2440 307 2417 340 2440 372 2417 397 2430 432 2415 482 2442 537 2437 565 2422 587 2437 682 2437 720 2410 750 2427 780 2415 805 2437 847 2427 927 2437 947 2420 985 2415 1012 2437 1080 2430 1107 2452 1135 2430 1175 2452 1227 2412 1252 2435 1300 2412 1325 2435 1362 2435 1390 2420 1437 2437 1465 2420 1492 2432 1525 2410 1557 2435 1597 2435 1615 2420 1652 2435 1687 2432 1710 2412 1737 2412 1757 2430 1787 2435 1802 2422 1830 2430 1862 2410 1895 2435 1920 2415 1947 2430 1987 2415 1995 2465 1970 2475 1895 2465 1842 2487 1792 2470 1772 2487 1732 2475 1612 2475 1560 2487 1525 2470 1427 2490 1365 2480 1347 2492 1320 2480 1255 2485 1232 2475 1205 2495 1172 2475 1130 2490 1107 2470 1065 2482 982 2480 970 2490 930 2475 907 2492 880 2480 775 2487 757 2475 645 2487 510 2480 495 2490 435 2475 400 2495 315 2475 277 2487"/></Shape>
	    <String CONTENT="که دارد بگیتی کنون پای او * همان چهرهٔ گیتی آرای او"
                    HPOS="272"
                    VPOS="2410"
                    WIDTH="1723"
                    HEIGHT="85"></String>
          </TextLine>
          
          
	  <TextLine ID="eSc_line_120061"
                    
                    BASELINE="272 2605 522 2605 667 2600 750 2592 1892 2592 2007 2597" 
                    HPOS="270"
                    VPOS="2532"
                    WIDTH="1735"
                    HEIGHT="90">
            <Shape><Polygon POINTS="270 2605 275 2552 287 2547 317 2562 365 2550 400 2562 417 2552 452 2575 512 2552 562 2555 572 2565 602 2552 625 2572 652 2550 667 2560 780 2555 802 2567 827 2547 862 2560 882 2542 905 2552 945 2535 985 2565 1047 2562 1075 2550 1102 2572 1140 2552 1165 2570 1190 2547 1265 2557 1295 2532 1335 2560 1367 2557 1380 2570 1417 2542 1445 2560 1542 2550 1567 2567 1587 2550 1615 2565 1635 2547 1705 2557 1735 2540 1780 2557 1797 2542 1822 2552 1847 2535 1882 2557 1940 2532 1965 2555 1995 2552 2005 2595 1990 2612 1947 2600 1930 2615 1885 2620 1852 2592 1787 2600 1762 2615 1720 2610 1700 2595 1670 2600 1645 2620 1610 2607 1587 2620 1555 2605 1495 2612 1477 2602 1407 2620 1370 2600 1277 2602 1257 2612 1235 2605 1202 2617 1165 2597 1127 2612 1097 2590 1080 2605 1012 2605 982 2617 945 2592 912 2607 807 2595 780 2617 747 2605 687 2615 680 2607 660 2622 637 2622 615 2605 592 2622 497 2605 470 2617 440 2605 390 2605 367 2617 327 2607 275 2615"/></Shape>
	    <String CONTENT="بسازم کنون من ز بهرش سلیح * همی گفت چنین ز بهر مزیح"
                    HPOS="270"
                    VPOS="2532"
                    WIDTH="1735"
                    HEIGHT="90"></String>
          </TextLine>
          
          
	  <TextLine ID="eSc_line_120117"
                    
                    BASELINE="1100 2827 1200 2827" 
                    HPOS="1100"
                    VPOS="2785"
                    WIDTH="100"
                    HEIGHT="70">
            <Shape><Polygon POINTS="1100 2825 1105 2787 1115 2785 1175 2785 1200 2825 1180 2855 1105 2852"/></Shape>
	    <String CONTENT="۲۴۵"
                    HPOS="1100"
                    VPOS="2785"
                    WIDTH="100"
                    HEIGHT="70"></String>
          </TextLine>
          </TextBlock>
          
        </PrintSpace>
      </Page>
    </Layout>
  </alto>
