<?xml version="1.0" encoding="UTF-8"?>
<alto xmlns:xsi="http://www.w3.org/2001/XMLSchema-instance"
      xmlns="http://www.loc.gov/standards/alto/ns-v4#"
      xsi:schemaLocation="http://www.loc.gov/standards/alto/ns-v4# https://gitlab.inria.fr/scripta/escriptorium/-/raw/develop/app/escriptorium/static/alto-4-1-baselines.xsd">
  <Description>
    <MeasurementUnit>pixel</MeasurementUnit>
    <sourceImageInformation>
      <fileName>Ferdowsi_Moscow.pdf_000055.png</fileName>
    </sourceImageInformation>
  </Description>
  
  <Tags>
    <OtherTag ID="BT1" LABEL="Title" DESCRIPTION="block type Title"/><OtherTag ID="BT2" LABEL="Main" DESCRIPTION="block type Main"/><OtherTag ID="BT3" LABEL="Commentary" DESCRIPTION="block type Commentary"/><OtherTag ID="BT4" LABEL="Illustration" DESCRIPTION="block type Illustration"/>
    
  </Tags>
  
  <Layout>
    <Page WIDTH="2430"
          HEIGHT="3000"
          PHYSICAL_IMG_NR="21"
          ID="eSc_dummypage_">
      <PrintSpace HPOS="0"
                  VPOS="0"
                  WIDTH="2430"
                  HEIGHT="3000">
        
        <TextBlock ID="eSc_dummyblock_">
          
	  <TextLine ID="eSc_line_119533"
                    
                    BASELINE="1060 445 1208 440" 
                    HPOS="1060"
                    VPOS="385"
                    WIDTH="147"
                    HEIGHT="112">
            <Shape><Polygon POINTS="1060 445 1067 397 1140 400 1155 385 1200 412 1207 440 1202 497 1065 495"/></Shape>
	    <String CONTENT="ملحقات"
                    HPOS="1060"
                    VPOS="385"
                    WIDTH="147"
                    HEIGHT="112"></String>
          </TextLine>
          
          
	  <TextLine ID="eSc_line_119537"
                    
                    BASELINE="1162 575 1482 580 1580 570 1692 575 1930 572 1992 577" 
                    HPOS="1162"
                    VPOS="515"
                    WIDTH="830"
                    HEIGHT="87">
            <Shape><Polygon POINTS="1162 575 1172 532 1202 535 1232 515 1265 537 1285 522 1347 540 1370 517 1405 532 1427 520 1452 537 1507 535 1527 555 1570 515 1600 535 1700 542 1735 517 1785 537 1835 517 1862 545 1945 515 1962 532 1985 535 1992 577 1977 592 1910 582 1892 597 1865 597 1842 575 1787 592 1710 575 1687 597 1662 590 1645 602 1625 600 1592 572 1557 602 1520 580 1500 597 1477 582 1460 595 1432 587 1405 600 1377 580 1347 580 1330 595 1272 600 1245 577 1195 602 1165 577"/></Shape>
	    <String CONTENT="یکی کوه1 بود از برش2  برز کوه"
                    HPOS="1162"
                    VPOS="515"
                    WIDTH="830"
                    HEIGHT="87"></String>
          </TextLine>
          
          
	  <TextLine ID="eSc_line_119556"
                    
                    BASELINE="259 575 847 572 955 577 982 570 1022 580 1097 580" 
                    HPOS="257"
                    VPOS="507"
                    WIDTH="838"
                    HEIGHT="95">
            <Shape><Polygon POINTS="257 575 260 527 332 535 352 515 382 507 407 532 430 510 465 530 512 512 545 540 582 530 637 540 670 520 697 545 745 527 770 552 842 525 882 547 915 520 947 537 995 515 1025 540 1072 532 1095 580 1070 595 1032 585 1002 597 970 585 952 597 920 592 892 602 865 577 785 595 757 572 720 597 680 572 595 592 565 582 480 592 447 575 422 597 385 575 290 595 260 580"/></Shape>
	    <String CONTENT="برادرش هر دو نهان از گروه"
                    HPOS="257"
                    VPOS="507"
                    WIDTH="838"
                    HEIGHT="95"></String>
          </TextLine>
          
          
	  <TextLine ID="eSc_line_119538"
                    
                    BASELINE="1175 652 1927 652 1995 660" 
                    HPOS="1175"
                    VPOS="590"
                    WIDTH="820"
                    HEIGHT="92">
            <Shape><Polygon POINTS="1175 652 1177 622 1205 597 1235 615 1252 602 1280 620 1307 612 1325 630 1350 605 1380 620 1400 605 1427 617 1460 600 1477 617 1505 600 1537 632 1575 595 1605 615 1635 602 1655 622 1677 600 1717 605 1730 617 1767 590 1807 625 1825 612 1857 615 1880 597 1910 620 1980 615 1995 660 1975 677 1952 665 1935 677 1885 665 1812 682 1782 652 1752 665 1680 652 1605 665 1555 662 1545 652 1502 662 1355 662 1327 652 1305 675 1250 660 1177 677"/></Shape>
	    <String CONTENT="بپایین کُه3 شاه خغته بناز"
                    HPOS="1175"
                    VPOS="590"
                    WIDTH="820"
                    HEIGHT="92"></String>
          </TextLine>
          
          
	  <TextLine ID="eSc_line_119566"
                    
                    BASELINE="255 640 290 652 320 655 907 652 1027 657 1052 650 1092 657" 
                    HPOS="255"
                    VPOS="590"
                    WIDTH="837"
                    HEIGHT="90">
            <Shape><Polygon POINTS="255 640 262 597 292 612 317 590 350 617 432 607 455 630 470 615 527 620 557 597 577 612 600 592 632 617 650 600 687 595 712 620 755 610 830 617 872 595 895 615 915 610 932 625 975 605 997 620 1030 620 1057 600 1085 622 1092 657 932 657 910 675 887 662 810 657 767 680 747 662 645 670 615 655 580 680 550 660 482 675 462 655 390 672 322 662 282 677 257 655"/></Shape>
	    <String CONTENT="شده یک زمان ازشب دیریاز4"
                    HPOS="255"
                    VPOS="590"
                    WIDTH="837"
                    HEIGHT="90"></String>
          </TextLine>
          
          
	  <TextLine ID="eSc_line_119567"
                    
                    BASELINE="1160 735 1997 735" 
                    HPOS="1160"
                    VPOS="675"
                    WIDTH="835"
                    HEIGHT="85">
            <Shape><Polygon POINTS="1160 735 1187 702 1207 702 1242 675 1267 685 1290 677 1327 702 1387 697 1402 712 1437 692 1467 710 1492 685 1517 680 1537 680 1562 705 1582 692 1607 705 1627 685 1677 702 1710 685 1745 720 1772 702 1817 697 1845 710 1872 685 1895 702 1937 680 1960 702 1982 700 1995 735 1980 760 1855 735 1827 757 1805 747 1757 757 1735 735 1682 747 1592 747 1542 735 1500 755 1465 735 1422 760 1397 745 1382 757 1245 740 1190 757 1165 747"/></Shape>
	    <String CONTENT="بکه بر شدند آن دو بیدادگر"
                    HPOS="1160"
                    VPOS="675"
                    WIDTH="835"
                    HEIGHT="85"></String>
          </TextLine>
          
          
	  <TextLine ID="eSc_line_119560"
                    
                    BASELINE="262 715 320 735 352 730 407 730 450 737 475 732 975 732 1086 737" 
                    HPOS="260"
                    VPOS="675"
                    WIDTH="825"
                    HEIGHT="87">
            <Shape><Polygon POINTS="260 715 262 682 297 702 330 702 360 700 377 682 407 697 440 677 487 712 560 675 622 697 697 690 715 710 742 690 792 702 810 685 835 695 850 682 915 677 932 695 955 682 977 700 1017 690 1045 702 1065 697 1085 735 1065 755 1037 750 1022 762 975 742 912 740 877 755 840 730 785 755 712 735 655 750 625 742 610 755 580 740 537 740 502 760 475 745 442 757 417 732 340 755 327 745 290 755 262 732"/></Shape>
	    <String CONTENT="و زیشان5 نبد هیچکس را خبر6"
                    HPOS="260"
                    VPOS="675"
                    WIDTH="825"
                    HEIGHT="87"></String>
          </TextLine>
          
          
	  <TextLine ID="eSc_line_119557"
                    
                    BASELINE="1160 807 1277 815 2016 810" 
                    HPOS="1160"
                    VPOS="750"
                    WIDTH="855"
                    HEIGHT="90">
            <Shape><Polygon POINTS="1160 805 1162 770 1197 755 1242 780 1280 752 1382 782 1410 765 1432 780 1450 762 1480 777 1517 750 1552 785 1570 772 1595 782 1615 765 1650 770 1665 785 1682 767 1707 780 1740 757 1775 780 1802 780 1825 757 1852 767 1872 755 1895 775 1922 762 1947 787 1975 770 2015 810 1970 840 1952 840 1935 822 1875 825 1855 840 1817 815 1795 835 1740 822 1585 827 1545 815 1470 830 1402 822 1370 835 1347 835 1325 815 1232 832 1165 827"/></Shape>
	    <String CONTENT="ز خارا بکندند لختی7 گران"
                    HPOS="1160"
                    VPOS="750"
                    WIDTH="855"
                    HEIGHT="90"></String>
          </TextLine>
          
          
	  <TextLine ID="eSc_line_119563"
                    
                    BASELINE="244 812 1091 812" 
                    HPOS="242"
                    VPOS="755"
                    WIDTH="848"
                    HEIGHT="92">
            <Shape><Polygon POINTS="242 810 247 785 267 765 302 757 325 780 345 782 377 755 405 767 427 757 447 777 480 770 492 782 560 780 577 762 607 775 625 757 675 785 710 762 727 762 745 780 760 765 800 757 842 785 870 775 900 785 945 770 965 785 1012 770 1032 782 1065 765 1085 785 1090 810 1062 825 1010 825 995 835 895 815 827 837 760 835 732 810 710 825 635 825 620 837 600 837 577 815 550 837 527 825 465 825 432 837 390 810 372 825 340 825 320 837 290 830 270 847 247 837"/></Shape>
	    <String CONTENT="ندیده مرآن کار8 بدرا گران"
                    HPOS="242"
                    VPOS="755"
                    WIDTH="848"
                    HEIGHT="92"></String>
          </TextLine>
          
          
	  <TextLine ID="eSc_line_119564"
                    
                    BASELINE="1167 890 1932 895 2008 887" 
                    HPOS="1165"
                    VPOS="835"
                    WIDTH="842"
                    HEIGHT="87">
            <Shape><Polygon POINTS="1165 890 1167 860 1185 860 1220 835 1247 855 1272 847 1287 862 1332 862 1355 840 1417 860 1447 842 1487 862 1512 842 1532 860 1575 840 1597 862 1622 865 1650 837 1680 837 1712 865 1732 857 1750 872 1770 855 1825 862 1860 840 1885 855 1925 835 1947 850 1972 840 2007 885 1950 922 1922 910 1890 912 1872 895 1797 917 1755 897 1730 920 1640 895 1610 917 1587 905 1405 905 1357 892 1275 907 1167 902"/></Shape>
	    <String CONTENT="ازان کوه بالا بکندند9 سنگ"
                    HPOS="1165"
                    VPOS="835"
                    WIDTH="842"
                    HEIGHT="87"></String>
          </TextLine>
          
          
	  <TextLine ID="eSc_line_119552"
                    
                    BASELINE="250 877 350 892 465 895 997 895 1085 887" 
                    HPOS="250"
                    VPOS="830"
                    WIDTH="835"
                    HEIGHT="92">
            <Shape><Polygon POINTS="250 877 252 847 290 837 310 855 335 830 367 845 382 840 400 857 427 852 450 872 515 855 540 867 575 847 592 865 660 860 677 877 712 850 780 860 802 840 827 837 865 857 897 837 910 847 937 842 955 857 997 835 1042 860 1065 855 1085 887 1060 917 1032 902 965 912 945 895 930 905 877 895 855 917 795 902 755 920 672 895 652 907 620 905 557 922 500 910 467 922 440 900 392 917 370 902 302 905 252 890"/></Shape>
	    <String CONTENT="بدان تا بکوبد سرش بی درنگ 10"
                    HPOS="250"
                    VPOS="830"
                    WIDTH="835"
                    HEIGHT="92"></String>
          </TextLine>
          
          
	  <TextLine ID="eSc_line_119539"
                    
                    BASELINE="1172 960 1207 967 1270 970 1365 967 1415 975 1867 975 1895 970 2025 970" 
                    HPOS="1170"
                    VPOS="912"
                    WIDTH="855"
                    HEIGHT="90">
            <Shape><Polygon POINTS="1170 960 1175 922 1245 937 1260 925 1320 932 1355 917 1380 930 1417 912 1445 940 1475 942 1515 912 1540 927 1622 915 1637 930 1667 912 1682 927 1705 917 1727 940 1750 932 1792 942 1835 917 1847 930 1877 920 1915 927 1927 917 1952 930 1975 915 2025 970 1990 970 1957 1002 1922 990 1897 995 1855 975 1785 985 1767 997 1717 975 1697 985 1577 982 1552 995 1520 982 1447 1000 1412 975 1390 987 1230 990 1172 977"/></Shape>
	    <String CONTENT="ازان11 کوه غلطان فرو گاشتند12"
                    HPOS="1170"
                    VPOS="912"
                    WIDTH="855"
                    HEIGHT="90"></String>
          </TextLine>
          
          
	  <TextLine ID="eSc_line_119553"
                    
                    BASELINE="262 967 1045 975 1084 967" 
                    HPOS="260"
                    VPOS="915"
                    WIDTH="822"
                    HEIGHT="90">
            <Shape><Polygon POINTS="260 965 270 932 292 937 312 925 327 937 357 927 367 935 410 915 452 935 515 935 532 950 565 920 675 945 712 942 740 917 785 945 802 927 830 937 895 922 907 935 932 925 955 947 1002 915 1035 940 1070 937 1082 965 1032 997 1005 987 972 995 955 980 927 990 810 985 792 975 752 1000 722 972 637 995 550 970 515 1005 477 982 262 985"/></Shape>
	    <String CONTENT="مران خفته را مرده 13 پنداشتند"
                    HPOS="260"
                    VPOS="915"
                    WIDTH="822"
                    HEIGHT="90"></String>
          </TextLine>
          
          
	  <TextLine ID="eSc_line_119554"
                    
                    BASELINE="1170 1055 1952 1055 2019 1047" 
                    HPOS="1170"
                    VPOS="997"
                    WIDTH="847"
                    HEIGHT="83">
            <Shape><Polygon POINTS="1170 1055 1172 1010 1197 1022 1250 1012 1267 1022 1292 1002 1315 1020 1330 1007 1362 1017 1380 1000 1410 1017 1440 1002 1472 1035 1497 1017 1565 1020 1577 1030 1625 997 1665 1017 1737 1015 1750 1027 1797 997 1832 1022 1897 1022 1925 1000 1952 1022 1975 1017 2017 1045 1972 1080 1932 1065 1877 1077 1845 1065 1775 1075 1755 1060 1737 1075 1710 1065 1677 1077 1647 1065 1607 1075 1580 1055 1497 1075 1465 1057 1302 1065 1267 1055 1210 1075 1175 1065"/></Shape>
	    <String CONTENT="بفرمان یزدان سر خفته مرد"
                    HPOS="1170"
                    VPOS="997"
                    WIDTH="847"
                    HEIGHT="83"></String>
          </TextLine>
          
          
	  <TextLine ID="eSc_line_119572"
                    
                    BASELINE="260 1052 1045 1052 1085 1057" 
                    HPOS="260"
                    VPOS="992"
                    WIDTH="825"
                    HEIGHT="88">
            <Shape><Polygon POINTS="260 1052 265 1010 290 1022 355 1022 372 1005 400 1000 425 1022 457 995 502 1022 577 1015 595 1030 667 992 687 1012 705 1005 725 1022 770 1020 780 1030 807 1005 830 1015 855 1010 867 1022 915 1022 945 1002 965 1020 1017 1022 1050 1002 1077 1030 1085 1057 967 1080 942 1065 835 1065 807 1075 780 1052 767 1065 632 1067 597 1052 575 1075 457 1062 427 1077 400 1052 305 1072 262 1065"/></Shape>
	    <String CONTENT="خروشیدن سنگ بیدار کرد"
                    HPOS="260"
                    VPOS="992"
                    WIDTH="825"
                    HEIGHT="88"></String>
          </TextLine>
          
          
	  <TextLine ID="eSc_line_119558"
                    
                    BASELINE="1180 1140 1247 1145 1275 1140 1390 1132 2006 1132" 
                    HPOS="1180"
                    VPOS="1072"
                    WIDTH="825"
                    HEIGHT="93">
            <Shape><Polygon POINTS="1180 1140 1182 1105 1200 1087 1272 1102 1302 1082 1327 1100 1367 1075 1392 1097 1430 1107 1460 1077 1500 1097 1532 1072 1592 1102 1627 1102 1647 1082 1675 1080 1687 1090 1727 1080 1750 1102 1795 1097 1810 1110 1830 1090 1885 1102 1910 1077 1925 1077 1975 1100 2005 1130 1967 1162 1932 1145 1887 1147 1870 1160 1825 1157 1805 1140 1747 1157 1695 1157 1667 1135 1640 1130 1622 1145 1477 1140 1455 1160 1422 1152 1405 1165 1380 1142 1332 1155 1317 1142 1277 1145 1262 1160 1215 1152 1202 1165 1182 1162"/></Shape>
	    <String CONTENT="بافسون مران14 سنگ از جای خویش"
                    HPOS="1180"
                    VPOS="1072"
                    WIDTH="825"
                    HEIGHT="93"></String>
          </TextLine>
          
          
	  <TextLine ID="eSc_line_119565"
                    
                    BASELINE="267 1117 310 1132 420 1135 1089 1135" 
                    HPOS="265"
                    VPOS="1075"
                    WIDTH="822"
                    HEIGHT="87">
            <Shape><Polygon POINTS="265 1115 267 1082 305 1102 332 1085 352 1105 410 1095 432 1105 497 1075 527 1102 570 1110 595 1087 630 1080 670 1107 697 1090 720 1102 785 1102 805 1085 870 1100 897 1085 920 1107 952 1107 980 1087 1010 1100 1070 1095 1087 1135 1062 1157 962 1137 932 1160 902 1140 852 1152 802 1142 777 1155 727 1155 645 1135 602 1157 570 1137 557 1147 435 1140 410 1160 340 1145 315 1162 292 1160 267 1137"/></Shape>
	    <String CONTENT="ببست و نجنبید آن سنگ بیش15"
                    HPOS="265"
                    VPOS="1075"
                    WIDTH="822"
                    HEIGHT="87"></String>
          </TextLine>
          
          
	  <TextLine ID="eSc_line_119568"
                    
                    BASELINE="1172 1212 1952 1212 2008 1217" 
                    HPOS="1170"
                    VPOS="1157"
                    WIDTH="837"
                    HEIGHT="83">
            <Shape><Polygon POINTS="1170 1210 1180 1172 1242 1182 1265 1165 1290 1180 1330 1162 1357 1187 1452 1160 1477 1185 1497 1177 1512 1187 1540 1167 1622 1185 1682 1182 1710 1162 1810 1172 1830 1157 1860 1167 1887 1157 1915 1182 1970 1175 2007 1215 1987 1215 1972 1230 1920 1230 1797 1227 1725 1210 1702 1227 1647 1225 1610 1240 1580 1225 1522 1220 1495 1240 1477 1240 1457 1220 1390 1225 1357 1240 1330 1215 1307 1227 1245 1225 1225 1235 1172 1227"/></Shape>
	    <String CONTENT="همانگه 16 کمربست و اندر کشید"
                    HPOS="1170"
                    VPOS="1157"
                    WIDTH="837"
                    HEIGHT="83"></String>
          </TextLine>
          
          
	  <TextLine ID="eSc_line_119549"
                    
                    BASELINE="262 1205 297 1200 352 1215 1094 1210" 
                    HPOS="260"
                    VPOS="1155"
                    WIDTH="832"
                    HEIGHT="90">
            <Shape><Polygon POINTS="260 1205 262 1160 305 1172 335 1155 385 1180 407 1160 460 1165 477 1155 500 1177 525 1167 545 1185 587 1172 642 1185 677 1160 725 1200 752 1175 775 1180 792 1162 825 1182 870 1182 880 1192 930 1160 1002 1185 1052 1162 1092 1210 1017 1242 962 1217 927 1235 900 1235 882 1217 870 1227 795 1225 767 1245 745 1245 722 1225 682 1242 657 1217 627 1242 605 1227 557 1240 542 1227 445 1235 422 1217 365 1242 350 1230 320 1237 265 1215"/></Shape>
	    <String CONTENT="نکرد آن سخن را بدیشان17 پدید18"
                    HPOS="260"
                    VPOS="1155"
                    WIDTH="832"
                    HEIGHT="90"></String>
          </TextLine>
          
          
	  <TextLine ID="eSc_line_119541"
                    
                    BASELINE="1160 1455 1575 1455 1665 1450 1885 1450 1912 1455 2005 1457" 
                    HPOS="1160"
                    VPOS="1387"
                    WIDTH="845"
                    HEIGHT="90">
            <Shape><Polygon POINTS="1160 1455 1162 1425 1185 1410 1295 1415 1360 1397 1377 1415 1397 1402 1425 1415 1480 1415 1507 1412 1535 1387 1580 1417 1625 1390 1662 1415 1687 1405 1755 1417 1790 1387 1815 1405 1827 1395 1857 1405 1882 1390 1907 1415 1977 1410 2005 1455 1975 1472 1867 1450 1840 1460 1767 1450 1742 1475 1717 1460 1677 1467 1635 1457 1610 1470 1585 1455 1570 1470 1545 1470 1530 1455 1502 1470 1387 1455 1330 1457 1310 1472 1290 1460 1265 1470 1205 1460 1182 1477 1165 1465"/></Shape>
	    <String CONTENT="بیا تا جهان را ببد نسپریم"
                    HPOS="1160"
                    VPOS="1387"
                    WIDTH="845"
                    HEIGHT="90"></String>
          </TextLine>
          
          
	  <TextLine ID="eSc_line_119550"
                    
                    BASELINE="244 1442 350 1455 620 1447 667 1442 1015 1442 1040 1447 1093 1447" 
                    HPOS="242"
                    VPOS="1380"
                    WIDTH="850"
                    HEIGHT="95">
            <Shape><Polygon POINTS="242 1440 245 1402 302 1380 335 1407 407 1407 430 1422 467 1420 515 1392 540 1415 557 1415 580 1395 605 1415 642 1402 660 1417 755 1400 770 1415 832 1405 857 1427 892 1400 922 1415 952 1397 992 1415 1035 1392 1072 1412 1092 1445 1070 1472 1002 1460 967 1475 947 1460 912 1457 872 1475 847 1455 750 1460 730 1450 715 1460 642 1462 600 1447 547 1470 485 1460 467 1475 425 1460 397 1472 385 1460 320 1460 297 1475 245 1442"/></Shape>
	    <String CONTENT="بکوشش همه دست نیکی بریم 19"
                    HPOS="242"
                    VPOS="1380"
                    WIDTH="850"
                    HEIGHT="95"></String>
          </TextLine>
          
          
	  <TextLine ID="eSc_line_119569"
                    
                    BASELINE="1180 1530 1280 1530 1322 1537 1347 1530 1677 1530 1720 1525 1812 1522 1957 1522 1990 1527" 
                    HPOS="1180"
                    VPOS="1470"
                    WIDTH="810"
                    HEIGHT="85">
            <Shape><Polygon POINTS="1180 1530 1182 1485 1200 1470 1247 1495 1280 1470 1305 1495 1327 1490 1345 1502 1380 1485 1395 1497 1422 1490 1442 1507 1457 1492 1482 1502 1542 1472 1590 1495 1622 1477 1655 1500 1722 1495 1735 1485 1760 1495 1785 1475 1852 1490 1900 1470 1925 1495 1947 1495 1965 1477 1982 1482 1990 1527 1935 1550 1912 1537 1822 1540 1767 1525 1755 1537 1682 1540 1660 1552 1627 1537 1577 1547 1490 1532 1467 1552 1437 1542 1410 1552 1395 1540 1350 1535 1330 1555 1297 1540 1260 1552 1230 1537 1205 1537 1182 1552"/></Shape>
	    <String CONTENT="نباشد 20 همی نیک و بد پایدار"
                    HPOS="1180"
                    VPOS="1470"
                    WIDTH="810"
                    HEIGHT="85"></String>
          </TextLine>
          
          
	  <TextLine ID="eSc_line_119551"
                    
                    BASELINE="260 1532 320 1527 452 1527 572 1535 627 1530 807 1525 1082 1527" 
                    HPOS="260"
                    VPOS="1467"
                    WIDTH="822"
                    HEIGHT="88">
            <Shape><Polygon POINTS="260 1532 262 1495 285 1472 310 1485 342 1467 360 1477 382 1470 432 1500 452 1485 532 1490 552 1510 597 1497 630 1472 665 1495 710 1475 732 1497 752 1480 780 1497 812 1475 840 1492 865 1477 887 1497 925 1497 942 1480 977 1472 1000 1495 1062 1490 1082 1527 1065 1540 975 1540 952 1550 927 1537 910 1555 842 1527 775 1545 735 1527 680 1547 615 1537 590 1552 567 1552 547 1535 525 1555 505 1540 482 1555 437 1532 412 1550 375 1535 297 1537 262 1550"/></Shape>
	    <String CONTENT="همان به که نیکی بود یادگار"
                    HPOS="260"
                    VPOS="1467"
                    WIDTH="822"
                    HEIGHT="88"></String>
          </TextLine>
          
          
	  <TextLine ID="eSc_line_119559"
                    
                    BASELINE="260 1907 322 1902 635 1902 845 1915 1027 1915 1077 1910 1352 1910 1412 1902 1955 1902 1995 1907" 
                    HPOS="260"
                    VPOS="1842"
                    WIDTH="1735"
                    HEIGHT="93">
            <Shape><Polygon POINTS="260 1907 265 1860 317 1870 342 1850 377 1862 400 1850 427 1870 460 1872 495 1852 525 1872 567 1850 592 1850 617 1870 647 1847 675 1847 712 1875 760 1867 785 1887 817 1862 835 1872 932 1875 980 1847 1027 1872 1062 1865 1087 1885 1115 1862 1152 1882 1180 1862 1245 1872 1295 1845 1320 1867 1350 1847 1377 1865 1422 1850 1452 1875 1462 1865 1490 1875 1512 1855 1545 1875 1582 1862 1612 1887 1642 1867 1672 1872 1685 1862 1722 1882 1752 1860 1782 1870 1800 1855 1827 1867 1840 1857 1867 1862 1892 1842 1940 1872 1982 1870 1995 1907 1972 1927 1947 1917 1912 1925 1895 1915 1765 1915 1730 1902 1635 1925 1602 1902 1562 1930 1527 1912 1475 1925 1385 1925 1367 1910 1327 1930 1295 1910 1205 1927 1185 1927 1165 1910 1122 1925 1082 1910 1060 1927 1035 1915 1010 1925 935 1915 920 1927 895 1915 855 1915 810 1932 780 1915 757 1932 735 1917 682 1915 630 1927 597 1907 542 1922 515 1902 500 1915 430 1917 400 1935 355 1905 295 1925 265 1917"/></Shape>
	    <String CONTENT="برفتند هر دو نهان از گروه * بران برز بالای آن تیغ کوه"
                    HPOS="260"
                    VPOS="1842"
                    WIDTH="1735"
                    HEIGHT="93"></String>
          </TextLine>
          
          
	  <TextLine ID="eSc_line_119536"
                    
                    BASELINE="235 2252 365 2252 395 2257 582 2260 665 2265 1999 2265" 
                    HPOS="235"
                    VPOS="2205"
                    WIDTH="1762"
                    HEIGHT="85">
            <Shape><Polygon POINTS="235 2250 267 2217 285 2215 305 2227 372 2217 400 2230 415 2220 427 2232 455 2215 497 2230 552 2217 582 2240 600 2225 632 2240 665 2212 692 2225 710 2210 735 2210 757 2230 820 2225 837 2237 885 2210 925 2240 960 2210 992 2225 1017 2212 1035 2227 1062 2212 1090 2235 1122 2222 1147 2240 1187 2215 1212 2227 1305 2220 1320 2232 1350 2232 1387 2210 1415 2222 1447 2207 1490 2232 1540 2210 1567 2225 1595 2215 1630 2230 1672 2207 1715 2232 1767 2225 1797 2250 1870 2205 1902 2232 1975 2225 1992 2240 1997 2265 1970 2287 1945 2275 1882 2287 1850 2272 1817 2287 1790 2270 1755 2285 1742 2275 1567 2265 1442 2282 1422 2282 1402 2265 1382 2282 1327 2272 1300 2285 1145 2265 1107 2282 1087 2265 1042 2275 985 2265 955 2290 935 2290 920 2277 887 2287 842 2265 812 2287 792 2275 762 2282 717 2270 590 2285 570 2267 437 2267 412 2285 390 2272 335 2282 262 2270 240 2252"/></Shape>
	    <String CONTENT="برادر بدانست کان ایزدیست * نه از راه بیکار و دست بدیست"
                    HPOS="235"
                    VPOS="2205"
                    WIDTH="1762"
                    HEIGHT="85"></String>
          </TextLine>
          
          
	  <TextLine ID="eSc_line_119543"
                    
                    BASELINE="237 2377 335 2385 445 2382 470 2390 1260 2390 1300 2397 1335 2390 1760 2390 1792 2395 2009 2390" 
                    HPOS="235"
                    VPOS="2327"
                    WIDTH="1772"
                    HEIGHT="88">
            <Shape><Polygon POINTS="235 2375 272 2330 315 2352 382 2347 412 2362 450 2335 477 2352 560 2345 575 2355 637 2327 655 2342 687 2332 720 2360 755 2337 807 2355 837 2347 855 2362 872 2350 900 2360 930 2342 950 2352 992 2330 1020 2355 1067 2347 1090 2365 1122 2345 1152 2365 1192 2330 1217 2345 1240 2327 1277 2347 1310 2327 1337 2350 1372 2357 1427 2330 1450 2340 1472 2330 1507 2357 1547 2342 1575 2352 1615 2332 1642 2355 1680 2357 1707 2345 1727 2360 1757 2337 1787 2352 1825 2345 1840 2357 1915 2357 1967 2327 2000 2355 2007 2390 1890 2407 1810 2400 1797 2412 1752 2407 1732 2390 1695 2400 1540 2397 1522 2412 1485 2390 1457 2415 1427 2402 1397 2407 1382 2395 1350 2415 1327 2397 1287 2410 1265 2397 1160 2390 1127 2407 1087 2390 1062 2410 1040 2397 1002 2410 980 2397 905 2392 872 2412 847 2397 827 2410 785 2395 725 2410 680 2390 637 2395 617 2410 582 2395 547 2415 525 2397 485 2395 460 2395 437 2412 400 2392 345 2395 322 2407 302 2395 262 2395 240 2377"/></Shape>
	    <String CONTENT="فریدون هماندم ازان جایگاه * براند و بدش کاوه پیش سپاه"
                    HPOS="235"
                    VPOS="2327"
                    WIDTH="1772"
                    HEIGHT="88"></String>
          </TextLine>
          
          
	  <TextLine ID="eSc_line_119542"
                    
                    BASELINE="252 2456 302 2457 390 2452 640 2460 890 2460 935 2467 962 2460 1190 2465 1507 2465 1567 2460 1867 2457 1900 2465 1960 2465 1995 2480" 
                    HPOS="250"
                    VPOS="2400"
                    WIDTH="1745"
                    HEIGHT="85">
            <Shape><Polygon POINTS="250 2455 255 2432 282 2410 315 2420 337 2402 362 2415 385 2407 400 2422 435 2430 477 2402 545 2427 577 2407 602 2425 637 2425 665 2405 697 2422 710 2410 752 2405 775 2425 807 2430 840 2417 867 2440 885 2425 907 2432 957 2402 990 2427 1030 2427 1055 2415 1082 2440 1127 2420 1155 2445 1192 2415 1225 2427 1255 2402 1335 2442 1382 2432 1417 2405 1455 2427 1505 2405 1540 2430 1587 2407 1625 2430 1645 2412 1670 2430 1685 2417 1720 2427 1740 2410 1765 2407 1805 2425 1840 2400 1902 2440 1927 2425 1980 2425 1995 2480 1957 2482 1937 2470 1902 2482 1877 2460 1790 2482 1760 2470 1650 2475 1625 2460 1560 2475 1515 2470 1492 2485 1425 2467 1355 2485 1327 2465 1282 2485 1250 2472 1180 2485 1147 2465 1122 2480 1070 2465 932 2480 912 2470 895 2485 872 2485 855 2470 742 2467 712 2477 690 2460 635 2475 547 2470 532 2480 502 2467 457 2480 432 2467 407 2480 380 2462 255 2477"/></Shape>
	    <String CONTENT="بر افراخته کاویانی درفش * همان و همان تیغهای بنفش"
                    HPOS="250"
                    VPOS="2400"
                    WIDTH="1745"
                    HEIGHT="85"></String>
          </TextLine>
          
          
	  <TextLine ID="eSc_line_119544"
                    
                    BASELINE="259 2595 347 2595 405 2605 1305 2602 1352 2607 1410 2607 1472 2602 1945 2602 1993 2607" 
                    HPOS="257"
                    VPOS="2537"
                    WIDTH="1735"
                    HEIGHT="95">
            <Shape><Polygon POINTS="257 2595 270 2545 287 2540 305 2555 332 2537 367 2560 392 2545 467 2575 522 2542 550 2552 572 2540 600 2565 637 2545 665 2567 687 2557 720 2572 772 2545 822 2582 862 2550 910 2570 940 2545 970 2550 997 2575 1065 2562 1087 2580 1110 2562 1152 2580 1197 2545 1227 2570 1302 2567 1320 2582 1357 2555 1385 2572 1445 2575 1467 2565 1485 2577 1537 2547 1565 2567 1600 2552 1632 2577 1655 2557 1677 2567 1702 2560 1715 2572 1747 2565 1762 2577 1792 2567 1805 2577 1835 2557 1857 2567 1897 2545 1932 2572 1977 2565 1992 2605 1972 2625 1950 2615 1902 2625 1887 2612 1810 2607 1785 2627 1755 2615 1732 2625 1677 2612 1650 2632 1627 2630 1602 2607 1527 2630 1490 2612 1467 2632 1437 2617 1395 2615 1370 2615 1347 2632 1307 2612 1255 2612 1232 2625 1160 2602 1125 2622 1087 2602 1062 2625 1037 2612 1000 2622 975 2602 845 2632 815 2612 787 2627 760 2612 657 2605 617 2625 582 2605 547 2627 480 2605 447 2625 420 2610 377 2620 347 2607 260 2607"/></Shape>
	    <String CONTENT="براند و بدش کاوه پیش سپاه * بر افراز راند او ازان جایگاه"
                    HPOS="257"
                    VPOS="2537"
                    WIDTH="1735"
                    HEIGHT="95"></String>
          </TextLine>
          
          
	  <TextLine ID="eSc_line_119534"
                    
                    BASELINE="253 2677 352 2672 1055 2675 1087 2670 1140 2680 1355 2680 1410 2675 1697 2672 1996 2685" 
                    HPOS="252"
                    VPOS="2612"
                    WIDTH="1743"
                    HEIGHT="93">
            <Shape><Polygon POINTS="252 2675 257 2647 287 2625 317 2635 342 2612 377 2635 397 2627 425 2650 480 2640 520 2615 555 2642 627 2625 652 2647 682 2622 712 2615 740 2640 775 2642 807 2630 830 2650 860 2627 927 2645 965 2617 992 2642 1060 2632 1085 2655 1125 2632 1157 2662 1202 2627 1225 2642 1262 2615 1327 2650 1377 2645 1402 2622 1425 2622 1450 2642 1472 2640 1495 2620 1525 2640 1565 2622 1617 2642 1632 2630 1667 2640 1690 2622 1720 2620 1747 2645 1780 2647 1820 2615 1872 2650 1970 2637 1990 2655 1995 2685 1965 2702 1940 2690 1870 2700 1847 2682 1725 2702 1705 2687 1595 2687 1565 2672 1545 2690 1507 2690 1487 2705 1407 2685 1347 2700 1320 2682 1282 2700 1220 2690 1195 2705 1172 2702 1150 2682 1110 2697 1085 2675 1065 2687 990 2685 957 2697 915 2690 902 2700 855 2697 832 2677 675 2695 647 2677 535 2700 505 2682 440 2695 415 2672 375 2697 340 2685 257 2692"/></Shape>
	    <String CONTENT="بر افراشته کاویانی درفش * همایون همان خسروانی درفش"
                    HPOS="252"
                    VPOS="2612"
                    WIDTH="1743"
                    HEIGHT="93"></String>
          </TextLine>
          
          
	  <TextLine ID="eSc_line_119576"
                    
                    BASELINE="1077 2855 1177 2855" 
                    HPOS="1075"
                    VPOS="2805"
                    WIDTH="100"
                    HEIGHT="67">
            <Shape><Polygon POINTS="1075 2855 1085 2807 1152 2805 1170 2822 1175 2855 1160 2872 1080 2870"/></Shape>
	    <String CONTENT="۲۵۱"
                    HPOS="1075"
                    VPOS="2805"
                    WIDTH="100"
                    HEIGHT="67"></String>
          </TextLine>
          </TextBlock>
          
        </PrintSpace>
      </Page>
    </Layout>
  </alto>
