<?xml version="1.0" encoding="UTF-8"?>
<alto xmlns:xsi="http://www.w3.org/2001/XMLSchema-instance"
      xmlns="http://www.loc.gov/standards/alto/ns-v4#"
      xsi:schemaLocation="http://www.loc.gov/standards/alto/ns-v4# https://gitlab.inria.fr/scripta/escriptorium/-/raw/develop/app/escriptorium/static/alto-4-1-baselines.xsd">
  <Description>
    <MeasurementUnit>pixel</MeasurementUnit>
    <sourceImageInformation>
      <fileName>Ferdowsi_Moscow.pdf_000039.png</fileName>
    </sourceImageInformation>
  </Description>
  
  <Tags>
    <OtherTag ID="BT1" LABEL="Title" DESCRIPTION="block type Title"/><OtherTag ID="BT2" LABEL="Main" DESCRIPTION="block type Main"/><OtherTag ID="BT3" LABEL="Commentary" DESCRIPTION="block type Commentary"/><OtherTag ID="BT4" LABEL="Illustration" DESCRIPTION="block type Illustration"/>
    
  </Tags>
  
  <Layout>
    <Page WIDTH="2430"
          HEIGHT="3000"
          PHYSICAL_IMG_NR="5"
          ID="eSc_dummypage_">
      <PrintSpace HPOS="0"
                  VPOS="0"
                  WIDTH="2430"
                  HEIGHT="3000">
        
        <TextBlock ID="eSc_dummyblock_">
          
	  <TextLine ID="eSc_line_56949"
                    
                    BASELINE="1040 462 1206 457" 
                    HPOS="1040"
                    VPOS="402"
                    WIDTH="165"
                    HEIGHT="113">
            <Shape><Polygon POINTS="1040 460 1042 430 1055 417 1095 407 1135 417 1150 402 1165 402 1195 430 1205 455 1200 515 1045 512"/></Shape>
	    <String CONTENT="ملحقات"
                    HPOS="1040"
                    VPOS="402"
                    WIDTH="165"
                    HEIGHT="113"></String>
          </TextLine>
          
          
	  <TextLine ID="eSc_line_56979"
                    
                    BASELINE="1170 590 1462 590 1522 595 1580 592 2016 595" 
                    HPOS="1170"
                    VPOS="527"
                    WIDTH="845"
                    HEIGHT="95">
            <Shape><Polygon POINTS="1170 590 1182 547 1210 555 1230 537 1257 550 1287 540 1305 552 1325 535 1360 530 1400 557 1427 540 1450 560 1522 550 1545 567 1585 540 1630 527 1730 570 1770 532 1797 552 1832 557 1877 532 1907 562 1982 557 2015 595 1920 612 1882 595 1815 612 1770 602 1747 622 1720 600 1607 600 1582 615 1550 615 1535 600 1517 615 1347 597 1172 602"/></Shape>
	    <String CONTENT="سر انجام سنگی بینداختند"
                    HPOS="1170"
                    VPOS="527"
                    WIDTH="845"
                    HEIGHT="95"></String>
          </TextLine>
          
          
	  <TextLine ID="eSc_line_56978"
                    
                    BASELINE="255 587 320 582 397 582 545 592 1101 592" 
                    HPOS="255"
                    VPOS="527"
                    WIDTH="845"
                    HEIGHT="90">
            <Shape><Polygon POINTS="255 585 260 552 272 542 290 540 302 552 322 535 350 550 377 540 397 552 412 537 455 530 485 557 570 557 595 547 620 570 637 552 665 552 702 527 730 555 740 545 767 555 802 545 827 570 852 545 872 547 902 527 925 547 957 530 992 550 1047 547 1100 590 1080 590 1055 615 985 600 905 612 882 592 852 617 817 597 800 612 770 600 670 600 637 615 612 595 592 612 567 602 537 612 445 597 387 605 257 595"/></Shape>
	    <String CONTENT="جهان‌را ز پهلو بپرداختند"
                    HPOS="255"
                    VPOS="527"
                    WIDTH="845"
                    HEIGHT="90"></String>
          </TextLine>
          
          
	  <TextLine ID="eSc_line_56974"
                    
                    BASELINE="1180 672 1922 672 2011 677" 
                    HPOS="1180"
                    VPOS="612"
                    WIDTH="830"
                    HEIGHT="85">
            <Shape><Polygon POINTS="1180 670 1182 630 1200 612 1262 642 1285 627 1310 637 1327 620 1355 635 1390 625 1405 640 1442 622 1460 640 1482 617 1507 612 1535 640 1560 615 1575 615 1610 640 1640 630 1657 640 1755 637 1770 652 1835 635 1860 642 1887 625 1905 642 1977 640 2010 675 1940 685 1922 697 1870 677 1837 697 1822 687 1785 695 1765 675 1707 682 1695 695 1667 682 1640 692 1575 680 1537 695 1510 670 1477 692 1455 682 1262 675 1245 692 1212 680 1182 697"/></Shape>
	    <String CONTENT="سپه بی سپهدار گشتند باز"
                    HPOS="1180"
                    VPOS="612"
                    WIDTH="830"
                    HEIGHT="85"></String>
          </TextLine>
          
          
	  <TextLine ID="eSc_line_56973"
                    
                    BASELINE="260 675 500 675 527 670 787 667 952 670 980 677 1007 670 1091 670" 
                    HPOS="260"
                    VPOS="607"
                    WIDTH="830"
                    HEIGHT="88">
            <Shape><Polygon POINTS="260 675 262 635 282 615 300 612 335 635 365 607 392 630 417 617 460 640 477 630 492 637 527 607 562 632 595 610 625 640 642 640 667 617 712 655 737 637 807 632 835 647 860 625 900 640 955 640 995 625 1032 637 1052 625 1082 647 1090 670 1000 692 870 682 840 670 812 695 792 682 720 695 697 672 607 682 532 670 467 690 442 680 405 687 377 675 262 695"/></Shape>
	    <String CONTENT="هزیمت بر شاه  گردن فراز"
                    HPOS="260"
                    VPOS="607"
                    WIDTH="830"
                    HEIGHT="88"></String>
          </TextLine>
          
          
	  <TextLine ID="eSc_line_56950"
                    
                    BASELINE="1162 747 1200 755 1935 752 2015 760" 
                    HPOS="1160"
                    VPOS="685"
                    WIDTH="855"
                    HEIGHT="95">
            <Shape><Polygon POINTS="1160 745 1187 712 1250 715 1280 685 1315 710 1327 697 1355 710 1385 692 1410 717 1430 712 1450 732 1480 710 1532 722 1575 697 1590 697 1620 727 1677 722 1720 692 1747 720 1790 695 1825 697 1855 727 1872 715 1970 715 2015 760 1990 757 1967 780 1940 765 1865 777 1837 752 1817 767 1677 765 1650 780 1627 777 1600 752 1587 767 1470 765 1452 755 1432 775 1380 760 1360 780 1325 755 1245 770 1207 762 1182 772 1162 762"/></Shape>
	    <String CONTENT="چو آگاهی آمد بسام۱ دلیر"
                    HPOS="1160"
                    VPOS="685"
                    WIDTH="855"
                    HEIGHT="95"></String>
          </TextLine>
          
          
	  <TextLine ID="eSc_line_56969"
                    
                    BASELINE="250 757 287 752 895 755 977 750 1095 750" 
                    HPOS="250"
                    VPOS="690"
                    WIDTH="845"
                    HEIGHT="87">
            <Shape><Polygon POINTS="250 755 255 732 282 712 387 722 407 702 435 717 467 702 487 720 542 710 565 725 605 690 637 717 705 700 745 737 797 692 827 695 872 740 902 717 955 717 975 700 1010 720 1027 702 1072 697 1090 715 1095 750 1045 762 1012 750 950 767 917 762 892 777 860 755 810 762 790 777 750 775 730 755 612 755 592 770 557 760 547 770 522 760 420 765 387 752 325 770 297 760 272 772 252 760"/></Shape>
	    <String CONTENT="که شیر دلاور شد از بیشه سیر"
                    HPOS="250"
                    VPOS="690"
                    WIDTH="845"
                    HEIGHT="87"></String>
          </TextLine>
          
          
	  <TextLine ID="eSc_line_56975"
                    
                    BASELINE="1162 827 1200 835 1995 830" 
                    HPOS="1162"
                    VPOS="775"
                    WIDTH="833"
                    HEIGHT="90">
            <Shape><Polygon POINTS="1162 827 1175 787 1275 800 1305 780 1330 802 1367 782 1385 792 1412 777 1457 810 1485 797 1505 812 1547 775 1575 802 1640 792 1662 812 1692 790 1822 805 1857 785 1875 800 1932 805 1960 785 1995 830 1977 845 1887 860 1867 860 1852 845 1765 850 1682 842 1670 832 1645 855 1610 842 1517 857 1500 845 1485 857 1452 847 1425 865 1405 852 1352 850 1330 835 1240 840 1207 855 1167 842"/></Shape>
	    <String CONTENT="خروشید بسیار و زاری نمود"
                    HPOS="1162"
                    VPOS="775"
                    WIDTH="833"
                    HEIGHT="90"></String>
          </TextLine>
          
          
	  <TextLine ID="eSc_line_56965"
                    
                    BASELINE="265 830 537 835 565 830 635 830 705 835 730 830 830 835 855 830 897 835 980 830 1089 830" 
                    HPOS="265"
                    VPOS="760"
                    WIDTH="822"
                    HEIGHT="102">
            <Shape><Polygon POINTS="265 830 267 782 290 795 322 785 340 795 377 772 412 805 485 792 520 760 545 782 565 767 605 792 627 777 650 800 702 772 727 800 780 790 805 815 832 795 865 797 877 787 895 790 917 815 1055 787 1087 830 935 860 910 835 835 850 797 837 772 862 735 842 672 850 647 832 562 845 492 835 475 852 450 840 412 852 387 835 290 855 267 840"/></Shape>
	    <String CONTENT="همی هر زمان نالهٔ بر فزود"
                    HPOS="265"
                    VPOS="760"
                    WIDTH="822"
                    HEIGHT="102"></String>
          </TextLine>
          
          
	  <TextLine ID="eSc_line_56980"
                    
                    BASELINE="1180 915 1862 915 1887 910 1915 917 1950 917 1996 927" 
                    HPOS="1180"
                    VPOS="855"
                    WIDTH="815"
                    HEIGHT="85">
            <Shape><Polygon POINTS="1180 915 1182 870 1202 880 1240 870 1262 890 1295 875 1310 890 1370 855 1390 855 1412 877 1445 880 1467 857 1520 877 1552 857 1572 875 1622 862 1682 882 1700 872 1722 882 1745 862 1765 875 1802 875 1825 857 1847 877 1870 870 1895 892 1955 855 1987 885 1995 925 1970 937 1945 927 1927 940 1885 920 1757 925 1732 915 1705 935 1680 925 1657 937 1635 925 1552 915 1532 915 1512 935 1462 915 1422 922 1405 937 1320 915 1287 935 1252 917 1212 935 1182 925"/></Shape>
	    <String CONTENT="یکی هفته بودند2 با سوگ و درد"
                    HPOS="1180"
                    VPOS="855"
                    WIDTH="815"
                    HEIGHT="85"></String>
          </TextLine>
          
          
	  <TextLine ID="eSc_line_56970"
                    
                    BASELINE="260 917 302 912 395 915 427 910 855 915 902 910 967 910 1000 915 1027 910 1074 910" 
                    HPOS="260"
                    VPOS="852"
                    WIDTH="812"
                    HEIGHT="88">
            <Shape><Polygon POINTS="260 915 267 867 295 882 330 857 360 877 372 870 397 882 435 852 465 870 485 860 505 880 575 875 595 895 617 877 635 880 662 852 697 880 712 870 785 877 810 857 832 880 847 867 877 880 910 860 930 880 957 867 985 890 1010 875 1062 877 1072 910 1012 930 992 930 972 912 957 922 872 927 792 915 770 935 742 922 722 932 642 922 617 940 582 917 525 932 467 912 440 912 412 932 340 912 297 935 262 922"/></Shape>
	    <String CONTENT="سر هفته پهلو سپه گرد کرد"
                    HPOS="260"
                    VPOS="852"
                    WIDTH="812"
                    HEIGHT="88"></String>
          </TextLine>
          
          
	  <TextLine ID="eSc_line_56971"
                    
                    BASELINE="1150 992 1820 992 2002 997" 
                    HPOS="1150"
                    VPOS="935"
                    WIDTH="850"
                    HEIGHT="87">
            <Shape><Polygon POINTS="1150 990 1187 950 1210 962 1292 962 1322 945 1347 960 1367 942 1392 940 1425 970 1462 950 1515 962 1547 935 1587 962 1605 945 1637 950 1665 977 1707 935 1720 935 1745 960 1782 952 1802 962 1825 952 1855 970 1902 945 1920 957 1947 947 1962 960 1980 957 2000 995 1972 1020 1940 1005 1920 1022 1872 1012 1850 995 1825 1005 1712 1005 1685 1017 1652 992 1615 1020 1595 1020 1567 992 1555 1002 1460 1002 1427 1017 1397 990 1372 1002 1282 1005 1267 1015 1170 1005 1152 990"/></Shape>
	    <String CONTENT="بسوی حصار دژ اندر کشید"
                    HPOS="1150"
                    VPOS="935"
                    WIDTH="850"
                    HEIGHT="87"></String>
          </TextLine>
          
          
	  <TextLine ID="eSc_line_56966"
                    
                    BASELINE="250 990 297 990 322 995 1085 995" 
                    HPOS="250"
                    VPOS="932"
                    WIDTH="835"
                    HEIGHT="85">
            <Shape><Polygon POINTS="250 990 252 965 277 947 302 960 320 950 372 960 410 945 422 957 452 932 470 932 490 952 517 940 537 960 627 957 640 970 707 932 735 960 785 952 807 975 827 955 852 967 902 935 937 957 967 932 997 960 1065 952 1085 995 1062 1015 1037 1002 972 1002 955 1015 907 1002 882 1012 857 995 822 1017 797 997 777 1015 755 1002 675 1015 647 995 552 1015 502 995 342 1012 252 992"/></Shape>
	    <String CONTENT="بیابان و باره سپه گسترید"
                    HPOS="250"
                    VPOS="932"
                    WIDTH="835"
                    HEIGHT="85"></String>
          </TextLine>
          
          
	  <TextLine ID="eSc_line_56967"
                    
                    BASELINE="1155 1070 2002 1068" 
                    HPOS="1155"
                    VPOS="1015"
                    WIDTH="845"
                    HEIGHT="87">
            <Shape><Polygon POINTS="1155 1070 1157 1045 1187 1015 1220 1040 1247 1032 1265 1050 1287 1035 1307 1050 1342 1015 1362 1015 1387 1040 1422 1037 1440 1052 1517 1037 1545 1015 1577 1040 1595 1035 1622 1047 1667 1020 1702 1040 1735 1032 1747 1042 1787 1017 1817 1047 1837 1032 1892 1042 1912 1027 1945 1047 1975 1027 2000 1067 1975 1087 1942 1090 1835 1087 1805 1070 1792 1082 1722 1085 1700 1100 1672 1090 1640 1095 1625 1080 1602 1102 1555 1082 1532 1095 1502 1082 1462 1097 1435 1072 1425 1082 1342 1090 1310 1077 1285 1097 1252 1077 1167 1082 1157 1072"/></Shape>
	    <String CONTENT="نشست اندران جابسی سال و ماه"
                    HPOS="1155"
                    VPOS="1015"
                    WIDTH="845"
                    HEIGHT="87"></String>
          </TextLine>
          
          
	  <TextLine ID="eSc_line_56962"
                    
                    BASELINE="270 1070 417 1075 445 1070 487 1070 597 1075 1022 1075 1085 1067" 
                    HPOS="270"
                    VPOS="1015"
                    WIDTH="815"
                    HEIGHT="87">
            <Shape><Polygon POINTS="270 1070 280 1017 330 1047 352 1030 382 1042 452 1045 490 1015 552 1045 590 1022 612 1040 630 1027 675 1040 700 1015 725 1027 747 1015 772 1040 855 1035 872 1052 910 1025 950 1040 1040 1035 1065 1037 1085 1067 1062 1085 962 1082 940 1097 892 1090 875 1075 852 1095 827 1082 747 1082 715 1095 677 1075 640 1102 620 1100 600 1080 450 1090 332 1077 310 1097 272 1085"/></Shape>
	    <String CONTENT="سوی بارهٔ دژ ندانست راه"
                    HPOS="270"
                    VPOS="1015"
                    WIDTH="815"
                    HEIGHT="87"></String>
          </TextLine>
          
          
	  <TextLine ID="eSc_line_56982"
                    
                    BASELINE="1170 1157 1245 1165 1925 1165 2009 1157" 
                    HPOS="1170"
                    VPOS="1097"
                    WIDTH="837"
                    HEIGHT="88">
            <Shape><Polygon POINTS="1170 1155 1177 1102 1230 1122 1325 1115 1340 1130 1357 1112 1415 1122 1440 1100 1477 1125 1547 1122 1580 1097 1620 1122 1665 1115 1677 1127 1715 1107 1760 1137 1800 1097 1825 1110 1847 1097 1880 1122 1915 1112 1940 1137 1970 1112 2007 1155 1952 1185 1932 1165 1827 1182 1810 1182 1792 1165 1732 1165 1705 1182 1677 1167 1650 1175 1637 1165 1522 1165 1502 1177 1467 1165 1390 1165 1362 1182 1297 1165 1255 1165 1215 1180 1172 1170"/></Shape>
	    <String CONTENT="ز دروازهٔ  دژ یکی تن برون"
                    HPOS="1170"
                    VPOS="1097"
                    WIDTH="837"
                    HEIGHT="88"></String>
          </TextLine>
          
          
	  <TextLine ID="eSc_line_56972"
                    
                    BASELINE="245 1150 360 1152 1075 1152" 
                    HPOS="245"
                    VPOS="1097"
                    WIDTH="830"
                    HEIGHT="83">
            <Shape><Polygon POINTS="245 1150 250 1122 267 1105 315 1122 355 1110 400 1125 435 1097 465 1115 495 1102 542 1122 570 1105 600 1122 635 1105 657 1127 692 1127 727 1105 765 1122 830 1125 857 1115 877 1132 905 1112 937 1125 967 1097 1000 1122 1032 1125 1070 1105 1075 1150 1067 1165 1027 1175 965 1162 892 1165 880 1155 857 1177 802 1165 752 1180 695 1162 657 1180 637 1160 505 1165 470 1150 417 1167 347 1165 322 1180 250 1165"/></Shape>
	    <String CONTENT="نیامد برون و نشد3 اندرون"
                    HPOS="245"
                    VPOS="1097"
                    WIDTH="830"
                    HEIGHT="83"></String>
          </TextLine>
          
          
	  <TextLine ID="eSc_line_56983"
                    
                    BASELINE="1170 1230 2002 1235" 
                    HPOS="1170"
                    VPOS="1175"
                    WIDTH="830"
                    HEIGHT="87">
            <Shape><Polygon POINTS="1170 1230 1172 1195 1190 1177 1227 1182 1250 1205 1290 1185 1322 1207 1380 1177 1430 1202 1480 1202 1497 1185 1535 1175 1555 1195 1580 1182 1597 1200 1617 1192 1630 1205 1675 1205 1707 1187 1722 1202 1757 1190 1787 1207 1837 1177 1867 1202 1890 1195 1915 1205 1937 1185 1977 1185 1992 1200 2000 1235 1972 1235 1957 1247 1920 1235 1840 1245 1822 1262 1720 1235 1662 1255 1585 1242 1495 1252 1482 1242 1457 1257 1442 1245 1412 1252 1325 1242 1307 1260 1262 1260 1235 1232 1207 1247 1172 1245"/></Shape>
	    <String CONTENT="که حاجت نبدشان بیک پرّ کاه"
                    HPOS="1170"
                    VPOS="1175"
                    WIDTH="830"
                    HEIGHT="87"></String>
          </TextLine>
          
          
	  <TextLine ID="eSc_line_56976"
                    
                    BASELINE="256 1230 1081 1235" 
                    HPOS="255"
                    VPOS="1172"
                    WIDTH="825"
                    HEIGHT="88">
            <Shape><Polygon POINTS="255 1230 257 1197 275 1180 307 1200 327 1195 347 1212 365 1200 392 1210 422 1180 442 1177 465 1200 502 1200 537 1180 552 1195 572 1190 617 1205 650 1182 707 1202 737 1197 760 1217 790 1195 827 1212 887 1185 950 1197 972 1215 1050 1172 1072 1182 1080 1235 990 1255 962 1237 945 1255 927 1255 900 1242 855 1250 822 1235 780 1260 750 1247 722 1257 627 1232 600 1257 522 1232 425 1252 392 1242 372 1260 355 1260 335 1240 257 1245"/></Shape>
	    <String CONTENT="اگر چند در بسته بد4 سال و ماه"
                    HPOS="255"
                    VPOS="1172"
                    WIDTH="825"
                    HEIGHT="88"></String>
          </TextLine>
          
          
	  <TextLine ID="eSc_line_56985"
                    
                    BASELINE="1160 1317 1200 1312 1957 1312 1990 1317" 
                    HPOS="1160"
                    VPOS="1255"
                    WIDTH="830"
                    HEIGHT="87">
            <Shape><Polygon POINTS="1160 1317 1162 1282 1190 1255 1225 1280 1260 1285 1295 1265 1325 1282 1370 1265 1390 1282 1412 1260 1437 1255 1465 1282 1492 1272 1517 1292 1545 1270 1570 1282 1635 1275 1677 1282 1710 1265 1732 1287 1762 1257 1830 1280 1870 1257 1902 1290 1915 1280 1977 1282 1990 1317 1912 1337 1880 1317 1807 1335 1765 1325 1745 1342 1712 1320 1655 1342 1630 1325 1587 1332 1517 1312 1495 1335 1467 1327 1452 1337 1420 1322 1317 1325 1262 1312 1245 1325 1197 1322 1162 1337"/></Shape>
	    <String CONTENT="سر انجام نومید برگشت سام"
                    HPOS="1160"
                    VPOS="1255"
                    WIDTH="830"
                    HEIGHT="87"></String>
          </TextLine>
          
          
	  <TextLine ID="eSc_line_56953"
                    
                    BASELINE="270 1315 810 1312 850 1317 1097 1317" 
                    HPOS="270"
                    VPOS="1250"
                    WIDTH="825"
                    HEIGHT="92">
            <Shape><Polygon POINTS="270 1315 272 1250 312 1275 355 1257 375 1277 395 1275 410 1287 427 1272 465 1272 477 1285 620 1282 672 1257 697 1282 745 1265 772 1292 812 1272 837 1285 872 1275 887 1290 915 1265 972 1285 1002 1260 1032 1287 1062 1272 1095 1315 1050 1342 1017 1322 977 1325 952 1340 907 1335 892 1322 870 1340 840 1327 785 1340 755 1317 662 1322 642 1337 412 1317 395 1335 287 1322 272 1337"/></Shape>
	    <String CONTENT="ز خون پدر نارسیده بکام"
                    HPOS="270"
                    VPOS="1250"
                    WIDTH="825"
                    HEIGHT="92"></String>
          </TextLine>
          
          
	  <TextLine ID="eSc_line_56986"
                    
                    BASELINE="1170 1387 1250 1395 1870 1392 1995 1397" 
                    HPOS="1170"
                    VPOS="1337"
                    WIDTH="825"
                    HEIGHT="83">
            <Shape><Polygon POINTS="1170 1387 1180 1340 1252 1362 1317 1352 1350 1365 1372 1347 1417 1360 1462 1337 1490 1360 1520 1337 1562 1365 1585 1342 1610 1337 1635 1362 1695 1355 1710 1370 1765 1337 1782 1352 1797 1342 1835 1345 1882 1365 1905 1347 1935 1362 1977 1345 1995 1397 1945 1410 1882 1407 1852 1420 1777 1395 1745 1412 1712 1402 1685 1420 1662 1405 1620 1417 1600 1400 1495 1405 1472 1395 1450 1407 1350 1395 1322 1420 1297 1405 1257 1405 1225 1420 1172 1395"/></Shape>
	    <String CONTENT="کنون 5 ای پسر گاه آنست چون6"
                    HPOS="1170"
                    VPOS="1337"
                    WIDTH="825"
                    HEIGHT="83"></String>
          </TextLine>
          
          
	  <TextLine ID="eSc_line_56963"
                    
                    BASELINE="260 1400 297 1405 365 1397 425 1405 672 1402 697 1407 722 1400 847 1400 940 1392 1085 1395" 
                    HPOS="260"
                    VPOS="1332"
                    WIDTH="825"
                    HEIGHT="93">
            <Shape><Polygon POINTS="260 1400 262 1345 320 1360 347 1332 382 1337 410 1365 470 1360 492 1337 520 1350 542 1335 575 1367 622 1357 650 1375 700 1362 735 1337 805 1375 870 1340 900 1362 945 1367 967 1345 1000 1365 1070 1345 1085 1395 1030 1410 947 1392 932 1405 877 1407 857 1425 730 1402 675 1422 642 1405 622 1422 572 1405 540 1405 522 1417 475 1405 457 1422 432 1407 395 1422 367 1400 325 1405 302 1420 262 1412"/></Shape>
	    <String CONTENT="که سازم یکی چارهٔ پر فسون"
                    HPOS="260"
                    VPOS="1332"
                    WIDTH="825"
                    HEIGHT="93"></String>
          </TextLine>
          
          
	  <TextLine ID="eSc_line_56987"
                    
                    BASELINE="1160 1477 1225 1485 1385 1485 1480 1480 1507 1487 1557 1477 1667 1480 1797 1472 1920 1485 1999 1480" 
                    HPOS="1160"
                    VPOS="1417"
                    WIDTH="837"
                    HEIGHT="85">
            <Shape><Polygon POINTS="1160 1475 1165 1437 1205 1417 1237 1442 1267 1420 1292 1445 1317 1445 1360 1422 1385 1447 1420 1445 1452 1420 1522 1445 1555 1417 1587 1447 1632 1440 1647 1450 1677 1422 1692 1422 1727 1455 1770 1422 1805 1445 1822 1445 1842 1425 1862 1427 1882 1447 1932 1430 1987 1447 1997 1480 1952 1502 1900 1495 1877 1480 1757 1492 1732 1475 1680 1495 1647 1485 1632 1500 1542 1477 1512 1495 1430 1485 1402 1500 1367 1485 1267 1487 1225 1502 1162 1490"/></Shape>
	    <String CONTENT="روی شاد دل با یکی کاروان"
                    HPOS="1160"
                    VPOS="1417"
                    WIDTH="837"
                    HEIGHT="85"></String>
          </TextLine>
          
          
	  <TextLine ID="eSc_line_56981"
                    
                    BASELINE="262 1475 915 1472 1032 1485 1092 1466" 
                    HPOS="260"
                    VPOS="1417"
                    WIDTH="830"
                    HEIGHT="85">
            <Shape><Polygon POINTS="260 1475 262 1422 312 1417 342 1440 435 1432 460 1457 487 1430 517 1440 535 1432 555 1447 590 1420 650 1442 670 1425 697 1440 725 1425 745 1445 765 1425 805 1422 817 1432 827 1422 855 1430 892 1420 922 1445 992 1417 1022 1445 1062 1437 1090 1465 1047 1502 1035 1490 1005 1500 947 1487 860 1497 832 1472 805 1472 792 1485 737 1472 722 1485 512 1490 452 1475 422 1495 372 1485 357 1497 335 1485 290 1495 265 1477"/></Shape>
	    <String CONTENT="بران سان7 که نشناسدت دیدبان8"
                    HPOS="260"
                    VPOS="1417"
                    WIDTH="830"
                    HEIGHT="85"></String>
          </TextLine>
          
          
	  <TextLine ID="eSc_line_56988"
                    
                    BASELINE="1160 1560 1455 1552 1955 1552 1992 1557" 
                    HPOS="1160"
                    VPOS="1492"
                    WIDTH="832"
                    HEIGHT="95">
            <Shape><Polygon POINTS="1160 1560 1172 1522 1217 1522 1237 1505 1260 1517 1292 1492 1315 1505 1345 1492 1382 1525 1397 1512 1425 1525 1452 1507 1470 1525 1552 1522 1572 1535 1592 1515 1640 1525 1672 1500 1690 1500 1710 1520 1727 1515 1747 1532 1772 1512 1827 1527 1860 1507 1890 1537 1910 1517 1937 1527 1972 1507 1985 1515 1992 1557 1967 1572 1947 1570 1927 1587 1905 1587 1880 1565 1790 1582 1755 1557 1725 1580 1665 1565 1610 1582 1577 1552 1562 1567 1515 1570 1497 1582 1460 1567 1392 1567 1372 1555 1317 1570 1240 1562 1200 1577 1165 1567"/></Shape>
	    <String CONTENT="تن خود بکوه سپند افگنی"
                    HPOS="1160"
                    VPOS="1492"
                    WIDTH="832"
                    HEIGHT="95"></String>
          </TextLine>
          
          
	  <TextLine ID="eSc_line_56968"
                    
                    BASELINE="270 1565 350 1560 690 1560 715 1565 1092 1560" 
                    HPOS="270"
                    VPOS="1497"
                    WIDTH="820"
                    HEIGHT="93">
            <Shape><Polygon POINTS="270 1565 272 1527 305 1522 327 1505 352 1522 392 1502 422 1532 435 1522 500 1527 550 1500 570 1515 592 1497 607 1497 630 1520 652 1510 670 1522 692 1517 707 1532 735 1507 777 1502 797 1520 815 1505 845 1525 902 1517 920 1535 990 1502 1037 1527 1070 1520 1090 1560 1070 1580 1045 1572 1020 1587 982 1562 947 1580 917 1570 847 1575 830 1590 787 1565 752 1577 705 1565 687 1582 657 1565 620 1580 592 1565 537 1577 505 1567 477 1580 467 1570 425 1577 407 1560 387 1560 275 1580"/></Shape>
	    <String CONTENT="بن 9 و بیخ آن بدرگان بر کنی"
                    HPOS="270"
                    VPOS="1497"
                    WIDTH="820"
                    HEIGHT="93"></String>
          </TextLine>
          
          
	  <TextLine ID="eSc_line_56989"
                    
                    BASELINE="1170 1640 1437 1637 1545 1632 1995 1635" 
                    HPOS="1170"
                    VPOS="1577"
                    WIDTH="825"
                    HEIGHT="88">
            <Shape><Polygon POINTS="1170 1640 1180 1597 1205 1602 1222 1585 1240 1585 1265 1607 1295 1577 1325 1597 1347 1585 1375 1612 1430 1602 1465 1580 1497 1607 1520 1592 1545 1602 1575 1577 1625 1602 1655 1585 1677 1605 1700 1585 1747 1605 1782 1585 1810 1602 1860 1580 1885 1605 1902 1587 1932 1605 1975 1585 1995 1635 1957 1647 1912 1647 1887 1635 1760 1647 1732 1665 1692 1655 1672 1635 1650 1647 1530 1650 1492 1635 1402 1660 1355 1640 1297 1645 1280 1662 1247 1640 1172 1660"/></Shape>
	    <String CONTENT="که اکنون نداند کسی نام تو"
                    HPOS="1170"
                    VPOS="1577"
                    WIDTH="825"
                    HEIGHT="88"></String>
          </TextLine>
          
          
	  <TextLine ID="eSc_line_56964"
                    
                    BASELINE="272 1640 322 1632 505 1635 607 1630 642 1637 765 1640 802 1645 1072 1640" 
                    HPOS="270"
                    VPOS="1575"
                    WIDTH="800"
                    HEIGHT="92">
            <Shape><Polygon POINTS="270 1640 272 1597 297 1602 315 1585 335 1585 355 1605 382 1577 412 1597 450 1582 480 1612 495 1600 512 1602 545 1575 622 1612 652 1595 682 1607 720 1580 765 1617 785 1602 827 1600 855 1617 875 1597 907 1607 922 1592 950 1597 982 1577 1030 1617 1062 1595 1070 1640 1052 1665 1025 1650 990 1662 965 1647 907 1650 882 1667 850 1652 835 1662 810 1650 772 1660 747 1640 710 1660 652 1652 620 1632 592 1647 480 1655 447 1635 435 1645 385 1645 367 1662 335 1642 272 1660"/></Shape>
	    <String CONTENT="ز رفتن بر آید مگر کام تو"
                    HPOS="270"
                    VPOS="1575"
                    WIDTH="800"
                    HEIGHT="92"></String>
          </TextLine>
          
          
	  <TextLine ID="eSc_line_56991"
                    
                    BASELINE="1160 1713 1302 1717 1357 1712 1890 1712 1989 1717" 
                    HPOS="1160"
                    VPOS="1655"
                    WIDTH="827"
                    HEIGHT="90">
            <Shape><Polygon POINTS="1160 1712 1165 1687 1192 1687 1210 1670 1237 1680 1260 1665 1290 1675 1335 1660 1355 1680 1395 1682 1437 1655 1460 1677 1480 1665 1497 1680 1535 1662 1560 1687 1622 1670 1637 1685 1695 1680 1710 1695 1740 1670 1775 1685 1795 1665 1820 1675 1860 1657 1885 1682 1972 1680 1987 1715 1972 1740 1915 1727 1885 1742 1855 1715 1840 1727 1767 1727 1717 1712 1685 1740 1650 1725 1607 1725 1565 1745 1532 1712 1512 1727 1455 1712 1387 1737 1365 1725 1300 1735 1270 1715 1257 1727 1162 1742"/></Shape>
	    <String CONTENT="بدو گفت رستم که فرمان کنم"
                    HPOS="1160"
                    VPOS="1655"
                    WIDTH="827"
                    HEIGHT="90"></String>
          </TextLine>
          
          
	  <TextLine ID="eSc_line_56958"
                    
                    BASELINE="260 1730 295 1717 587 1720 612 1725 890 1725 1075 1717" 
                    HPOS="260"
                    VPOS="1657"
                    WIDTH="815"
                    HEIGHT="90">
            <Shape><Polygon POINTS="260 1730 262 1682 295 1685 312 1667 342 1682 372 1662 402 1682 445 1660 480 1685 577 1675 600 1697 625 1675 667 1685 725 1662 745 1682 777 1675 795 1685 827 1672 857 1700 882 1675 920 1685 957 1657 992 1692 1005 1682 1065 1680 1075 1717 1010 1740 990 1740 970 1722 930 1737 912 1727 890 1745 872 1745 852 1725 827 1725 805 1740 760 1730 735 1742 705 1725 667 1747 592 1722 540 1742 500 1727 417 1737 400 1720 302 1725 262 1742"/></Shape>
	    <String CONTENT="مر این درد را زود درمان کنم"
                    HPOS="260"
                    VPOS="1657"
                    WIDTH="815"
                    HEIGHT="90"></String>
          </TextLine>
          
          
	  <TextLine ID="eSc_line_56993"
                    
                    BASELINE="1160 1787 1195 1792 1222 1805 1580 1805 1632 1800 1812 1797 1845 1792 1877 1797 1990 1800" 
                    HPOS="1160"
                    VPOS="1737"
                    WIDTH="830"
                    HEIGHT="88">
            <Shape><Polygon POINTS="1160 1787 1165 1745 1195 1745 1215 1762 1270 1765 1292 1742 1317 1737 1347 1767 1365 1750 1395 1762 1437 1737 1477 1777 1542 1752 1565 1770 1612 1740 1645 1762 1672 1740 1730 1762 1752 1750 1775 1750 1787 1762 1810 1742 1832 1752 1867 1737 1895 1765 1927 1755 1950 1765 1977 1760 1990 1800 1972 1820 1927 1807 1902 1825 1867 1797 1850 1810 1737 1802 1715 1825 1677 1810 1657 1815 1637 1800 1600 1815 1567 1805 1545 1822 1520 1807 1477 1820 1460 1805 1425 1805 1405 1822 1377 1815 1350 1825 1322 1805 1205 1817 1162 1795"/></Shape>
	    <String CONTENT="بدو گفت زال ای پسر گوش گیر10"
                    HPOS="1160"
                    VPOS="1737"
                    WIDTH="830"
                    HEIGHT="88"></String>
          </TextLine>
          
          
	  <TextLine ID="eSc_line_56955"
                    
                    BASELINE="250 1787 290 1795 927 1792 1085 1797" 
                    HPOS="250"
                    VPOS="1737"
                    WIDTH="835"
                    HEIGHT="88">
            <Shape><Polygon POINTS="250 1787 252 1750 270 1742 292 1745 310 1762 340 1762 380 1737 430 1777 460 1755 487 1765 515 1742 557 1742 575 1760 597 1755 615 1767 705 1762 725 1742 750 1737 770 1757 792 1747 807 1762 835 1757 857 1767 907 1752 930 1770 947 1755 967 1762 1002 1742 1027 1765 1065 1762 1085 1797 1060 1807 990 1805 967 1822 937 1825 915 1805 820 1820 767 1795 692 1822 647 1807 617 1822 600 1805 567 1812 505 1795 450 1820 420 1807 405 1820 377 1807 300 1815 252 1792"/></Shape>
	    <String CONTENT="سخن هرچه گویم همه11 در پذیر 12"
                    HPOS="250"
                    VPOS="1737"
                    WIDTH="835"
                    HEIGHT="88"></String>
          </TextLine>
          
          
	  <TextLine ID="eSc_line_56994"
                    
                    BASELINE="1170 1882 1985 1882" 
                    HPOS="1170"
                    VPOS="1822"
                    WIDTH="815"
                    HEIGHT="88">
            <Shape><Polygon POINTS="1170 1882 1175 1832 1202 1822 1237 1845 1272 1822 1297 1847 1332 1845 1347 1860 1367 1840 1415 1850 1450 1827 1475 1842 1505 1830 1520 1842 1570 1850 1615 1840 1645 1857 1667 1837 1722 1847 1740 1830 1760 1830 1780 1847 1820 1822 1845 1837 1880 1825 1910 1855 1922 1845 1977 1842 1985 1882 1975 1905 1950 1892 1907 1900 1890 1882 1847 1905 1820 1892 1787 1897 1770 1882 1700 1890 1677 1907 1655 1907 1635 1890 1617 1905 1575 1890 1520 1905 1485 1897 1470 1882 1400 1892 1375 1910 1335 1887 1225 1905 1175 1897"/></Shape>
	    <String CONTENT="بر آرای تن چون تن ساروان"
                    HPOS="1170"
                    VPOS="1822"
                    WIDTH="815"
                    HEIGHT="88"></String>
          </TextLine>
          
          
	  <TextLine ID="eSc_line_56959"
                    
                    BASELINE="250 1887 290 1882 342 1885 367 1880 517 1872 580 1877 610 1872 822 1872 960 1880 1080 1875" 
                    HPOS="250"
                    VPOS="1815"
                    WIDTH="830"
                    HEIGHT="90">
            <Shape><Polygon POINTS="250 1887 252 1840 295 1815 325 1842 355 1817 382 1840 422 1825 435 1835 475 1827 492 1845 535 1822 585 1852 612 1835 645 1845 677 1827 702 1832 727 1857 765 1820 800 1847 835 1822 870 1847 907 1827 945 1862 1010 1830 1030 1837 1055 1827 1080 1875 1057 1890 1007 1887 970 1900 930 1882 877 1890 860 1905 837 1902 795 1872 752 1905 715 1882 612 1892 592 1885 575 1900 440 1877 357 1887 340 1900 252 1890"/></Shape>
	    <String CONTENT="شتر خواه از دشت یک13 کاروان"
                    HPOS="250"
                    VPOS="1815"
                    WIDTH="830"
                    HEIGHT="90"></String>
          </TextLine>
          
          
	  <TextLine ID="eSc_line_56995"
                    
                    BASELINE="1160 1957 1202 1965 1352 1965 1377 1960 1485 1960 1607 1952 1650 1960 1812 1960 1900 1965 1957 1965 1995 1957" 
                    HPOS="1160"
                    VPOS="1900"
                    WIDTH="835"
                    HEIGHT="85">
            <Shape><Polygon POINTS="1160 1957 1162 1937 1192 1922 1232 1917 1252 1935 1277 1920 1300 1935 1335 1900 1382 1932 1447 1900 1477 1925 1510 1925 1537 1905 1550 1915 1595 1905 1617 1925 1647 1920 1675 1947 1750 1912 1777 1927 1810 1910 1840 1937 1882 1902 1907 1927 1975 1922 1995 1957 1972 1985 1947 1972 1917 1980 1885 1970 1855 1985 1827 1965 1687 1982 1665 1960 1612 1985 1577 1957 1515 1972 1377 1960 1327 1980 1292 1970 1262 1982 1245 1970 1235 1980 1210 1972 1177 1985 1162 1975"/></Shape>
	    <String CONTENT="ببار شتر در 14 نمک دار و بس"
                    HPOS="1160"
                    VPOS="1900"
                    WIDTH="835"
                    HEIGHT="85"></String>
          </TextLine>
          
          
	  <TextLine ID="eSc_line_56960"
                    
                    BASELINE="250 1967 370 1957 502 1957 572 1952 707 1952 745 1957 917 1965 1010 1965 1085 1957" 
                    HPOS="250"
                    VPOS="1900"
                    WIDTH="835"
                    HEIGHT="85">
            <Shape><Polygon POINTS="250 1967 260 1930 327 1900 395 1925 460 1915 480 1930 505 1910 577 1927 602 1902 627 1917 650 1907 665 1922 680 1910 712 1922 740 1907 757 1925 777 1905 802 1920 835 1905 862 1930 922 1930 942 1910 975 1902 992 1917 1065 1922 1085 1957 1057 1982 1020 1970 942 1980 925 1967 907 1982 865 1985 842 1962 815 1972 770 1960 715 1972 500 1972 480 1960 420 1977 392 1967 372 1982 322 1965 277 1985 252 1975"/></Shape>
	    <String CONTENT="چنان رو که نشناسدت هیچکس"
                    HPOS="250"
                    VPOS="1900"
                    WIDTH="835"
                    HEIGHT="85"></String>
          </TextLine>
          
          
	  <TextLine ID="eSc_line_56997"
                    
                    BASELINE="1160 2037 1195 2045 1327 2045 1367 2040 1452 2040 1530 2035 1822 2037 1887 2032 1955 2035 1995 2027" 
                    HPOS="1160"
                    VPOS="1980"
                    WIDTH="835"
                    HEIGHT="82">
            <Shape><Polygon POINTS="1160 2037 1162 2015 1185 1992 1207 2005 1252 1995 1292 2005 1307 1992 1330 2002 1352 1980 1382 2002 1412 1995 1432 2007 1452 1987 1487 1982 1510 2005 1530 1992 1572 2005 1605 1995 1625 2012 1687 1982 1722 2005 1750 2007 1782 1987 1807 2012 1840 1980 1897 2007 1915 1990 1937 2002 1972 1985 1987 1995 1995 2027 1957 2050 1905 2045 1887 2060 1845 2050 1827 2062 1792 2042 1655 2052 1630 2037 1540 2050 1492 2037 1472 2052 1410 2055 1347 2042 1285 2047 1262 2060 1162 2052"/></Shape>
	    <String CONTENT="که بار نمک هست آنجا عزیز"
                    HPOS="1160"
                    VPOS="1980"
                    WIDTH="835"
                    HEIGHT="82"></String>
          </TextLine>
          
          
	  <TextLine ID="eSc_line_56957"
                    
                    BASELINE="270 2040 417 2047 447 2040 1010 2037 1060 2047 1075 2040" 
                    HPOS="270"
                    VPOS="1980"
                    WIDTH="805"
                    HEIGHT="85">
            <Shape><Polygon POINTS="270 2040 272 1992 297 2005 382 1997 407 2012 435 1992 457 2005 475 1987 500 1997 525 1980 565 2007 595 1990 617 2010 642 1990 662 2007 692 2002 707 2017 760 1980 782 1992 807 1980 832 2005 865 1992 885 2007 982 2010 1020 1990 1040 2010 1067 2002 1075 2040 1065 2062 1020 2050 880 2052 830 2037 787 2065 730 2060 712 2045 677 2062 625 2040 592 2052 522 2050 507 2062 472 2047 417 2045 400 2045 382 2062 355 2047 332 2057 295 2047 272 2060"/></Shape>
	    <String CONTENT="بقیمت ازان به ندارند چیز"
                    HPOS="270"
                    VPOS="1980"
                    WIDTH="805"
                    HEIGHT="85"></String>
          </TextLine>
          
          
	  <TextLine ID="eSc_line_56992"
                    
                    BASELINE="1160 2127 1232 2127 1260 2122 1467 2122 1497 2127 1530 2117 1855 2117 1890 2125 2007 2125" 
                    HPOS="1160"
                    VPOS="2062"
                    WIDTH="845"
                    HEIGHT="85">
            <Shape><Polygon POINTS="1160 2125 1165 2100 1200 2070 1222 2087 1257 2077 1287 2102 1310 2085 1367 2087 1410 2062 1452 2087 1487 2062 1515 2075 1547 2067 1567 2082 1630 2065 1652 2087 1722 2080 1755 2100 1787 2077 1810 2085 1827 2070 1862 2065 1912 2097 1935 2082 1970 2082 2005 2125 1990 2125 1967 2147 1772 2130 1757 2115 1720 2132 1630 2130 1615 2142 1562 2137 1525 2120 1437 2142 1370 2130 1357 2142 1330 2132 1295 2140 1275 2120 1230 2145 1165 2142"/></Shape>
	    <String CONTENT="چو باشد حصاری15 گران بر درش"
                    HPOS="1160"
                    VPOS="2062"
                    WIDTH="845"
                    HEIGHT="85"></String>
          </TextLine>
          
          
	  <TextLine ID="eSc_line_56954"
                    
                    BASELINE="270 2130 425 2127 462 2122 630 2125 715 2120 982 2125 1037 2122 1095 2113" 
                    HPOS="270"
                    VPOS="2060"
                    WIDTH="825"
                    HEIGHT="85">
            <Shape><Polygon POINTS="270 2130 272 2080 285 2070 312 2085 362 2087 415 2075 437 2095 460 2080 487 2100 505 2082 550 2087 570 2067 605 2090 650 2060 675 2075 700 2067 725 2090 777 2065 797 2065 825 2085 860 2067 885 2092 942 2080 967 2090 997 2072 1037 2087 1062 2077 1095 2112 1062 2140 1035 2130 1007 2142 975 2125 952 2140 927 2132 890 2142 872 2125 765 2132 717 2122 637 2137 582 2125 535 2142 492 2140 477 2127 450 2145 432 2132 405 2142 390 2130 372 2140 295 2135 272 2145"/></Shape>
	    <String CONTENT="بود بی نمک شان خور و پرورش"
                    HPOS="270"
                    VPOS="2060"
                    WIDTH="825"
                    HEIGHT="85"></String>
          </TextLine>
          
          
	  <TextLine ID="eSc_line_56996"
                    
                    BASELINE="1180 2202 1317 2197 1697 2197 1757 2200 1790 2207 1845 2202 1999 2205" 
                    HPOS="1180"
                    VPOS="2140"
                    WIDTH="817"
                    HEIGHT="85">
            <Shape><Polygon POINTS="1180 2200 1182 2150 1215 2142 1240 2167 1252 2157 1277 2167 1300 2145 1330 2140 1355 2162 1380 2147 1397 2165 1420 2165 1450 2142 1502 2167 1530 2150 1555 2175 1590 2142 1622 2167 1645 2160 1660 2175 1687 2155 1715 2167 1742 2152 1757 2167 1780 2147 1802 2167 1877 2160 1895 2175 1917 2157 1935 2167 1965 2160 1990 2175 1997 2205 1967 2225 1940 2212 1867 2222 1850 2210 1812 2217 1662 2202 1635 2222 1617 2210 1565 2222 1540 2200 1525 2210 1410 2210 1392 2197 1377 2207 1315 2202 1260 2220 1237 2207 1182 2217"/></Shape>
	    <String CONTENT="چو بینند بار نمک ناگهان"
                    HPOS="1180"
                    VPOS="2140"
                    WIDTH="817"
                    HEIGHT="85"></String>
          </TextLine>
          
          
	  <TextLine ID="eSc_line_56956"
                    
                    BASELINE="262 2200 572 2200 630 2190 705 2192 730 2197 920 2200 950 2207 1007 2202 1096 2205" 
                    HPOS="260"
                    VPOS="2142"
                    WIDTH="835"
                    HEIGHT="83">
            <Shape><Polygon POINTS="260 2200 262 2155 292 2142 325 2165 425 2150 415 2195 435 2195 390 2151 510 2165 532 2142 580 2167 637 2167 655 2150 677 2147 730 2165 752 2157 765 2170 790 2150 835 2170 860 2147 890 2170 900 2160 970 2167 1015 2142 1040 2167 1070 2160 1095 2205 1060 2225 1037 2210 920 2220 892 2200 797 2225 782 2212 700 2215 647 2195 632 2210 580 2210 557 2222 532 2207 485 2207 457 2222 425 2200 390 2200 342 2220 307 2207 262 2217"/></Shape>
	    <String CONTENT="پذیره شوندت16 سراسر17 مهان"
                    HPOS="260"
                    VPOS="2142"
                    WIDTH="835"
                    HEIGHT="83"></String>
          </TextLine>
          
          
	  <TextLine ID="eSc_line_57002"
                    
                    BASELINE="1165 2280 1350 2280 1420 2287 1545 2280 1845 2280 1870 2285 1984 2285" 
                    HPOS="1165"
                    VPOS="2220"
                    WIDTH="817"
                    HEIGHT="90">
            <Shape><Polygon POINTS="1165 2280 1167 2250 1195 2222 1235 2225 1252 2242 1282 2230 1320 2247 1355 2220 1375 2235 1410 2222 1440 2252 1497 2240 1517 2257 1572 2232 1602 2247 1657 2242 1677 2260 1710 2235 1765 2247 1785 2230 1807 2245 1835 2230 1857 2247 1882 2240 1905 2262 1927 2242 1962 2240 1975 2245 1982 2285 1965 2302 1935 2305 1900 2285 1882 2302 1842 2290 1772 2290 1747 2302 1685 2280 1655 2302 1617 2290 1557 2290 1537 2310 1512 2292 1497 2302 1475 2292 1442 2300 1410 2285 1375 2305 1347 2290 1252 2280 1167 2300"/></Shape>
	    <String CONTENT="چو بشنید رستم بر آراست کار"
                    HPOS="1165"
                    VPOS="2220"
                    WIDTH="817"
                    HEIGHT="90"></String>
          </TextLine>
          
          
	  <TextLine ID="eSc_line_56951"
                    
                    BASELINE="252 2287 290 2287 337 2277 315 2290 452 2282 1045 2285 1082 2277" 
                    HPOS="252"
                    VPOS="2217"
                    WIDTH="830"
                    HEIGHT="93">
            <Shape><Polygon POINTS="252 2287 255 2255 290 2220 347 2255 390 2217 420 2225 447 2252 457 2242 505 2245 535 2227 567 2260 600 2237 627 2247 655 2225 710 2245 765 2240 782 2255 807 2230 917 2250 937 2230 972 2222 987 2237 1010 2227 1025 2242 1060 2242 1082 2277 1052 2305 1005 2287 937 2300 917 2285 897 2305 870 2292 835 2305 785 2285 767 2302 742 2292 717 2310 677 2285 625 2285 590 2302 572 2302 555 2285 445 2305 425 2285 370 2302 337 2292 317 2307 255 2297"/></Shape>
	    <String CONTENT="چنان چون بود18 در خور کار  زار"
                    HPOS="252"
                    VPOS="2217"
                    WIDTH="830"
                    HEIGHT="93"></String>
          </TextLine>
          
          
	  <TextLine ID="eSc_line_57006"
                    
                    BASELINE="1073 2867 1142 2875 1175 2867" 
                    HPOS="1072"
                    VPOS="2820"
                    WIDTH="103"
                    HEIGHT="72">
            <Shape><Polygon POINTS="1072 2865 1080 2825 1090 2820 1172 2825 1175 2865 1160 2892 1112 2882 1092 2892 1075 2877"/></Shape>
	    <String CONTENT="۲۶۷"
                    HPOS="1072"
                    VPOS="2820"
                    WIDTH="103"
                    HEIGHT="72"></String>
          </TextLine>
          </TextBlock>
          
        </PrintSpace>
      </Page>
    </Layout>
  </alto>
