<?xml version="1.0" encoding="UTF-8"?>
<alto xmlns:xsi="http://www.w3.org/2001/XMLSchema-instance"
      xmlns="http://www.loc.gov/standards/alto/ns-v4#"
      xsi:schemaLocation="http://www.loc.gov/standards/alto/ns-v4# https://gitlab.inria.fr/scripta/escriptorium/-/raw/develop/app/escriptorium/static/alto-4-1-baselines.xsd">
  <Description>
    <MeasurementUnit>pixel</MeasurementUnit>
    <sourceImageInformation>
      <fileName>Ferdowsi_Moscow.pdf_000040.png</fileName>
    </sourceImageInformation>
  </Description>
  
  <Tags>
    <OtherTag ID="BT1" LABEL="Title" DESCRIPTION="block type Title"/><OtherTag ID="BT2" LABEL="Main" DESCRIPTION="block type Main"/><OtherTag ID="BT3" LABEL="Commentary" DESCRIPTION="block type Commentary"/><OtherTag ID="BT4" LABEL="Illustration" DESCRIPTION="block type Illustration"/>
    
  </Tags>
  
  <Layout>
    <Page WIDTH="2430"
          HEIGHT="3000"
          PHYSICAL_IMG_NR="6"
          ID="eSc_dummypage_">
      <PrintSpace HPOS="0"
                  VPOS="0"
                  WIDTH="2430"
                  HEIGHT="3000">
        
        <TextBlock ID="eSc_dummyblock_">
          
	  <TextLine ID="eSc_line_57015"
                    
                    BASELINE="1040 455 1205 460" 
                    HPOS="1040"
                    VPOS="402"
                    WIDTH="165"
                    HEIGHT="73">
            <Shape><Polygon POINTS="1040 455 1047 412 1062 417 1095 402 1115 417 1137 407 1170 412 1205 460 1160 475 1042 472"/></Shape>
	    <String CONTENT="شاهنامه"
                    HPOS="1040"
                    VPOS="402"
                    WIDTH="165"
                    HEIGHT="73"></String>
          </TextLine>
          
          
	  <TextLine ID="eSc_line_57045"
                    
                    BASELINE="1165 597 1247 597 1310 592 1737 592 1947 592 1992 597" 
                    HPOS="1165"
                    VPOS="527"
                    WIDTH="825"
                    HEIGHT="93">
            <Shape><Polygon POINTS="1165 595 1167 542 1195 527 1227 552 1250 532 1277 545 1297 537 1330 565 1365 532 1402 557 1425 545 1477 557 1497 540 1527 555 1575 557 1605 537 1642 572 1665 552 1690 560 1717 550 1750 567 1762 555 1790 560 1820 542 1850 557 1870 537 1922 537 1945 560 1972 555 1990 595 1962 617 1925 602 1797 595 1772 617 1740 602 1722 617 1695 605 1660 617 1632 592 1542 617 1505 602 1452 610 1395 590 1352 620 1322 602 1310 612 1290 602 1260 602 1245 615 1167 610"/></Shape>
	    <String CONTENT="بخفت و چو خورشید از خاوران"
                    HPOS="1165"
                    VPOS="527"
                    WIDTH="825"
                    HEIGHT="93"></String>
          </TextLine>
          
          
	  <TextLine ID="eSc_line_57044"
                    
                    BASELINE="250 590 520 595 660 590 890 590 930 595 1047 592 1080 597" 
                    HPOS="250"
                    VPOS="520"
                    WIDTH="830"
                    HEIGHT="97">
            <Shape><Polygon POINTS="250 590 255 537 287 525 332 552 427 552 472 520 510 560 555 535 600 562 655 527 685 552 707 547 725 567 760 542 785 555 852 552 885 527 907 530 935 557 1060 547 1080 597 1047 615 1027 600 930 610 907 592 882 602 747 600 735 590 702 612 677 600 630 610 600 592 557 617 530 615 512 595 252 605"/></Shape>
	    <String CONTENT="بر آمد بسان رخ دلبران"
                    HPOS="250"
                    VPOS="520"
                    WIDTH="830"
                    HEIGHT="97"></String>
          </TextLine>
          
          
	  <TextLine ID="eSc_line_57016"
                    
                    BASELINE="1167 675 1981 675" 
                    HPOS="1165"
                    VPOS="617"
                    WIDTH="815"
                    HEIGHT="85">
            <Shape><Polygon POINTS="1165 675 1170 632 1200 642 1237 620 1260 635 1285 625 1300 640 1325 635 1350 650 1405 627 1435 642 1502 645 1522 627 1555 622 1582 642 1650 625 1682 655 1750 635 1772 640 1802 617 1837 620 1857 640 1880 620 1907 620 1942 645 1972 640 1980 675 1967 700 1945 690 1917 700 1892 687 1862 692 1842 675 1827 690 1805 680 1762 695 1732 687 1710 700 1672 677 1640 697 1560 675 1540 687 1507 677 1487 697 1397 685 1370 702 1342 687 1312 700 1262 675 1210 692 1170 685"/></Shape>
	    <String CONTENT="بزال آگهی شد که رستم چه کرد"
                    HPOS="1165"
                    VPOS="617"
                    WIDTH="815"
                    HEIGHT="85"></String>
          </TextLine>
          
          
	  <TextLine ID="eSc_line_57039"
                    
                    BASELINE="242 667 280 675 692 672 717 677 742 670 1005 675 1085 667" 
                    HPOS="240"
                    VPOS="607"
                    WIDTH="845"
                    HEIGHT="93">
            <Shape><Polygon POINTS="240 665 255 625 285 637 345 635 377 607 392 607 417 632 442 625 457 635 495 612 517 612 552 647 567 635 625 640 655 630 675 650 697 630 735 625 752 637 767 622 797 635 845 622 875 650 915 615 937 635 987 637 1010 625 1032 640 1057 627 1085 665 1035 700 985 680 927 680 912 695 892 692 870 672 790 685 672 672 652 692 627 682 555 690 522 672 477 692 420 675 280 690 242 670"/></Shape>
	    <String CONTENT="ز پیل دمنده بر آورد گرد"
                    HPOS="240"
                    VPOS="607"
                    WIDTH="845"
                    HEIGHT="93"></String>
          </TextLine>
          
          
	  <TextLine ID="eSc_line_57031"
                    
                    BASELINE="250 745 290 755 525 747 570 742 977 742 1077 750" 
                    HPOS="250"
                    VPOS="687"
                    WIDTH="825"
                    HEIGHT="88">
            <Shape><Polygon POINTS="250 745 252 695 277 690 320 715 342 700 372 715 387 700 410 705 422 695 465 725 477 712 502 717 522 707 560 737 592 707 617 715 672 690 717 687 772 730 790 712 835 710 865 690 917 715 967 690 985 705 1010 697 1032 720 1062 712 1075 750 1057 772 957 752 907 760 887 745 777 770 752 745 712 760 585 760 547 742 480 767 445 750 360 757 327 775 290 770 252 747"/></Shape>
	    <String CONTENT="بخاک اندر افگند مر تنش‌را1"
                    HPOS="250"
                    VPOS="687"
                    WIDTH="825"
                    HEIGHT="88"></String>
          </TextLine>
          
          
	  <TextLine ID="eSc_line_57040"
                    
                    BASELINE="1170 757 1220 757 1245 752 1945 752 1995 752" 
                    HPOS="1170"
                    VPOS="692"
                    WIDTH="825"
                    HEIGHT="88">
            <Shape><Polygon POINTS="1170 755 1172 692 1210 720 1232 702 1265 720 1295 700 1327 722 1355 722 1390 692 1405 692 1432 720 1457 705 1497 717 1540 697 1560 717 1582 702 1610 722 1645 715 1670 740 1702 710 1750 722 1775 697 1797 695 1835 720 1880 697 1902 720 1967 715 1995 750 1965 775 1940 765 1827 765 1807 750 1705 780 1687 780 1662 755 1627 775 1592 762 1452 762 1430 750 1337 775 1297 762 1245 762 1227 777 1172 770"/></Shape>
	    <String CONTENT="بیک گرز بشکست گردنش‌را"
                    HPOS="1170"
                    VPOS="692"
                    WIDTH="825"
                    HEIGHT="88"></String>
          </TextLine>
          
          
	  <TextLine ID="eSc_line_57041"
                    
                    BASELINE="1160 837 1227 832 1940 835 1982 827" 
                    HPOS="1160"
                    VPOS="775"
                    WIDTH="820"
                    HEIGHT="87">
            <Shape><Polygon POINTS="1160 835 1165 807 1200 780 1265 807 1310 775 1342 795 1370 785 1387 802 1425 775 1467 805 1492 790 1542 802 1577 790 1592 802 1625 787 1642 805 1665 795 1685 812 1722 795 1767 812 1800 787 1820 802 1882 792 1895 802 1970 800 1980 825 1972 842 1932 845 1915 857 1892 845 1827 855 1770 835 1730 862 1695 860 1675 845 1652 857 1630 845 1525 852 1470 837 1442 860 1377 842 1312 842 1287 855 1262 837 1210 842 1182 862 1162 857"/></Shape>
	    <String CONTENT="سپهبد چو بشنید زایشان سخن"
                    HPOS="1160"
                    VPOS="775"
                    WIDTH="820"
                    HEIGHT="87"></String>
          </TextLine>
          
          
	  <TextLine ID="eSc_line_57034"
                    
                    BASELINE="260 835 535 835 570 830 625 830 652 835 1035 835 1070 827" 
                    HPOS="260"
                    VPOS="770"
                    WIDTH="810"
                    HEIGHT="87">
            <Shape><Polygon POINTS="260 835 262 775 315 795 345 787 365 805 400 770 442 797 470 795 502 772 540 802 575 770 602 787 620 772 662 772 682 792 702 785 720 800 747 785 762 795 825 790 837 802 860 780 910 797 932 787 970 797 995 775 1017 795 1057 775 1070 827 1042 840 967 835 947 852 920 840 892 857 842 835 825 850 795 837 772 855 727 835 697 855 662 837 587 837 562 857 527 835 455 847 405 837 390 850 357 837 342 850 320 840 302 855 282 855 262 837"/></Shape>
	    <String CONTENT="که چون بود ز آغاز کردار بن 2"
                    HPOS="260"
                    VPOS="770"
                    WIDTH="810"
                    HEIGHT="87"></String>
          </TextLine>
          
          
	  <TextLine ID="eSc_line_57046"
                    
                    BASELINE="1152 917 1225 917 1277 912 1989 915" 
                    HPOS="1150"
                    VPOS="852"
                    WIDTH="837"
                    HEIGHT="90">
            <Shape><Polygon POINTS="1150 915 1152 890 1182 860 1210 882 1267 872 1282 885 1322 872 1347 882 1380 865 1400 867 1425 890 1452 862 1480 855 1502 872 1522 865 1535 877 1560 872 1580 882 1620 857 1640 877 1667 865 1685 882 1762 875 1775 887 1805 857 1865 875 1882 860 1902 870 1932 852 1980 882 1987 915 1967 937 1927 922 1817 925 1797 915 1775 915 1737 937 1615 925 1587 912 1562 937 1525 922 1447 932 1425 912 1395 942 1377 942 1360 925 1287 920 1257 942 1240 927 1215 932 1202 922 1170 937 1152 925"/></Shape>
	    <String CONTENT="بگفتا دریغا چنان ژنده پیل"
                    HPOS="1150"
                    VPOS="852"
                    WIDTH="837"
                    HEIGHT="90"></String>
          </TextLine>
          
          
	  <TextLine ID="eSc_line_57035"
                    
                    BASELINE="250 907 347 915 880 915 915 910 1077 903" 
                    HPOS="250"
                    VPOS="850"
                    WIDTH="825"
                    HEIGHT="85">
            <Shape><Polygon POINTS="250 905 252 872 267 857 297 875 325 875 355 855 377 875 417 850 450 872 510 865 532 887 552 872 575 877 592 867 630 885 657 857 680 852 707 867 730 857 770 877 795 877 830 855 855 880 892 860 927 875 997 877 1017 860 1057 857 1075 902 1042 920 1005 912 985 932 960 920 925 935 905 920 875 927 855 915 757 932 725 917 652 927 637 915 607 932 577 920 557 935 522 915 485 930 432 917 392 927 370 915 252 930"/></Shape>
	    <String CONTENT="که بودی خروشان چو دریای نیل"
                    HPOS="250"
                    VPOS="850"
                    WIDTH="825"
                    HEIGHT="85"></String>
          </TextLine>
          
          
	  <TextLine ID="eSc_line_57037"
                    
                    BASELINE="1150 985 1210 995 1996 990" 
                    HPOS="1150"
                    VPOS="932"
                    WIDTH="845"
                    HEIGHT="90">
            <Shape><Polygon POINTS="1150 985 1152 962 1190 942 1207 957 1252 952 1275 972 1310 940 1340 962 1387 965 1407 952 1430 970 1455 945 1480 940 1500 940 1522 962 1550 947 1567 965 1600 942 1627 955 1647 935 1682 960 1715 937 1745 952 1782 932 1807 957 1877 950 1892 960 1925 940 1947 962 1972 957 1995 990 1967 1020 1900 992 1870 1020 1835 1022 1807 1005 1660 1005 1637 992 1610 992 1590 1007 1507 995 1470 1015 1432 1002 1412 1020 1377 1005 1292 1017 1267 995 1185 1005 1152 987"/></Shape>
	    <String CONTENT="بسا رزمگاها که آن پیل مست"
                    HPOS="1150"
                    VPOS="932"
                    WIDTH="845"
                    HEIGHT="90"></String>
          </TextLine>
          
          
	  <TextLine ID="eSc_line_57036"
                    
                    BASELINE="250 977 295 985 357 982 462 990 1071 990" 
                    HPOS="250"
                    VPOS="927"
                    WIDTH="820"
                    HEIGHT="95">
            <Shape><Polygon POINTS="250 975 252 950 267 940 307 957 352 935 395 965 415 955 437 960 455 945 497 972 547 952 570 962 602 957 642 935 707 965 732 940 757 957 817 945 837 960 857 940 882 950 912 927 942 957 997 947 1030 960 1060 952 1070 990 1055 1015 1005 997 870 1000 837 990 822 1000 737 1000 715 990 687 1015 637 995 607 1005 575 997 555 1015 532 1005 502 1015 475 997 430 1002 410 1022 382 997 252 995"/></Shape>
	    <String CONTENT="بحمله همه پاک بر هم شکست"
                    HPOS="250"
                    VPOS="927"
                    WIDTH="820"
                    HEIGHT="95"></String>
          </TextLine>
          
          
	  <TextLine ID="eSc_line_57047"
                    
                    BASELINE="1172 1080 1210 1077 1240 1087 1335 1082 1525 1085 1557 1080 1622 1080 1690 1072 1980 1075" 
                    HPOS="1172"
                    VPOS="1015"
                    WIDTH="808"
                    HEIGHT="87">
            <Shape><Polygon POINTS="1172 1080 1175 1047 1205 1042 1235 1017 1305 1045 1415 1032 1440 1057 1470 1032 1505 1030 1532 1037 1555 1060 1607 1027 1635 1055 1665 1030 1720 1042 1747 1025 1767 1042 1822 1032 1862 1062 1952 1015 1972 1020 1980 1075 1890 1097 1852 1075 1825 1100 1800 1085 1647 1080 1617 1080 1582 1097 1542 1082 1495 1102 1460 1102 1442 1085 1412 1097 1387 1085 1332 1085 1317 1097 1272 1102 1205 1085 1175 1097"/></Shape>
	    <String CONTENT="اگر چند در رزم پیروزگر"
                    HPOS="1172"
                    VPOS="1015"
                    WIDTH="808"
                    HEIGHT="87"></String>
          </TextLine>
          
          
	  <TextLine ID="eSc_line_57024"
                    
                    BASELINE="267 1072 1042 1072 1089 1077" 
                    HPOS="265"
                    VPOS="1012"
                    WIDTH="822"
                    HEIGHT="85">
            <Shape><Polygon POINTS="265 1070 267 1015 290 1035 352 1037 392 1012 410 1030 435 1017 460 1042 535 1037 550 1022 587 1037 692 1040 715 1017 747 1030 777 1022 807 1045 825 1027 850 1040 870 1020 900 1037 930 1030 947 1042 992 1022 1030 1040 1060 1032 1087 1075 1055 1095 1030 1082 960 1087 947 1077 920 1092 860 1070 830 1097 745 1087 722 1070 700 1070 675 1092 642 1080 497 1080 465 1092 445 1072 340 1080 322 1095 267 1082"/></Shape>
	    <String CONTENT="بدی به ز وی3 رستم نامور4"
                    HPOS="265"
                    VPOS="1012"
                    WIDTH="822"
                    HEIGHT="85"></String>
          </TextLine>
          
          
	  <TextLine ID="eSc_line_57048"
                    
                    BASELINE="1172 1160 1207 1167 1232 1160 1287 1160 1332 1152 2009 1152" 
                    HPOS="1170"
                    VPOS="1095"
                    WIDTH="837"
                    HEIGHT="87">
            <Shape><Polygon POINTS="1170 1160 1172 1122 1190 1105 1255 1122 1282 1110 1305 1130 1330 1110 1362 1122 1395 1097 1412 1097 1442 1127 1460 1117 1482 1122 1500 1107 1520 1107 1535 1122 1610 1122 1642 1095 1672 1122 1705 1102 1725 1102 1747 1125 1767 1110 1815 1122 1845 1112 1897 1122 1922 1100 1950 1122 1975 1115 2007 1150 1975 1177 1950 1165 1892 1165 1875 1177 1820 1165 1785 1177 1747 1150 1717 1165 1652 1165 1622 1150 1590 1177 1562 1165 1505 1162 1475 1165 1452 1182 1427 1157 1405 1167 1325 1167 1307 1155 1285 1175 1247 1165 1175 1180"/></Shape>
	    <String CONTENT="بفرمود تا رستم آمد برش"
                    HPOS="1170"
                    VPOS="1095"
                    WIDTH="837"
                    HEIGHT="87"></String>
          </TextLine>
          
          
	  <TextLine ID="eSc_line_57038"
                    
                    BASELINE="252 1162 372 1152 687 1152 717 1157 752 1150 790 1150 820 1155 1069 1150" 
                    HPOS="250"
                    VPOS="1095"
                    WIDTH="817"
                    HEIGHT="82">
            <Shape><Polygon POINTS="250 1160 252 1127 277 1102 307 1117 362 1112 385 1130 405 1115 430 1127 460 1095 482 1095 505 1117 525 1110 547 1132 562 1117 590 1127 615 1107 647 1117 705 1107 725 1122 767 1095 805 1120 830 1112 840 1122 862 1107 925 1122 1060 1112 1067 1150 1060 1175 1037 1162 982 1177 950 1162 892 1167 845 1155 815 1175 747 1152 710 1162 597 1155 570 1177 542 1162 512 1170 480 1157 465 1167 430 1160 405 1177 380 1162 355 1175 340 1160 295 1165 280 1177 255 1172"/></Shape>
	    <String CONTENT="ببوسید با 5 دست و یال و برش"
                    HPOS="250"
                    VPOS="1095"
                    WIDTH="817"
                    HEIGHT="82"></String>
          </TextLine>
          
          
	  <TextLine ID="eSc_line_57049"
                    
                    BASELINE="1170 1230 1962 1235 2009 1234" 
                    HPOS="1170"
                    VPOS="1165"
                    WIDTH="837"
                    HEIGHT="100">
            <Shape><Polygon POINTS="1170 1230 1175 1180 1227 1205 1285 1205 1315 1185 1342 1207 1392 1185 1410 1200 1430 1182 1447 1190 1482 1165 1510 1192 1552 1202 1587 1195 1602 1212 1650 1177 1685 1182 1707 1202 1737 1190 1770 1205 1792 1182 1820 1197 1855 1175 1890 1202 1917 1192 1945 1202 1975 1195 2007 1232 1975 1257 1920 1245 1897 1260 1862 1235 1742 1250 1685 1235 1632 1255 1602 1242 1582 1257 1557 1245 1522 1257 1450 1232 1405 1245 1380 1265 1340 1237 1272 1255 1230 1247 1197 1257 1172 1235"/></Shape>
	    <String CONTENT="بدو گفت کای بچهٔ نرّه شیر6"
                    HPOS="1170"
                    VPOS="1165"
                    WIDTH="837"
                    HEIGHT="100"></String>
          </TextLine>
          
          
	  <TextLine ID="eSc_line_57028"
                    
                    BASELINE="245 1237 357 1235 407 1230 570 1230 635 1235 810 1232 1079 1233" 
                    HPOS="245"
                    VPOS="1165"
                    WIDTH="832"
                    HEIGHT="92">
            <Shape><Polygon POINTS="245 1235 249 1195 340 1192 372 1165 415 1200 435 1180 460 1192 482 1182 500 1195 527 1180 547 1192 590 1170 617 1197 630 1192 650 1205 680 1175 707 1172 717 1182 750 1170 767 1187 817 1190 850 1212 875 1190 917 1200 977 1175 1015 1205 1070 1195 1077 1232 1070 1255 1045 1245 1010 1255 985 1235 950 1257 915 1257 860 1232 825 1255 747 1240 677 1250 652 1240 617 1255 595 1232 572 1242 460 1242 425 1230 400 1242 285 1250 267 1235"/></Shape>
	    <String CONTENT="بر آورده چنگال و گشته دلیر7"
                    HPOS="245"
                    VPOS="1165"
                    WIDTH="832"
                    HEIGHT="92"></String>
          </TextLine>
          
          
	  <TextLine ID="eSc_line_57050"
                    
                    BASELINE="1172 1312 1982 1312" 
                    HPOS="1172"
                    VPOS="1260"
                    WIDTH="810"
                    HEIGHT="85">
            <Shape><Polygon POINTS="1172 1312 1177 1280 1230 1265 1252 1285 1295 1260 1322 1280 1350 1270 1367 1285 1412 1287 1432 1272 1462 1287 1487 1270 1570 1282 1587 1265 1625 1290 1667 1285 1702 1262 1762 1285 1797 1262 1830 1287 1845 1275 1887 1285 1935 1272 1950 1285 1977 1280 1982 1312 1977 1340 1952 1327 1907 1337 1877 1327 1855 1345 1837 1345 1805 1312 1740 1342 1700 1322 1642 1342 1610 1317 1550 1335 1465 1315 1420 1330 1275 1335 1240 1317 1177 1342"/></Shape>
	    <String CONTENT="بدین کودکی نیست همتای تو"
                    HPOS="1172"
                    VPOS="1260"
                    WIDTH="810"
                    HEIGHT="85"></String>
          </TextLine>
          
          
	  <TextLine ID="eSc_line_57018"
                    
                    BASELINE="262 1312 1022 1312 1080 1310" 
                    HPOS="260"
                    VPOS="1255"
                    WIDTH="820"
                    HEIGHT="87">
            <Shape><Polygon POINTS="260 1310 270 1275 292 1282 315 1260 332 1260 357 1285 395 1255 432 1255 460 1280 482 1272 505 1295 527 1277 557 1292 602 1265 637 1285 802 1275 830 1297 850 1277 875 1285 910 1265 930 1282 955 1282 987 1260 1017 1285 1065 1277 1080 1310 1062 1337 1020 1325 922 1325 887 1342 872 1327 840 1337 822 1320 802 1337 777 1325 627 1335 612 1325 572 1330 557 1315 522 1340 497 1320 480 1335 425 1320 372 1332 345 1310 265 1337"/></Shape>
	    <String CONTENT="بفرّ و بمردی و بالای تو"
                    HPOS="260"
                    VPOS="1255"
                    WIDTH="820"
                    HEIGHT="87"></String>
          </TextLine>
          
          
	  <TextLine ID="eSc_line_57052"
                    
                    BASELINE="1172 1397 1237 1392 1957 1392 1995 1397" 
                    HPOS="1172"
                    VPOS="1337"
                    WIDTH="823"
                    HEIGHT="85">
            <Shape><Polygon POINTS="1172 1397 1182 1355 1195 1360 1212 1342 1242 1352 1270 1342 1287 1355 1307 1337 1327 1347 1362 1340 1377 1355 1392 1345 1415 1355 1437 1340 1465 1350 1510 1340 1530 1360 1550 1352 1572 1375 1632 1347 1665 1362 1690 1345 1720 1362 1800 1352 1820 1370 1845 1345 1900 1362 1915 1347 1937 1357 1977 1342 1995 1397 1972 1395 1945 1410 1907 1405 1885 1417 1845 1415 1822 1400 1800 1420 1772 1405 1752 1415 1727 1405 1610 1405 1580 1415 1562 1405 1527 1422 1505 1402 1400 1405 1367 1392 1337 1417 1277 1422 1240 1392 1175 1420"/></Shape>
	    <String CONTENT="کنون پیشتر ز آنکه آواز8 تو"
                    HPOS="1172"
                    VPOS="1337"
                    WIDTH="823"
                    HEIGHT="85"></String>
          </TextLine>
          
          
	  <TextLine ID="eSc_line_57027"
                    
                    BASELINE="265 1392 905 1392 1086 1400" 
                    HPOS="265"
                    VPOS="1332"
                    WIDTH="820"
                    HEIGHT="90">
            <Shape><Polygon POINTS="265 1390 267 1355 292 1360 315 1340 345 1355 367 1337 395 1352 425 1335 450 1360 485 1360 500 1375 527 1352 552 1355 585 1332 605 1352 640 1335 667 1360 682 1355 697 1367 750 1337 807 1367 827 1355 847 1367 877 1345 907 1360 930 1337 955 1337 992 1375 1007 1360 1042 1360 1052 1350 1077 1365 1085 1400 1062 1415 1035 1402 992 1415 970 1395 930 1412 852 1395 827 1417 800 1405 762 1422 747 1410 717 1412 702 1397 670 1417 632 1402 522 1405 500 1390 480 1405 425 1402 392 1420 360 1390 340 1390 267 1417"/></Shape>
	    <String CONTENT="بر آید و زان بگسلد ساز9 تو"
                    HPOS="265"
                    VPOS="1332"
                    WIDTH="820"
                    HEIGHT="90"></String>
          </TextLine>
          
          
	  <TextLine ID="eSc_line_57053"
                    
                    BASELINE="1170 1467 1205 1475 1230 1472 1312 1480 1727 1480 1900 1472 1990 1477" 
                    HPOS="1170"
                    VPOS="1417"
                    WIDTH="820"
                    HEIGHT="90">
            <Shape><Polygon POINTS="1170 1467 1175 1442 1232 1425 1255 1442 1312 1437 1332 1455 1370 1417 1400 1437 1447 1420 1470 1442 1540 1432 1565 1452 1592 1425 1617 1417 1652 1442 1697 1442 1710 1432 1760 1442 1780 1422 1810 1442 1830 1425 1885 1442 1920 1417 1947 1442 1982 1437 1990 1477 1977 1497 1927 1485 1905 1507 1880 1495 1830 1497 1807 1477 1737 1495 1657 1485 1592 1495 1572 1480 1542 1480 1495 1495 1442 1487 1395 1500 1362 1480 1327 1480 1310 1497 1172 1482"/></Shape>
	    <String CONTENT="بخون نریمان میان‌را ببند"
                    HPOS="1170"
                    VPOS="1417"
                    WIDTH="820"
                    HEIGHT="90"></String>
          </TextLine>
          
          
	  <TextLine ID="eSc_line_57019"
                    
                    BASELINE="250 1477 290 1472 827 1472 890 1480 967 1480 992 1485 1087 1480" 
                    HPOS="250"
                    VPOS="1412"
                    WIDTH="835"
                    HEIGHT="88">
            <Shape><Polygon POINTS="250 1475 252 1440 272 1427 290 1440 322 1425 340 1440 427 1437 440 1447 455 1432 510 1440 537 1420 570 1437 585 1422 615 1440 652 1437 682 1415 702 1432 732 1422 752 1442 795 1415 832 1440 860 1435 882 1412 907 1430 932 1417 970 1455 987 1437 1012 1445 1072 1435 1085 1480 1072 1497 1047 1485 1022 1497 980 1497 960 1480 937 1480 892 1482 872 1500 822 1482 775 1492 745 1470 730 1482 662 1472 640 1495 572 1470 505 1482 490 1495 470 1495 440 1472 367 1495 340 1482 252 1480"/></Shape>
	    <String CONTENT="برو تازیان تا به کوه سپند"
                    HPOS="250"
                    VPOS="1412"
                    WIDTH="835"
                    HEIGHT="88"></String>
          </TextLine>
          
          
	  <TextLine ID="eSc_line_57054"
                    
                    BASELINE="1152 1557 1217 1552 1527 1552 1580 1557 1947 1557 1994 1553" 
                    HPOS="1150"
                    VPOS="1497"
                    WIDTH="842"
                    HEIGHT="83">
            <Shape><Polygon POINTS="1150 1555 1152 1527 1182 1520 1205 1497 1232 1515 1310 1520 1330 1537 1380 1510 1402 1522 1435 1497 1475 1530 1487 1520 1550 1520 1570 1537 1587 1522 1615 1525 1637 1505 1667 1522 1725 1517 1735 1527 1750 1515 1795 1522 1832 1500 1862 1525 1880 1525 1937 1497 1975 1517 1992 1552 1977 1575 1905 1565 1867 1577 1832 1555 1780 1580 1762 1580 1740 1560 1720 1577 1640 1562 1592 1580 1562 1555 1547 1567 1492 1575 1455 1555 1440 1565 1375 1565 1350 1580 1317 1560 1202 1562 1185 1577 1155 1555"/></Shape>
	    <String CONTENT="یکی کوه بینی سر اندر سحاب"
                    HPOS="1150"
                    VPOS="1497"
                    WIDTH="842"
                    HEIGHT="83"></String>
          </TextLine>
          
          
	  <TextLine ID="eSc_line_57033"
                    
                    BASELINE="260 1555 1077 1555" 
                    HPOS="260"
                    VPOS="1497"
                    WIDTH="817"
                    HEIGHT="88">
            <Shape><Polygon POINTS="260 1555 265 1517 300 1497 325 1517 355 1502 377 1522 410 1512 422 1525 442 1505 477 1497 522 1522 547 1512 567 1530 592 1512 625 1525 675 1507 697 1525 735 1522 752 1505 777 1520 812 1507 852 1535 877 1520 945 1525 967 1505 992 1525 1020 1525 1062 1502 1072 1510 1077 1555 1042 1567 950 1557 925 1580 905 1567 862 1575 847 1565 830 1580 767 1562 720 1577 685 1567 657 1585 575 1562 550 1580 520 1565 492 1580 442 1575 420 1557 265 1570"/></Shape>
	    <String CONTENT="که بر وی نپرّید پرّان عقاب"
                    HPOS="260"
                    VPOS="1497"
                    WIDTH="817"
                    HEIGHT="88"></String>
          </TextLine>
          
          
	  <TextLine ID="eSc_line_57055"
                    
                    BASELINE="1150 1612 1182 1635 1887 1632 1985 1637" 
                    HPOS="1150"
                    VPOS="1575"
                    WIDTH="835"
                    HEIGHT="85">
            <Shape><Polygon POINTS="1150 1612 1152 1590 1175 1580 1250 1605 1282 1582 1322 1600 1345 1580 1387 1577 1412 1602 1447 1602 1512 1575 1530 1592 1547 1585 1570 1602 1620 1605 1642 1602 1670 1575 1707 1600 1747 1587 1765 1602 1820 1602 1852 1577 1877 1602 1895 1592 1915 1602 1942 1592 1967 1600 1985 1637 1955 1660 1925 1645 1902 1655 1852 1645 1825 1660 1800 1645 1730 1645 1710 1635 1632 1655 1600 1645 1447 1642 1432 1657 1387 1645 1327 1655 1290 1635 1212 1660 1182 1637 1152 1632"/></Shape>
	    <String CONTENT="چهارست فرسنگ بالای کوه 10"
                    HPOS="1150"
                    VPOS="1575"
                    WIDTH="835"
                    HEIGHT="85"></String>
          </TextLine>
          
          
	  <TextLine ID="eSc_line_57030"
                    
                    BASELINE="253 1625 317 1632 362 1645 387 1640 415 1640 440 1645 615 1645 675 1640 862 1637 1075 1640" 
                    HPOS="252"
                    VPOS="1575"
                    WIDTH="823"
                    HEIGHT="90">
            <Shape><Polygon POINTS="252 1625 257 1580 342 1602 397 1575 430 1602 465 1577 502 1615 555 1590 587 1612 612 1595 630 1605 680 1577 700 1577 725 1605 750 1600 760 1610 800 1592 827 1605 902 1597 917 1607 960 1577 990 1607 1057 1595 1075 1640 1047 1660 1022 1645 997 1657 965 1637 942 1660 917 1657 902 1642 790 1657 765 1640 737 1662 700 1640 667 1655 627 1645 605 1660 580 1645 542 1660 467 1645 435 1665 405 1640 305 1660 277 1635 255 1635"/></Shape>
	    <String CONTENT="پر از سبزه و آب و دور از گروه11"
                    HPOS="252"
                    VPOS="1575"
                    WIDTH="823"
                    HEIGHT="90"></String>
          </TextLine>
          
          
	  <TextLine ID="eSc_line_57057"
                    
                    BASELINE="1153 1715 1220 1727 1277 1727 1302 1717 1455 1720 1605 1712 1974 1712" 
                    HPOS="1152"
                    VPOS="1657"
                    WIDTH="820"
                    HEIGHT="88">
            <Shape><Polygon POINTS="1152 1715 1187 1717 1164 1673 1272 1677 1300 1700 1357 1660 1385 1675 1407 1667 1422 1682 1487 1675 1502 1687 1540 1665 1562 1682 1620 1680 1642 1657 1675 1680 1692 1672 1755 1687 1777 1665 1805 1677 1845 1670 1860 1682 1900 1685 1957 1672 1972 1710 1967 1725 1837 1725 1815 1740 1760 1722 1737 1742 1710 1727 1685 1735 1655 1725 1617 1737 1602 1725 1510 1720 1490 1740 1460 1727 1435 1735 1357 1725 1315 1745 1292 1722 1275 1740 1250 1727 1215 1740 1185 1720 1157 1717"/></Shape>
	    <String CONTENT="همیدون چهارست پهناش بر 12"
                    HPOS="1152"
                    VPOS="1657"
                    WIDTH="820"
                    HEIGHT="88"></String>
          </TextLine>
          
          
	  <TextLine ID="eSc_line_57029"
                    
                    BASELINE="262 1725 515 1725 540 1720 630 1717 807 1720 870 1712 1079 1715" 
                    HPOS="260"
                    VPOS="1655"
                    WIDTH="817"
                    HEIGHT="90">
            <Shape><Polygon POINTS="260 1725 272 1677 355 1682 385 1655 422 1682 470 1672 502 1697 527 1680 560 1697 600 1672 630 1687 720 1675 752 1705 787 1677 845 1670 857 1682 885 1682 925 1657 970 1697 985 1685 1062 1677 1077 1715 1057 1737 1025 1725 1000 1740 960 1712 900 1727 827 1725 780 1742 750 1720 652 1727 622 1740 600 1727 580 1745 555 1725 532 1742 502 1725 475 1740 447 1725 317 1725 300 1737 262 1737"/></Shape>
	    <String CONTENT="بسی اندرو مردم و جانور"
                    HPOS="260"
                    VPOS="1655"
                    WIDTH="817"
                    HEIGHT="90"></String>
          </TextLine>
          
          
	  <TextLine ID="eSc_line_57058"
                    
                    BASELINE="1162 1805 1257 1802 1287 1807 1340 1792 1979 1792" 
                    HPOS="1160"
                    VPOS="1737"
                    WIDTH="817"
                    HEIGHT="83">
            <Shape><Polygon POINTS="1160 1805 1162 1772 1182 1752 1235 1760 1257 1747 1297 1765 1330 1747 1352 1765 1387 1742 1410 1755 1427 1737 1462 1762 1482 1757 1510 1785 1570 1737 1600 1765 1660 1757 1685 1780 1720 1747 1747 1740 1782 1767 1820 1750 1875 1767 1907 1747 1925 1765 1962 1755 1977 1790 1940 1820 1905 1807 1750 1807 1717 1817 1690 1792 1662 1820 1637 1807 1602 1815 1572 1805 1532 1817 1507 1792 1482 1817 1467 1817 1415 1790 1395 1790 1375 1807 1270 1805 1232 1820 1162 1820"/></Shape>
	    <String CONTENT="درختان بسیار با کشت‌ورز"
                    HPOS="1160"
                    VPOS="1737"
                    WIDTH="817"
                    HEIGHT="83"></String>
          </TextLine>
          
          
	  <TextLine ID="eSc_line_57042"
                    
                    BASELINE="250 1797 287 1805 390 1800 535 1800 612 1792 945 1792 1085 1797" 
                    HPOS="250"
                    VPOS="1735"
                    WIDTH="835"
                    HEIGHT="87">
            <Shape><Polygon POINTS="250 1797 252 1772 272 1752 342 1762 377 1742 402 1755 430 1735 467 1760 487 1752 500 1762 537 1757 557 1737 595 1762 625 1745 652 1762 707 1750 732 1760 770 1750 792 1757 810 1745 835 1765 850 1752 905 1762 935 1742 965 1772 1065 1742 1085 1797 1015 1805 987 1820 955 1797 872 1817 837 1792 755 1815 595 1795 545 1822 510 1810 467 1822 445 1800 405 1817 360 1802 275 1822 252 1817"/></Shape>
	    <String CONTENT="کسی خود ندیدست ازین گونه مرز"
                    HPOS="250"
                    VPOS="1735"
                    WIDTH="835"
                    HEIGHT="87"></String>
          </TextLine>
          
          
	  <TextLine ID="eSc_line_57062"
                    
                    BASELINE="1160 1880 1377 1880 1412 1877 1440 1870 1517 1875 1565 1882 1640 1875 1727 1872 1852 1885 1882 1885 1922 1872 1952 1882 1999 1877" 
                    HPOS="1160"
                    VPOS="1817"
                    WIDTH="837"
                    HEIGHT="90">
            <Shape><Polygon POINTS="1160 1880 1162 1850 1192 1822 1237 1852 1262 1837 1305 1847 1367 1835 1395 1857 1430 1832 1460 1842 1500 1822 1522 1840 1572 1842 1587 1855 1627 1817 1662 1822 1682 1840 1712 1825 1730 1845 1750 1827 1777 1845 1815 1847 1837 1832 1865 1857 1907 1830 1937 1845 1965 1830 1997 1875 1960 1902 1925 1885 1892 1897 1860 1885 1840 1902 1772 1887 1735 1892 1687 1872 1615 1897 1582 1887 1565 1902 1520 1907 1467 1872 1452 1887 1400 1900 1380 1880 1330 1895 1305 1890 1287 1902 1267 1902 1242 1880 1180 1902 1162 1897"/></Shape>
	    <String CONTENT="ز هر پیشه کار وز13 هر میوه دار"
                    HPOS="1160"
                    VPOS="1817"
                    WIDTH="837"
                    HEIGHT="90"></String>
          </TextLine>
          
          
	  <TextLine ID="eSc_line_57022"
                    
                    BASELINE="250 1877 285 1882 357 1877 390 1882 557 1885 637 1880 662 1872 700 1880 802 1880 832 1885 865 1885 895 1880 942 1880 970 1885 1085 1880" 
                    HPOS="250"
                    VPOS="1815"
                    WIDTH="835"
                    HEIGHT="87">
            <Shape><Polygon POINTS="250 1877 252 1852 287 1817 320 1842 382 1815 415 1842 535 1845 555 1835 580 1857 612 1830 645 1845 730 1842 745 1832 765 1845 812 1835 887 1842 927 1815 952 1820 982 1850 1047 1835 1085 1880 1025 1900 990 1900 955 1882 845 1895 597 1882 552 1902 510 1885 442 1900 405 1897 380 1882 252 1892"/></Shape>
	    <String CONTENT="درو آفریدست پروردگار"
                    HPOS="250"
                    VPOS="1815"
                    WIDTH="835"
                    HEIGHT="87"></String>
          </TextLine>
          
          
	  <TextLine ID="eSc_line_57063"
                    
                    BASELINE="1160 1947 1260 1955 1442 1952 1537 1955 1580 1960 1996 1951" 
                    HPOS="1160"
                    VPOS="1897"
                    WIDTH="835"
                    HEIGHT="90">
            <Shape><Polygon POINTS="1160 1945 1170 1907 1200 1922 1227 1907 1247 1925 1267 1907 1297 1902 1322 1925 1367 1925 1387 1905 1427 1920 1495 1912 1507 1922 1525 1905 1555 1902 1570 1917 1600 1912 1635 1937 1662 1920 1737 1917 1747 1927 1780 1897 1830 1935 1925 1902 1945 1922 1962 1917 1995 1950 1967 1980 1887 1965 1862 1980 1827 1967 1805 1982 1757 1965 1730 1980 1695 1965 1600 1982 1550 1957 1512 1955 1477 1987 1380 1952 1360 1967 1317 1972 1200 1970 1165 1957"/></Shape>
	    <String CONTENT="یکی راه بر وی14 دژی 15 ساخته"
                    HPOS="1160"
                    VPOS="1897"
                    WIDTH="835"
                    HEIGHT="90"></String>
          </TextLine>
          
          
	  <TextLine ID="eSc_line_57017"
                    
                    BASELINE="260 1952 422 1952 580 1960 612 1965 952 1960 1010 1952 1042 1952 1089 1950" 
                    HPOS="260"
                    VPOS="1897"
                    WIDTH="827"
                    HEIGHT="83">
            <Shape><Polygon POINTS="260 1950 267 1905 292 1922 305 1910 327 1910 340 1922 385 1897 417 1922 452 1897 480 1897 515 1932 600 1915 630 1932 667 1910 695 1925 787 1917 815 1927 957 1927 980 1907 1012 1902 1035 1925 1062 1917 1087 1950 1057 1980 1032 1967 987 1980 957 1962 880 1967 862 1980 830 1967 785 1977 720 1967 677 1980 635 1965 607 1977 582 1967 510 1977 490 1957 417 1977 380 1962 262 1962"/></Shape>
	    <String CONTENT="بسان سپهری بر افراخته"
                    HPOS="260"
                    VPOS="1897"
                    WIDTH="827"
                    HEIGHT="83"></String>
          </TextLine>
          
          
	  <TextLine ID="eSc_line_57060"
                    
                    BASELINE="1175 2037 1265 2045 1480 2037 1520 2032 1996 2035" 
                    HPOS="1175"
                    VPOS="1975"
                    WIDTH="820"
                    HEIGHT="95">
            <Shape><Polygon POINTS="1175 2035 1177 1992 1197 2005 1300 2010 1320 1990 1355 1982 1395 2010 1450 1977 1500 2020 1540 1980 1565 1995 1600 1985 1617 1997 1635 1987 1657 1997 1685 1975 1717 1995 1767 1982 1785 2000 1830 1977 1857 2002 1880 2005 1905 1995 1940 2002 1967 1985 1987 2005 1995 2035 1930 2055 1850 2045 1795 2055 1775 2035 1737 2047 1695 2032 1650 2062 1565 2032 1517 2070 1487 2045 1412 2060 1392 2052 1362 2065 1305 2050 1275 2062 1230 2047 1207 2060 1177 2047"/></Shape>
	    <String CONTENT="نریمان که گوی 16 از دلیران ببرد"
                    HPOS="1175"
                    VPOS="1975"
                    WIDTH="820"
                    HEIGHT="95"></String>
          </TextLine>
          
          
	  <TextLine ID="eSc_line_57026"
                    
                    BASELINE="267 2035 480 2042 597 2040 667 2032 1081 2032" 
                    HPOS="265"
                    VPOS="1975"
                    WIDTH="815"
                    HEIGHT="85">
            <Shape><Polygon POINTS="265 2035 275 1995 292 2007 352 2005 375 1982 402 1977 420 1995 447 1987 460 2000 500 1992 540 2005 572 1995 590 2005 607 2002 635 1975 670 1980 695 2005 727 1977 760 2005 812 1985 840 2010 882 1977 917 2002 942 1995 980 2005 1017 1982 1040 2005 1065 2000 1080 2030 1060 2060 1017 2045 962 2055 890 2045 857 2055 835 2035 822 2045 702 2045 687 2030 662 2047 620 2045 595 2057 487 2045 452 2060 410 2040 320 2047 300 2060 267 2050"/></Shape>
	    <String CONTENT="بفرمان شاه آفریدون گرد"
                    HPOS="265"
                    VPOS="1975"
                    WIDTH="815"
                    HEIGHT="85"></String>
          </TextLine>
          
          
	  <TextLine ID="eSc_line_57065"
                    
                    BASELINE="1162 2112 1240 2120 1457 2120 1560 2112 1992 2115" 
                    HPOS="1160"
                    VPOS="2057"
                    WIDTH="830"
                    HEIGHT="88">
            <Shape><Polygon POINTS="1160 2110 1165 2070 1195 2065 1212 2077 1235 2057 1275 2087 1325 2077 1337 2092 1352 2077 1400 2085 1437 2062 1457 2077 1500 2065 1517 2082 1555 2072 1570 2085 1597 2085 1627 2060 1672 2092 1712 2060 1740 2087 1830 2077 1852 2090 1890 2067 1932 2082 1967 2077 1990 2115 1967 2137 1940 2125 1917 2137 1870 2132 1847 2115 1810 2130 1710 2130 1692 2142 1675 2140 1652 2115 1640 2125 1540 2127 1515 2142 1482 2122 1447 2120 1412 2145 1372 2142 1347 2127 1315 2142 1275 2127 1207 2135 1162 2117"/></Shape>
	    <String CONTENT="بسوی حصار اندر17 آورد پای 18"
                    HPOS="1160"
                    VPOS="2057"
                    WIDTH="830"
                    HEIGHT="88"></String>
          </TextLine>
          
          
	  <TextLine ID="eSc_line_57014"
                    
                    BASELINE="268 2112 860 2112 895 2120 1087 2120" 
                    HPOS="267"
                    VPOS="2055"
                    WIDTH="818"
                    HEIGHT="87">
            <Shape><Polygon POINTS="267 2110 270 2062 307 2077 340 2057 362 2080 400 2090 422 2067 485 2077 512 2065 555 2085 612 2075 630 2092 657 2070 682 2077 737 2055 757 2070 797 2062 830 2082 857 2057 887 2077 910 2055 957 2087 1000 2060 1035 2080 1057 2072 1085 2120 1032 2140 975 2135 960 2122 927 2140 875 2117 852 2140 805 2140 760 2110 712 2127 632 2117 612 2137 582 2127 440 2127 410 2115 370 2142 355 2127 310 2135 270 2117"/></Shape>
	    <String CONTENT="دران راه ازو19 گشت پردخته جای 20"
                    HPOS="267"
                    VPOS="2055"
                    WIDTH="818"
                    HEIGHT="87"></String>
          </TextLine>
          
          
	  <TextLine ID="eSc_line_57061"
                    
                    BASELINE="1166 2200 1972 2205 2005 2190" 
                    HPOS="1165"
                    VPOS="2142"
                    WIDTH="840"
                    HEIGHT="88">
            <Shape><Polygon POINTS="1165 2200 1180 2150 1227 2167 1260 2157 1285 2167 1315 2142 1330 2142 1355 2167 1407 2152 1447 2167 1510 2160 1525 2175 1580 2152 1630 2167 1700 2160 1717 2180 1745 2157 1805 2160 1817 2175 1835 2160 1862 2170 1875 2160 1927 2165 1955 2142 2005 2190 1970 2205 1910 2207 1897 2220 1870 2205 1842 2220 1810 2207 1740 2230 1710 2207 1690 2222 1670 2210 1595 2222 1580 2210 1542 2217 1527 2202 1500 2222 1480 2210 1437 2210 1380 2225 1337 2202 1260 2210 1235 2225 1167 2217"/></Shape>
	    <String CONTENT="شب و روز بودی برزم اندرون"
                    HPOS="1165"
                    VPOS="2142"
                    WIDTH="840"
                    HEIGHT="88"></String>
          </TextLine>
          
          
	  <TextLine ID="eSc_line_57021"
                    
                    BASELINE="252 2192 410 2192 497 2200 577 2197 610 2200 640 2207 690 2202 907 2205 935 2200 1097 2200" 
                    HPOS="250"
                    VPOS="2137"
                    WIDTH="845"
                    HEIGHT="90">
            <Shape><Polygon POINTS="250 2190 255 2152 267 2142 367 2165 405 2137 420 2152 450 2142 485 2167 510 2167 545 2142 572 2155 612 2140 630 2157 652 2160 685 2137 707 2160 735 2162 752 2177 787 2170 835 2140 867 2155 892 2147 907 2162 945 2155 960 2167 1060 2155 1095 2200 995 2207 982 2217 932 2210 910 2225 860 2205 770 2225 742 2205 715 2227 692 2207 647 2220 607 2200 585 2212 510 2210 475 2220 420 2192 397 2210 365 2210 337 2225 252 2190"/></Shape>
	    <String CONTENT="همیدون گهی چاره گاهی 21 فسون 22"
                    HPOS="250"
                    VPOS="2137"
                    WIDTH="845"
                    HEIGHT="90"></String>
          </TextLine>
          
          
	  <TextLine ID="eSc_line_57068"
                    
                    BASELINE="1065 2860 1181 2860" 
                    HPOS="1065"
                    VPOS="2810"
                    WIDTH="115"
                    HEIGHT="72">
            <Shape><Polygon POINTS="1065 2860 1070 2822 1085 2810 1157 2810 1175 2825 1180 2860 1165 2880 1092 2882 1070 2862"/></Shape>
	    <String CONTENT="۲۶۶"
                    HPOS="1065"
                    VPOS="2810"
                    WIDTH="115"
                    HEIGHT="72"></String>
          </TextLine>
          </TextBlock>
          
        </PrintSpace>
      </Page>
    </Layout>
  </alto>
