<?xml version="1.0" encoding="UTF-8"?>
<alto xmlns:xsi="http://www.w3.org/2001/XMLSchema-instance"
      xmlns="http://www.loc.gov/standards/alto/ns-v4#"
      xsi:schemaLocation="http://www.loc.gov/standards/alto/ns-v4# https://gitlab.inria.fr/scripta/escriptorium/-/raw/develop/app/escriptorium/static/alto-4-1-baselines.xsd">
  <Description>
    <MeasurementUnit>pixel</MeasurementUnit>
    <sourceImageInformation>
      <fileName>Ferdowsi_Moscow.pdf_000050.png</fileName>
    </sourceImageInformation>
  </Description>
  
  <Tags>
    <OtherTag ID="BT1" LABEL="Title" DESCRIPTION="block type Title"/><OtherTag ID="BT2" LABEL="Main" DESCRIPTION="block type Main"/><OtherTag ID="BT3" LABEL="Commentary" DESCRIPTION="block type Commentary"/><OtherTag ID="BT4" LABEL="Illustration" DESCRIPTION="block type Illustration"/>
    
  </Tags>
  
  <Layout>
    <Page WIDTH="2430"
          HEIGHT="3000"
          PHYSICAL_IMG_NR="16"
          ID="eSc_dummypage_">
      <PrintSpace HPOS="0"
                  VPOS="0"
                  WIDTH="2430"
                  HEIGHT="3000">
        
        <TextBlock ID="eSc_dummyblock_">
          
	  <TextLine ID="eSc_line_59327"
                    
                    BASELINE="1030 447 1072 442 1190 447" 
                    HPOS="1030"
                    VPOS="390"
                    WIDTH="160"
                    HEIGHT="70">
            <Shape><Polygon POINTS="1030 447 1035 410 1052 397 1090 392 1122 407 1147 390 1185 412 1190 447 1177 460 1032 452"/></Shape>
	    <String CONTENT="شاهنامه"
                    HPOS="1030"
                    VPOS="390"
                    WIDTH="160"
                    HEIGHT="70"></String>
          </TextLine>
          
          
	  <TextLine ID="eSc_line_59329"
                    
                    BASELINE="1162 572 1210 580 1260 572 2005 575" 
                    HPOS="1162"
                    VPOS="517"
                    WIDTH="843"
                    HEIGHT="90">
            <Shape><Polygon POINTS="1162 572 1167 532 1255 547 1315 520 1340 530 1375 520 1407 547 1457 520 1482 545 1497 545 1550 517 1592 555 1625 522 1652 540 1725 537 1745 555 1770 530 1817 527 1832 540 1865 540 1880 525 1910 540 1967 532 2005 575 1985 575 1965 595 1935 585 1827 585 1795 597 1755 575 1715 587 1622 587 1585 575 1567 590 1432 592 1382 575 1345 607 1307 590 1222 590 1207 600 1165 592"/></Shape>
	    <String CONTENT="بنزد سه داماد آزادمرد"
                    HPOS="1162"
                    VPOS="517"
                    WIDTH="843"
                    HEIGHT="90"></String>
          </TextLine>
          
          
	  <TextLine ID="eSc_line_59348"
                    
                    BASELINE="252 582 455 572 1042 572 1075 577" 
                    HPOS="252"
                    VPOS="515"
                    WIDTH="823"
                    HEIGHT="90">
            <Shape><Polygon POINTS="252 582 257 532 310 542 337 520 370 515 387 530 412 525 435 537 500 525 525 550 570 522 597 535 665 520 690 532 715 525 765 550 795 530 817 535 830 525 885 542 947 540 972 522 1015 542 1060 525 1075 577 1040 590 955 580 932 600 912 587 862 595 770 580 745 602 712 590 650 600 580 590 547 600 522 577 512 587 442 592 380 577 335 605 280 602 255 587"/></Shape>
	    <String CONTENT="که بیند رخان‌شان شده1 لاژورد"
                    HPOS="252"
                    VPOS="515"
                    WIDTH="823"
                    HEIGHT="90"></String>
          </TextLine>
          
          
	  <TextLine ID="eSc_line_59330"
                    
                    BASELINE="1160 657 1222 652 1981 652" 
                    HPOS="1160"
                    VPOS="595"
                    WIDTH="820"
                    HEIGHT="87">
            <Shape><Polygon POINTS="1160 655 1162 630 1190 602 1220 620 1260 605 1287 632 1310 610 1337 625 1367 610 1392 625 1425 607 1445 625 1477 597 1527 625 1557 615 1585 637 1602 620 1627 625 1670 597 1702 622 1730 615 1800 627 1822 610 1842 622 1877 610 1900 625 1965 595 1980 650 1905 677 1845 660 1815 682 1782 662 1735 677 1642 650 1607 680 1577 662 1560 677 1537 667 1497 677 1477 665 1327 670 1290 650 1162 680"/></Shape>
	    <String CONTENT="فسرده ز سرما2 و برگشته کار"
                    HPOS="1160"
                    VPOS="595"
                    WIDTH="820"
                    HEIGHT="87"></String>
          </TextLine>
          
          
	  <TextLine ID="eSc_line_59353"
                    
                    BASELINE="265 665 300 660 565 660 620 650 645 655 1007 652 1087 657" 
                    HPOS="265"
                    VPOS="600"
                    WIDTH="820"
                    HEIGHT="85">
            <Shape><Polygon POINTS="265 665 267 615 280 602 312 620 347 600 365 610 385 602 410 627 427 622 455 647 505 617 532 627 562 617 587 642 650 610 672 620 695 607 747 637 775 610 802 625 852 625 885 602 947 622 985 602 1007 625 1060 620 1085 655 1052 682 1035 670 930 672 870 652 845 667 785 670 747 655 725 672 635 667 610 682 580 662 562 680 510 670 492 685 472 685 455 667 420 682 347 665 270 682"/></Shape>
	    <String CONTENT="بمانده3 سه دختر بدو یادگار"
                    HPOS="265"
                    VPOS="600"
                    WIDTH="820"
                    HEIGHT="85"></String>
          </TextLine>
          
          
	  <TextLine ID="eSc_line_59345"
                    
                    BASELINE="1150 737 1192 732 1935 732 1976 737" 
                    HPOS="1150"
                    VPOS="677"
                    WIDTH="825"
                    HEIGHT="88">
            <Shape><Polygon POINTS="1150 735 1155 705 1207 677 1245 707 1265 690 1300 685 1337 702 1410 702 1422 715 1450 690 1507 707 1542 685 1567 702 1600 685 1647 705 1680 680 1707 705 1747 687 1770 710 1795 685 1850 705 1890 705 1912 687 1932 702 1967 702 1975 735 1960 762 1905 745 1885 755 1857 750 1835 765 1817 765 1782 730 1695 765 1665 747 1585 742 1567 730 1512 762 1482 750 1447 760 1427 742 1405 762 1380 750 1335 762 1302 750 1262 760 1240 742 1225 752 1155 747"/></Shape>
	    <String CONTENT="چنین4 خواست کردن بدیشان نگاه"
                    HPOS="1150"
                    VPOS="677"
                    WIDTH="825"
                    HEIGHT="88"></String>
          </TextLine>
          
          
	  <TextLine ID="eSc_line_59344"
                    
                    BASELINE="245 745 280 732 375 740 557 740 670 737 697 730 780 747 810 742 897 745 1076 735" 
                    HPOS="245"
                    VPOS="675"
                    WIDTH="830"
                    HEIGHT="90">
            <Shape><Polygon POINTS="245 745 247 702 272 682 337 715 355 702 380 712 407 695 460 705 482 690 510 707 560 707 590 687 617 715 647 692 672 707 712 687 730 700 765 675 797 705 850 697 885 677 917 710 932 700 985 707 1002 690 1027 705 1055 692 1075 735 1047 752 992 745 975 762 947 750 915 760 887 745 830 765 802 765 765 742 652 755 617 737 542 765 502 762 475 747 440 757 382 745 357 765 320 745 247 747"/></Shape>
	    <String CONTENT="نه بر آرزو گشت خورشید و ماه"
                    HPOS="245"
                    VPOS="675"
                    WIDTH="830"
                    HEIGHT="90"></String>
          </TextLine>
          
          
	  <TextLine ID="eSc_line_59349"
                    
                    BASELINE="1162 820 1505 820 1590 812 1915 812 1997 817" 
                    HPOS="1160"
                    VPOS="757"
                    WIDTH="835"
                    HEIGHT="88">
            <Shape><Polygon POINTS="1160 820 1172 780 1205 785 1225 767 1252 785 1290 762 1312 785 1337 777 1360 797 1392 767 1442 787 1472 775 1515 800 1550 772 1572 785 1650 772 1667 787 1690 765 1727 760 1752 777 1775 775 1792 757 1817 772 1852 762 1875 785 1895 770 1922 787 1957 780 1995 815 1910 832 1865 810 1822 845 1787 825 1730 840 1680 810 1635 835 1507 820 1485 842 1457 830 1410 842 1367 820 1307 830 1242 820 1162 840"/></Shape>
	    <String CONTENT="سه آزاده‌را5 دید چون ماه نو"
                    HPOS="1160"
                    VPOS="757"
                    WIDTH="835"
                    HEIGHT="88"></String>
          </TextLine>
          
          
	  <TextLine ID="eSc_line_59350"
                    
                    BASELINE="250 827 362 817 577 825 705 825 732 820 850 820 892 812 1082 812" 
                    HPOS="250"
                    VPOS="760"
                    WIDTH="830"
                    HEIGHT="85">
            <Shape><Polygon POINTS="250 825 262 782 320 790 347 767 375 790 412 762 455 790 492 760 527 790 557 775 592 790 632 787 652 767 690 797 740 762 780 785 850 777 867 792 892 767 920 785 940 770 977 782 995 767 1030 785 1060 767 1080 810 1052 827 895 827 875 815 850 840 787 827 760 842 722 842 677 825 565 845 535 840 515 822 477 835 390 830 365 817 347 830 290 830 252 842"/></Shape>
	    <String CONTENT="نشسته بران خسروی گاه نو"
                    HPOS="250"
                    VPOS="760"
                    WIDTH="830"
                    HEIGHT="85"></String>
          </TextLine>
          
          
	  <TextLine ID="eSc_line_59351"
                    
                    BASELINE="1160 895 1195 900 1287 892 1987 892" 
                    HPOS="1160"
                    VPOS="835"
                    WIDTH="825"
                    HEIGHT="90">
            <Shape><Polygon POINTS="1160 895 1162 872 1197 840 1217 855 1252 842 1300 870 1325 845 1390 867 1422 842 1457 865 1492 867 1512 850 1542 865 1565 845 1647 862 1677 835 1720 860 1757 842 1785 870 1817 847 1855 862 1900 840 1937 862 1972 860 1985 890 1965 920 1940 907 1802 905 1785 890 1760 890 1740 907 1650 907 1627 922 1587 917 1550 890 1525 910 1482 917 1352 910 1315 890 1277 925 1235 907 1162 920"/></Shape>
	    <String CONTENT="بدانست کافسون6 نیامد7 بکار"
                    HPOS="1160"
                    VPOS="835"
                    WIDTH="825"
                    HEIGHT="90"></String>
          </TextLine>
          
          
	  <TextLine ID="eSc_line_59354"
                    
                    BASELINE="250 907 322 902 1005 905 1030 900 1077 900" 
                    HPOS="250"
                    VPOS="837"
                    WIDTH="827"
                    HEIGHT="95">
            <Shape><Polygon POINTS="250 907 255 875 285 845 307 857 335 842 375 865 425 875 442 860 495 867 525 850 555 880 580 857 607 870 667 865 692 845 742 865 855 857 872 872 900 852 935 865 962 837 995 865 1030 867 1060 845 1072 855 1077 900 1015 917 970 910 957 920 880 905 852 922 825 910 800 920 750 910 730 927 707 927 682 905 652 925 630 912 597 922 562 905 500 912 477 930 427 907 405 927 357 932 297 912 272 927 252 925"/></Shape>
	    <String CONTENT="نباید برین8 برد خود روزگار"
                    HPOS="250"
                    VPOS="837"
                    WIDTH="827"
                    HEIGHT="95"></String>
          </TextLine>
          
          
	  <TextLine ID="eSc_line_59360"
                    
                    BASELINE="1162 1175 1850 1172 1912 1180 1987 1180" 
                    HPOS="1162"
                    VPOS="1115"
                    WIDTH="825"
                    HEIGHT="90">
            <Shape><Polygon POINTS="1162 1175 1165 1120 1190 1127 1215 1117 1230 1132 1252 1122 1277 1142 1302 1125 1322 1142 1370 1145 1390 1125 1425 1117 1452 1132 1477 1122 1527 1140 1575 1130 1592 1142 1622 1140 1665 1115 1700 1147 1732 1117 1765 1142 1785 1135 1805 1152 1842 1117 1882 1145 1892 1135 1947 1135 1980 1150 1987 1180 1957 1202 1927 1187 1880 1197 1860 1180 1827 1205 1800 1185 1787 1197 1740 1187 1705 1202 1677 1175 1600 1195 1545 1195 1530 1185 1470 1195 1442 1175 1402 1195 1370 1180 1182 1185 1165 1175"/></Shape>
	    <String CONTENT="چو از باز گردیدن آن سه شاه9"
                    HPOS="1162"
                    VPOS="1115"
                    WIDTH="825"
                    HEIGHT="90"></String>
          </TextLine>
          
          
	  <TextLine ID="eSc_line_59334"
                    
                    BASELINE="247 1172 565 1172 600 1180 702 1172 1084 1175" 
                    HPOS="245"
                    VPOS="1112"
                    WIDTH="837"
                    HEIGHT="93">
            <Shape><Polygon POINTS="245 1170 250 1145 275 1120 312 1145 357 1135 380 1152 410 1130 442 1142 467 1117 505 1142 570 1135 587 1147 612 1122 642 1140 682 1132 695 1145 710 1135 740 1145 757 1142 785 1115 800 1115 822 1137 840 1120 867 1137 912 1112 935 1117 962 1145 985 1130 1012 1140 1032 1120 1047 1122 1077 1152 1082 1175 1052 1185 937 1175 912 1187 812 1172 742 1200 665 1187 630 1205 590 1182 557 1200 542 1187 400 1187 380 1177 357 1200 325 1187 305 1202 247 1185"/></Shape>
	    <String CONTENT="شد آگه فریدون بیامد براه"
                    HPOS="245"
                    VPOS="1112"
                    WIDTH="837"
                    HEIGHT="93"></String>
          </TextLine>
          
          
	  <TextLine ID="eSc_line_59361"
                    
                    BASELINE="1157 1247 1192 1255 1999 1250" 
                    HPOS="1155"
                    VPOS="1187"
                    WIDTH="842"
                    HEIGHT="98">
            <Shape><Polygon POINTS="1155 1245 1165 1212 1217 1222 1250 1205 1272 1225 1290 1207 1312 1215 1367 1187 1390 1210 1415 1205 1430 1220 1465 1210 1487 1222 1517 1200 1535 1217 1565 1205 1582 1222 1600 1202 1627 1200 1655 1225 1712 1222 1730 1210 1760 1225 1802 1197 1835 1217 1905 1195 1940 1230 1970 1215 1997 1250 1962 1285 1927 1265 1815 1262 1780 1272 1760 1257 1682 1265 1647 1280 1600 1252 1542 1280 1427 1255 1400 1267 1350 1257 1302 1267 1275 1255 1202 1280 1160 1262"/></Shape>
	    <String CONTENT="ز دلشان همی10 خواست کآگه شود"
                    HPOS="1155"
                    VPOS="1187"
                    WIDTH="842"
                    HEIGHT="98"></String>
          </TextLine>
          
          
	  <TextLine ID="eSc_line_59346"
                    
                    BASELINE="250 1257 325 1252 1087 1255" 
                    HPOS="250"
                    VPOS="1195"
                    WIDTH="835"
                    HEIGHT="90">
            <Shape><Polygon POINTS="250 1255 252 1225 267 1215 320 1227 350 1207 377 1232 405 1207 427 1222 445 1205 462 1205 500 1225 542 1202 577 1232 607 1207 640 1225 692 1225 732 1200 757 1225 790 1225 830 1195 857 1215 887 1197 910 1220 930 1207 970 1210 982 1222 1012 1215 1030 1227 1057 1212 1085 1255 1047 1282 1000 1277 985 1265 877 1265 867 1255 680 1275 625 1265 587 1282 555 1252 540 1252 475 1285 385 1252 365 1267 315 1270 292 1285 252 1265"/></Shape>
	    <String CONTENT="ز بدها گمانیش کوته شود"
                    HPOS="250"
                    VPOS="1195"
                    WIDTH="835"
                    HEIGHT="90"></String>
          </TextLine>
          
          
	  <TextLine ID="eSc_line_59362"
                    
                    BASELINE="1162 1337 1232 1335 1325 1340 1427 1340 1460 1332 1545 1337 1592 1332 1998 1335" 
                    HPOS="1160"
                    VPOS="1277"
                    WIDTH="837"
                    HEIGHT="85">
            <Shape><Polygon POINTS="1160 1335 1167 1282 1202 1307 1225 1307 1317 1277 1372 1312 1430 1307 1467 1280 1500 1302 1540 1292 1565 1310 1617 1280 1650 1302 1680 1297 1692 1310 1725 1287 1742 1302 1780 1302 1820 1280 1845 1305 1972 1295 1997 1335 1967 1357 1945 1345 1882 1355 1695 1337 1670 1360 1632 1345 1600 1360 1570 1337 1552 1355 1462 1345 1402 1350 1385 1362 1362 1362 1330 1340 1310 1360 1287 1362 1270 1347 1162 1342"/></Shape>
	    <String CONTENT="بیامد بسان یکی اژدها"
                    HPOS="1160"
                    VPOS="1277"
                    WIDTH="837"
                    HEIGHT="85"></String>
          </TextLine>
          
          
	  <TextLine ID="eSc_line_59352"
                    
                    BASELINE="244 1332 900 1332 927 1337 980 1337 1010 1330 1075 1337" 
                    HPOS="242"
                    VPOS="1275"
                    WIDTH="833"
                    HEIGHT="85">
            <Shape><Polygon POINTS="242 1330 245 1292 260 1280 292 1305 320 1295 367 1310 392 1292 412 1302 440 1277 470 1300 497 1302 512 1287 535 1297 572 1282 597 1305 625 1305 647 1287 675 1302 695 1282 722 1297 767 1275 800 1307 882 1302 910 1282 945 1312 965 1295 997 1290 1015 1305 1060 1282 1075 1335 965 1360 930 1340 870 1352 832 1345 795 1357 767 1332 750 1345 642 1345 607 1357 585 1357 540 1332 482 1355 450 1345 432 1360 367 1340 327 1360 312 1347 262 1347 245 1332"/></Shape>
	    <String CONTENT="کزو شیر گفتی11 نیابد رها"
                    HPOS="242"
                    VPOS="1275"
                    WIDTH="833"
                    HEIGHT="85"></String>
          </TextLine>
          
          
	  <TextLine ID="eSc_line_59363"
                    
                    BASELINE="1160 1420 1277 1427 1360 1420 1387 1427 1432 1412 1992 1415" 
                    HPOS="1160"
                    VPOS="1357"
                    WIDTH="832"
                    HEIGHT="93">
            <Shape><Polygon POINTS="1160 1420 1172 1367 1222 1385 1262 1370 1275 1380 1310 1362 1342 1395 1372 1370 1387 1382 1447 1375 1502 1385 1525 1365 1562 1370 1597 1360 1662 1382 1695 1377 1720 1395 1740 1375 1767 1387 1812 1357 1840 1372 1860 1362 1902 1382 1960 1362 1985 1387 1992 1415 1885 1440 1840 1422 1795 1435 1770 1420 1742 1440 1715 1425 1682 1440 1667 1425 1647 1437 1615 1427 1565 1437 1515 1417 1492 1440 1467 1430 1437 1440 1422 1430 1357 1450 1320 1425 1252 1427 1240 1440 1205 1442 1162 1432"/></Shape>
	    <String CONTENT="خروشان و جوشان12 بجوش اندرون"
                    HPOS="1160"
                    VPOS="1357"
                    WIDTH="832"
                    HEIGHT="93"></String>
          </TextLine>
          
          
	  <TextLine ID="eSc_line_59338"
                    
                    BASELINE="250 1427 292 1422 352 1425 457 1412 1042 1415 1083 1407" 
                    HPOS="250"
                    VPOS="1357"
                    WIDTH="832"
                    HEIGHT="90">
            <Shape><Polygon POINTS="250 1425 252 1380 262 1370 315 1390 372 1380 395 1392 422 1375 447 1385 485 1362 520 1390 540 1370 565 1380 605 1362 637 1377 680 1362 702 1382 717 1367 747 1380 782 1357 805 1377 847 1372 875 1395 920 1357 950 1387 1055 1372 1082 1405 1055 1427 995 1425 972 1440 930 1420 910 1440 887 1442 862 1420 735 1425 697 1442 647 1412 630 1412 607 1432 562 1427 535 1447 492 1425 397 1425 372 1445 352 1430 310 1445 252 1437"/></Shape>
	    <String CONTENT="همی از دهانش13 آتش آمد برون"
                    HPOS="250"
                    VPOS="1357"
                    WIDTH="832"
                    HEIGHT="90"></String>
          </TextLine>
          
          
	  <TextLine ID="eSc_line_59364"
                    
                    BASELINE="1160 1487 1305 1495 1987 1495" 
                    HPOS="1160"
                    VPOS="1440"
                    WIDTH="827"
                    HEIGHT="82">
            <Shape><Polygon POINTS="1160 1487 1177 1455 1200 1465 1242 1457 1260 1472 1325 1442 1350 1462 1425 1462 1442 1447 1470 1462 1497 1460 1520 1442 1565 1440 1605 1472 1667 1455 1690 1465 1707 1447 1737 1462 1772 1460 1790 1475 1850 1452 1867 1452 1887 1472 1912 1455 1960 1455 1980 1465 1987 1495 1960 1520 1935 1505 1897 1517 1880 1500 1805 1515 1782 1497 1700 1500 1675 1522 1647 1505 1575 1520 1542 1497 1510 1495 1487 1517 1437 1505 1400 1522 1380 1512 1285 1512 1260 1497 1227 1520 1162 1507"/></Shape>
	    <String CONTENT="چو هر سه پسر را14 بنزدیک دید"
                    HPOS="1160"
                    VPOS="1440"
                    WIDTH="827"
                    HEIGHT="82"></String>
          </TextLine>
          
          
	  <TextLine ID="eSc_line_59337"
                    
                    BASELINE="255 1492 982 1492 1075 1497" 
                    HPOS="255"
                    VPOS="1437"
                    WIDTH="820"
                    HEIGHT="85">
            <Shape><Polygon POINTS="255 1490 257 1465 270 1455 295 1467 340 1455 362 1472 427 1440 457 1462 485 1460 512 1440 532 1457 545 1445 577 1455 610 1442 667 1465 712 1442 737 1457 760 1445 800 1462 835 1452 860 1462 882 1442 905 1442 922 1460 947 1455 962 1467 1027 1437 1067 1465 1075 1495 1057 1517 990 1505 970 1520 915 1492 790 1520 745 1512 722 1490 652 1522 580 1490 562 1505 515 1507 495 1520 382 1507 362 1492 327 1517 257 1507"/></Shape>
	    <String CONTENT="بگرد اندرون کوه15 تاریک دید"
                    HPOS="255"
                    VPOS="1437"
                    WIDTH="820"
                    HEIGHT="85"></String>
          </TextLine>
          
          
	  <TextLine ID="eSc_line_59365"
                    
                    BASELINE="1160 1575 1220 1585 1545 1585 1640 1572 1877 1572 1987 1580" 
                    HPOS="1160"
                    VPOS="1515"
                    WIDTH="825"
                    HEIGHT="90">
            <Shape><Polygon POINTS="1160 1575 1167 1525 1197 1525 1215 1540 1227 1530 1252 1542 1285 1537 1315 1552 1332 1535 1360 1545 1397 1522 1420 1522 1450 1552 1505 1535 1527 1555 1545 1540 1567 1547 1590 1530 1610 1545 1645 1515 1680 1537 1732 1520 1760 1542 1790 1540 1832 1515 1847 1530 1880 1520 1915 1555 1927 1542 1975 1535 1985 1580 1972 1597 1945 1587 1915 1600 1890 1577 1770 1592 1685 1585 1660 1570 1620 1600 1575 1582 1545 1602 1482 1587 1450 1597 1435 1585 1360 1602 1315 1585 1292 1605 1207 1605 1162 1577"/></Shape>
	    <String CONTENT="بر انگیخت گرد و بر آورد جوش16"
                    HPOS="1160"
                    VPOS="1515"
                    WIDTH="825"
                    HEIGHT="90"></String>
          </TextLine>
          
          
	  <TextLine ID="eSc_line_59340"
                    
                    BASELINE="262 1570 335 1585 567 1585 635 1582 720 1572 865 1572 970 1580 1027 1580 1052 1585 1085 1580" 
                    HPOS="262"
                    VPOS="1515"
                    WIDTH="823"
                    HEIGHT="92">
            <Shape><Polygon POINTS="262 1570 267 1527 280 1525 305 1540 320 1527 372 1547 410 1527 442 1562 465 1545 502 1540 530 1555 565 1520 600 1547 632 1517 647 1527 727 1522 742 1537 765 1517 795 1542 832 1532 857 1545 872 1530 902 1542 932 1515 962 1532 1005 1517 1025 1535 1052 1537 1080 1555 1085 1580 1050 1605 1005 1587 977 1597 950 1580 860 1592 807 1587 785 1572 737 1607 697 1577 647 1602 607 1605 577 1585 547 1605 525 1595 495 1605 480 1592 450 1602 430 1585 410 1585 377 1600 300 1607 265 1587"/></Shape>
	    <String CONTENT="جهان گشت از17 آواز او پر خروش 18"
                    HPOS="262"
                    VPOS="1515"
                    WIDTH="823"
                    HEIGHT="92"></String>
          </TextLine>
          
          
	  <TextLine ID="eSc_line_59366"
                    
                    BASELINE="1162 1655 1327 1660 1392 1657 1420 1650 1495 1655 1999 1650" 
                    HPOS="1160"
                    VPOS="1600"
                    WIDTH="837"
                    HEIGHT="87">
            <Shape><Polygon POINTS="1160 1655 1192 1622 1252 1620 1272 1640 1350 1607 1370 1627 1460 1622 1475 1607 1510 1607 1542 1622 1567 1612 1582 1625 1615 1607 1640 1632 1687 1600 1720 1620 1757 1615 1780 1637 1812 1615 1850 1625 1882 1600 1907 1625 1975 1617 1997 1650 1970 1682 1947 1670 1807 1670 1780 1652 1757 1667 1697 1665 1680 1675 1625 1655 1552 1682 1472 1657 1392 1682 1355 1667 1300 1677 1267 1670 1250 1687 1217 1667 1175 1677 1162 1665"/></Shape>
	    <String CONTENT="بیامد دمان نزد19 مهتر پسر"
                    HPOS="1160"
                    VPOS="1600"
                    WIDTH="837"
                    HEIGHT="87"></String>
          </TextLine>
          
          
	  <TextLine ID="eSc_line_59339"
                    
                    BASELINE="252 1650 342 1662 397 1665 427 1660 815 1660 842 1652 1088 1655" 
                    HPOS="250"
                    VPOS="1600"
                    WIDTH="837"
                    HEIGHT="85">
            <Shape><Polygon POINTS="250 1650 265 1607 312 1625 372 1627 410 1602 437 1617 460 1605 500 1635 512 1622 537 1630 557 1610 592 1627 630 1602 655 1627 670 1615 690 1625 762 1625 785 1615 810 1635 842 1615 885 1627 922 1622 935 1635 982 1600 1000 1617 1025 1607 1037 1620 1077 1605 1087 1655 1050 1670 990 1655 952 1682 930 1672 902 1682 882 1670 865 1685 845 1685 812 1660 785 1685 752 1667 712 1667 692 1680 665 1667 600 1680 547 1662 525 1682 505 1682 482 1660 417 1667 397 1685 370 1672 300 1685 252 1657"/></Shape>
	    <String CONTENT="که او بود پرمایه و تاجور20"
                    HPOS="250"
                    VPOS="1600"
                    WIDTH="837"
                    HEIGHT="85"></String>
          </TextLine>
          
          
	  <TextLine ID="eSc_line_59367"
                    
                    BASELINE="1170 1730 1237 1730 1262 1737 1475 1740 1545 1732 1950 1735 1993 1731" 
                    HPOS="1170"
                    VPOS="1675"
                    WIDTH="822"
                    HEIGHT="95">
            <Shape><Polygon POINTS="1170 1730 1172 1700 1215 1675 1305 1710 1327 1690 1357 1685 1375 1702 1400 1690 1415 1702 1457 1707 1485 1680 1512 1702 1560 1700 1590 1682 1622 1700 1647 1680 1675 1705 1697 1697 1712 1710 1750 1692 1780 1707 1802 1685 1830 1702 1870 1677 1900 1707 1970 1697 1992 1730 1970 1762 1940 1747 1902 1757 1875 1735 1827 1752 1715 1740 1690 1760 1620 1732 1567 1770 1545 1750 1490 1750 1477 1740 1415 1762 1327 1740 1297 1765 1252 1745 1172 1747"/></Shape>
	    <String CONTENT="پسر گفت با اژدها  روی21 جنگ"
                    HPOS="1170"
                    VPOS="1675"
                    WIDTH="822"
                    HEIGHT="95"></String>
          </TextLine>
          
          
	  <TextLine ID="eSc_line_59335"
                    
                    BASELINE="270 1730 1078 1735" 
                    HPOS="270"
                    VPOS="1680"
                    WIDTH="807"
                    HEIGHT="85">
            <Shape><Polygon POINTS="270 1730 272 1705 310 1682 337 1700 362 1692 380 1710 430 1715 447 1697 477 1707 572 1697 587 1710 610 1687 637 1705 655 1690 680 1700 715 1680 750 1707 772 1700 792 1717 815 1695 842 1710 872 1707 900 1685 937 1715 957 1695 980 1700 1017 1680 1037 1700 1065 1687 1077 1735 997 1757 930 1735 842 1765 797 1737 762 1760 745 1750 617 1747 592 1732 575 1745 487 1760 447 1752 432 1737 420 1750 272 1752"/></Shape>
	    <String CONTENT="نسازد خرد یافته مرد سنگ"
                    HPOS="270"
                    VPOS="1680"
                    WIDTH="807"
                    HEIGHT="85"></String>
          </TextLine>
          
          
	  <TextLine ID="eSc_line_59368"
                    
                    BASELINE="1160 1807 1232 1820 1412 1812 1994 1808" 
                    HPOS="1160"
                    VPOS="1760"
                    WIDTH="832"
                    HEIGHT="87">
            <Shape><Polygon POINTS="1160 1805 1170 1765 1197 1765 1210 1777 1237 1767 1255 1782 1285 1762 1315 1782 1367 1765 1415 1787 1440 1762 1460 1760 1480 1780 1525 1767 1565 1790 1587 1775 1645 1785 1695 1767 1745 1787 1767 1772 1820 1770 1860 1792 1927 1762 1952 1785 1977 1787 1992 1807 1980 1827 1947 1837 1870 1825 1842 1847 1817 1830 1757 1822 1732 1842 1707 1825 1677 1825 1612 1842 1572 1827 1540 1845 1497 1820 1475 1842 1447 1830 1415 1845 1315 1817 1272 1842 1237 1842 1165 1817"/></Shape>
	    <String CONTENT="سبک پشت بنمود و22  بگریخت ازوی23"
                    HPOS="1160"
                    VPOS="1760"
                    WIDTH="832"
                    HEIGHT="87"></String>
          </TextLine>
          
          
	  <TextLine ID="eSc_line_59336"
                    
                    BASELINE="270 1825 1005 1825 1083 1817" 
                    HPOS="270"
                    VPOS="1760"
                    WIDTH="812"
                    HEIGHT="85">
            <Shape><Polygon POINTS="270 1825 277 1775 355 1792 390 1762 427 1787 472 1777 530 1787 560 1770 577 1787 632 1780 655 1802 695 1770 725 1785 765 1760 802 1785 850 1780 865 1795 900 1770 937 1775 960 1797 1007 1772 1025 1785 1060 1780 1082 1815 1060 1845 1015 1827 982 1840 950 1830 917 1845 870 1825 850 1840 825 1827 782 1840 762 1825 737 1840 707 1835 692 1845 672 1845 650 1825 630 1842 567 1827 470 1837 357 1825 337 1842 275 1837"/></Shape>
	    <String CONTENT="پدر زی برادرش بنهاد روی"
                    HPOS="270"
                    VPOS="1760"
                    WIDTH="812"
                    HEIGHT="85"></String>
          </TextLine>
          
          
	  <TextLine ID="eSc_line_59374"
                    
                    BASELINE="1170 1900 1272 1900 1300 1907 1380 1902 1637 1905 1697 1900 1992 1892" 
                    HPOS="1170"
                    VPOS="1842"
                    WIDTH="820"
                    HEIGHT="85">
            <Shape><Polygon POINTS="1170 1900 1172 1865 1185 1855 1210 1867 1262 1857 1287 1870 1347 1845 1385 1867 1410 1842 1452 1877 1475 1862 1535 1870 1560 1857 1595 1882 1655 1842 1690 1867 1750 1867 1765 1855 1782 1870 1810 1847 1835 1865 1877 1845 1900 1867 1972 1857 1990 1890 1927 1917 1815 1910 1790 1897 1765 1920 1705 1910 1677 1922 1647 1907 1605 1920 1582 1905 1555 1925 1537 1912 1495 1912 1475 1927 1437 1902 1405 1922 1362 1925 1327 1905 1302 1925 1282 1912 1230 1920 1172 1907"/></Shape>
	    <String CONTENT="میانه برادر چو او را بدید"
                    HPOS="1170"
                    VPOS="1842"
                    WIDTH="820"
                    HEIGHT="85"></String>
          </TextLine>
          
          
	  <TextLine ID="eSc_line_59342"
                    
                    BASELINE="270 1892 592 1900 1077 1895" 
                    HPOS="270"
                    VPOS="1837"
                    WIDTH="807"
                    HEIGHT="85">
            <Shape><Polygon POINTS="270 1892 275 1857 337 1867 360 1847 387 1862 420 1845 457 1877 475 1862 520 1860 555 1840 587 1872 610 1860 632 1877 655 1855 707 1865 737 1845 770 1867 805 1855 867 1865 897 1837 927 1862 965 1842 1020 1865 1065 1845 1077 1895 1042 1910 975 1907 917 1922 882 1897 855 1920 830 1910 797 1920 767 1900 710 1907 685 1922 640 1900 607 1922 592 1922 570 1900 470 1922 437 1897 412 1910 327 1917 272 1910"/></Shape>
	    <String CONTENT="کمان‌را بزه کرد و اندر کشید"
                    HPOS="270"
                    VPOS="1837"
                    WIDTH="807"
                    HEIGHT="85"></String>
          </TextLine>
          
          
	  <TextLine ID="eSc_line_59370"
                    
                    BASELINE="1170 1977 1307 1975 1357 1970 1390 1980 1430 1985 1462 1982 1487 1987 1532 1975 1996 1970" 
                    HPOS="1170"
                    VPOS="1920"
                    WIDTH="825"
                    HEIGHT="87">
            <Shape><Polygon POINTS="1170 1975 1172 1927 1197 1927 1212 1942 1232 1925 1257 1937 1295 1927 1312 1945 1345 1935 1397 1955 1435 1920 1480 1945 1505 1922 1532 1940 1565 1927 1597 1960 1635 1947 1665 1920 1682 1920 1702 1940 1730 1930 1750 1945 1770 1925 1795 1937 1825 1920 1847 1935 1907 1920 1930 1942 1980 1940 1995 1970 1930 1997 1835 1972 1815 1990 1712 1987 1677 1975 1665 1987 1605 2000 1567 1975 1552 1990 1517 1987 1455 2007 1400 2005 1385 1992 1330 1995 1300 1975 1225 2002 1172 1982"/></Shape>
	    <String CONTENT="مرا24  گفت گر کارزار ست کار25"
                    HPOS="1170"
                    VPOS="1920"
                    WIDTH="825"
                    HEIGHT="87"></String>
          </TextLine>
          
          
	  <TextLine ID="eSc_line_59343"
                    
                    BASELINE="260 1977 295 1975 370 1985 577 1977 622 1972 1083 1980" 
                    HPOS="260"
                    VPOS="1920"
                    WIDTH="822"
                    HEIGHT="87">
            <Shape><Polygon POINTS="260 1975 267 1930 310 1942 340 1922 362 1945 410 1955 445 1952 492 1920 510 1937 527 1935 540 1947 562 1940 587 1955 622 1927 672 1960 695 1940 740 1945 760 1930 780 1945 822 1937 850 1962 877 1945 927 1947 950 1927 982 1947 1010 1927 1027 1942 1042 1940 1082 1980 1050 2005 990 1980 870 2002 837 1977 825 1990 687 1990 675 1977 635 2002 595 1975 565 2005 515 1990 470 1990 427 2005 395 1987 357 2005 312 2007 262 1985"/></Shape>
	    <String CONTENT="چه شیر دمنده چه جنگی سوار26"
                    HPOS="260"
                    VPOS="1920"
                    WIDTH="822"
                    HEIGHT="87"></String>
          </TextLine>
          
          
	  <TextLine ID="eSc_line_59376"
                    
                    BASELINE="1100 2850 1196 2847" 
                    HPOS="1100"
                    VPOS="2802"
                    WIDTH="95"
                    HEIGHT="73">
            <Shape><Polygon POINTS="1100 2850 1102 2805 1127 2802 1167 2807 1195 2845 1172 2875 1105 2872"/></Shape>
	    <String CONTENT="۲۵۶"
                    HPOS="1100"
                    VPOS="2802"
                    WIDTH="95"
                    HEIGHT="73"></String>
          </TextLine>
          </TextBlock>
          
        </PrintSpace>
      </Page>
    </Layout>
  </alto>
