<?xml version="1.0" encoding="UTF-8"?>
<alto xmlns:xsi="http://www.w3.org/2001/XMLSchema-instance"
      xmlns="http://www.loc.gov/standards/alto/ns-v4#"
      xsi:schemaLocation="http://www.loc.gov/standards/alto/ns-v4# https://gitlab.inria.fr/scripta/escriptorium/-/raw/develop/app/escriptorium/static/alto-4-1-baselines.xsd">
  <Description>
    <MeasurementUnit>pixel</MeasurementUnit>
    <sourceImageInformation>
      <fileName>Ferdowsi_Moscow.pdf_000053.png</fileName>
    </sourceImageInformation>
  </Description>
  
  <Tags>
    <OtherTag ID="BT1" LABEL="Title" DESCRIPTION="block type Title"/><OtherTag ID="BT2" LABEL="Main" DESCRIPTION="block type Main"/><OtherTag ID="BT3" LABEL="Commentary" DESCRIPTION="block type Commentary"/><OtherTag ID="BT4" LABEL="Illustration" DESCRIPTION="block type Illustration"/>
    
  </Tags>
  
  <Layout>
    <Page WIDTH="2430"
          HEIGHT="3000"
          PHYSICAL_IMG_NR="19"
          ID="eSc_dummypage_">
      <PrintSpace HPOS="0"
                  VPOS="0"
                  WIDTH="2430"
                  HEIGHT="3000">
        
        <TextBlock ID="eSc_dummyblock_">
          
	  <TextLine ID="eSc_line_59512"
                    
                    BASELINE="1055 450 1145 445 1218 447" 
                    HPOS="1055"
                    VPOS="387"
                    WIDTH="162"
                    HEIGHT="75">
            <Shape><Polygon POINTS="1055 450 1060 402 1135 402 1150 387 1165 390 1217 445 1167 462 1057 460"/></Shape>
	    <String CONTENT="ملحقات"
                    HPOS="1055"
                    VPOS="387"
                    WIDTH="162"
                    HEIGHT="75"></String>
          </TextLine>
          
          
	  <TextLine ID="eSc_line_59532"
                    
                    BASELINE="1165 572 1282 572 1400 580 1522 580 1680 572 1998 575" 
                    HPOS="1165"
                    VPOS="512"
                    WIDTH="832"
                    HEIGHT="95">
            <Shape><Polygon POINTS="1165 570 1172 520 1252 542 1287 517 1330 550 1385 522 1425 545 1472 512 1495 532 1540 517 1560 537 1625 535 1652 560 1722 520 1752 532 1780 525 1807 540 1880 532 1895 545 1925 525 1947 542 1980 540 1997 575 1970 602 1897 575 1865 597 1787 590 1752 575 1740 587 1692 590 1675 602 1642 585 1610 602 1595 587 1572 597 1552 585 1502 595 1482 580 1420 600 1390 580 1332 607 1297 582 1270 590 1167 577"/></Shape>
	    <String CONTENT="بسه دیده1 اندر جهان گر کس است2"
                    HPOS="1165"
                    VPOS="512"
                    WIDTH="832"
                    HEIGHT="95"></String>
          </TextLine>
          
          
	  <TextLine ID="eSc_line_59531"
                    
                    BASELINE="250 567 365 575 500 570 530 575 1092 570" 
                    HPOS="250"
                    VPOS="517"
                    WIDTH="840"
                    HEIGHT="90">
            <Shape><Polygon POINTS="250 565 257 525 307 527 327 540 350 517 397 552 432 537 480 547 520 532 545 542 587 535 600 545 620 525 662 525 695 540 720 517 742 527 767 517 807 552 835 532 857 537 867 527 927 545 967 517 987 535 1012 527 1030 545 1065 540 1090 570 1032 590 985 575 962 592 900 607 807 575 750 600 730 600 705 575 680 590 602 575 567 600 482 585 465 602 440 592 412 605 375 575 350 587 297 590 252 572"/></Shape>
	    <String CONTENT="سه فرزند مارا سه 3 دیده بس است4"
                    HPOS="250"
                    VPOS="517"
                    WIDTH="840"
                    HEIGHT="90"></String>
          </TextLine>
          
          
	  <TextLine ID="eSc_line_59513"
                    
                    BASELINE="1150 645 1207 665 1232 660 1360 652 1617 657 1650 652 1998 652" 
                    HPOS="1150"
                    VPOS="600"
                    WIDTH="847"
                    HEIGHT="87">
            <Shape><Polygon POINTS="1150 645 1175 625 1225 625 1240 615 1260 622 1272 612 1297 625 1317 607 1382 625 1410 600 1425 600 1450 627 1467 615 1490 627 1545 627 1572 602 1607 627 1667 617 1682 625 1702 607 1730 622 1747 607 1777 627 1802 627 1832 602 1857 600 1877 622 1902 610 1917 627 1940 610 1975 605 1990 617 1997 650 1980 680 1962 682 1942 667 1895 670 1867 650 1785 680 1692 660 1672 677 1632 670 1602 682 1582 667 1557 667 1512 680 1435 657 1340 687 1305 667 1257 665 1177 682 1152 660"/></Shape>
	    <String CONTENT="[که گر‌ نه بر امید فرزندمی"
                    HPOS="1150"
                    VPOS="600"
                    WIDTH="847"
                    HEIGHT="87"></String>
          </TextLine>
          
          
	  <TextLine ID="eSc_line_59524"
                    
                    BASELINE="250 667 395 660 445 665 470 660 495 665 550 665 600 660 722 660 765 665 1102 665" 
                    HPOS="250"
                    VPOS="600"
                    WIDTH="850"
                    HEIGHT="90">
            <Shape><Polygon POINTS="250 665 252 607 262 602 300 627 342 617 370 625 380 615 405 625 427 605 472 627 567 627 587 607 617 627 637 607 662 625 692 610 727 627 765 600 800 627 830 617 852 630 905 630 932 617 950 632 985 612 1040 630 1065 617 1100 665 1012 682 970 680 950 665 887 680 860 675 842 690 820 690 792 665 732 670 705 687 630 660 557 680 472 670 440 682 420 667 365 665 322 667 297 682 255 677"/></Shape>
	    <String CONTENT="بزن هیچ گونه نپیوند می]"
                    HPOS="250"
                    VPOS="600"
                    WIDTH="850"
                    HEIGHT="90"></String>
          </TextLine>
          
          
	  <TextLine ID="eSc_line_59514"
                    
                    BASELINE="1170 732 1842 727 1952 730 2002 735" 
                    HPOS="1170"
                    VPOS="670"
                    WIDTH="830"
                    HEIGHT="87">
            <Shape><Polygon POINTS="1170 730 1172 692 1205 672 1232 695 1257 695 1270 682 1295 692 1322 685 1372 707 1472 687 1500 700 1525 687 1547 700 1570 690 1617 700 1647 672 1685 695 1707 677 1727 695 1760 680 1792 697 1837 670 1872 705 1897 700 1927 675 1955 687 1977 682 1992 692 2000 735 1985 752 1937 740 1867 752 1842 727 1772 752 1690 727 1662 727 1600 755 1502 735 1425 742 1400 757 1367 737 1345 752 1315 737 1175 745"/></Shape>
	    <String CONTENT="[ دگر گونه گوید همی رهنمای"
                    HPOS="1170"
                    VPOS="670"
                    WIDTH="830"
                    HEIGHT="87"></String>
          </TextLine>
          
          
	  <TextLine ID="eSc_line_59521"
                    
                    BASELINE="240 715 272 732 322 732 347 737 372 730 672 730 732 735 800 732 887 737 1082 737" 
                    HPOS="240"
                    VPOS="672"
                    WIDTH="840"
                    HEIGHT="88">
            <Shape><Polygon POINTS="240 715 257 680 295 687 320 675 337 692 402 692 425 710 450 685 472 695 490 677 517 675 570 725 617 682 655 672 712 712 795 692 825 712 867 685 917 730 960 687 1000 697 1057 675 1075 687 1080 735 1032 757 992 742 947 757 922 735 875 735 835 760 812 745 790 755 775 742 725 757 702 735 635 740 592 757 565 730 520 730 475 752 427 730 402 755 375 742 257 755 242 740"/></Shape>
	    <String CONTENT="ازین در بسی دانش  آرد بجای]"
                    HPOS="240"
                    VPOS="672"
                    WIDTH="840"
                    HEIGHT="88"></String>
          </TextLine>
          
          
	  <TextLine ID="eSc_line_59522"
                    
                    BASELINE="1170 800 1210 805 1442 800 1470 807 1510 802 1957 805 1990 800" 
                    HPOS="1170"
                    VPOS="742"
                    WIDTH="820"
                    HEIGHT="88">
            <Shape><Polygon POINTS="1170 800 1172 777 1222 742 1252 765 1277 752 1292 767 1315 750 1342 762 1365 742 1402 772 1462 747 1492 772 1532 760 1555 770 1607 762 1635 790 1682 745 1720 777 1780 750 1810 772 1852 770 1885 747 1927 772 1950 750 1982 750 1990 800 1907 825 1875 810 1837 812 1815 827 1785 812 1722 825 1695 805 1672 827 1650 830 1622 802 1597 822 1505 815 1490 802 1460 817 1432 812 1380 825 1345 802 1215 810 1195 827 1172 825"/></Shape>
	    <String CONTENT="گرامی تر از دیده آنرا شناس"
                    HPOS="1170"
                    VPOS="742"
                    WIDTH="820"
                    HEIGHT="88"></String>
          </TextLine>
          
          
	  <TextLine ID="eSc_line_59525"
                    
                    BASELINE="250 807 427 800 1075 800" 
                    HPOS="250"
                    VPOS="745"
                    WIDTH="825"
                    HEIGHT="85">
            <Shape><Polygon POINTS="250 805 252 785 307 745 340 767 405 767 417 777 435 760 460 770 497 745 530 772 555 750 587 767 617 755 632 770 662 750 707 770 752 757 777 770 805 762 825 780 850 760 882 757 895 770 942 760 967 782 997 752 1025 772 1067 750 1075 800 1045 815 962 800 925 825 827 802 807 822 765 810 737 822 647 810 582 830 550 800 492 810 470 825 422 802 390 815 372 810 355 825 327 810 282 830 252 825"/></Shape>
	    <String CONTENT="که دیده بدیدنش5 دارد سپاس"
                    HPOS="250"
                    VPOS="745"
                    WIDTH="825"
                    HEIGHT="85"></String>
          </TextLine>
          
          
	  <TextLine ID="eSc_line_59526"
                    
                    BASELINE="1175 885 1212 880 1652 880 1692 887 1717 880 1785 877 2009 885" 
                    HPOS="1175"
                    VPOS="822"
                    WIDTH="832"
                    HEIGHT="90">
            <Shape><Polygon POINTS="1175 885 1177 840 1202 832 1252 852 1297 835 1317 850 1352 850 1402 827 1457 860 1482 837 1505 845 1530 832 1545 847 1582 837 1602 850 1637 830 1662 857 1685 835 1715 827 1750 847 1782 837 1802 850 1820 832 1847 840 1875 822 1902 840 1922 832 1940 847 1970 845 2007 885 1990 885 1967 907 1895 880 1847 895 1757 892 1740 880 1702 902 1680 902 1657 885 1605 905 1567 890 1462 890 1437 912 1387 887 1340 902 1282 902 1250 880 1177 902"/></Shape>
	    <String CONTENT="چه گفت آن خردمند پاکیزه مغز"
                    HPOS="1175"
                    VPOS="822"
                    WIDTH="832"
                    HEIGHT="90"></String>
          </TextLine>
          
          
	  <TextLine ID="eSc_line_59528"
                    
                    BASELINE="265 885 367 880 435 880 462 885 785 885 810 880 1082 875" 
                    HPOS="265"
                    VPOS="825"
                    WIDTH="815"
                    HEIGHT="87">
            <Shape><Polygon POINTS="265 885 270 837 302 850 325 830 352 847 370 832 397 842 412 830 470 850 490 832 532 850 600 842 622 865 647 840 670 852 687 840 710 850 727 842 747 860 797 825 820 840 845 835 862 850 895 825 935 847 965 825 987 845 1025 850 1062 827 1072 832 1080 875 1005 902 945 877 920 895 807 890 787 902 750 887 722 912 677 890 650 910 615 892 600 907 535 892 500 907 485 895 437 897 402 880 267 902"/></Shape>
	    <String CONTENT="کجا داستان زد ز پیوند6 نغز"
                    HPOS="265"
                    VPOS="825"
                    WIDTH="815"
                    HEIGHT="87"></String>
          </TextLine>
          
          
	  <TextLine ID="eSc_line_59529"
                    
                    BASELINE="1162 957 1245 965 1942 965 2015 957" 
                    HPOS="1160"
                    VPOS="905"
                    WIDTH="855"
                    HEIGHT="85">
            <Shape><Polygon POINTS="1160 955 1170 907 1215 930 1252 912 1290 930 1317 905 1342 917 1370 905 1395 930 1430 930 1452 910 1475 925 1507 905 1547 937 1567 927 1612 930 1640 910 1657 910 1677 930 1695 917 1717 930 1747 910 1782 932 1862 922 1880 937 1907 912 1937 930 1960 910 1977 910 2015 955 1977 960 1957 977 1890 965 1865 990 1835 975 1782 975 1752 990 1732 975 1670 965 1590 972 1565 990 1537 980 1507 985 1487 965 1412 982 1367 972 1350 985 1317 972 1230 972 1192 987 1162 960"/></Shape>
	    <String CONTENT="که پیوند کس را نیاراستم7"
                    HPOS="1160"
                    VPOS="905"
                    WIDTH="855"
                    HEIGHT="85"></String>
          </TextLine>
          
          
	  <TextLine ID="eSc_line_59537"
                    
                    BASELINE="260 960 952 965 977 960 1084 960" 
                    HPOS="260"
                    VPOS="900"
                    WIDTH="822"
                    HEIGHT="92">
            <Shape><Polygon POINTS="260 960 265 927 315 915 342 930 367 907 412 930 442 912 477 947 505 922 525 930 542 915 572 927 597 912 620 930 680 930 710 912 745 947 785 907 815 925 837 915 875 945 940 910 960 910 982 927 1017 900 1050 922 1070 922 1082 960 970 982 922 972 895 992 865 977 840 987 815 965 770 992 730 965 680 972 665 985 617 972 535 972 512 992 492 992 465 965 420 972 402 987 312 970 285 972 262 990"/></Shape>
	    <String CONTENT="مگر کس به از خویشتن خواستم"
                    HPOS="260"
                    VPOS="900"
                    WIDTH="822"
                    HEIGHT="92"></String>
          </TextLine>
          
          
	  <TextLine ID="eSc_line_59539"
                    
                    BASELINE="1162 1045 1922 1042 1993 1047" 
                    HPOS="1160"
                    VPOS="982"
                    WIDTH="832"
                    HEIGHT="90">
            <Shape><Polygon POINTS="1160 1045 1162 1012 1187 987 1210 985 1227 1000 1250 982 1265 982 1292 1010 1310 1005 1335 1020 1387 1012 1417 990 1432 990 1455 1012 1487 1015 1520 997 1542 1020 1560 1002 1590 1015 1650 1002 1662 1015 1682 995 1712 1010 1735 995 1755 1002 1775 982 1800 987 1825 1012 1845 1005 1862 1020 1880 1002 1910 1017 1962 995 1985 1015 1992 1045 1905 1072 1867 1050 1852 1065 1832 1065 1790 1050 1685 1052 1667 1042 1597 1065 1577 1065 1542 1042 1515 1057 1457 1062 1410 1052 1370 1067 1330 1047 1182 1060 1162 1052"/></Shape>
	    <String CONTENT="خرد یافته مرد نیکی سگال"
                    HPOS="1160"
                    VPOS="982"
                    WIDTH="832"
                    HEIGHT="90"></String>
          </TextLine>
          
          
	  <TextLine ID="eSc_line_59538"
                    
                    BASELINE="252 1045 1047 1045 1082 1037" 
                    HPOS="252"
                    VPOS="985"
                    WIDTH="830"
                    HEIGHT="82">
            <Shape><Polygon POINTS="252 1045 255 1010 280 985 300 985 325 1010 430 1000 450 1017 475 1000 500 1010 580 1010 600 997 642 1010 682 985 740 1015 795 995 820 1010 902 1000 922 1020 1055 1000 1082 1037 1060 1055 977 1052 957 1065 935 1065 912 1045 877 1067 847 1052 775 1052 752 1067 700 1067 677 1050 660 1065 632 1052 570 1052 545 1067 452 1045 255 1055"/></Shape>
	    <String CONTENT="همی دوستی‌ را بجوید همال"
                    HPOS="252"
                    VPOS="985"
                    WIDTH="830"
                    HEIGHT="82"></String>
          </TextLine>
          
          
	  <TextLine ID="eSc_line_59534"
                    
                    BASELINE="1160 1127 1230 1122 1872 1122 1957 1127 1995 1117" 
                    HPOS="1160"
                    VPOS="1062"
                    WIDTH="835"
                    HEIGHT="93">
            <Shape><Polygon POINTS="1160 1127 1162 1100 1197 1065 1225 1082 1252 1062 1345 1095 1365 1077 1495 1092 1525 1067 1552 1085 1702 1082 1720 1097 1755 1075 1787 1092 1830 1075 1850 1092 1885 1072 1930 1095 1955 1082 1975 1087 1995 1117 1962 1152 1937 1137 1892 1150 1862 1122 1737 1152 1677 1135 1602 1145 1572 1135 1547 1155 1510 1122 1485 1147 1447 1132 1382 1147 1350 1127 1327 1147 1277 1152 1245 1135 1205 1135 1192 1147 1162 1142"/></Shape>
	    <String CONTENT="جو8 خرّم بمردم 9 بود روزگار"
                    HPOS="1160"
                    VPOS="1062"
                    WIDTH="835"
                    HEIGHT="93"></String>
          </TextLine>
          
          
	  <TextLine ID="eSc_line_59530"
                    
                    BASELINE="267 1140 305 1127 450 1122 1020 1125 1082 1117" 
                    HPOS="267"
                    VPOS="1065"
                    WIDTH="815"
                    HEIGHT="85">
            <Shape><Polygon POINTS="267 1140 270 1080 287 1065 345 1092 395 1082 415 1090 435 1072 467 1092 497 1072 517 1090 587 1087 602 1100 672 1085 702 1097 727 1080 772 1092 805 1085 825 1102 892 1067 942 1090 977 1070 992 1085 1015 1072 1035 1090 1062 1072 1082 1117 1060 1135 985 1125 942 1142 880 1132 850 1150 820 1137 792 1147 780 1135 742 1150 705 1127 682 1147 660 1137 617 1147 595 1130 525 1147 475 1125 405 1145 380 1135 357 1147 312 1145 300 1132 270 1147"/></Shape>
	    <String CONTENT="نه نیکو بود بی سپه شهریار"
                    HPOS="267"
                    VPOS="1065"
                    WIDTH="815"
                    HEIGHT="85"></String>
          </TextLine>
          
          
	  <TextLine ID="eSc_line_59540"
                    
                    BASELINE="1172 1395 2002 1395" 
                    HPOS="1170"
                    VPOS="1335"
                    WIDTH="830"
                    HEIGHT="90">
            <Shape><Polygon POINTS="1170 1395 1175 1360 1187 1350 1205 1357 1235 1340 1270 1360 1312 1335 1380 1372 1402 1355 1425 1365 1452 1337 1520 1360 1550 1342 1570 1357 1612 1357 1630 1375 1650 1357 1675 1367 1707 1347 1770 1362 1800 1337 1820 1337 1865 1365 1900 1342 1925 1365 1992 1367 2000 1395 1977 1410 1857 1407 1835 1425 1817 1425 1795 1405 1757 1405 1725 1420 1677 1402 1655 1420 1622 1405 1570 1420 1547 1402 1507 1422 1482 1420 1467 1405 1442 1412 1425 1402 1405 1417 1375 1407 1345 1420 1307 1397 1245 1397 1192 1422 1175 1420"/></Shape>
	    <String CONTENT="سخن گوی و روشن‌دل و پاک تن"
                    HPOS="1170"
                    VPOS="1335"
                    WIDTH="830"
                    HEIGHT="90"></String>
          </TextLine>
          
          
	  <TextLine ID="eSc_line_59536"
                    
                    BASELINE="265 1395 1027 1395 1091 1395" 
                    HPOS="265"
                    VPOS="1335"
                    WIDTH="825"
                    HEIGHT="87">
            <Shape><Polygon POINTS="265 1395 270 1340 335 1362 387 1362 405 1350 440 1362 475 1335 515 1367 530 1357 592 1362 615 1350 635 1362 700 1355 710 1365 735 1342 810 1362 842 1345 867 1362 905 1357 920 1367 977 1335 1022 1362 1072 1360 1090 1395 992 1417 970 1405 940 1412 917 1395 905 1405 812 1405 795 1417 765 1407 735 1415 712 1402 695 1417 670 1405 520 1415 492 1395 460 1405 345 1405 320 1422 297 1422 270 1395"/></Shape>
	    <String CONTENT="سزای ستودن بهر انحمن 10"
                    HPOS="265"
                    VPOS="1335"
                    WIDTH="825"
                    HEIGHT="87"></String>
          </TextLine>
          
          
	  <TextLine ID="eSc_line_59541"
                    
                    BASELINE="1170 1480 1420 1480 1450 1487 1502 1482 1955 1485 1995 1477" 
                    HPOS="1170"
                    VPOS="1420"
                    WIDTH="825"
                    HEIGHT="92">
            <Shape><Polygon POINTS="1170 1480 1172 1442 1185 1435 1217 1450 1275 1452 1320 1427 1350 1442 1385 1440 1405 1420 1445 1450 1490 1440 1537 1450 1572 1427 1597 1445 1617 1425 1650 1447 1747 1447 1822 1425 1852 1455 1870 1437 1902 1452 1970 1442 1995 1477 1972 1500 1890 1495 1865 1512 1822 1485 1757 1492 1735 1512 1677 1505 1665 1492 1592 1505 1570 1485 1550 1485 1510 1512 1492 1495 1440 1507 1420 1490 1297 1492 1275 1507 1237 1492 1172 1490"/></Shape>
	    <String CONTENT="همش  گنج بسیار11 وهم  لشکرست"
                    HPOS="1170"
                    VPOS="1420"
                    WIDTH="825"
                    HEIGHT="92"></String>
          </TextLine>
          
          
	  <TextLine ID="eSc_line_59515"
                    
                    BASELINE="259 1477 425 1477 482 1485 1005 1485 1032 1480 1085 1480" 
                    HPOS="257"
                    VPOS="1420"
                    WIDTH="828"
                    HEIGHT="87">
            <Shape><Polygon POINTS="257 1475 267 1435 307 1450 367 1452 390 1447 417 1420 442 1422 470 1450 512 1450 527 1437 575 1447 595 1427 625 1430 637 1442 672 1422 717 1455 730 1445 762 1455 785 1432 820 1450 865 1422 907 1460 945 1432 975 1447 1020 1450 1057 1437 1077 1452 1085 1480 1032 1495 960 1490 937 1507 915 1505 895 1485 802 1492 780 1507 710 1497 682 1505 665 1492 632 1497 617 1485 585 1485 562 1505 530 1490 500 1492 485 1507 450 1485 395 1490 372 1505 340 1490 260 1487"/></Shape>
	    <String CONTENT="همش دانش و رای 12 وهم افسرست"
                    HPOS="257"
                    VPOS="1420"
                    WIDTH="828"
                    HEIGHT="87"></String>
          </TextLine>
          
          
	  <TextLine ID="eSc_line_59542"
                    
                    BASELINE="1167 1575 2002 1570" 
                    HPOS="1165"
                    VPOS="1512"
                    WIDTH="835"
                    HEIGHT="85">
            <Shape><Polygon POINTS="1165 1575 1167 1530 1177 1520 1250 1537 1302 1532 1322 1512 1347 1525 1365 1512 1395 1540 1435 1540 1465 1522 1497 1552 1525 1530 1555 1542 1582 1512 1655 1547 1682 1520 1710 1540 1740 1540 1780 1520 1802 1542 1830 1532 1850 1545 1885 1517 1912 1545 1950 1545 1977 1527 2000 1570 1935 1595 1860 1595 1802 1585 1790 1572 1757 1585 1660 1572 1640 1592 1590 1582 1580 1595 1500 1575 1367 1582 1347 1595 1315 1575 1285 1597 1242 1580 1215 1595 1167 1585"/></Shape>
	    <String CONTENT="نباید که یابد شمارا زبون"
                    HPOS="1165"
                    VPOS="1512"
                    WIDTH="835"
                    HEIGHT="85"></String>
          </TextLine>
          
          
	  <TextLine ID="eSc_line_59527"
                    
                    BASELINE="250 1577 292 1572 1027 1572 1085 1577" 
                    HPOS="250"
                    VPOS="1510"
                    WIDTH="835"
                    HEIGHT="87">
            <Shape><Polygon POINTS="250 1577 252 1530 262 1520 322 1535 347 1510 380 1532 412 1512 440 1540 497 1512 545 1552 570 1527 595 1540 697 1530 715 1547 735 1527 785 1535 807 1515 830 1515 862 1547 897 1512 940 1540 990 1512 1017 1537 1070 1532 1085 1577 1060 1595 1035 1580 905 1580 875 1595 847 1572 797 1595 760 1595 725 1572 610 1590 555 1572 502 1585 370 1572 322 1580 300 1597 252 1585"/></Shape>
	    <String CONTENT="بکار آورد مرد دانا فسون"
                    HPOS="250"
                    VPOS="1510"
                    WIDTH="835"
                    HEIGHT="87"></String>
          </TextLine>
          
          
	  <TextLine ID="eSc_line_59544"
                    
                    BASELINE="1170 1657 1230 1652 1422 1665 1837 1662 1880 1677 1905 1670 1989 1670" 
                    HPOS="1170"
                    VPOS="1597"
                    WIDTH="817"
                    HEIGHT="95">
            <Shape><Polygon POINTS="1170 1655 1172 1610 1212 1615 1237 1602 1255 1620 1295 1597 1320 1622 1402 1620 1435 1645 1455 1630 1495 1630 1522 1610 1557 1630 1575 1622 1597 1642 1617 1622 1695 1632 1727 1615 1745 1627 1767 1607 1800 1630 1832 1612 1857 1637 1880 1620 1912 1632 1972 1625 1987 1670 1975 1687 1940 1675 1865 1692 1837 1670 1767 1670 1685 1682 1650 1675 1615 1692 1592 1677 1565 1685 1520 1672 1470 1687 1432 1665 1412 1682 1382 1670 1345 1682 1330 1670 1172 1662"/></Shape>
	    <String CONTENT="بروز نخستین یکی بزمگاه13"
                    HPOS="1170"
                    VPOS="1597"
                    WIDTH="817"
                    HEIGHT="95"></String>
          </TextLine>
          
          
	  <TextLine ID="eSc_line_59520"
                    
                    BASELINE="257 1647 425 1655 562 1652 630 1660 1083 1660" 
                    HPOS="255"
                    VPOS="1600"
                    WIDTH="827"
                    HEIGHT="87">
            <Shape><Polygon POINTS="255 1645 257 1607 292 1617 310 1602 332 1620 360 1600 375 1602 397 1625 427 1615 442 1630 507 1630 550 1607 615 1615 635 1627 657 1612 695 1622 715 1605 740 1617 765 1605 790 1630 877 1632 907 1610 922 1610 945 1632 960 1617 987 1622 1017 1602 1040 1625 1072 1622 1082 1660 1065 1682 1027 1667 1000 1687 982 1687 947 1660 892 1672 765 1672 747 1685 725 1682 705 1660 685 1670 602 1672 555 1660 522 1687 500 1672 467 1682 450 1672 332 1675 257 1662"/></Shape>
	    <String CONTENT="بسازد شمارا دهد14 پیشگاه 15"
                    HPOS="255"
                    VPOS="1600"
                    WIDTH="827"
                    HEIGHT="87"></String>
          </TextLine>
          
          
	  <TextLine ID="eSc_line_59545"
                    
                    BASELINE="1160 1737 1235 1755 1991 1750" 
                    HPOS="1160"
                    VPOS="1687"
                    WIDTH="830"
                    HEIGHT="93">
            <Shape><Polygon POINTS="1160 1735 1165 1695 1207 1707 1227 1687 1260 1712 1315 1710 1327 1720 1355 1695 1392 1692 1452 1732 1492 1712 1530 1725 1560 1695 1587 1712 1620 1697 1640 1717 1675 1710 1685 1720 1717 1720 1747 1700 1767 1720 1817 1720 1847 1700 1880 1732 1917 1702 1940 1722 1977 1722 1990 1750 1967 1765 1870 1752 1822 1762 1805 1777 1762 1780 1742 1762 1712 1772 1667 1762 1610 1780 1570 1775 1550 1755 1530 1755 1507 1777 1467 1777 1445 1757 1427 1772 1397 1757 1375 1777 1355 1777 1332 1757 1310 1772 1290 1760 1270 1770 1237 1757 1205 1775 1162 1747"/></Shape>
	    <String CONTENT="سه خورشیدرخ‌را چو باغ  بهار16"
                    HPOS="1160"
                    VPOS="1687"
                    WIDTH="830"
                    HEIGHT="93"></String>
          </TextLine>
          
          
	  <TextLine ID="eSc_line_59523"
                    
                    BASELINE="262 1755 300 1752 327 1757 357 1750 385 1750 410 1755 1080 1755" 
                    HPOS="260"
                    VPOS="1687"
                    WIDTH="820"
                    HEIGHT="90">
            <Shape><Polygon POINTS="260 1755 262 1710 280 1692 310 1707 337 1687 367 1707 387 1700 410 1722 420 1712 450 1722 515 1687 537 1707 557 1697 602 1727 620 1712 647 1722 680 1702 725 1717 755 1712 770 1727 805 1692 842 1717 890 1707 910 1725 927 1707 952 1715 985 1692 1007 1715 1062 1712 1080 1755 1057 1772 995 1760 950 1772 912 1755 890 1775 865 1762 845 1772 815 1762 795 1777 762 1762 752 1772 725 1762 700 1775 647 1755 617 1775 595 1760 562 1772 547 1760 452 1755 422 1775 392 1755 292 1760 262 1775"/></Shape>
	    <String CONTENT="بیارد پر از بوی و رنگ و نگار"
                    HPOS="260"
                    VPOS="1687"
                    WIDTH="820"
                    HEIGHT="90"></String>
          </TextLine>
          
          
	  <TextLine ID="eSc_line_59546"
                    
                    BASELINE="1160 1847 1195 1842 1435 1832 1757 1845 1842 1840 1988 1840" 
                    HPOS="1160"
                    VPOS="1780"
                    WIDTH="827"
                    HEIGHT="87">
            <Shape><Polygon POINTS="1160 1845 1162 1810 1225 1800 1252 1807 1270 1792 1297 1807 1327 1792 1340 1805 1375 1780 1400 1797 1425 1790 1440 1805 1457 1787 1487 1787 1542 1812 1567 1787 1600 1807 1617 1790 1637 1790 1657 1810 1700 1782 1740 1812 1777 1802 1802 1812 1822 1800 1840 1812 1880 1785 1900 1805 1927 1795 1942 1810 1972 1795 1987 1840 1970 1852 1797 1852 1785 1865 1747 1855 1725 1867 1702 1855 1672 1860 1647 1840 1600 1855 1547 1855 1447 1835 1417 1850 1162 1857"/></Shape>
	    <String CONTENT="نشاند بران تخت17 شاهنشهی"
                    HPOS="1160"
                    VPOS="1780"
                    WIDTH="827"
                    HEIGHT="87"></String>
          </TextLine>
          
          
	  <TextLine ID="eSc_line_59516"
                    
                    BASELINE="260 1827 300 1842 360 1845 902 1842 927 1847 955 1840 1000 1837 1084 1840" 
                    HPOS="260"
                    VPOS="1777"
                    WIDTH="822"
                    HEIGHT="93">
            <Shape><Polygon POINTS="260 1825 262 1787 285 1787 312 1812 340 1797 385 1805 397 1817 415 1802 492 1805 525 1827 550 1805 595 1810 657 1777 692 1805 710 1790 740 1805 770 1795 792 1807 825 1805 847 1787 872 1805 922 1805 955 1787 977 1810 1005 1790 1027 1810 1062 1807 1082 1840 1042 1855 1002 1852 977 1837 892 1865 852 1850 765 1850 725 1870 677 1865 650 1842 620 1867 597 1852 540 1867 515 1845 417 1865 385 1845 315 1867 262 1842"/></Shape>
	    <String CONTENT="سه خورشیدرخ‌را چو سرو سهی18"
                    HPOS="260"
                    VPOS="1777"
                    WIDTH="822"
                    HEIGHT="93"></String>
          </TextLine>
          
          
	  <TextLine ID="eSc_line_59549"
                    
                    BASELINE="1152 1935 1290 1935 1315 1930 1450 1927 1680 1930 1710 1935 1942 1935 1985 1927" 
                    HPOS="1150"
                    VPOS="1870"
                    WIDTH="835"
                    HEIGHT="87">
            <Shape><Polygon POINTS="1150 1935 1160 1900 1200 1897 1232 1870 1247 1870 1270 1892 1300 1895 1327 1877 1347 1895 1422 1895 1445 1917 1472 1895 1542 1895 1560 1885 1592 1907 1627 1872 1680 1897 1757 1887 1782 1912 1837 1872 1875 1872 1902 1900 1970 1895 1985 1925 1965 1957 1937 1942 1912 1952 1832 1935 1810 1955 1790 1955 1770 1935 1742 1952 1710 1940 1635 1940 1602 1952 1582 1935 1492 1940 1475 1952 1435 1927 1415 1940 1357 1942 1310 1932 1287 1950 1257 1937 1202 1940 1185 1952 1152 1945"/></Shape>
	    <String CONTENT="ببالا و دیدار هر سه یکی"
                    HPOS="1150"
                    VPOS="1870"
                    WIDTH="835"
                    HEIGHT="87"></String>
          </TextLine>
          
          
	  <TextLine ID="eSc_line_59517"
                    
                    BASELINE="240 1905 310 1937 335 1930 595 1930 620 1920 675 1925 1020 1922 1064 1927" 
                    HPOS="240"
                    VPOS="1870"
                    WIDTH="822"
                    HEIGHT="90">
            <Shape><Polygon POINTS="240 1905 245 1885 270 1872 310 1905 337 1902 367 1880 417 1900 447 1875 485 1902 525 1875 550 1900 570 1892 585 1907 612 1887 640 1900 667 1882 682 1895 715 1870 767 1897 787 1880 812 1895 835 1877 857 1897 892 1887 910 1905 955 1872 972 1890 997 1877 1015 1895 1057 1875 1062 1925 1027 1942 967 1925 930 1957 892 1935 845 1940 810 1925 777 1945 712 1935 635 1947 587 1935 567 1955 522 1942 497 1960 462 1937 365 1940 305 1957 242 1927"/></Shape>
	    <String CONTENT="که از مه ندانند باز اندکی19"
                    HPOS="240"
                    VPOS="1870"
                    WIDTH="822"
                    HEIGHT="90"></String>
          </TextLine>
          
          
	  <TextLine ID="eSc_line_59543"
                    
                    BASELINE="1160 2027 1225 2022 1505 2025 1535 2020 1777 2020 1855 2015 2002 2022" 
                    HPOS="1160"
                    VPOS="1965"
                    WIDTH="840"
                    HEIGHT="85">
            <Shape><Polygon POINTS="1160 2025 1170 1982 1220 1985 1237 1970 1267 1985 1330 1977 1352 1997 1372 1977 1455 1982 1477 2005 1532 1972 1570 1985 1635 1965 1662 1985 1692 1972 1710 1990 1742 1987 1760 2005 1792 1980 1822 1992 1852 1967 1925 1965 1940 1977 1965 1965 1992 1992 2000 2020 1977 2020 1942 2050 1912 2037 1892 2042 1840 2017 1772 2047 1745 2032 1692 2032 1665 2020 1592 2037 1522 2027 1490 2042 1467 2027 1452 2042 1427 2032 1405 2050 1357 2022 1332 2045 1270 2027 1230 2047 1162 2040"/></Shape>
	    <String CONTENT="ازان20 هر سه کهتر بود پیش‌رو"
                    HPOS="1160"
                    VPOS="1965"
                    WIDTH="840"
                    HEIGHT="85"></String>
          </TextLine>
          
          
	  <TextLine ID="eSc_line_59509"
                    
                    BASELINE="250 2027 317 2020 380 2017 530 2020 560 2027 585 2022 942 2025 1082 2017" 
                    HPOS="250"
                    VPOS="1962"
                    WIDTH="830"
                    HEIGHT="85">
            <Shape><Polygon POINTS="250 2025 260 1985 292 1992 315 1970 342 1990 367 1965 400 1990 435 1985 460 1965 490 1975 532 1965 555 1987 610 1982 630 2002 650 1982 677 1977 705 2002 767 1980 800 1997 847 1962 900 1995 917 1977 1057 1977 1080 2015 1005 2040 987 2027 950 2032 927 2047 892 2032 872 2042 855 2027 822 2047 795 2032 780 2045 755 2035 725 2047 692 2022 645 2045 617 2025 570 2040 530 2030 497 2042 445 2017 415 2032 350 2032 337 2022 252 2045"/></Shape>
	    <String CONTENT="مهین باز پس در میان21 ماه نو"
                    HPOS="250"
                    VPOS="1962"
                    WIDTH="830"
                    HEIGHT="85"></String>
          </TextLine>
          
          
	  <TextLine ID="eSc_line_59548"
                    
                    BASELINE="1160 2107 1195 2115 1275 2115 1305 2110 1447 2110 1472 2115 1712 2115 1737 2110 1835 2107 1985 2110" 
                    HPOS="1160"
                    VPOS="2055"
                    WIDTH="825"
                    HEIGHT="82">
            <Shape><Polygon POINTS="1160 2107 1177 2077 1227 2067 1260 2092 1320 2062 1345 2075 1412 2067 1430 2082 1447 2065 1492 2062 1507 2077 1537 2057 1565 2085 1587 2065 1610 2077 1672 2077 1687 2067 1715 2077 1755 2055 1780 2077 1837 2060 1860 2077 1895 2077 1912 2062 1940 2077 1970 2062 1985 2110 1965 2122 1892 2122 1880 2132 1770 2110 1697 2130 1617 2120 1592 2137 1572 2135 1552 2115 1470 2130 1435 2110 1385 2117 1372 2130 1345 2120 1302 2120 1285 2132 1255 2125 1240 2137 1205 2120 1162 2130"/></Shape>
	    <String CONTENT="نشیند کهین نزد مهتر پسر"
                    HPOS="1160"
                    VPOS="2055"
                    WIDTH="825"
                    HEIGHT="82"></String>
          </TextLine>
          
          
	  <TextLine ID="eSc_line_59518"
                    
                    BASELINE="245 2117 310 2112 547 2115 655 2110 737 2115 930 2115 1077 2107" 
                    HPOS="245"
                    VPOS="2050"
                    WIDTH="830"
                    HEIGHT="90">
            <Shape><Polygon POINTS="245 2115 247 2092 267 2075 317 2077 357 2052 380 2062 405 2057 427 2080 445 2067 470 2080 522 2070 550 2077 580 2057 610 2077 630 2060 690 2072 712 2062 727 2075 752 2060 777 2085 817 2050 845 2075 867 2070 890 2092 917 2067 940 2077 1055 2070 1075 2105 1020 2130 987 2122 927 2140 890 2115 865 2132 827 2117 805 2137 785 2135 765 2115 695 2132 657 2112 600 2112 537 2132 517 2122 502 2132 475 2125 457 2140 432 2135 412 2115 367 2120 345 2137 320 2120 282 2137 250 2130"/></Shape>
	    <String CONTENT="مهین باز نزد22  کهین تاجور"
                    HPOS="245"
                    VPOS="2050"
                    WIDTH="830"
                    HEIGHT="90"></String>
          </TextLine>
          
          
	  <TextLine ID="eSc_line_59552"
                    
                    BASELINE="1060 2835 1100 2845 1183 2837" 
                    HPOS="1060"
                    VPOS="2790"
                    WIDTH="122"
                    HEIGHT="75">
            <Shape><Polygon POINTS="1060 2835 1062 2807 1102 2790 1150 2792 1182 2835 1162 2837 1142 2862 1102 2865 1065 2847"/></Shape>
	    <String CONTENT="۲۵۳"
                    HPOS="1060"
                    VPOS="2790"
                    WIDTH="122"
                    HEIGHT="75"></String>
          </TextLine>
          </TextBlock>
          
        </PrintSpace>
      </Page>
    </Layout>
  </alto>
