<?xml version="1.0" encoding="UTF-8"?>
<alto xmlns:xsi="http://www.w3.org/2001/XMLSchema-instance"
      xmlns="http://www.loc.gov/standards/alto/ns-v4#"
      xsi:schemaLocation="http://www.loc.gov/standards/alto/ns-v4# https://gitlab.inria.fr/scripta/escriptorium/-/raw/develop/app/escriptorium/static/alto-4-1-baselines.xsd">
  <Description>
    <MeasurementUnit>pixel</MeasurementUnit>
    <sourceImageInformation>
      <fileName>Ferdowsi_Moscow.pdf_000059.png</fileName>
    </sourceImageInformation>
  </Description>
  
  <Tags>
    <OtherTag ID="BT1" LABEL="Title" DESCRIPTION="block type Title"/><OtherTag ID="BT2" LABEL="Main" DESCRIPTION="block type Main"/><OtherTag ID="BT3" LABEL="Commentary" DESCRIPTION="block type Commentary"/><OtherTag ID="BT4" LABEL="Illustration" DESCRIPTION="block type Illustration"/>
    
  </Tags>
  
  <Layout>
    <Page WIDTH="2430"
          HEIGHT="3000"
          PHYSICAL_IMG_NR="25"
          ID="eSc_dummypage_">
      <PrintSpace HPOS="0"
                  VPOS="0"
                  WIDTH="2430"
                  HEIGHT="3000">
        
        <TextBlock ID="eSc_dummyblock_">
          
	  <TextLine ID="eSc_line_119886"
                    
                    BASELINE="1041 440 1215 427" 
                    HPOS="1040"
                    VPOS="390"
                    WIDTH="175"
                    HEIGHT="92">
            <Shape><Polygon POINTS="1040 440 1080 397 1105 390 1200 390 1215 425 1215 482 1047 482"/></Shape>
	    <String CONTENT="منوچهر"
                    HPOS="1040"
                    VPOS="390"
                    WIDTH="175"
                    HEIGHT="92"></String>
          </TextLine>
          
          
	  <TextLine ID="eSc_line_119887"
                    
                    BASELINE="1107 567 1195 567" 
                    HPOS="1105"
                    VPOS="512"
                    WIDTH="90"
                    HEIGHT="78">
            <Shape><Polygon POINTS="1105 565 1112 515 1162 512 1190 537 1195 565 1185 585 1122 590 1110 577"/></Shape>
	    <String CONTENT="۲۸"
                    HPOS="1105"
                    VPOS="512"
                    WIDTH="90"
                    HEIGHT="78"></String>
          </TextLine>
          
          
	  <TextLine ID="eSc_line_119888"
                    
                    BASELINE="1172 650 1277 647 1815 652 2001 649" 
                    HPOS="1170"
                    VPOS="590"
                    WIDTH="830"
                    HEIGHT="85">
            <Shape><Polygon POINTS="1170 650 1172 612 1197 597 1237 615 1270 595 1295 617 1332 600 1370 627 1387 612 1437 607 1447 617 1502 597 1540 615 1562 592 1590 592 1615 617 1652 615 1697 590 1755 627 1820 605 1912 615 1930 600 1960 612 1982 605 2000 647 1920 660 1900 675 1860 672 1845 660 1817 667 1805 657 1775 672 1747 657 1715 675 1667 650 1567 667 1447 655 1432 670 1405 660 1377 672 1350 650 1317 672 1300 672 1282 655 1202 662 1172 652"/></Shape>
	    <String CONTENT="منوچهر  را1 سال شد بر دو شست"
                    HPOS="1170"
                    VPOS="590"
                    WIDTH="830"
                    HEIGHT="85"></String>
          </TextLine>
          
          
	  <TextLine ID="eSc_line_119912"
                    
                    BASELINE="265 637 377 645 405 642 455 650 620 655 1097 650" 
                    HPOS="265"
                    VPOS="585"
                    WIDTH="830"
                    HEIGHT="95">
            <Shape><Polygon POINTS="265 635 270 592 300 602 310 595 342 612 417 605 435 620 455 602 475 612 542 585 590 625 635 587 660 612 682 607 702 625 780 610 810 615 825 602 860 622 910 615 925 600 1000 615 1022 592 1050 585 1087 612 1095 650 1067 675 1047 675 1030 657 987 667 935 657 872 672 852 655 720 672 695 655 680 670 632 660 615 672 582 657 552 675 532 660 487 657 462 680 430 665 370 667 267 647"/></Shape>
	    <String CONTENT="زگیتی همی بار رفتن ببست2"
                    HPOS="265"
                    VPOS="585"
                    WIDTH="830"
                    HEIGHT="95"></String>
          </TextLine>
          
          
	  <TextLine ID="eSc_line_119913"
                    
                    BASELINE="1170 730 1405 730 1495 737 1520 730 1595 730 1672 722 1912 722 1998 727" 
                    HPOS="1170"
                    VPOS="672"
                    WIDTH="827"
                    HEIGHT="83">
            <Shape><Polygon POINTS="1170 730 1172 700 1190 685 1217 697 1240 680 1285 697 1317 677 1345 702 1375 672 1417 697 1460 687 1472 695 1517 672 1552 697 1595 695 1617 672 1655 697 1675 697 1695 680 1722 697 1750 697 1782 677 1807 702 1877 672 1895 690 1925 682 1942 697 1982 695 1997 725 1977 740 1872 740 1855 752 1835 750 1807 725 1762 740 1525 737 1487 747 1475 737 1447 752 1425 740 1397 755 1352 752 1335 735 1172 735"/></Shape>
	    <String CONTENT="ستاره شناسان براو شدند"
                    HPOS="1170"
                    VPOS="672"
                    WIDTH="827"
                    HEIGHT="83"></String>
          </TextLine>
          
          
	  <TextLine ID="eSc_line_119908"
                    
                    BASELINE="277 725 442 722 495 727 852 727 942 735 972 732 997 737 1022 730 1095 730" 
                    HPOS="277"
                    VPOS="670"
                    WIDTH="818"
                    HEIGHT="90">
            <Shape><Polygon POINTS="277 725 282 677 305 692 320 685 332 695 357 682 415 695 445 675 470 695 502 695 540 670 560 690 590 682 617 697 655 670 695 705 747 672 782 697 837 697 860 675 887 675 905 692 930 687 945 702 1037 697 1065 685 1090 707 1095 730 912 757 882 740 752 737 715 747 695 727 670 740 530 737 487 750 425 730 387 760 360 742 280 732"/></Shape>
	    <String CONTENT="همی ز آسمان داستانها زدند3"
                    HPOS="277"
                    VPOS="670"
                    WIDTH="818"
                    HEIGHT="90"></String>
          </TextLine>
          
          
	  <TextLine ID="eSc_line_119914"
                    
                    BASELINE="1170 817 1267 812 1635 815 1747 812 1772 807 2007 807" 
                    HPOS="1170"
                    VPOS="752"
                    WIDTH="835"
                    HEIGHT="85">
            <Shape><Polygon POINTS="1170 815 1172 785 1207 752 1237 772 1257 767 1277 787 1307 762 1327 772 1352 767 1365 780 1417 780 1452 762 1472 780 1517 757 1545 787 1587 762 1600 775 1662 772 1682 792 1722 762 1740 777 1760 760 1797 765 1810 777 1887 765 1907 777 1940 777 1970 755 1990 755 2005 805 1985 832 1955 820 1887 817 1860 830 1842 820 1722 822 1695 812 1615 837 1550 837 1527 815 1300 830 1270 812 1240 832 1172 832"/></Shape>
	    <String CONTENT="[ندیدند روزش کشیدن دراز"
                    HPOS="1170"
                    VPOS="752"
                    WIDTH="835"
                    HEIGHT="85"></String>
          </TextLine>
          
          
	  <TextLine ID="eSc_line_119903"
                    
                    BASELINE="275 807 350 815 417 807 662 807 747 810 772 815 797 810 900 815 1060 815 1100 811" 
                    HPOS="275"
                    VPOS="747"
                    WIDTH="825"
                    HEIGHT="90">
            <Shape><Polygon POINTS="275 805 277 755 320 767 347 752 367 772 397 777 427 762 472 777 507 755 527 775 560 780 582 762 625 775 657 760 670 772 715 750 747 780 817 780 842 767 870 790 935 762 962 777 987 775 1025 747 1055 772 1075 767 1100 810 1060 837 1027 815 982 827 927 820 905 835 880 835 862 817 782 822 757 835 722 810 660 822 565 815 542 835 517 820 477 830 405 812 377 837 355 820 322 837 277 832"/></Shape>
	    <String CONTENT="ز گیتی همی گشت بایست باز4]"
                    HPOS="275"
                    VPOS="747"
                    WIDTH="825"
                    HEIGHT="90"></String>
          </TextLine>
          
          
	  <TextLine ID="eSc_line_119901"
                    
                    BASELINE="1182 890 1717 895 1925 887 2005 892" 
                    HPOS="1180"
                    VPOS="830"
                    WIDTH="825"
                    HEIGHT="92">
            <Shape><Polygon POINTS="1180 890 1182 862 1275 852 1330 860 1367 830 1412 852 1450 830 1477 850 1505 840 1532 867 1550 850 1612 857 1632 837 1700 832 1742 862 1767 845 1787 857 1820 857 1837 840 1857 845 1882 832 1935 860 1982 850 2005 890 1982 910 1955 900 1742 895 1705 917 1687 905 1615 895 1600 910 1550 922 1512 895 1430 920 1397 895 1387 905 1300 902 1287 915 1260 902 1182 915"/></Shape>
	    <String CONTENT="بدادند زان5 روز تلخ آگهی"
                    HPOS="1180"
                    VPOS="830"
                    WIDTH="825"
                    HEIGHT="92"></String>
          </TextLine>
          
          
	  <TextLine ID="eSc_line_119900"
                    
                    BASELINE="272 890 367 895 392 890 495 887 522 882 637 882 667 887 730 890 1087 885" 
                    HPOS="270"
                    VPOS="835"
                    WIDTH="815"
                    HEIGHT="77">
            <Shape><Polygon POINTS="270 890 272 860 315 857 330 845 357 855 372 840 402 857 422 842 445 857 480 835 505 850 527 837 550 857 567 840 617 842 635 855 657 837 680 852 695 837 735 860 755 840 782 835 852 860 900 837 925 860 992 842 1012 862 1030 845 1077 837 1085 885 1045 902 1017 890 1000 902 932 902 915 890 862 912 840 912 807 890 755 912 730 890 697 905 595 897 560 882 515 902 357 897 337 910 312 900 275 912"/></Shape>
	    <String CONTENT="که شد تیره آن تخت 6 شاهنشهی"
                    HPOS="270"
                    VPOS="835"
                    WIDTH="815"
                    HEIGHT="77"></String>
          </TextLine>
          
          
	  <TextLine ID="eSc_line_119904"
                    
                    BASELINE="1180 975 1310 975 1357 970 1712 970 1762 962 2007 969" 
                    HPOS="1180"
                    VPOS="907"
                    WIDTH="825"
                    HEIGHT="93">
            <Shape><Polygon POINTS="1180 975 1182 935 1215 915 1250 940 1305 932 1335 952 1357 935 1375 937 1405 910 1442 932 1485 925 1502 937 1532 930 1545 942 1570 927 1590 940 1630 940 1660 915 1675 915 1700 940 1717 927 1747 940 1767 922 1790 930 1817 907 1860 940 1880 922 1932 940 1955 917 1985 912 1997 922 2005 967 1942 982 1867 972 1845 995 1812 980 1767 980 1725 1000 1702 997 1680 975 1670 985 1547 980 1535 992 1505 980 1445 987 1412 977 1345 992 1322 975 1245 995 1215 982 1182 990"/></Shape>
	    <String CONTENT="گه رفتن آمد بدیگر سرای"
                    HPOS="1180"
                    VPOS="907"
                    WIDTH="825"
                    HEIGHT="93"></String>
          </TextLine>
          
          
	  <TextLine ID="eSc_line_119896"
                    
                    BASELINE="263 970 455 967 785 972 1095 965" 
                    HPOS="262"
                    VPOS="910"
                    WIDTH="833"
                    HEIGHT="85">
            <Shape><Polygon POINTS="262 970 265 935 307 912 335 932 367 937 392 917 490 935 522 912 552 930 572 920 590 937 635 942 680 915 717 935 737 927 755 942 795 937 812 920 857 932 882 927 897 940 932 925 962 950 1012 912 1035 910 1055 930 1075 932 1095 965 1060 980 995 980 977 992 940 977 880 995 812 970 785 992 755 982 730 995 692 980 675 992 637 980 612 995 597 980 547 967 505 992 477 977 420 985 387 967 357 995 322 977 265 982"/></Shape>
	    <String CONTENT="مگر نزد7 یزدان به آیدت8 جای"
                    HPOS="262"
                    VPOS="910"
                    WIDTH="833"
                    HEIGHT="85"></String>
          </TextLine>
          
          
	  <TextLine ID="eSc_line_119898"
                    
                    BASELINE="1180 1057 1247 1050 1377 1050 1402 1055 1427 1050 1555 1047 1952 1047 2001 1052" 
                    HPOS="1180"
                    VPOS="990"
                    WIDTH="820"
                    HEIGHT="90">
            <Shape><Polygon POINTS="1180 1055 1185 1010 1252 1012 1292 995 1327 1017 1360 1020 1385 1000 1440 1017 1455 1002 1480 1010 1502 997 1537 1020 1557 1007 1580 1017 1615 995 1637 1017 1665 1025 1687 1005 1760 1020 1787 995 1805 1007 1832 1002 1862 1027 1920 990 1947 1005 1987 1000 2000 1050 1982 1075 1945 1060 1857 1072 1840 1055 1795 1062 1772 1050 1742 1077 1675 1052 1640 1075 1625 1062 1582 1070 1512 1047 1500 1060 1445 1060 1425 1077 1360 1055 1220 1060 1182 1080"/></Shape>
	    <String CONTENT="[نگر تا چه باید کنون ساختن"
                    HPOS="1180"
                    VPOS="990"
                    WIDTH="820"
                    HEIGHT="90"></String>
          </TextLine>
          
          
	  <TextLine ID="eSc_line_119897"
                    
                    BASELINE="248 1042 512 1042 562 1050 1095 1050" 
                    HPOS="247"
                    VPOS="990"
                    WIDTH="848"
                    HEIGHT="87">
            <Shape><Polygon POINTS="247 1040 252 1012 275 995 352 1015 440 992 502 1007 525 995 580 1015 602 992 672 1017 715 990 747 1020 777 1010 805 1020 822 1002 852 1020 882 997 917 1017 932 1007 960 1017 985 995 1020 1017 1070 1002 1090 1022 1095 1050 1030 1070 1005 1060 962 1070 905 1050 830 1062 800 1050 732 1072 630 1050 597 1075 562 1075 500 1045 482 1060 360 1060 330 1077 300 1060 267 1075 250 1057"/></Shape>
	    <String CONTENT="نباید که مرگ آورد9 تاختن 10]"
                    HPOS="247"
                    VPOS="990"
                    WIDTH="848"
                    HEIGHT="87"></String>
          </TextLine>
          
          
	  <TextLine ID="eSc_line_119915"
                    
                    BASELINE="1172 1125 1637 1130 1690 1135 1877 1135 1994 1127" 
                    HPOS="1170"
                    VPOS="1075"
                    WIDTH="822"
                    HEIGHT="85">
            <Shape><Polygon POINTS="1170 1125 1175 1095 1202 1077 1227 1097 1257 1082 1282 1105 1305 1087 1362 1097 1380 1082 1402 1097 1420 1082 1487 1102 1505 1090 1555 1095 1567 1085 1590 1095 1615 1075 1662 1107 1687 1087 1705 1100 1725 1080 1755 1097 1817 1090 1842 1102 1855 1090 1880 1097 1912 1077 1932 1097 1977 1097 1992 1125 1957 1142 1887 1140 1857 1160 1830 1145 1802 1155 1787 1140 1755 1160 1705 1142 1665 1160 1645 1142 1492 1135 1472 1152 1445 1140 1332 1147 1277 1132 1267 1142 1172 1140"/></Shape>
	    <String CONTENT="سخن چون ز داننده بشنید شاه"
                    HPOS="1170"
                    VPOS="1075"
                    WIDTH="822"
                    HEIGHT="85"></String>
          </TextLine>
          
          
	  <TextLine ID="eSc_line_119905"
                    
                    BASELINE="265 1127 302 1122 357 1125 382 1130 472 1127 642 1135 1085 1135" 
                    HPOS="265"
                    VPOS="1070"
                    WIDTH="820"
                    HEIGHT="90">
            <Shape><Polygon POINTS="265 1125 267 1092 285 1077 315 1095 355 1072 380 1097 420 1085 457 1102 495 1072 522 1085 537 1070 570 1097 640 1092 652 1105 675 1082 730 1100 760 1075 775 1075 805 1102 845 1075 862 1075 902 1115 922 1097 1070 1092 1085 1135 1070 1152 1045 1142 1000 1152 972 1140 947 1142 927 1160 897 1135 792 1155 737 1142 715 1160 657 1135 637 1152 552 1140 505 1152 492 1140 407 1142 360 1127 342 1142 267 1137"/></Shape>
	    <String CONTENT="برسم دگرگون بیاراست گاه"
                    HPOS="265"
                    VPOS="1070"
                    WIDTH="820"
                    HEIGHT="90"></String>
          </TextLine>
          
          
	  <TextLine ID="eSc_line_119916"
                    
                    BASELINE="1182 1207 1307 1215 1577 1215 1685 1210 1945 1219 2017 1214" 
                    HPOS="1180"
                    VPOS="1152"
                    WIDTH="835"
                    HEIGHT="88">
            <Shape><Polygon POINTS="1180 1205 1187 1167 1215 1177 1250 1152 1292 1182 1315 1160 1357 1180 1392 1175 1422 1152 1465 1190 1517 1155 1590 1190 1617 1172 1632 1185 1657 1162 1682 1157 1732 1180 1830 1170 1852 1187 1877 1165 1902 1182 1980 1167 1997 1180 2007 1172 2015 1212 1887 1227 1845 1215 1777 1237 1737 1222 1652 1232 1637 1217 1617 1235 1585 1222 1565 1235 1530 1222 1487 1232 1467 1215 1430 1235 1402 1215 1385 1232 1315 1222 1265 1240 1242 1222 1182 1220"/></Shape>
	    <String CONTENT="همه موبدان و ردان را بخواند"
                    HPOS="1180"
                    VPOS="1152"
                    WIDTH="835"
                    HEIGHT="88"></String>
          </TextLine>
          
          
	  <TextLine ID="eSc_line_119891"
                    
                    BASELINE="270 1202 380 1215 982 1215 1012 1210 1082 1210" 
                    HPOS="270"
                    VPOS="1152"
                    WIDTH="812"
                    HEIGHT="88">
            <Shape><Polygon POINTS="270 1202 277 1165 300 1172 325 1152 365 1180 402 1172 415 1182 460 1157 490 1175 512 1162 540 1180 575 1155 607 1187 630 1165 660 1180 717 1170 742 1180 765 1157 802 1167 827 1155 867 1192 912 1155 952 1182 975 1162 997 1177 1065 1170 1082 1210 1065 1222 1012 1225 960 1215 935 1235 910 1230 892 1240 855 1215 812 1230 785 1215 747 1215 725 1235 650 1222 612 1240 582 1217 562 1232 532 1222 435 1232 417 1220 402 1235 375 1222 342 1235 327 1222 272 1220"/></Shape>
	    <String CONTENT="همه راز دل11 پیش ایشان براند"
                    HPOS="270"
                    VPOS="1152"
                    WIDTH="812"
                    HEIGHT="88"></String>
          </TextLine>
          
          
	  <TextLine ID="eSc_line_119917"
                    
                    BASELINE="1160 1300 1197 1287 1240 1295 1997 1295" 
                    HPOS="1160"
                    VPOS="1232"
                    WIDTH="835"
                    HEIGHT="88">
            <Shape><Polygon POINTS="1160 1300 1162 1247 1175 1237 1197 1237 1220 1257 1237 1240 1265 1257 1332 1250 1355 1270 1385 1242 1445 1257 1477 1235 1517 1262 1550 1232 1595 1260 1625 1242 1650 1257 1672 1235 1702 1252 1730 1240 1752 1260 1767 1247 1815 1260 1850 1250 1902 1260 1932 1237 1955 1260 1985 1257 1995 1295 1977 1315 1920 1300 1872 1315 1822 1302 1802 1317 1755 1295 1642 1295 1600 1302 1582 1317 1550 1305 1520 1315 1495 1295 1482 1305 1405 1300 1370 1320 1345 1305 1325 1317 1265 1300 1212 1317 1177 1292"/></Shape>
	    <String CONTENT="بفرمود تا نوذر آمدش پیش12"
                    HPOS="1160"
                    VPOS="1232"
                    WIDTH="835"
                    HEIGHT="88"></String>
          </TextLine>
          
          
	  <TextLine ID="eSc_line_119894"
                    
                    BASELINE="252 1292 290 1300 340 1292 967 1292 1020 1300 1085 1300" 
                    HPOS="252"
                    VPOS="1232"
                    WIDTH="833"
                    HEIGHT="88">
            <Shape><Polygon POINTS="252 1292 255 1270 290 1242 320 1257 427 1260 462 1250 480 1262 532 1235 585 1260 630 1235 652 1257 672 1247 690 1262 737 1235 772 1262 810 1235 832 1257 890 1247 905 1260 935 1245 957 1260 970 1250 990 1255 1020 1232 1077 1265 1085 1300 1060 1317 1022 1315 1000 1297 967 1317 955 1305 807 1302 792 1292 755 1302 692 1295 667 1317 647 1317 627 1297 547 1300 527 1317 502 1315 482 1295 462 1312 437 1302 310 1300 275 1320 255 1307"/></Shape>
	    <String CONTENT="ورا پندها داد ز اندازه بیش"
                    HPOS="252"
                    VPOS="1232"
                    WIDTH="833"
                    HEIGHT="88"></String>
          </TextLine>
          
          
	  <TextLine ID="eSc_line_119918"
                    
                    BASELINE="1182 1375 1292 1370 1452 1370 1477 1375 1595 1367 1862 1375 1887 1370 1992 1365" 
                    HPOS="1182"
                    VPOS="1310"
                    WIDTH="810"
                    HEIGHT="92">
            <Shape><Polygon POINTS="1182 1375 1185 1327 1200 1315 1245 1347 1257 1337 1280 1345 1307 1325 1340 1337 1385 1325 1415 1337 1442 1310 1482 1342 1520 1340 1572 1317 1585 1330 1607 1320 1637 1347 1675 1322 1700 1337 1720 1317 1745 1332 1772 1317 1802 1342 1817 1330 1852 1337 1875 1315 1905 1332 1922 1322 1940 1337 1980 1320 1992 1365 1962 1382 1925 1385 1897 1370 1875 1390 1847 1385 1820 1402 1782 1377 1710 1385 1645 1370 1620 1382 1522 1382 1507 1395 1482 1395 1465 1377 1417 1382 1395 1400 1365 1382 1292 1375 1260 1397 1237 1385 1225 1395 1185 1382"/></Shape>
	    <String CONTENT="که این تخت شاهی فسونست و باد"
                    HPOS="1182"
                    VPOS="1310"
                    WIDTH="810"
                    HEIGHT="92"></String>
          </TextLine>
          
          
	  <TextLine ID="eSc_line_119892"
                    
                    BASELINE="260 1365 475 1370 500 1377 560 1372 1073 1372" 
                    HPOS="260"
                    VPOS="1315"
                    WIDTH="812"
                    HEIGHT="82">
            <Shape><Polygon POINTS="260 1365 262 1332 292 1317 322 1340 342 1330 370 1342 400 1325 422 1347 455 1327 475 1342 505 1320 520 1320 542 1342 582 1342 605 1325 630 1342 667 1317 705 1347 752 1315 790 1332 822 1315 855 1342 915 1342 937 1320 967 1320 1000 1342 1065 1332 1072 1370 1062 1395 1030 1382 990 1397 932 1370 905 1397 875 1382 822 1382 792 1397 760 1380 735 1392 705 1370 657 1390 620 1377 560 1395 542 1385 490 1392 420 1370 402 1385 352 1392 262 1380"/></Shape>
	    <String CONTENT="برو13 جاودان دل نباید نهاد"
                    HPOS="260"
                    VPOS="1315"
                    WIDTH="812"
                    HEIGHT="82"></String>
          </TextLine>
          
          
	  <TextLine ID="eSc_line_119919"
                    
                    BASELINE="1180 1455 1425 1455 1450 1450 1530 1450 1590 1455 1935 1455 1995 1447" 
                    HPOS="1180"
                    VPOS="1387"
                    WIDTH="815"
                    HEIGHT="90">
            <Shape><Polygon POINTS="1180 1455 1182 1402 1207 1395 1245 1417 1280 1387 1325 1420 1362 1427 1400 1407 1415 1420 1447 1402 1465 1417 1485 1400 1515 1400 1562 1417 1642 1412 1662 1430 1675 1417 1702 1427 1727 1407 1755 1422 1790 1407 1812 1420 1877 1417 1905 1392 1935 1420 1982 1415 1995 1447 1930 1475 1892 1455 1870 1475 1842 1462 1802 1475 1785 1462 1705 1457 1670 1477 1655 1465 1642 1475 1592 1472 1477 1450 1452 1465 1360 1455 1345 1465 1205 1462 1182 1472"/></Shape>
	    <String CONTENT="مرا برصد و بیست14 شد سالیان"
                    HPOS="1180"
                    VPOS="1387"
                    WIDTH="815"
                    HEIGHT="90"></String>
          </TextLine>
          
          
	  <TextLine ID="eSc_line_119893"
                    
                    BASELINE="267 1455 847 1452 890 1457 990 1452 1085 1457" 
                    HPOS="265"
                    VPOS="1392"
                    WIDTH="820"
                    HEIGHT="93">
            <Shape><Polygon POINTS="265 1455 267 1402 295 1392 330 1417 400 1410 417 1425 497 1407 512 1420 587 1415 602 1427 650 1422 672 1405 702 1417 720 1400 755 1420 790 1415 810 1432 827 1420 845 1430 870 1412 922 1425 950 1405 995 1422 1062 1412 1085 1455 1062 1475 1037 1462 1000 1462 985 1475 927 1465 885 1485 847 1470 822 1482 802 1467 780 1477 730 1460 652 1462 630 1475 600 1462 587 1475 475 1462 432 1485 405 1457 267 1467"/></Shape>
	    <String CONTENT="برنج و بسختی ببستم میان"
                    HPOS="265"
                    VPOS="1392"
                    WIDTH="820"
                    HEIGHT="93"></String>
          </TextLine>
          
          
	  <TextLine ID="eSc_line_119920"
                    
                    BASELINE="1170 1527 1207 1535 1955 1532 2008 1533" 
                    HPOS="1170"
                    VPOS="1475"
                    WIDTH="837"
                    HEIGHT="87">
            <Shape><Polygon POINTS="1170 1525 1175 1497 1215 1487 1262 1502 1295 1475 1350 1512 1392 1477 1435 1515 1475 1480 1517 1505 1565 1502 1605 1480 1627 1502 1647 1497 1662 1507 1695 1485 1745 1475 1772 1502 1820 1505 1855 1485 1885 1515 1897 1505 1977 1497 2007 1532 1975 1557 1942 1545 1912 1560 1877 1535 1825 1547 1665 1542 1630 1557 1605 1532 1587 1547 1477 1545 1460 1562 1425 1537 1385 1552 1352 1535 1322 1557 1292 1542 1200 1542 1172 1562"/></Shape>
	    <String CONTENT="بسی شادی و کام دل راندم"
                    HPOS="1170"
                    VPOS="1475"
                    WIDTH="837"
                    HEIGHT="87"></String>
          </TextLine>
          
          
	  <TextLine ID="eSc_line_119889"
                    
                    BASELINE="252 1525 345 1522 372 1530 465 1530 500 1537 532 1532 897 1532 945 1542 1081 1545" 
                    HPOS="250"
                    VPOS="1475"
                    WIDTH="830"
                    HEIGHT="87">
            <Shape><Polygon POINTS="250 1525 255 1487 275 1477 305 1495 347 1490 360 1502 395 1475 427 1500 455 1492 467 1505 515 1475 547 1495 567 1482 590 1500 635 1500 665 1482 712 1510 740 1485 785 1505 817 1492 860 1505 920 1477 942 1500 985 1490 1027 1502 1057 1495 1075 1512 1080 1545 1065 1555 1027 1545 952 1562 920 1540 817 1545 795 1560 762 1560 732 1552 710 1530 692 1545 522 1540 507 1550 462 1532 422 1545 322 1542 297 1560 252 1525"/></Shape>
	    <String CONTENT="برزم اندرون دشمنان ماندم15"
                    HPOS="250"
                    VPOS="1475"
                    WIDTH="830"
                    HEIGHT="87"></String>
          </TextLine>
          
          
	  <TextLine ID="eSc_line_119924"
                    
                    BASELINE="1160 1617 1202 1612 2005 1615" 
                    HPOS="1160"
                    VPOS="1552"
                    WIDTH="845"
                    HEIGHT="93">
            <Shape><Polygon POINTS="1160 1617 1162 1590 1187 1565 1210 1560 1242 1582 1290 1585 1312 1575 1332 1592 1342 1582 1372 1585 1390 1570 1425 1582 1512 1585 1535 1565 1572 1580 1597 1570 1617 1582 1660 1572 1732 1582 1762 1552 1795 1572 1820 1565 1837 1582 1875 1582 1897 1560 1930 1582 1985 1575 2005 1615 1982 1637 1905 1622 1810 1637 1785 1617 1707 1625 1687 1637 1642 1625 1587 1625 1560 1640 1515 1627 1497 1640 1472 1627 1367 1627 1345 1645 1320 1622 1185 1637 1162 1620"/></Shape>
	    <String CONTENT="بفرّ فریدون ببستم میان"
                    HPOS="1160"
                    VPOS="1552"
                    WIDTH="845"
                    HEIGHT="93"></String>
          </TextLine>
          
          
	  <TextLine ID="eSc_line_119890"
                    
                    BASELINE="251 1600 357 1610 387 1610 445 1602 482 1610 637 1610 680 1615 1089 1615" 
                    HPOS="250"
                    VPOS="1555"
                    WIDTH="837"
                    HEIGHT="87">
            <Shape><Polygon POINTS="250 1600 252 1570 265 1560 320 1565 345 1555 360 1572 415 1572 432 1557 457 1557 480 1580 527 1567 552 1585 580 1567 602 1577 630 1565 655 1590 680 1570 702 1582 777 1587 810 1557 837 1580 880 1572 905 1592 935 1567 992 1577 1042 1562 1080 1580 1087 1615 1067 1635 1045 1637 1027 1622 957 1622 927 1642 890 1617 825 1640 780 1615 695 1642 660 1615 627 1627 570 1622 552 1610 487 1632 425 1612 400 1637 347 1620 312 1635 252 1605"/></Shape>
	    <String CONTENT="بپندش مرا سود شد هر16 زیان17"
                    HPOS="250"
                    VPOS="1555"
                    WIDTH="837"
                    HEIGHT="87"></String>
          </TextLine>
          
          
	  <TextLine ID="eSc_line_119925"
                    
                    BASELINE="1160 1687 1195 1695 1317 1692 1420 1702 1575 1702 1657 1707 1700 1695 1760 1692 1940 1692 1991 1697" 
                    HPOS="1160"
                    VPOS="1632"
                    WIDTH="830"
                    HEIGHT="93">
            <Shape><Polygon POINTS="1160 1685 1167 1657 1187 1660 1220 1632 1260 1662 1297 1647 1320 1665 1362 1662 1380 1680 1402 1660 1467 1665 1495 1642 1535 1667 1565 1652 1602 1670 1650 1632 1682 1665 1742 1662 1752 1672 1770 1655 1800 1670 1860 1647 1885 1660 1907 1650 1940 1662 1975 1657 1990 1695 1972 1717 1945 1705 1835 1705 1812 1722 1790 1712 1772 1725 1737 1707 1642 1707 1627 1722 1600 1707 1540 1722 1515 1700 1447 1707 1422 1725 1387 1720 1367 1702 1262 1705 1237 1717 1215 1702 1175 1705 1162 1695"/></Shape>
	    <String CONTENT="بجستم ز سلم وز تور سترگ"
                    HPOS="1160"
                    VPOS="1632"
                    WIDTH="830"
                    HEIGHT="93"></String>
          </TextLine>
          
          
	  <TextLine ID="eSc_line_119899"
                    
                    BASELINE="252 1685 290 1682 317 1690 372 1695 495 1695 537 1690 562 1697 672 1702 1088 1690" 
                    HPOS="250"
                    VPOS="1632"
                    WIDTH="837"
                    HEIGHT="93">
            <Shape><Polygon POINTS="250 1685 260 1640 290 1637 312 1660 352 1632 382 1657 395 1645 420 1660 452 1652 467 1665 522 1637 545 1660 590 1660 615 1645 637 1667 657 1652 690 1665 727 1662 765 1635 797 1667 810 1655 845 1665 907 1640 935 1655 980 1637 1005 1662 1060 1652 1087 1690 1067 1705 977 1707 957 1717 912 1695 822 1725 802 1722 777 1697 757 1712 720 1705 662 1725 632 1700 567 1712 520 1702 485 1712 470 1700 455 1715 417 1702 402 1715 360 1717 342 1702 312 1705 255 1685"/></Shape>
	    <String CONTENT="همان کین ایرج نیای بزرگ18"
                    HPOS="250"
                    VPOS="1632"
                    WIDTH="837"
                    HEIGHT="93"></String>
          </TextLine>
          
          
	  <TextLine ID="eSc_line_119926"
                    
                    BASELINE="1160 1777 1195 1772 1942 1772 1999 1777" 
                    HPOS="1160"
                    VPOS="1717"
                    WIDTH="837"
                    HEIGHT="85">
            <Shape><Polygon POINTS="1160 1775 1162 1730 1177 1717 1207 1740 1250 1740 1280 1722 1300 1742 1340 1742 1370 1727 1390 1742 1415 1732 1432 1747 1450 1732 1480 1747 1522 1730 1542 1745 1575 1742 1602 1722 1632 1735 1665 1720 1690 1735 1725 1727 1740 1742 1767 1732 1800 1747 1825 1725 1860 1720 1882 1742 1960 1737 1997 1775 1962 1800 1937 1787 1897 1795 1882 1785 1835 1795 1805 1785 1775 1800 1742 1785 1700 1797 1670 1775 1617 1770 1600 1785 1545 1797 1512 1785 1495 1802 1472 1790 1452 1802 1407 1800 1390 1785 1275 1785 1242 1797 1227 1785 1175 1785 1165 1775"/></Shape>
	    <String CONTENT="جهان ویژه19 کردم ز پتیارها"
                    HPOS="1160"
                    VPOS="1717"
                    WIDTH="837"
                    HEIGHT="85"></String>
          </TextLine>
          
          
	  <TextLine ID="eSc_line_119895"
                    
                    BASELINE="262 1760 410 1775 817 1772 865 1780 897 1772 957 1770 1000 1780 1083 1782" 
                    HPOS="260"
                    VPOS="1715"
                    WIDTH="822"
                    HEIGHT="87">
            <Shape><Polygon POINTS="260 1760 262 1717 302 1715 335 1740 352 1725 375 1735 407 1715 432 1740 452 1732 472 1747 550 1735 570 1752 607 1732 635 1745 697 1745 730 1722 772 1755 790 1742 852 1742 867 1732 925 1742 957 1725 982 1750 1065 1735 1082 1780 1060 1797 1040 1785 997 1797 970 1780 890 1785 880 1795 805 1785 790 1800 740 1772 722 1787 677 1785 647 1797 607 1785 580 1802 565 1787 542 1797 520 1785 487 1797 465 1782 450 1795 425 1782 370 1795 352 1780 325 1785 262 1770"/></Shape>
	    <String CONTENT="بسی شهر کردم بسی بارها20"
                    HPOS="260"
                    VPOS="1715"
                    WIDTH="822"
                    HEIGHT="87"></String>
          </TextLine>
          
          
	  <TextLine ID="eSc_line_119927"
                    
                    BASELINE="1161 1855 1902 1852 1952 1857 1985 1845" 
                    HPOS="1160"
                    VPOS="1792"
                    WIDTH="825"
                    HEIGHT="93">
            <Shape><Polygon POINTS="1160 1855 1162 1817 1205 1797 1237 1817 1287 1815 1317 1832 1332 1817 1365 1812 1390 1822 1470 1810 1495 1835 1567 1815 1617 1822 1655 1792 1685 1817 1710 1810 1722 1822 1762 1805 1785 1827 1825 1827 1867 1802 1887 1820 1897 1810 1927 1822 1947 1812 1972 1820 1985 1845 1962 1880 1932 1865 1897 1865 1812 1870 1787 1882 1760 1855 1725 1870 1682 1852 1620 1865 1595 1882 1555 1867 1515 1882 1482 1857 1465 1870 1415 1875 1355 1867 1337 1885 1310 1865 1295 1880 1267 1865 1245 1877 1225 1865 1187 1875 1162 1867"/></Shape>
	    <String CONTENT="چنانم که گویی ندیدم جهان"
                    HPOS="1160"
                    VPOS="1792"
                    WIDTH="825"
                    HEIGHT="93"></String>
          </TextLine>
          
          
	  <TextLine ID="eSc_line_119902"
                    
                    BASELINE="266 1855 485 1855 547 1852 577 1847 632 1855 1045 1852 1085 1857" 
                    HPOS="265"
                    VPOS="1795"
                    WIDTH="820"
                    HEIGHT="82">
            <Shape><Polygon POINTS="265 1855 267 1802 292 1795 327 1820 375 1820 402 1805 427 1830 465 1812 492 1822 525 1797 552 1812 595 1802 637 1820 667 1800 697 1827 720 1807 782 1820 827 1800 860 1815 885 1797 925 1822 955 1797 982 1822 1020 1822 1052 1805 1085 1855 1055 1867 955 1865 940 1877 920 1877 895 1855 877 1867 727 1865 707 1855 607 1865 555 1850 535 1865 462 1865 445 1877 410 1857 347 1872 302 1860 267 1870"/></Shape>
	    <String CONTENT="شمار گذشته شد21 اندر نهان"
                    HPOS="265"
                    VPOS="1795"
                    WIDTH="820"
                    HEIGHT="82"></String>
          </TextLine>
          
          
	  <TextLine ID="eSc_line_119884"
                    
                    BASELINE="245 2312 420 2302 575 2310 610 2315 837 2312 887 2317 912 2310 1032 2310 1127 2315 1880 2310 1915 2315 1950 2302 1985 2307" 
                    HPOS="245"
                    VPOS="2250"
                    WIDTH="1740"
                    HEIGHT="92">
            <Shape><Polygon POINTS="245 2312 257 2272 292 2272 312 2257 332 2267 357 2255 392 2272 430 2272 445 2262 475 2267 492 2252 520 2275 552 2275 567 2262 595 2272 630 2250 670 2267 682 2257 707 2267 750 2257 775 2277 807 2270 822 2280 840 2267 862 2280 887 2265 920 2277 950 2265 972 2280 1015 2267 1035 2277 1060 2270 1082 2287 1122 2272 1147 2292 1165 2280 1207 2277 1225 2262 1255 2277 1290 2257 1320 2280 1337 2270 1360 2280 1380 2265 1407 2270 1440 2252 1482 2287 1525 2252 1552 2270 1585 2255 1612 2275 1640 2262 1655 2275 1685 2265 1705 2277 1725 2260 1760 2257 1787 2280 1825 2255 1855 2275 1880 2262 1902 2277 1970 2260 1985 2307 1912 2337 1877 2322 1702 2327 1582 2312 1505 2335 1475 2317 1455 2335 1425 2322 1372 2322 1340 2342 1292 2315 1167 2332 1147 2315 1107 2330 1077 2312 1055 2335 1032 2322 872 2317 840 2337 782 2320 750 2332 730 2317 647 2335 607 2330 590 2315 545 2330 442 2317 417 2335 370 2307 285 2325 247 2320"/></Shape>
	    <String CONTENT="تو ناساخته کار رفتن کنی * بدستت ز برکل (؟) نهفتن کنی"
                    HPOS="245"
                    VPOS="2250"
                    WIDTH="1740"
                    HEIGHT="92"></String>
          </TextLine>
          
          
	  <TextLine ID="eSc_line_119885"
                    
                    BASELINE="250 2645 285 2657 387 2660 430 2665 1032 2662 1120 2670 1310 2670 1335 2675 2008 2666" 
                    HPOS="250"
                    VPOS="2605"
                    WIDTH="1757"
                    HEIGHT="97">
            <Shape><Polygon POINTS="250 2645 255 2620 270 2612 300 2627 340 2615 357 2630 387 2620 402 2632 432 2620 482 2635 505 2617 552 2632 580 2607 602 2605 635 2632 657 2617 702 2632 752 2612 772 2630 802 2617 827 2637 875 2612 912 2622 937 2610 962 2632 987 2625 1010 2637 1050 2615 1080 2640 1110 2625 1140 2645 1172 2620 1215 2632 1242 2617 1265 2637 1290 2627 1310 2642 1327 2627 1392 2637 1427 2620 1475 2650 1532 2622 1560 2635 1592 2625 1617 2645 1655 2612 1715 2640 1785 2610 1820 2637 1852 2612 1887 2637 1922 2637 1955 2617 2007 2665 1977 2667 1907 2702 1862 2680 1745 2680 1710 2695 1682 2675 1642 2700 1602 2677 1552 2695 1525 2675 1500 2695 1467 2680 1435 2695 1400 2680 1340 2702 1297 2675 1250 2682 1140 2670 1102 2692 1065 2665 1037 2682 985 2690 910 2665 865 2690 825 2670 797 2682 637 2672 612 2690 565 2675 465 2677 442 2695 395 2672 255 2670"/></Shape>
	    <String CONTENT="تن اسانی از درد و رنج منست * کجا آب خاکست وگنج منست"
                    HPOS="250"
                    VPOS="2605"
                    WIDTH="1757"
                    HEIGHT="97"></String>
          </TextLine>
          
          
	  <TextLine ID="eSc_line_119935"
                    
                    BASELINE="1075 2847 1181 2847" 
                    HPOS="1075"
                    VPOS="2797"
                    WIDTH="105"
                    HEIGHT="73">
            <Shape><Polygon POINTS="1075 2845 1080 2797 1157 2800 1175 2817 1180 2845 1147 2870 1080 2867"/></Shape>
	    <String CONTENT="۲۴۷"
                    HPOS="1075"
                    VPOS="2797"
                    WIDTH="105"
                    HEIGHT="73"></String>
          </TextLine>
          </TextBlock>
          
        </PrintSpace>
      </Page>
    </Layout>
  </alto>
