<?xml version="1.0" encoding="UTF-8"?>
<alto xmlns:xsi="http://www.w3.org/2001/XMLSchema-instance"
      xmlns="http://www.loc.gov/standards/alto/ns-v4#"
      xsi:schemaLocation="http://www.loc.gov/standards/alto/ns-v4# https://gitlab.inria.fr/scripta/escriptorium/-/raw/develop/app/escriptorium/static/alto-4-1-baselines.xsd">
  <Description>
    <MeasurementUnit>pixel</MeasurementUnit>
    <sourceImageInformation>
      <fileName>Ferdowsi_Moscow.pdf_000049.png</fileName>
    </sourceImageInformation>
  </Description>
  
  <Tags>
    <OtherTag ID="BT1" LABEL="Title" DESCRIPTION="block type Title"/><OtherTag ID="BT2" LABEL="Main" DESCRIPTION="block type Main"/><OtherTag ID="BT3" LABEL="Commentary" DESCRIPTION="block type Commentary"/><OtherTag ID="BT4" LABEL="Illustration" DESCRIPTION="block type Illustration"/>
    
  </Tags>
  
  <Layout>
    <Page WIDTH="2430"
          HEIGHT="3000"
          PHYSICAL_IMG_NR="15"
          ID="eSc_dummypage_">
      <PrintSpace HPOS="0"
                  VPOS="0"
                  WIDTH="2430"
                  HEIGHT="3000">
        
        <TextBlock ID="eSc_dummyblock_">
          
	  <TextLine ID="eSc_line_59063"
                    
                    BASELINE="1030 457 1067 452 1185 447" 
                    HPOS="1030"
                    VPOS="392"
                    WIDTH="155"
                    HEIGHT="115">
            <Shape><Polygon POINTS="1030 457 1032 417 1070 395 1117 407 1130 392 1145 395 1177 420 1185 447 1177 507 1037 505"/></Shape>
	    <String CONTENT="ملحقات"
                    HPOS="1030"
                    VPOS="392"
                    WIDTH="155"
                    HEIGHT="115"></String>
          </TextLine>
          
          
	  <TextLine ID="eSc_line_59098"
                    
                    BASELINE="1152 577 1230 587 1385 580 1977 580" 
                    HPOS="1150"
                    VPOS="520"
                    WIDTH="825"
                    HEIGHT="85">
            <Shape><Polygon POINTS="1150 575 1152 545 1172 532 1195 545 1300 547 1322 527 1357 520 1377 537 1407 530 1427 545 1462 520 1485 540 1550 540 1577 527 1605 555 1620 542 1677 537 1702 557 1755 532 1825 542 1867 525 1890 547 1965 542 1975 580 1955 605 1927 590 1895 605 1867 580 1815 600 1790 590 1712 600 1697 590 1682 605 1650 590 1610 600 1587 580 1530 602 1480 580 1447 602 1420 590 1320 600 1305 587 1275 605 1250 590 1200 597 1152 587"/></Shape>
	    <String CONTENT="چو کهتر پسر نزد ایشان رسید"
                    HPOS="1150"
                    VPOS="520"
                    WIDTH="825"
                    HEIGHT="85"></String>
          </TextLine>
          
          
	  <TextLine ID="eSc_line_59097"
                    
                    BASELINE="240 575 320 582 862 580 922 585 1079 577" 
                    HPOS="240"
                    VPOS="517"
                    WIDTH="837"
                    HEIGHT="90">
            <Shape><Polygon POINTS="240 575 242 547 262 532 295 545 337 530 367 545 395 540 422 517 442 530 467 517 495 545 517 545 532 532 575 535 605 517 637 540 690 520 717 547 775 525 802 550 827 535 850 547 895 547 920 527 970 550 1005 547 1037 527 1077 575 955 607 922 592 882 602 812 592 795 580 670 597 622 580 590 605 557 587 462 590 437 602 407 580 380 602 362 590 307 600 242 585"/></Shape>
	    <String CONTENT="خروشید کان اژدهارا بدید"
                    HPOS="240"
                    VPOS="517"
                    WIDTH="837"
                    HEIGHT="90"></String>
          </TextLine>
          
          
	  <TextLine ID="eSc_line_59099"
                    
                    BASELINE="1162 655 1292 660 1322 665 1655 665 1827 657 1895 660 1920 665 1945 660 1987 660" 
                    HPOS="1162"
                    VPOS="602"
                    WIDTH="825"
                    HEIGHT="85">
            <Shape><Polygon POINTS="1162 655 1165 607 1210 627 1232 607 1265 625 1295 607 1317 627 1350 617 1380 627 1412 602 1435 622 1457 620 1480 642 1517 612 1547 627 1615 622 1632 637 1655 615 1687 627 1730 607 1750 627 1782 615 1800 630 1825 607 1847 617 1882 602 1910 630 1940 620 1975 627 1987 660 1967 685 1940 675 1922 687 1907 687 1882 662 1842 675 1722 662 1662 682 1630 672 1612 687 1550 670 1500 687 1472 665 1377 665 1345 685 1312 685 1270 660 1195 687 1165 670"/></Shape>
	    <String CONTENT="بدو گفت کز پیش ما دور1 شو2"
                    HPOS="1162"
                    VPOS="602"
                    WIDTH="825"
                    HEIGHT="85"></String>
          </TextLine>
          
          
	  <TextLine ID="eSc_line_59085"
                    
                    BASELINE="240 667 440 662 732 658 785 660 1079 660" 
                    HPOS="240"
                    VPOS="600"
                    WIDTH="837"
                    HEIGHT="90">
            <Shape><Polygon POINTS="240 665 242 637 260 622 317 630 342 615 365 635 390 610 417 602 465 630 497 630 530 607 560 637 595 602 637 627 672 605 695 627 735 620 757 632 777 630 797 610 827 620 857 610 892 632 927 600 957 615 972 610 992 627 1055 610 1070 625 1077 660 1020 680 915 670 882 687 840 660 775 690 720 670 687 682 662 660 607 685 562 660 495 682 465 672 405 682 372 662 292 682 245 680"/></Shape>
	    <String CONTENT="نهنگی3 تو بر4 راه شیران مرو"
                    HPOS="240"
                    VPOS="600"
                    WIDTH="837"
                    HEIGHT="90"></String>
          </TextLine>
          
          
	  <TextLine ID="eSc_line_59086"
                    
                    BASELINE="1160 752 1222 747 1250 740 1305 745 1530 742 1657 747 1687 740 1812 740 1915 745 1985 737" 
                    HPOS="1160"
                    VPOS="680"
                    WIDTH="825"
                    HEIGHT="90">
            <Shape><Polygon POINTS="1160 750 1162 717 1185 695 1242 710 1277 680 1312 707 1327 702 1347 717 1372 692 1400 707 1427 697 1452 710 1472 700 1517 707 1545 680 1580 687 1605 712 1637 685 1662 705 1695 690 1725 720 1762 685 1792 702 1817 692 1840 712 1857 695 1925 712 1947 687 1975 685 1985 735 1952 755 1900 765 1840 742 1825 752 1767 750 1750 767 1715 745 1670 757 1587 745 1577 755 1517 752 1492 762 1427 752 1412 767 1377 765 1352 747 1330 767 1287 750 1247 752 1225 770 1202 760 1165 765"/></Shape>
	    <String CONTENT="گرت نام شاه آفریدون بگوش"
                    HPOS="1160"
                    VPOS="680"
                    WIDTH="825"
                    HEIGHT="90"></String>
          </TextLine>
          
          
	  <TextLine ID="eSc_line_59091"
                    
                    BASELINE="252 750 315 747 340 742 1069 742" 
                    HPOS="250"
                    VPOS="680"
                    WIDTH="817"
                    HEIGHT="87">
            <Shape><Polygon POINTS="250 750 252 715 275 692 310 705 345 685 377 707 420 682 477 717 502 697 532 707 580 695 595 707 615 702 635 722 662 695 685 702 717 680 752 707 792 697 815 717 842 697 877 710 932 697 957 707 1057 705 1067 740 1042 765 1012 750 840 752 820 740 742 762 710 750 655 762 632 745 615 762 567 750 512 767 490 767 470 747 392 757 375 740 315 767 287 757 252 765"/></Shape>
	    <String CONTENT="رسیدست هرگز بدین سان مکوش"
                    HPOS="250"
                    VPOS="680"
                    WIDTH="817"
                    HEIGHT="87"></String>
          </TextLine>
          
          
	  <TextLine ID="eSc_line_59092"
                    
                    BASELINE="1164 817 1277 825 1327 820 1415 825 1900 825 1982 817" 
                    HPOS="1162"
                    VPOS="757"
                    WIDTH="818"
                    HEIGHT="93">
            <Shape><Polygon POINTS="1162 815 1165 772 1200 795 1270 782 1287 800 1320 775 1340 792 1375 782 1412 802 1472 777 1507 795 1605 790 1635 782 1655 762 1692 792 1715 777 1740 787 1757 770 1827 787 1865 757 1887 780 1905 772 1925 790 1972 770 1980 815 1937 835 1875 825 1767 842 1755 832 1670 825 1640 847 1605 832 1545 832 1525 850 1497 830 1417 845 1392 825 1327 837 1290 825 1262 850 1230 832 1202 850 1165 825"/></Shape>
	    <String CONTENT="که فرزند اوییم هر سه پسر5"
                    HPOS="1162"
                    VPOS="757"
                    WIDTH="818"
                    HEIGHT="93"></String>
          </TextLine>
          
          
	  <TextLine ID="eSc_line_59079"
                    
                    BASELINE="262 809 302 825 330 820 512 820 567 825 950 825 1071 817" 
                    HPOS="260"
                    VPOS="760"
                    WIDTH="810"
                    HEIGHT="90">
            <Shape><Polygon POINTS="260 807 262 770 305 790 340 765 375 790 425 762 457 790 477 790 497 770 532 792 625 780 652 807 712 762 735 777 757 762 787 785 807 777 847 790 892 760 922 790 945 772 972 790 1022 790 1045 777 1062 790 1070 815 1062 832 887 825 800 850 765 830 727 845 710 835 680 840 662 825 622 847 587 830 525 845 505 830 345 827 297 842 262 832"/></Shape>
	    <String CONTENT="همه  گرزداران  پرخاشخر6"
                    HPOS="260"
                    VPOS="760"
                    WIDTH="810"
                    HEIGHT="90"></String>
          </TextLine>
          
          
	  <TextLine ID="eSc_line_59080"
                    
                    BASELINE="1152 905 1990 905" 
                    HPOS="1150"
                    VPOS="845"
                    WIDTH="840"
                    HEIGHT="85">
            <Shape><Polygon POINTS="1150 905 1155 875 1190 855 1230 872 1265 872 1297 852 1330 880 1415 847 1440 870 1457 865 1475 877 1515 847 1560 885 1665 865 1695 880 1737 847 1780 882 1817 847 1865 880 1927 872 1965 845 1985 855 1990 905 1895 915 1875 927 1837 907 1802 927 1775 912 1742 927 1697 905 1672 927 1650 915 1575 927 1557 912 1517 927 1482 910 1462 925 1392 912 1337 930 1315 910 1197 927 1155 912"/></Shape>
	    <String CONTENT="گر از راه بی راه یکسو شوی"
                    HPOS="1150"
                    VPOS="845"
                    WIDTH="840"
                    HEIGHT="85"></String>
          </TextLine>
          
          
	  <TextLine ID="eSc_line_59088"
                    
                    BASELINE="253 905 990 902 1073 907" 
                    HPOS="252"
                    VPOS="842"
                    WIDTH="820"
                    HEIGHT="88">
            <Shape><Polygon POINTS="252 905 255 847 285 862 307 842 350 867 380 847 407 875 445 857 462 872 490 865 510 885 550 870 580 842 607 847 630 870 650 857 687 870 750 870 765 860 790 870 807 852 835 867 860 852 880 870 907 855 935 882 1020 845 1065 872 1072 905 1042 930 1012 907 935 927 912 907 880 917 827 902 760 922 747 912 645 912 622 902 527 927 505 915 477 927 457 912 412 905 357 910 337 925 275 925 255 905"/></Shape>
	    <String CONTENT="و گر نه نهمت افسر بد خوئی7"
                    HPOS="252"
                    VPOS="842"
                    WIDTH="820"
                    HEIGHT="88"></String>
          </TextLine>
          
          
	  <TextLine ID="eSc_line_59089"
                    
                    BASELINE="1160 977 1305 985 1965 985 1999 974" 
                    HPOS="1160"
                    VPOS="922"
                    WIDTH="837"
                    HEIGHT="88">
            <Shape><Polygon POINTS="1160 975 1165 932 1220 950 1247 940 1277 955 1300 947 1315 960 1345 940 1367 952 1407 952 1437 935 1460 950 1480 932 1510 950 1542 942 1560 957 1580 942 1632 942 1655 957 1685 930 1715 950 1755 922 1790 947 1817 932 1832 945 1875 940 1917 952 1972 922 1992 942 1997 972 1972 992 1942 992 1917 1007 1875 992 1825 1007 1772 985 1697 1010 1675 1010 1650 987 1630 1007 1600 992 1582 1005 1555 995 1527 1005 1515 992 1370 1002 1317 990 1280 1010 1262 995 1225 1005 1162 985"/></Shape>
	    <String CONTENT="فریدون فرخ چو بشنید و دید8"
                    HPOS="1160"
                    VPOS="922"
                    WIDTH="837"
                    HEIGHT="88"></String>
          </TextLine>
          
          
	  <TextLine ID="eSc_line_59082"
                    
                    BASELINE="245 977 315 985 927 982 977 987 1005 980 1072 980" 
                    HPOS="245"
                    VPOS="925"
                    WIDTH="827"
                    HEIGHT="85">
            <Shape><Polygon POINTS="245 977 247 952 267 940 292 950 340 937 365 950 400 925 420 945 442 930 472 957 500 937 525 950 555 930 587 960 605 945 635 960 660 937 712 947 737 927 792 955 830 955 857 927 892 952 905 942 935 955 970 952 997 937 1012 952 1052 945 1072 980 1047 995 962 997 940 1010 847 985 822 1007 642 985 617 1005 580 987 452 985 407 992 387 1010 345 992 310 1005 250 990"/></Shape>
	    <String CONTENT="هنرها بدانست و شد ناپدید"
                    HPOS="245"
                    VPOS="925"
                    WIDTH="827"
                    HEIGHT="85"></String>
          </TextLine>
          
          
	  <TextLine ID="eSc_line_59083"
                    
                    BASELINE="1150 1070 1285 1070 1315 1062 1993 1062" 
                    HPOS="1150"
                    VPOS="1002"
                    WIDTH="842"
                    HEIGHT="88">
            <Shape><Polygon POINTS="1150 1070 1152 1045 1195 1012 1220 1030 1297 1030 1317 1010 1352 1022 1370 1005 1405 1027 1452 1017 1467 1030 1487 1020 1510 1040 1540 1017 1575 1030 1610 1005 1637 1030 1705 1022 1725 1042 1745 1025 1775 1040 1807 1015 1840 1030 1877 1002 1915 1032 1972 1022 1992 1060 1975 1085 1947 1075 1882 1085 1867 1072 1812 1072 1785 1060 1747 1087 1720 1072 1695 1085 1680 1072 1642 1080 1607 1070 1527 1072 1515 1062 1487 1087 1460 1072 1422 1085 1342 1085 1315 1060 1285 1090 1222 1072 1187 1087 1152 1080"/></Shape>
	    <String CONTENT="برفت و بیامد پدروار9 پیش"
                    HPOS="1150"
                    VPOS="1002"
                    WIDTH="842"
                    HEIGHT="88"></String>
          </TextLine>
          
          
	  <TextLine ID="eSc_line_59076"
                    
                    BASELINE="262 1050 300 1070 392 1070 417 1077 452 1065 510 1067 540 1060 572 1065 1032 1065 1073 1053" 
                    HPOS="260"
                    VPOS="997"
                    WIDTH="812"
                    HEIGHT="95">
            <Shape><Polygon POINTS="260 1050 262 1010 280 1010 297 1027 327 1012 347 1030 405 1030 435 1010 470 1040 490 1020 547 1030 590 997 622 1022 637 1010 700 1020 722 1005 787 1032 815 1012 865 1030 915 1030 965 1005 985 1020 1005 1012 1020 1027 1035 1020 1060 1030 1072 1052 1047 1087 1017 1072 962 1072 947 1082 917 1072 900 1087 867 1075 840 1087 792 1067 745 1085 697 1085 660 1065 630 1065 610 1085 520 1075 490 1092 450 1070 410 1075 385 1092 342 1072 302 1090 262 1067"/></Shape>
	    <String CONTENT="چنان چون سزاید10 بآیین خویش11"
                    HPOS="260"
                    VPOS="997"
                    WIDTH="812"
                    HEIGHT="95"></String>
          </TextLine>
          
          
	  <TextLine ID="eSc_line_59101"
                    
                    BASELINE="1152 1137 1192 1132 1217 1137 1340 1140 1392 1145 1652 1142 1737 1150 1770 1157 1795 1152 1985 1142" 
                    HPOS="1150"
                    VPOS="1082"
                    WIDTH="835"
                    HEIGHT="90">
            <Shape><Polygon POINTS="1150 1135 1152 1097 1162 1090 1222 1095 1262 1112 1297 1110 1315 1092 1355 1097 1375 1082 1407 1082 1437 1110 1502 1105 1525 1125 1547 1107 1580 1107 1607 1085 1640 1085 1667 1110 1690 1102 1710 1122 1735 1107 1757 1127 1857 1087 1882 1107 1905 1085 1937 1112 1960 1090 1975 1090 1985 1140 1957 1167 1895 1145 1787 1172 1750 1157 1720 1172 1702 1157 1687 1165 1637 1150 1592 1162 1565 1157 1545 1170 1520 1157 1492 1172 1472 1155 1397 1150 1352 1165 1305 1140 1292 1152 1222 1155 1152 1137"/></Shape>
	    <String CONTENT="ابا کوس و بانای و پیلان12 مست13"
                    HPOS="1150"
                    VPOS="1082"
                    WIDTH="835"
                    HEIGHT="90"></String>
          </TextLine>
          
          
	  <TextLine ID="eSc_line_59081"
                    
                    BASELINE="250 1135 320 1147 350 1142 1075 1145" 
                    HPOS="250"
                    VPOS="1085"
                    WIDTH="825"
                    HEIGHT="90">
            <Shape><Polygon POINTS="250 1135 252 1107 280 1095 302 1110 402 1102 435 1132 520 1090 552 1112 595 1112 652 1085 675 1105 702 1085 735 1100 757 1085 800 1112 827 1115 862 1087 900 1112 942 1085 977 1112 1047 1100 1070 1120 1075 1145 947 1152 932 1162 870 1145 777 1175 737 1145 657 1155 637 1167 607 1167 590 1155 497 1155 447 1167 425 1142 402 1165 377 1152 252 1150"/></Shape>
	    <String CONTENT="همان گرزهٔ گاوپیکر بدست"
                    HPOS="250"
                    VPOS="1085"
                    WIDTH="825"
                    HEIGHT="90"></String>
          </TextLine>
          
          
	  <TextLine ID="eSc_line_59102"
                    
                    BASELINE="1152 1227 1222 1222 1332 1222 1385 1230 1460 1230 1510 1220 1587 1225 1900 1222 1997 1235" 
                    HPOS="1150"
                    VPOS="1160"
                    WIDTH="845"
                    HEIGHT="90">
            <Shape><Polygon POINTS="1150 1225 1152 1202 1190 1165 1220 1187 1250 1175 1287 1192 1320 1175 1337 1190 1375 1182 1392 1200 1460 1177 1492 1202 1562 1167 1575 1165 1597 1187 1617 1172 1642 1185 1677 1160 1707 1187 1755 1165 1787 1192 1805 1192 1837 1165 1852 1165 1875 1187 1900 1180 1912 1192 1972 1182 1987 1192 1995 1235 1967 1247 1950 1235 1860 1247 1835 1232 1722 1242 1685 1225 1670 1235 1552 1232 1507 1245 1482 1235 1465 1247 1440 1237 1402 1250 1387 1240 1357 1247 1345 1235 1235 1232 1210 1222 1180 1247 1152 1237"/></Shape>
	    <String CONTENT="بزرگان لشکر پس پشت او"
                    HPOS="1150"
                    VPOS="1160"
                    WIDTH="845"
                    HEIGHT="90"></String>
          </TextLine>
          
          
	  <TextLine ID="eSc_line_59087"
                    
                    BASELINE="250 1227 312 1222 1070 1225" 
                    HPOS="250"
                    VPOS="1167"
                    WIDTH="820"
                    HEIGHT="85">
            <Shape><Polygon POINTS="250 1225 252 1197 282 1167 312 1190 337 1177 365 1195 397 1177 430 1195 462 1182 490 1207 530 1180 562 1202 640 1167 675 1195 722 1185 747 1205 765 1187 792 1182 827 1195 865 1167 895 1187 947 1167 972 1192 987 1182 1010 1192 1047 1185 1062 1192 1070 1225 1050 1250 1022 1235 995 1245 937 1235 912 1245 880 1225 857 1240 765 1237 752 1227 715 1252 697 1237 635 1227 585 1235 567 1222 515 1247 472 1225 442 1237 357 1237 302 1222 277 1247 252 1247"/></Shape>
	    <String CONTENT="جهان آمده پاک در مشت او"
                    HPOS="250"
                    VPOS="1167"
                    WIDTH="820"
                    HEIGHT="85"></String>
          </TextLine>
          
          
	  <TextLine ID="eSc_line_59104"
                    
                    BASELINE="1172 1302 1830 1302 1922 1307 1950 1307 1986 1300" 
                    HPOS="1170"
                    VPOS="1242"
                    WIDTH="815"
                    HEIGHT="85">
            <Shape><Polygon POINTS="1170 1300 1180 1247 1212 1267 1237 1252 1265 1275 1297 1257 1367 1275 1387 1255 1420 1247 1452 1272 1487 1242 1522 1262 1547 1245 1570 1267 1587 1262 1600 1272 1665 1262 1685 1282 1715 1260 1742 1270 1757 1255 1810 1272 1860 1262 1882 1285 1902 1265 1937 1272 1960 1262 1977 1270 1985 1300 1967 1327 1940 1315 1892 1325 1872 1307 1822 1322 1797 1312 1700 1312 1690 1302 1665 1327 1637 1315 1592 1325 1577 1312 1537 1322 1505 1312 1382 1322 1367 1312 1347 1327 1287 1322 1262 1305 1172 1315"/></Shape>
	    <String CONTENT="چو دیدند پرمایگان روی شاه"
                    HPOS="1170"
                    VPOS="1242"
                    WIDTH="815"
                    HEIGHT="85"></String>
          </TextLine>
          
          
	  <TextLine ID="eSc_line_59072"
                    
                    BASELINE="260 1300 1025 1305 1077 1297" 
                    HPOS="260"
                    VPOS="1245"
                    WIDTH="815"
                    HEIGHT="87">
            <Shape><Polygon POINTS="260 1300 262 1262 275 1250 325 1282 352 1262 377 1275 400 1257 422 1270 440 1257 465 1265 485 1245 530 1272 587 1247 615 1275 682 1272 700 1255 780 1250 837 1282 902 1247 927 1272 1035 1272 1055 1262 1075 1295 1067 1320 1050 1327 1027 1315 850 1317 835 1305 790 1332 770 1322 740 1327 700 1307 672 1330 647 1317 607 1327 582 1305 512 1327 487 1315 327 1310 305 1330 262 1317"/></Shape>
	    <String CONTENT="پیاده دوان14 بر گرفتند راه"
                    HPOS="260"
                    VPOS="1245"
                    WIDTH="815"
                    HEIGHT="87"></String>
          </TextLine>
          
          
	  <TextLine ID="eSc_line_59105"
                    
                    BASELINE="1162 1395 1227 1395 1252 1390 1435 1382 1965 1385 1999 1374" 
                    HPOS="1160"
                    VPOS="1325"
                    WIDTH="837"
                    HEIGHT="85">
            <Shape><Polygon POINTS="1160 1395 1162 1365 1190 1352 1265 1352 1275 1342 1302 1360 1330 1340 1350 1347 1397 1327 1412 1327 1447 1357 1530 1327 1547 1342 1572 1332 1600 1360 1615 1347 1667 1345 1685 1362 1700 1347 1727 1357 1757 1337 1782 1350 1807 1335 1827 1350 1840 1337 1870 1342 1900 1325 1930 1352 1977 1345 1997 1372 1975 1405 1937 1395 1917 1407 1890 1395 1735 1390 1712 1407 1680 1397 1655 1407 1640 1395 1602 1405 1582 1392 1545 1397 1517 1387 1465 1395 1450 1382 1422 1397 1325 1397 1302 1387 1280 1407 1260 1395 1232 1410 1162 1405"/></Shape>
	    <String CONTENT="برفتند و بر خاک دادند بوس"
                    HPOS="1160"
                    VPOS="1325"
                    WIDTH="837"
                    HEIGHT="85"></String>
          </TextLine>
          
          
	  <TextLine ID="eSc_line_59073"
                    
                    BASELINE="252 1390 417 1395 512 1390 627 1390 680 1382 1079 1385" 
                    HPOS="250"
                    VPOS="1325"
                    WIDTH="827"
                    HEIGHT="90">
            <Shape><Polygon POINTS="250 1390 255 1367 277 1357 310 1355 347 1332 392 1357 430 1325 465 1325 492 1355 557 1345 575 1360 625 1330 655 1352 680 1345 710 1367 732 1350 762 1355 780 1345 797 1355 855 1345 867 1355 902 1330 930 1352 960 1345 1000 1355 1062 1327 1072 1335 1077 1385 977 1410 947 1392 800 1395 782 1410 755 1395 717 1405 700 1390 680 1410 650 1395 605 1405 572 1397 555 1412 527 1397 495 1407 482 1395 390 1395 367 1410 342 1395 317 1412 297 1405 280 1415 252 1407"/></Shape>
	    <String CONTENT="فرومانده بر جای پیلان و کوس"
                    HPOS="250"
                    VPOS="1325"
                    WIDTH="827"
                    HEIGHT="90"></String>
          </TextLine>
          
          
	  <TextLine ID="eSc_line_59106"
                    
                    BASELINE="1172 1462 1892 1462 1955 1475 1998 1470" 
                    HPOS="1170"
                    VPOS="1407"
                    WIDTH="827"
                    HEIGHT="83">
            <Shape><Polygon POINTS="1170 1460 1172 1415 1202 1407 1232 1427 1245 1415 1275 1427 1365 1407 1400 1432 1425 1415 1442 1430 1465 1425 1477 1435 1510 1430 1527 1412 1567 1420 1592 1407 1612 1427 1640 1412 1670 1440 1697 1415 1730 1407 1750 1427 1770 1412 1827 1432 1977 1427 1997 1470 1975 1487 1925 1475 1902 1490 1877 1477 1807 1472 1690 1482 1667 1460 1640 1475 1522 1465 1497 1487 1455 1487 1435 1472 1400 1475 1385 1487 1350 1472 1210 1472 1172 1482"/></Shape>
	    <String CONTENT="بپرسیدشان شاه15 و بنواختشان"
                    HPOS="1170"
                    VPOS="1407"
                    WIDTH="827"
                    HEIGHT="83"></String>
          </TextLine>
          
          
	  <TextLine ID="eSc_line_59093"
                    
                    BASELINE="270 1462 1081 1462" 
                    HPOS="270"
                    VPOS="1407"
                    WIDTH="810"
                    HEIGHT="88">
            <Shape><Polygon POINTS="270 1460 275 1417 292 1412 322 1430 352 1420 365 1432 460 1410 492 1435 515 1415 562 1420 577 1432 607 1407 645 1432 665 1412 700 1437 725 1427 747 1450 770 1432 830 1432 850 1415 905 1430 937 1410 977 1435 1017 1410 1045 1435 1072 1430 1080 1460 1062 1490 1005 1475 940 1477 917 1495 845 1467 822 1490 800 1480 752 1487 740 1477 710 1492 695 1480 647 1487 505 1465 487 1477 295 1477 275 1487"/></Shape>
	    <String CONTENT="باندازه16 بر پایگه17 ساختشان"
                    HPOS="270"
                    VPOS="1407"
                    WIDTH="810"
                    HEIGHT="88"></String>
          </TextLine>
          
          
	  <TextLine ID="eSc_line_59107"
                    
                    BASELINE="1180 1552 1220 1540 1245 1545 1892 1542 1920 1547 1950 1547 1977 1540 1999 1551" 
                    HPOS="1180"
                    VPOS="1482"
                    WIDTH="817"
                    HEIGHT="90">
            <Shape><Polygon POINTS="1180 1550 1182 1502 1197 1487 1232 1512 1252 1505 1270 1520 1292 1497 1327 1512 1355 1490 1390 1515 1425 1515 1460 1490 1507 1512 1547 1482 1580 1510 1617 1487 1647 1505 1685 1490 1710 1512 1732 1507 1750 1525 1777 1502 1810 1515 1837 1490 1860 1490 1887 1517 1965 1505 1990 1520 1997 1550 1965 1572 1937 1555 1892 1570 1867 1545 1852 1557 1765 1557 1750 1547 1722 1570 1702 1557 1635 1555 1615 1572 1592 1572 1562 1545 1490 1567 1457 1555 1365 1557 1342 1567 1275 1545 1250 1567 1210 1557 1182 1572"/></Shape>
	    <String CONTENT="چو آمد بکاخ گرانمایه باز"
                    HPOS="1180"
                    VPOS="1482"
                    WIDTH="817"
                    HEIGHT="90"></String>
          </TextLine>
          
          
	  <TextLine ID="eSc_line_59084"
                    
                    BASELINE="250 1532 282 1555 375 1555 430 1545 507 1542 622 1550 650 1542 717 1550 810 1550 835 1555 1079 1555" 
                    HPOS="250"
                    VPOS="1487"
                    WIDTH="827"
                    HEIGHT="88">
            <Shape><Polygon POINTS="250 1530 290 1487 335 1517 367 1505 390 1517 412 1495 437 1490 455 1507 495 1517 522 1492 545 1490 580 1525 635 1490 682 1515 727 1490 752 1515 840 1515 865 1540 915 1497 942 1520 1070 1505 1077 1555 1065 1567 1035 1557 1020 1570 997 1560 925 1560 905 1575 885 1575 862 1555 830 1575 800 1560 762 1567 727 1555 645 1557 605 1572 547 1545 530 1560 457 1560 417 1547 370 1567 340 1557 320 1570 252 1570"/></Shape>
	    <String CONTENT="بپیش جهانداور آمد18 براز"
                    HPOS="250"
                    VPOS="1487"
                    WIDTH="827"
                    HEIGHT="88"></String>
          </TextLine>
          
          
	  <TextLine ID="eSc_line_59109"
                    
                    BASELINE="1172 1627 1242 1627 1267 1622 1562 1622 1617 1630 1650 1622 1993 1622" 
                    HPOS="1170"
                    VPOS="1562"
                    WIDTH="822"
                    HEIGHT="88">
            <Shape><Polygon POINTS="1170 1625 1172 1587 1200 1567 1222 1585 1265 1567 1292 1595 1362 1572 1390 1600 1437 1587 1465 1597 1480 1582 1535 1592 1575 1572 1602 1600 1620 1582 1645 1592 1675 1582 1720 1590 1750 1562 1797 1580 1835 1570 1865 1597 1972 1582 1992 1620 1977 1635 1892 1635 1865 1650 1800 1620 1775 1637 1692 1645 1652 1635 1637 1650 1610 1650 1572 1622 1517 1645 1467 1627 1447 1647 1422 1635 1392 1645 1365 1620 1302 1647 1247 1632 1202 1635 1172 1650"/></Shape>
	    <String CONTENT="همی19 آفرین کرد بر کردگار"
                    HPOS="1170"
                    VPOS="1562"
                    WIDTH="822"
                    HEIGHT="88"></String>
          </TextLine>
          
          
	  <TextLine ID="eSc_line_59075"
                    
                    BASELINE="250 1635 400 1635 457 1632 510 1625 560 1637 615 1630 1077 1630" 
                    HPOS="250"
                    VPOS="1567"
                    WIDTH="827"
                    HEIGHT="88">
            <Shape><Polygon POINTS="250 1635 252 1610 292 1570 320 1587 347 1567 410 1592 485 1572 532 1595 557 1585 580 1605 597 1590 627 1605 692 1570 725 1592 750 1595 785 1575 812 1600 842 1582 862 1595 910 1582 940 1610 985 1582 1017 1595 1037 1577 1062 1575 1077 1630 990 1650 952 1650 932 1630 890 1650 815 1630 745 1645 627 1630 605 1650 485 1630 375 1655 340 1635 297 1637 280 1650 252 1642"/></Shape>
	    <String CONTENT="کزو دید نیک و بد20 روزگار"
                    HPOS="250"
                    VPOS="1567"
                    WIDTH="827"
                    HEIGHT="88"></String>
          </TextLine>
          
          
	  <TextLine ID="eSc_line_59110"
                    
                    BASELINE="1172 1702 1612 1702 1837 1715 1993 1715" 
                    HPOS="1170"
                    VPOS="1645"
                    WIDTH="822"
                    HEIGHT="90">
            <Shape><Polygon POINTS="1170 1700 1172 1672 1212 1650 1235 1665 1262 1655 1297 1675 1322 1652 1362 1647 1397 1675 1432 1652 1460 1665 1495 1645 1530 1672 1630 1652 1650 1672 1657 1665 1682 1677 1732 1667 1760 1692 1792 1672 1837 1677 1857 1665 1875 1675 1895 1655 1930 1650 1985 1677 1992 1715 1950 1732 1877 1717 1850 1732 1817 1717 1797 1735 1755 1710 1730 1732 1702 1715 1667 1727 1622 1715 1567 1715 1555 1725 1525 1715 1410 1717 1375 1727 1352 1707 1315 1702 1287 1730 1260 1715 1235 1732 1172 1715"/></Shape>
	    <String CONTENT="وزان پس جهاندیدگانرا21 بخواند"
                    HPOS="1170"
                    VPOS="1645"
                    WIDTH="822"
                    HEIGHT="90"></String>
          </TextLine>
          
          
	  <TextLine ID="eSc_line_59100"
                    
                    BASELINE="270 1705 1045 1702 1085 1707" 
                    HPOS="270"
                    VPOS="1647"
                    WIDTH="815"
                    HEIGHT="85">
            <Shape><Polygon POINTS="270 1705 272 1665 297 1667 322 1650 352 1667 380 1657 395 1672 422 1657 442 1677 507 1672 525 1655 570 1660 602 1650 620 1660 652 1647 672 1667 695 1650 720 1675 740 1677 775 1652 810 1677 850 1650 877 1665 905 1657 927 1677 950 1655 985 1677 1020 1662 1037 1677 1070 1672 1085 1707 1060 1732 1035 1720 925 1722 867 1705 807 1732 752 1720 700 1720 680 1732 655 1717 570 1727 520 1705 495 1730 470 1717 452 1727 422 1715 272 1717"/></Shape>
	    <String CONTENT="بتخت گرانمایگان22 بر نشاند"
                    HPOS="270"
                    VPOS="1647"
                    WIDTH="815"
                    HEIGHT="85"></String>
          </TextLine>
          
          
	  <TextLine ID="eSc_line_59111"
                    
                    BASELINE="1170 1790 1205 1795 1272 1782 1917 1782 1997 1790" 
                    HPOS="1170"
                    VPOS="1727"
                    WIDTH="825"
                    HEIGHT="88">
            <Shape><Polygon POINTS="1170 1790 1172 1752 1197 1740 1237 1745 1255 1760 1307 1730 1335 1752 1355 1740 1390 1745 1417 1727 1452 1752 1470 1735 1505 1727 1535 1755 1580 1732 1610 1747 1645 1737 1670 1755 1692 1732 1722 1747 1762 1727 1792 1757 1805 1745 1887 1755 1915 1737 1935 1755 1952 1742 1985 1755 1995 1790 1955 1812 1937 1797 1890 1795 1840 1797 1805 1815 1765 1780 1747 1795 1677 1797 1595 1780 1570 1797 1500 1795 1482 1805 1462 1802 1442 1782 1415 1810 1397 1812 1372 1795 1270 1805 1250 1785 1215 1812 1172 1815"/></Shape>
	    <String CONTENT="چنین گفت کان اژدهای دژم"
                    HPOS="1170"
                    VPOS="1727"
                    WIDTH="825"
                    HEIGHT="88"></String>
          </TextLine>
          
          
	  <TextLine ID="eSc_line_59090"
                    
                    BASELINE="250 1775 322 1785 470 1782 505 1790 560 1795 610 1787 637 1790 762 1782 1075 1782" 
                    HPOS="250"
                    VPOS="1730"
                    WIDTH="825"
                    HEIGHT="87">
            <Shape><Polygon POINTS="250 1775 252 1740 267 1732 292 1732 317 1750 345 1742 395 1757 412 1742 480 1752 517 1745 542 1762 585 1757 612 1740 645 1757 675 1755 695 1735 720 1730 745 1755 777 1742 795 1757 817 1757 842 1732 885 1757 905 1740 937 1755 962 1732 987 1752 1022 1755 1067 1737 1075 1782 1050 1800 1007 1807 962 1800 945 1785 872 1815 840 1800 752 1800 737 1785 672 1807 595 1797 570 1812 535 1800 522 1812 490 1797 437 1817 400 1792 380 1810 325 1797 300 1815 252 1782"/></Shape>
	    <String CONTENT="کجا خواست گیتی بسوزد بدم23"
                    HPOS="250"
                    VPOS="1730"
                    WIDTH="825"
                    HEIGHT="87"></String>
          </TextLine>
          
          
	  <TextLine ID="eSc_line_59112"
                    
                    BASELINE="1182 1872 1217 1877 1242 1870 1310 1870 1350 1860 1380 1865 1957 1862 1994 1867" 
                    HPOS="1180"
                    VPOS="1807"
                    WIDTH="812"
                    HEIGHT="88">
            <Shape><Polygon POINTS="1180 1870 1182 1837 1242 1825 1327 1837 1392 1812 1415 1835 1437 1835 1467 1817 1497 1845 1535 1807 1570 1835 1607 1820 1622 1835 1662 1830 1690 1845 1717 1820 1742 1832 1770 1812 1802 1835 1817 1822 1840 1832 1865 1827 1885 1847 1925 1825 1950 1835 1977 1827 1992 1865 1975 1892 1945 1877 1902 1890 1875 1877 1855 1890 1790 1862 1757 1880 1700 1865 1670 1895 1640 1877 1580 1875 1567 1865 1525 1892 1505 1890 1485 1870 1415 1880 1370 1865 1290 1890 1237 1875 1182 1892"/></Shape>
	    <String CONTENT="پدر بد که جست از شما مردمی"
                    HPOS="1180"
                    VPOS="1807"
                    WIDTH="812"
                    HEIGHT="88"></String>
          </TextLine>
          
          
	  <TextLine ID="eSc_line_59074"
                    
                    BASELINE="270 1857 305 1865 877 1862 902 1867 995 1870 1020 1875 1085 1870" 
                    HPOS="270"
                    VPOS="1810"
                    WIDTH="815"
                    HEIGHT="87">
            <Shape><Polygon POINTS="270 1857 272 1815 292 1815 315 1837 380 1817 402 1830 422 1815 450 1835 485 1810 507 1832 535 1837 555 1822 587 1827 650 1810 672 1832 692 1835 710 1820 742 1817 797 1837 815 1820 845 1815 870 1830 885 1820 905 1835 935 1820 952 1837 980 1830 992 1842 1060 1830 1077 1837 1085 1870 1052 1897 1032 1880 1002 1897 965 1892 952 1880 757 1880 710 1870 682 1892 540 1870 507 1890 462 1865 365 1895 345 1877 302 1890 272 1870"/></Shape>
	    <String CONTENT="چو بشناخت24 بر گشت، با خرّمی25"
                    HPOS="270"
                    VPOS="1810"
                    WIDTH="815"
                    HEIGHT="87"></String>
          </TextLine>
          
          
	  <TextLine ID="eSc_line_59113"
                    
                    BASELINE="1175 1950 1337 1942 1995 1942" 
                    HPOS="1175"
                    VPOS="1887"
                    WIDTH="820"
                    HEIGHT="88">
            <Shape><Polygon POINTS="1175 1950 1185 1902 1210 1912 1227 1897 1250 1907 1277 1897 1297 1917 1365 1912 1382 1900 1410 1912 1425 1900 1452 1907 1505 1890 1530 1915 1565 1912 1575 1922 1602 1895 1627 1887 1657 1910 1685 1900 1705 1917 1735 1890 1765 1910 1787 1897 1807 1917 1830 1897 1890 1917 1907 1900 1937 1915 1975 1895 1987 1902 1995 1942 1960 1960 1885 1960 1865 1972 1827 1967 1805 1947 1775 1960 1635 1955 1602 1965 1580 1945 1555 1957 1332 1957 1310 1975 1280 1952 1180 1967"/></Shape>
	    <String CONTENT="کنون نامتان ساختستیم نغز"
                    HPOS="1175"
                    VPOS="1887"
                    WIDTH="820"
                    HEIGHT="88"></String>
          </TextLine>
          
          
	  <TextLine ID="eSc_line_59071"
                    
                    BASELINE="262 1932 310 1947 342 1942 480 1942 547 1947 870 1955 1082 1947" 
                    HPOS="260"
                    VPOS="1892"
                    WIDTH="820"
                    HEIGHT="85">
            <Shape><Polygon POINTS="260 1930 265 1900 295 1895 310 1907 350 1897 385 1920 430 1902 450 1917 485 1917 525 1895 560 1915 615 1910 630 1920 657 1905 675 1917 710 1895 750 1920 782 1910 797 1922 832 1900 872 1920 907 1910 925 1922 945 1902 982 1892 997 1907 1007 1897 1035 1912 1075 1915 1080 1945 1060 1972 1032 1957 977 1957 962 1970 922 1957 897 1977 875 1962 840 1975 797 1957 780 1972 717 1960 682 1972 627 1955 607 1970 562 1970 517 1952 462 1972 447 1960 415 1970 380 1947 312 1972 262 1952"/></Shape>
	    <String CONTENT="چنان چون بباید بپاکیزه مغز26"
                    HPOS="260"
                    VPOS="1892"
                    WIDTH="820"
                    HEIGHT="85"></String>
          </TextLine>
          
          
	  <TextLine ID="eSc_line_59118"
                    
                    BASELINE="1170 2017 1237 2010 1270 2020 1535 2017 1572 2012 1670 2025 2000 2025" 
                    HPOS="1170"
                    VPOS="1957"
                    WIDTH="830"
                    HEIGHT="90">
            <Shape><Polygon POINTS="1170 2015 1172 1982 1205 1962 1267 1995 1320 1967 1337 1967 1360 1987 1390 1960 1412 1975 1432 1967 1460 1992 1510 1957 1545 1982 1580 1987 1605 1965 1637 1960 1655 1977 1700 1985 1732 1985 1762 1970 1780 1985 1827 1975 1852 1992 1902 1960 1935 1985 1957 1967 1977 1967 1992 1982 2000 2025 1945 2027 1917 2042 1865 2042 1842 2025 1812 2037 1725 2027 1662 2047 1602 2015 1572 2030 1497 2027 1475 2047 1442 2022 1387 2027 1372 2042 1342 2025 1290 2045 1260 2030 1237 2042 1220 2027 1172 2025"/></Shape>
	    <String CONTENT="توئی مهترین27 سلم نام تو باد"
                    HPOS="1170"
                    VPOS="1957"
                    WIDTH="830"
                    HEIGHT="90"></String>
          </TextLine>
          
          
	  <TextLine ID="eSc_line_59077"
                    
                    BASELINE="270 2012 352 2025 452 2020 715 2017 802 2025 1082 2020" 
                    HPOS="270"
                    VPOS="1960"
                    WIDTH="810"
                    HEIGHT="90">
            <Shape><Polygon POINTS="270 2010 272 1975 287 1965 327 1987 347 1977 365 1995 385 1982 407 1987 425 1970 445 1970 465 1990 495 1965 525 1985 557 1970 587 1992 610 1980 652 1987 667 1972 697 1985 720 1965 757 1965 795 2000 817 1985 865 1985 880 2000 920 1992 935 1977 995 1987 1032 1960 1072 1982 1080 2020 1072 2042 1025 2027 997 2040 935 2032 910 2047 877 2037 850 2045 827 2032 802 2045 772 2022 750 2037 737 2027 640 2035 597 2032 582 2017 530 2037 500 2030 480 2050 447 2027 412 2030 392 2045 275 2030"/></Shape>
	    <String CONTENT="بگیتی بر آگنده کام تو باد"
                    HPOS="270"
                    VPOS="1960"
                    WIDTH="810"
                    HEIGHT="90"></String>
          </TextLine>
          
          
	  <TextLine ID="eSc_line_59119"
                    
                    BASELINE="1092 2865 1206 2860" 
                    HPOS="1090"
                    VPOS="2810"
                    WIDTH="115"
                    HEIGHT="72">
            <Shape><Polygon POINTS="1090 2865 1095 2810 1172 2812 1197 2832 1205 2860 1167 2882 1095 2880"/></Shape>
	    <String CONTENT="۲۵۷"
                    HPOS="1090"
                    VPOS="2810"
                    WIDTH="115"
                    HEIGHT="72"></String>
          </TextLine>
          </TextBlock>
          
        </PrintSpace>
      </Page>
    </Layout>
  </alto>
