<?xml version="1.0" encoding="UTF-8"?>
<alto xmlns:xsi="http://www.w3.org/2001/XMLSchema-instance"
      xmlns="http://www.loc.gov/standards/alto/ns-v4#"
      xsi:schemaLocation="http://www.loc.gov/standards/alto/ns-v4# https://gitlab.inria.fr/scripta/escriptorium/-/raw/develop/app/escriptorium/static/alto-4-1-baselines.xsd">
  <Description>
    <MeasurementUnit>pixel</MeasurementUnit>
    <sourceImageInformation>
      <fileName>Ferdowsi_Moscow.pdf_000060.png</fileName>
    </sourceImageInformation>
  </Description>
  
  <Tags>
    <OtherTag ID="BT1" LABEL="Title" DESCRIPTION="block type Title"/><OtherTag ID="BT2" LABEL="Main" DESCRIPTION="block type Main"/><OtherTag ID="BT3" LABEL="Commentary" DESCRIPTION="block type Commentary"/><OtherTag ID="BT4" LABEL="Illustration" DESCRIPTION="block type Illustration"/>
    
  </Tags>
  
  <Layout>
    <Page WIDTH="2430"
          HEIGHT="3000"
          PHYSICAL_IMG_NR="26"
          ID="eSc_dummypage_">
      <PrintSpace HPOS="0"
                  VPOS="0"
                  WIDTH="2430"
                  HEIGHT="3000">
        
        <TextBlock ID="eSc_dummyblock_">
          
	  <TextLine ID="eSc_line_119941"
                    
                    BASELINE="1042 437 1080 432 1243 437" 
                    HPOS="1040"
                    VPOS="380"
                    WIDTH="202"
                    HEIGHT="72">
            <Shape><Polygon POINTS="1040 435 1045 397 1085 380 1122 395 1137 385 1170 390 1217 430 1242 435 1202 435 1180 452 1042 445"/></Shape>
	    <String CONTENT="شاهنامه"
                    HPOS="1040"
                    VPOS="380"
                    WIDTH="202"
                    HEIGHT="72"></String>
          </TextLine>
          
          
	  <TextLine ID="eSc_line_119983"
                    
                    BASELINE="1162 570 1360 570 1517 575 1830 570 1981 575" 
                    HPOS="1160"
                    VPOS="505"
                    WIDTH="820"
                    HEIGHT="90">
            <Shape><Polygon POINTS="1160 570 1162 547 1180 530 1212 520 1277 537 1297 522 1352 535 1390 515 1412 535 1445 515 1485 532 1557 535 1577 525 1597 540 1622 530 1640 542 1685 505 1715 535 1787 540 1812 522 1840 535 1875 527 1900 507 1932 532 1952 512 1970 512 1980 575 1967 592 1910 577 1890 595 1792 572 1677 577 1660 595 1635 582 1610 595 1592 580 1580 590 1510 580 1460 592 1415 572 1277 572 1260 590 1232 577 1162 585"/></Shape>
	    <String CONTENT="[بسازید سام و برون شد بدر"
                    HPOS="1160"
                    VPOS="505"
                    WIDTH="820"
                    HEIGHT="90"></String>
          </TextLine>
          
          
	  <TextLine ID="eSc_line_119982"
                    
                    BASELINE="237 542 305 575 350 562 560 562 662 570 1000 567 1077 575" 
                    HPOS="235"
                    VPOS="497"
                    WIDTH="840"
                    HEIGHT="98">
            <Shape><Polygon POINTS="235 540 260 510 282 510 307 527 342 517 360 530 395 525 417 507 450 532 470 525 485 535 512 520 535 530 567 512 595 537 625 507 647 505 700 542 735 535 772 497 822 530 855 515 872 532 905 525 922 540 962 535 1002 507 1022 507 1042 527 1070 532 1075 575 1060 587 987 575 952 592 932 592 912 572 825 575 800 587 755 575 717 592 692 572 667 595 635 577 607 580 592 565 550 577 487 572 465 590 407 567 372 592 335 575 305 592 287 585 262 595 237 575"/></Shape>
	    <String CONTENT="یکی منزلی زال شد با پدر1]"
                    HPOS="235"
                    VPOS="497"
                    WIDTH="840"
                    HEIGHT="98"></String>
          </TextLine>
          
          
	  <TextLine ID="eSc_line_119984"
                    
                    BASELINE="1160 655 1805 655 1937 650 1985 651" 
                    HPOS="1160"
                    VPOS="585"
                    WIDTH="825"
                    HEIGHT="92">
            <Shape><Polygon POINTS="1160 655 1162 620 1200 600 1237 607 1255 625 1275 612 1300 617 1315 602 1350 617 1415 612 1430 625 1467 597 1487 617 1540 617 1560 605 1587 630 1607 612 1640 617 1662 607 1675 617 1705 600 1732 615 1767 585 1815 625 1917 617 1952 595 1972 595 1985 650 1967 672 1940 657 1827 672 1810 657 1775 670 1757 657 1717 655 1677 655 1662 670 1637 660 1592 667 1580 657 1562 672 1535 660 1477 660 1442 672 1425 657 1392 672 1362 657 1292 660 1267 677 1242 655 1212 675 1162 670"/></Shape>
	    <String CONTENT="[همی رفت بر پیل رستم دژم"
                    HPOS="1160"
                    VPOS="585"
                    WIDTH="825"
                    HEIGHT="92"></String>
          </TextLine>
          
          
	  <TextLine ID="eSc_line_119958"
                    
                    BASELINE="247 647 290 655 385 650 602 650 662 645 687 647 730 640 785 645 845 642 902 650 1000 655 1079 650" 
                    HPOS="245"
                    VPOS="587"
                    WIDTH="832"
                    HEIGHT="88">
            <Shape><Polygon POINTS="245 645 247 600 257 592 285 592 307 612 367 605 410 615 450 607 470 587 495 602 517 587 545 615 640 615 672 595 690 612 712 595 765 615 800 612 827 592 862 615 882 600 927 617 965 600 990 615 1065 607 1077 650 1060 670 1037 657 1005 667 967 655 940 670 895 670 857 642 772 667 742 657 715 667 685 645 652 660 517 655 500 667 462 650 440 667 417 657 322 657 297 675 247 662"/></Shape>
	    <String CONTENT="بپدرود کردن نیارا بهم2]"
                    HPOS="245"
                    VPOS="587"
                    WIDTH="832"
                    HEIGHT="88"></String>
          </TextLine>
          
          
	  <TextLine ID="eSc_line_119959"
                    
                    BASELINE="1177 730 1305 735 1330 730 1800 730 1830 735 1975 722 2000 723" 
                    HPOS="1175"
                    VPOS="670"
                    WIDTH="825"
                    HEIGHT="90">
            <Shape><Polygon POINTS="1175 730 1180 695 1242 687 1257 700 1290 670 1352 682 1375 670 1420 707 1450 677 1477 675 1525 712 1590 690 1620 707 1647 682 1690 697 1712 675 1740 692 1782 670 1812 697 1825 687 1892 697 1922 682 1935 695 1970 697 2000 722 1962 757 1932 742 1822 757 1792 730 1760 740 1612 730 1547 755 1512 742 1487 760 1420 737 1400 755 1385 752 1357 730 1290 747 1260 740 1245 752 1202 737 1180 750"/></Shape>
	    <String CONTENT="چنین گفت مر زال را کای پسر"
                    HPOS="1175"
                    VPOS="670"
                    WIDTH="825"
                    HEIGHT="90"></String>
          </TextLine>
          
          
	  <TextLine ID="eSc_line_119969"
                    
                    BASELINE="250 730 377 722 1015 722 1077 727" 
                    HPOS="250"
                    VPOS="665"
                    WIDTH="827"
                    HEIGHT="87">
            <Shape><Polygon POINTS="250 730 252 710 272 692 297 695 340 665 357 677 380 667 417 697 442 672 472 687 505 670 520 685 587 687 612 702 670 692 715 667 750 692 782 695 805 677 830 687 850 667 877 682 902 672 940 702 1012 667 1035 685 1062 680 1077 727 1050 740 970 737 947 750 915 727 865 737 840 722 767 745 670 735 627 747 610 732 587 752 565 737 535 747 502 737 467 752 435 722 352 737 335 752 315 737 275 747 252 740"/></Shape>
	    <String CONTENT="نگر تا نباشی جز از3 دادگر"
                    HPOS="250"
                    VPOS="665"
                    WIDTH="827"
                    HEIGHT="87"></String>
          </TextLine>
          
          
	  <TextLine ID="eSc_line_119948"
                    
                    BASELINE="1157 807 1227 800 1257 807 1322 810 1857 810 1925 815 1987 807" 
                    HPOS="1157"
                    VPOS="750"
                    WIDTH="830"
                    HEIGHT="82">
            <Shape><Polygon POINTS="1157 807 1160 770 1172 757 1197 777 1212 762 1257 777 1292 750 1315 765 1352 755 1372 775 1410 752 1442 785 1470 760 1497 752 1532 777 1560 777 1595 750 1630 777 1680 757 1707 782 1760 752 1792 777 1842 767 1887 777 1920 752 1945 777 1972 772 1987 807 1967 832 1937 820 1867 830 1762 820 1735 830 1710 810 1677 820 1497 820 1480 830 1445 810 1395 827 1355 810 1305 832 1287 820 1180 822 1160 812"/></Shape>
	    <String CONTENT="بفرمان شاهان دل آراسته"
                    HPOS="1157"
                    VPOS="750"
                    WIDTH="830"
                    HEIGHT="82"></String>
          </TextLine>
          
          
	  <TextLine ID="eSc_line_119976"
                    
                    BASELINE="252 797 292 805 597 802 622 807 745 810 772 815 815 810 957 810 1010 800 1075 807" 
                    HPOS="252"
                    VPOS="745"
                    WIDTH="823"
                    HEIGHT="90">
            <Shape><Polygon POINTS="252 797 262 757 305 757 340 772 370 747 407 772 435 752 475 785 492 770 537 767 552 777 582 762 610 777 645 775 675 752 712 777 725 765 817 767 857 745 872 757 892 747 935 780 962 760 987 777 1017 775 1047 755 1067 772 1075 807 982 832 942 810 912 830 877 810 850 810 795 830 755 822 740 835 717 832 695 810 615 830 557 812 522 827 512 817 477 825 457 807 380 830 362 815 255 810"/></Shape>
	    <String CONTENT="خرد را گزین کرده بر خواسته"
                    HPOS="252"
                    VPOS="745"
                    WIDTH="823"
                    HEIGHT="90"></String>
          </TextLine>
          
          
	  <TextLine ID="eSc_line_119977"
                    
                    BASELINE="1170 887 1242 887 1272 882 1999 885" 
                    HPOS="1170"
                    VPOS="827"
                    WIDTH="827"
                    HEIGHT="95">
            <Shape><Polygon POINTS="1170 885 1172 850 1200 837 1257 867 1302 835 1317 850 1330 840 1380 840 1402 857 1435 847 1450 860 1470 840 1495 850 1520 842 1537 855 1570 850 1592 870 1610 855 1665 855 1690 837 1727 845 1747 827 1765 827 1797 860 1835 860 1855 840 1882 857 1925 860 1957 845 1997 885 1927 902 1865 900 1837 885 1792 905 1680 890 1655 915 1630 902 1600 912 1580 900 1555 910 1542 900 1475 897 1455 882 1425 902 1320 885 1277 922 1250 905 1235 915 1215 900 1172 905"/></Shape>
	    <String CONTENT="همه ساله4 بر بسته دست5 از بدی"
                    HPOS="1170"
                    VPOS="827"
                    WIDTH="827"
                    HEIGHT="95"></String>
          </TextLine>
          
          
	  <TextLine ID="eSc_line_119953"
                    
                    BASELINE="257 890 500 890 540 882 795 882 832 890 880 882 1042 885 1077 877" 
                    HPOS="255"
                    VPOS="830"
                    WIDTH="820"
                    HEIGHT="87">
            <Shape><Polygon POINTS="255 890 257 852 280 840 390 855 417 830 452 855 470 842 520 862 545 837 572 855 605 840 622 855 707 847 730 860 762 832 865 860 890 835 917 855 1027 855 1055 842 1075 875 1052 897 897 897 872 885 850 907 792 917 747 880 712 912 687 897 545 897 530 885 495 910 455 890 415 905 257 900"/></Shape>
	    <String CONTENT="همه روز6 جسته ره ایزدی"
                    HPOS="255"
                    VPOS="830"
                    WIDTH="820"
                    HEIGHT="87"></String>
          </TextLine>
          
          
	  <TextLine ID="eSc_line_119955"
                    
                    BASELINE="1161 975 1387 967 1485 975 1565 975 1627 970 1792 970 1835 975 1947 975 1995 975" 
                    HPOS="1160"
                    VPOS="912"
                    WIDTH="835"
                    HEIGHT="90">
            <Shape><Polygon POINTS="1160 975 1162 917 1220 912 1292 947 1375 912 1397 935 1417 935 1435 917 1480 950 1552 917 1572 937 1600 937 1622 915 1675 932 1712 920 1727 935 1780 915 1810 942 1832 920 1860 912 1885 927 1905 922 1920 937 1967 917 1987 935 1995 975 1970 997 1932 997 1912 980 1832 990 1810 972 1742 992 1715 970 1700 980 1637 970 1612 972 1590 995 1517 982 1487 1002 1452 977 1310 985 1295 975 1265 1000 1225 980 1195 990 1172 975"/></Shape>
	    <String CONTENT="[چنان دان که7 بر کس نماند جهان8"
                    HPOS="1160"
                    VPOS="912"
                    WIDTH="835"
                    HEIGHT="90"></String>
          </TextLine>
          
          
	  <TextLine ID="eSc_line_119954"
                    
                    BASELINE="247 967 355 975 487 975 517 970 577 970 685 962 712 967 1010 975 1077 967" 
                    HPOS="247"
                    VPOS="910"
                    WIDTH="830"
                    HEIGHT="90">
            <Shape><Polygon POINTS="247 967 260 915 305 922 340 912 360 935 410 935 437 915 462 942 492 935 512 952 555 912 585 927 615 910 640 927 657 915 700 912 722 935 750 917 815 935 852 910 875 937 900 930 917 950 970 937 1015 910 1040 932 1065 930 1077 967 1057 990 980 977 937 995 915 975 887 992 870 977 830 987 772 975 742 985 705 967 685 985 567 977 525 995 507 977 470 995 450 975 392 987 335 980 315 992 290 982 270 1000 250 985"/></Shape>
	    <String CONTENT="یکی بایدت آشکار و نهان9]"
                    HPOS="247"
                    VPOS="910"
                    WIDTH="830"
                    HEIGHT="90"></String>
          </TextLine>
          
          
	  <TextLine ID="eSc_line_119970"
                    
                    BASELINE="1157 1070 1287 1062 1962 1062 1997 1067" 
                    HPOS="1157"
                    VPOS="1000"
                    WIDTH="840"
                    HEIGHT="90">
            <Shape><Polygon POINTS="1157 1070 1160 1030 1177 1015 1217 1020 1247 1002 1280 1032 1317 1002 1340 1010 1360 1000 1422 1030 1445 1022 1465 1040 1525 1000 1587 1035 1605 1017 1662 1017 1685 1035 1712 1015 1732 1022 1752 1010 1772 1025 1795 1017 1815 1037 1837 1017 1932 1030 1967 1005 1990 1025 1997 1067 1962 1090 1927 1072 1832 1087 1810 1070 1780 1082 1757 1067 1690 1062 1642 1067 1615 1087 1580 1072 1560 1082 1535 1067 1490 1087 1457 1070 1427 1085 1405 1065 1312 1070 1282 1085 1260 1065 1225 1087 1160 1082"/></Shape>
	    <String CONTENT="[برین پند من باش و مگذر ازین"
                    HPOS="1157"
                    VPOS="1000"
                    WIDTH="840"
                    HEIGHT="90"></String>
          </TextLine>
          
          
	  <TextLine ID="eSc_line_119957"
                    
                    BASELINE="247 1072 290 1047 337 1060 425 1065 470 1060 495 1065 522 1060 560 1065 587 1060 752 1060 790 1067 907 1062 1083 1062" 
                    HPOS="245"
                    VPOS="1000"
                    WIDTH="837"
                    HEIGHT="87">
            <Shape><Polygon POINTS="245 1070 247 1010 257 1002 302 1002 350 1025 460 1015 485 1040 502 1025 582 1025 597 1015 625 1030 657 1007 690 1020 710 1000 760 1030 785 1017 817 1022 835 1040 860 1022 905 1017 922 1032 940 1015 975 1025 1002 1012 1025 1025 1060 1017 1082 1060 1057 1080 967 1067 947 1082 920 1070 910 1080 892 1082 880 1070 852 1080 832 1067 797 1082 767 1062 735 1082 712 1067 640 1060 610 1060 562 1082 532 1070 495 1082 475 1070 455 1087 417 1067 385 1077 357 1067 327 1087 295 1067 275 1085 250 1075"/></Shape>
	    <String CONTENT="بجز بر ره راست مسپر زمین 10]"
                    HPOS="245"
                    VPOS="1000"
                    WIDTH="837"
                    HEIGHT="87"></String>
          </TextLine>
          
          
	  <TextLine ID="eSc_line_119960"
                    
                    BASELINE="1167 1150 1207 1155 1237 1150 1400 1147 1627 1152 1989 1142" 
                    HPOS="1165"
                    VPOS="1092"
                    WIDTH="822"
                    HEIGHT="90">
            <Shape><Polygon POINTS="1165 1150 1167 1120 1270 1110 1290 1127 1330 1115 1355 1092 1407 1117 1440 1092 1472 1107 1497 1095 1605 1117 1630 1092 1665 1115 1700 1092 1747 1135 1785 1107 1822 1125 1840 1107 1912 1120 1930 1102 1975 1097 1987 1140 1957 1162 1912 1150 1850 1177 1812 1155 1767 1175 1735 1150 1687 1167 1652 1150 1632 1170 1582 1160 1542 1172 1475 1147 1452 1147 1440 1162 1330 1160 1305 1182 1282 1160 1242 1157 1210 1157 1170 1175"/></Shape>
	    <String CONTENT="که من در دل ایدون11 گمانم همی"
                    HPOS="1165"
                    VPOS="1092"
                    WIDTH="822"
                    HEIGHT="90"></String>
          </TextLine>
          
          
	  <TextLine ID="eSc_line_119956"
                    
                    BASELINE="246 1150 377 1142 1027 1142 1067 1147" 
                    HPOS="245"
                    VPOS="1082"
                    WIDTH="820"
                    HEIGHT="90">
            <Shape><Polygon POINTS="245 1150 247 1122 260 1112 350 1115 380 1102 402 1122 412 1112 442 1115 487 1087 512 1112 562 1102 585 1125 630 1115 672 1082 700 1102 720 1097 740 1112 765 1100 785 1115 822 1115 860 1092 917 1115 945 1092 970 1092 985 1107 1010 1100 1022 1112 1057 1097 1065 1145 1032 1162 980 1142 957 1162 835 1145 810 1170 770 1157 667 1152 620 1170 600 1170 580 1152 557 1172 537 1172 520 1155 480 1152 437 1157 422 1172 390 1152 295 1157 277 1170 247 1157"/></Shape>
	    <String CONTENT="که آمد12 بتنگی زمانم همی"
                    HPOS="245"
                    VPOS="1082"
                    WIDTH="820"
                    HEIGHT="90"></String>
          </TextLine>
          
          
	  <TextLine ID="eSc_line_119962"
                    
                    BASELINE="1160 1235 1315 1232 1342 1240 1772 1237 1857 1245 1987 1240" 
                    HPOS="1160"
                    VPOS="1177"
                    WIDTH="827"
                    HEIGHT="88">
            <Shape><Polygon POINTS="1160 1235 1162 1200 1177 1190 1212 1205 1232 1185 1257 1195 1285 1177 1322 1205 1350 1210 1375 1192 1402 1207 1455 1197 1467 1207 1492 1200 1505 1212 1522 1197 1552 1212 1607 1187 1635 1195 1662 1180 1710 1220 1745 1192 1762 1200 1790 1190 1837 1205 1870 1177 1907 1215 1952 1187 1975 1187 1987 1240 1960 1265 1945 1255 1920 1265 1897 1245 1847 1247 1807 1265 1720 1240 1682 1260 1620 1240 1562 1262 1510 1245 1490 1265 1460 1250 1390 1265 1360 1242 1317 1262 1295 1240 1247 1250 1165 1240"/></Shape>
	    <String CONTENT="[دو فرزند را  کرد پدرود و گفت"
                    HPOS="1160"
                    VPOS="1177"
                    WIDTH="827"
                    HEIGHT="88"></String>
          </TextLine>
          
          
	  <TextLine ID="eSc_line_119975"
                    
                    BASELINE="267 1220 380 1235 1075 1235" 
                    HPOS="267"
                    VPOS="1177"
                    WIDTH="808"
                    HEIGHT="88">
            <Shape><Polygon POINTS="267 1220 270 1182 300 1180 342 1187 357 1202 382 1182 407 1202 467 1190 492 1212 515 1195 545 1202 567 1180 600 1205 622 1205 637 1190 667 1205 687 1185 737 1177 770 1200 802 1177 837 1202 882 1187 920 1212 940 1192 957 1197 982 1177 1007 1197 1065 1185 1075 1235 1045 1247 997 1235 975 1257 945 1265 915 1250 892 1260 870 1245 802 1245 782 1235 757 1257 737 1257 715 1235 665 1235 610 1257 592 1247 555 1257 480 1235 427 1257 337 1242 312 1260 295 1260 270 1237"/></Shape>
	    <String CONTENT="که این پندها را13 نباید نهفت]14"
                    HPOS="267"
                    VPOS="1177"
                    WIDTH="808"
                    HEIGHT="88"></String>
          </TextLine>
          
          
	  <TextLine ID="eSc_line_119971"
                    
                    BASELINE="1167 1320 1357 1325 1412 1320 1525 1317 1690 1325 1737 1320 1802 1320 1840 1325 1985 1325" 
                    HPOS="1167"
                    VPOS="1257"
                    WIDTH="818"
                    HEIGHT="90">
            <Shape><Polygon POINTS="1167 1320 1170 1285 1202 1262 1232 1280 1252 1272 1277 1295 1297 1282 1350 1290 1370 1270 1400 1282 1425 1275 1442 1292 1472 1265 1505 1287 1555 1290 1582 1262 1605 1257 1665 1297 1687 1277 1717 1297 1742 1275 1787 1287 1837 1265 1857 1265 1890 1290 1935 1287 1957 1265 1972 1265 1985 1325 1967 1345 1932 1330 1860 1342 1830 1327 1720 1322 1690 1347 1670 1347 1650 1327 1607 1342 1585 1327 1475 1332 1445 1320 1417 1345 1370 1330 1315 1332 1290 1347 1265 1325 1227 1342 1200 1332 1170 1337"/></Shape>
	    <String CONTENT="[برآمد ز درگاه زخم درای"
                    HPOS="1167"
                    VPOS="1257"
                    WIDTH="818"
                    HEIGHT="90"></String>
          </TextLine>
          
          
	  <TextLine ID="eSc_line_119950"
                    
                    BASELINE="260 1297 297 1312 325 1315 405 1312 472 1320 847 1317 987 1325 1087 1320" 
                    HPOS="260"
                    VPOS="1252"
                    WIDTH="825"
                    HEIGHT="93">
            <Shape><Polygon POINTS="260 1295 262 1265 287 1262 327 1272 350 1260 400 1270 437 1262 452 1277 467 1265 490 1277 515 1270 530 1285 630 1285 662 1265 705 1287 765 1285 785 1265 817 1280 862 1252 887 1257 915 1285 1067 1275 1085 1320 1052 1345 1022 1342 1007 1327 950 1335 877 1322 835 1337 815 1322 740 1325 687 1340 657 1325 575 1335 497 1325 462 1335 435 1315 397 1340 355 1325 297 1340 262 1320"/></Shape>
	    <String CONTENT="زپیلان خروشیدن کرّنای]15"
                    HPOS="260"
                    VPOS="1252"
                    WIDTH="825"
                    HEIGHT="93"></String>
          </TextLine>
          
          
	  <TextLine ID="eSc_line_119963"
                    
                    BASELINE="1157 1407 1227 1402 1420 1402 1447 1407 1472 1400 1850 1400 1877 1405 1912 1402 1937 1407 1991 1395" 
                    HPOS="1155"
                    VPOS="1345"
                    WIDTH="835"
                    HEIGHT="82">
            <Shape><Polygon POINTS="1155 1405 1157 1375 1195 1350 1260 1372 1277 1355 1305 1370 1330 1367 1365 1345 1400 1375 1455 1355 1487 1367 1505 1350 1532 1345 1597 1380 1637 1352 1667 1367 1715 1365 1732 1377 1760 1355 1787 1367 1855 1357 1880 1367 1950 1362 1977 1367 1990 1395 1970 1410 1927 1410 1910 1422 1885 1410 1805 1417 1732 1400 1715 1412 1685 1410 1665 1427 1600 1405 1577 1425 1530 1407 1435 1410 1412 1425 1377 1400 1312 1422 1262 1402 1245 1420 1210 1425 1160 1405"/></Shape>
	    <String CONTENT="سپهبد سوی باختر کرد روی"
                    HPOS="1155"
                    VPOS="1345"
                    WIDTH="835"
                    HEIGHT="82"></String>
          </TextLine>
          
          
	  <TextLine ID="eSc_line_119952"
                    
                    BASELINE="247 1405 560 1405 630 1397 1081 1402" 
                    HPOS="245"
                    VPOS="1335"
                    WIDTH="835"
                    HEIGHT="92">
            <Shape><Polygon POINTS="245 1405 250 1377 285 1352 325 1367 385 1357 417 1367 432 1357 472 1362 505 1337 545 1367 582 1340 625 1380 700 1345 722 1360 750 1352 782 1367 830 1337 862 1365 890 1360 922 1335 955 1357 1007 1340 1027 1360 1070 1355 1080 1400 1055 1425 1015 1407 972 1417 947 1400 892 1405 842 1425 812 1407 745 1425 672 1400 642 1425 610 1402 575 1415 512 1405 485 1425 385 1422 370 1407 332 1407 297 1427 247 1405"/></Shape>
	    <String CONTENT="زبان گرم گوی16 و دل آزرم جوی"
                    HPOS="245"
                    VPOS="1335"
                    WIDTH="835"
                    HEIGHT="92"></String>
          </TextLine>
          
          
	  <TextLine ID="eSc_line_119964"
                    
                    BASELINE="1170 1495 1252 1490 1392 1495 1417 1490 1527 1490 1615 1482 1877 1482 1937 1487 1997 1477" 
                    HPOS="1170"
                    VPOS="1430"
                    WIDTH="827"
                    HEIGHT="85">
            <Shape><Polygon POINTS="1170 1495 1172 1450 1192 1430 1227 1455 1242 1445 1302 1455 1330 1437 1367 1457 1417 1457 1455 1430 1485 1460 1510 1447 1532 1457 1562 1432 1595 1445 1622 1430 1637 1445 1662 1430 1687 1455 1705 1447 1725 1462 1752 1445 1777 1457 1795 1442 1822 1457 1842 1442 1865 1450 1897 1430 1925 1457 1972 1447 1997 1477 1967 1512 1950 1500 1905 1512 1887 1500 1772 1502 1732 1490 1697 1510 1642 1482 1597 1515 1557 1487 1505 1515 1487 1515 1467 1495 1332 1515 1317 1500 1240 1502 1225 1492 1175 1512"/></Shape>
	    <String CONTENT="برفتند با او17 دو فرزند او"
                    HPOS="1170"
                    VPOS="1430"
                    WIDTH="827"
                    HEIGHT="85"></String>
          </TextLine>
          
          
	  <TextLine ID="eSc_line_119951"
                    
                    BASELINE="247 1472 285 1492 382 1490 435 1495 777 1495 807 1490 865 1490 902 1495 1075 1490" 
                    HPOS="245"
                    VPOS="1427"
                    WIDTH="830"
                    HEIGHT="88">
            <Shape><Polygon POINTS="245 1470 290 1427 320 1457 335 1445 362 1457 385 1440 407 1457 432 1442 455 1462 495 1427 535 1462 592 1445 625 1462 657 1430 705 1462 737 1432 792 1462 845 1430 867 1430 892 1455 930 1427 962 1460 987 1447 1037 1455 1062 1445 1075 1490 1050 1515 1032 1497 967 1507 947 1495 900 1515 872 1492 835 1505 790 1492 750 1515 722 1512 705 1495 620 1495 597 1512 575 1497 540 1510 505 1495 477 1515 450 1500 420 1512 407 1500 325 1500 310 1490 270 1515 247 1500"/></Shape>
	    <String CONTENT="پر از آب رخ دل پر از پند او"
                    HPOS="245"
                    VPOS="1427"
                    WIDTH="830"
                    HEIGHT="88"></String>
          </TextLine>
          
          
	  <TextLine ID="eSc_line_119985"
                    
                    BASELINE="1157 1577 1195 1572 2000 1572" 
                    HPOS="1155"
                    VPOS="1515"
                    WIDTH="845"
                    HEIGHT="90">
            <Shape><Polygon POINTS="1155 1575 1157 1557 1195 1520 1235 1550 1260 1532 1280 1540 1290 1530 1342 1530 1357 1542 1385 1527 1402 1540 1445 1517 1470 1542 1502 1552 1530 1532 1617 1532 1635 1515 1672 1542 1722 1540 1740 1522 1782 1532 1802 1520 1875 1540 1890 1525 1920 1522 1940 1540 1965 1535 2000 1570 1940 1602 1882 1570 1825 1600 1735 1575 1712 1597 1690 1587 1650 1597 1635 1585 1505 1582 1475 1602 1442 1575 1425 1587 1235 1582 1210 1602 1197 1595 1180 1605 1157 1595"/></Shape>
	    <String CONTENT="دو18 منزل 19 برفتند و گشتند باز"
                    HPOS="1155"
                    VPOS="1515"
                    WIDTH="845"
                    HEIGHT="90"></String>
          </TextLine>
          
          
	  <TextLine ID="eSc_line_119968"
                    
                    BASELINE="250 1545 285 1565 330 1572 422 1575 1078 1570" 
                    HPOS="250"
                    VPOS="1517"
                    WIDTH="827"
                    HEIGHT="88">
            <Shape><Polygon POINTS="250 1545 270 1517 307 1535 337 1517 357 1537 380 1532 400 1550 442 1517 467 1542 502 1535 522 1550 550 1532 572 1545 655 1537 762 1542 772 1552 800 1527 840 1520 870 1542 890 1530 910 1542 967 1542 987 1525 1022 1542 1065 1522 1077 1570 1047 1585 957 1585 932 1595 855 1572 810 1597 772 1575 702 1600 675 1587 597 1597 527 1580 507 1597 480 1585 447 1597 395 1575 370 1595 312 1605 252 1567"/></Shape>
	    <String CONTENT="کشید آن سپهبد براه دراز20"
                    HPOS="250"
                    VPOS="1517"
                    WIDTH="827"
                    HEIGHT="88"></String>
          </TextLine>
          
          
	  <TextLine ID="eSc_line_119965"
                    
                    BASELINE="1177 1660 1232 1670 1462 1667 1550 1675 1602 1675 1630 1670 1690 1675 2003 1670" 
                    HPOS="1175"
                    VPOS="1605"
                    WIDTH="827"
                    HEIGHT="90">
            <Shape><Polygon POINTS="1175 1660 1187 1610 1235 1635 1270 1627 1287 1645 1315 1622 1362 1637 1645 1630 1662 1642 1700 1605 1725 1610 1767 1642 1805 1620 1840 1637 1870 1637 1890 1617 1922 1610 1972 1632 2002 1670 1942 1695 1872 1675 1850 1692 1815 1692 1772 1675 1747 1692 1657 1672 1572 1677 1557 1692 1532 1680 1385 1687 1292 1670 1267 1687 1235 1677 1197 1690 1177 1677"/></Shape>
	    <String CONTENT="وزان روی زال سپهبد براه"
                    HPOS="1175"
                    VPOS="1605"
                    WIDTH="827"
                    HEIGHT="90"></String>
          </TextLine>
          
          
	  <TextLine ID="eSc_line_119978"
                    
                    BASELINE="267 1652 345 1665 1035 1665 1085 1657" 
                    HPOS="265"
                    VPOS="1605"
                    WIDTH="820"
                    HEIGHT="87">
            <Shape><Polygon POINTS="265 1650 270 1612 307 1620 325 1605 355 1632 445 1635 465 1615 515 1610 532 1627 555 1622 570 1635 637 1625 655 1642 690 1607 722 1632 745 1625 760 1640 785 1615 822 1607 835 1620 947 1637 995 1615 1022 1632 1070 1630 1085 1655 1065 1677 1030 1675 1002 1692 945 1667 907 1682 815 1672 787 1685 760 1667 737 1687 697 1675 677 1692 642 1677 570 1687 525 1665 475 1685 442 1667 390 1675 375 1687 267 1667"/></Shape>
	    <String CONTENT="سوی سیستان باز برد آن سپاه21"
                    HPOS="265"
                    VPOS="1605"
                    WIDTH="820"
                    HEIGHT="87"></String>
          </TextLine>
          
          
	  <TextLine ID="eSc_line_119966"
                    
                    BASELINE="1167 1755 1350 1760 1385 1755 1430 1760 1782 1765 1952 1757 1999 1749" 
                    HPOS="1165"
                    VPOS="1700"
                    WIDTH="832"
                    HEIGHT="87">
            <Shape><Polygon POINTS="1165 1755 1172 1712 1202 1725 1270 1715 1282 1727 1357 1727 1392 1707 1420 1735 1487 1710 1515 1727 1585 1725 1607 1702 1637 1722 1662 1715 1682 1735 1705 1712 1755 1717 1777 1732 1800 1717 1815 1727 1912 1722 1940 1700 1970 1700 1990 1717 1997 1747 1972 1780 1940 1765 1870 1765 1845 1780 1825 1762 1797 1780 1770 1765 1755 1777 1692 1782 1675 1767 1652 1777 1592 1762 1565 1782 1535 1767 1465 1767 1432 1787 1405 1765 1305 1770 1277 1782 1257 1765 1215 1777 1167 1765"/></Shape>
	    <String CONTENT="[شب و روز با رستم شیرمرد"
                    HPOS="1165"
                    VPOS="1700"
                    WIDTH="832"
                    HEIGHT="87"></String>
          </TextLine>
          
          
	  <TextLine ID="eSc_line_119949"
                    
                    BASELINE="247 1770 330 1752 1077 1755" 
                    HPOS="245"
                    VPOS="1697"
                    WIDTH="830"
                    HEIGHT="88">
            <Shape><Polygon POINTS="245 1770 247 1712 270 1697 367 1722 407 1705 435 1730 490 1700 522 1722 560 1700 587 1705 605 1722 630 1712 652 1730 682 1727 720 1700 750 1715 805 1697 830 1712 855 1702 877 1725 895 1710 925 1725 967 1700 997 1727 1065 1715 1075 1755 1015 1780 995 1777 972 1755 930 1777 882 1755 760 1772 700 1755 675 1780 625 1765 602 1785 557 1757 532 1780 507 1765 450 1767 432 1755 382 1785 347 1780 310 1755 272 1782 247 1770"/></Shape>
	    <String CONTENT="همی کرد شا دی22  و هم 23  باده خورد24]"
                    HPOS="245"
                    VPOS="1697"
                    WIDTH="830"
                    HEIGHT="88"></String>
          </TextLine>
          
          
	  <TextLine ID="eSc_line_119947"
                    
                    BASELINE="267 2392 335 2390 387 2397 417 2390 452 2390 480 2395 570 2395 747 2387 840 2387 1015 2390 1042 2395 1657 2395 1737 2390 1999 2395" 
                    HPOS="265"
                    VPOS="2327"
                    WIDTH="1732"
                    HEIGHT="90">
            <Shape><Polygon POINTS="265 2390 270 2357 302 2360 322 2342 342 2352 382 2327 427 2355 467 2342 490 2355 585 2355 617 2327 660 2365 687 2345 735 2357 807 2330 840 2355 867 2332 905 2355 955 2335 982 2357 1042 2350 1065 2367 1102 2347 1132 2370 1147 2355 1175 2357 1202 2332 1237 2352 1305 2347 1325 2365 1370 2332 1400 2355 1430 2345 1462 2375 1492 2355 1547 2357 1567 2345 1600 2360 1630 2332 1675 2360 1702 2345 1730 2365 1760 2342 1822 2355 1852 2330 1897 2355 1970 2347 1992 2367 1997 2395 1970 2410 1907 2400 1880 2412 1845 2397 1725 2392 1692 2417 1657 2397 1625 2407 1592 2395 1472 2410 1437 2395 1417 2410 1372 2412 1352 2395 1315 2395 1267 2412 1227 2395 1145 2417 1122 2397 1090 2410 1070 2395 1040 2412 1012 2400 977 2412 952 2397 877 2397 840 2410 802 2395 690 2402 662 2390 632 2392 595 2415 525 2400 452 2410 430 2392 405 2412 367 2412 342 2395 270 2415"/></Shape>
	    <String CONTENT="برآمد ز دل هر دورا دود غم * برخسار دادند اوریزه (؟) نم"
                    HPOS="265"
                    VPOS="2327"
                    WIDTH="1732"
                    HEIGHT="90"></String>
          </TextLine>
          
          
	  <TextLine ID="eSc_line_119988"
                    
                    BASELINE="1087 2852 1185 2857" 
                    HPOS="1087"
                    VPOS="2805"
                    WIDTH="98"
                    HEIGHT="67">
            <Shape><Polygon POINTS="1087 2852 1095 2805 1155 2805 1180 2825 1185 2857 1170 2872 1090 2872"/></Shape>
	    <String CONTENT="۲۴۶"
                    HPOS="1087"
                    VPOS="2805"
                    WIDTH="98"
                    HEIGHT="67"></String>
          </TextLine>
          </TextBlock>
          
        </PrintSpace>
      </Page>
    </Layout>
  </alto>
