<?xml version="1.0" encoding="UTF-8"?>
<alto xmlns:xsi="http://www.w3.org/2001/XMLSchema-instance"
      xmlns="http://www.loc.gov/standards/alto/ns-v4#"
      xsi:schemaLocation="http://www.loc.gov/standards/alto/ns-v4# https://gitlab.inria.fr/scripta/escriptorium/-/raw/develop/app/escriptorium/static/alto-4-1-baselines.xsd">
  <Description>
    <MeasurementUnit>pixel</MeasurementUnit>
    <sourceImageInformation>
      <fileName>Ferdowsi_Moscow.pdf_000045.png</fileName>
    </sourceImageInformation>
  </Description>
  
  <Tags>
    <OtherTag ID="BT1" LABEL="Title" DESCRIPTION="block type Title"/><OtherTag ID="BT2" LABEL="Main" DESCRIPTION="block type Main"/><OtherTag ID="BT3" LABEL="Commentary" DESCRIPTION="block type Commentary"/><OtherTag ID="BT4" LABEL="Illustration" DESCRIPTION="block type Illustration"/>
    
  </Tags>
  
  <Layout>
    <Page WIDTH="2430"
          HEIGHT="3000"
          PHYSICAL_IMG_NR="11"
          ID="eSc_dummypage_">
      <PrintSpace HPOS="0"
                  VPOS="0"
                  WIDTH="2430"
                  HEIGHT="3000">
        
        <TextBlock ID="eSc_dummyblock_">
          
	  <TextLine ID="eSc_line_58121"
                    
                    BASELINE="1042 455 1207 455" 
                    HPOS="1042"
                    VPOS="397"
                    WIDTH="165"
                    HEIGHT="118">
            <Shape><Polygon POINTS="1042 455 1062 415 1090 405 1135 415 1155 397 1202 435 1207 455 1202 512 1047 515"/></Shape>
	    <String CONTENT="ملحقات"
                    HPOS="1042"
                    VPOS="397"
                    WIDTH="165"
                    HEIGHT="118"></String>
          </TextLine>
          
          
	  <TextLine ID="eSc_line_58122"
                    
                    BASELINE="1145 587 1237 582 1515 585 1755 577 1840 570 1912 572 1983 574" 
                    HPOS="1145"
                    VPOS="512"
                    WIDTH="837"
                    HEIGHT="98">
            <Shape><Polygon POINTS="1145 585 1155 542 1182 552 1242 545 1265 565 1292 542 1317 547 1330 537 1405 552 1427 530 1462 522 1517 555 1562 525 1612 550 1662 512 1675 512 1717 555 1765 520 1790 545 1815 532 1845 547 1865 527 1895 537 1935 517 1975 542 1982 572 1970 600 1942 587 1805 592 1782 575 1745 610 1707 585 1612 595 1592 607 1570 597 1545 605 1517 585 1482 595 1407 585 1382 610 1355 597 1285 600 1267 582 1190 610 1150 595"/></Shape>
	    <String CONTENT="بکشت از دلیران ما1 چند مرد"
                    HPOS="1145"
                    VPOS="512"
                    WIDTH="837"
                    HEIGHT="98"></String>
          </TextLine>
          
          
	  <TextLine ID="eSc_line_58160"
                    
                    BASELINE="257 587 417 600 592 600 620 595 860 595 907 590 1065 585" 
                    HPOS="257"
                    VPOS="532"
                    WIDTH="808"
                    HEIGHT="90">
            <Shape><Polygon POINTS="257 587 260 542 312 565 390 562 415 542 447 570 472 547 542 562 590 532 642 560 692 560 725 540 755 567 785 547 810 557 842 540 867 555 932 547 950 560 975 535 1005 552 1050 535 1065 585 1030 600 952 590 930 612 897 602 877 617 747 595 680 612 642 602 612 617 540 600 527 612 467 622 427 600 305 622 260 600"/></Shape>
	    <String CONTENT="که بودند شیران روز نبرد2"
                    HPOS="257"
                    VPOS="532"
                    WIDTH="808"
                    HEIGHT="90"></String>
          </TextLine>
          
          
	  <TextLine ID="eSc_line_58161"
                    
                    BASELINE="1150 665 1220 662 1737 665 1797 660 1875 660 1910 650 1980 657" 
                    HPOS="1150"
                    VPOS="597"
                    WIDTH="830"
                    HEIGHT="95">
            <Shape><Polygon POINTS="1150 665 1155 630 1175 620 1207 635 1250 635 1262 625 1290 635 1315 612 1337 612 1362 637 1427 605 1445 620 1505 627 1527 642 1562 610 1590 625 1627 602 1665 635 1697 602 1750 625 1777 597 1812 625 1850 635 1880 607 1917 622 1932 607 1975 605 1980 657 1902 687 1855 660 1790 675 1765 670 1737 690 1705 682 1687 665 1665 665 1642 685 1615 675 1585 682 1562 665 1530 665 1502 692 1455 675 1380 680 1357 665 1322 682 1152 672"/></Shape>
	    <String CONTENT="کنون سلم‌را رای3 جنگ آمدست"
                    HPOS="1150"
                    VPOS="597"
                    WIDTH="830"
                    HEIGHT="95"></String>
          </TextLine>
          
          
	  <TextLine ID="eSc_line_58150"
                    
                    BASELINE="260 670 360 675 480 670 540 675 885 675 1054 665" 
                    HPOS="260"
                    VPOS="612"
                    WIDTH="792"
                    HEIGHT="90">
            <Shape><Polygon POINTS="260 670 262 622 322 642 375 632 395 617 427 635 452 625 470 640 505 617 587 630 615 620 635 637 750 625 767 642 792 632 817 657 850 625 877 635 900 612 935 637 957 617 1027 620 1052 665 997 685 972 670 950 672 922 695 862 690 827 700 807 682 785 702 765 700 742 677 705 700 665 685 635 700 612 682 472 690 422 672 400 690 285 685 262 675"/></Shape>
	    <String CONTENT="که4 یارش ز 5 دژهوخت کنگ 6 آمدست7"
                    HPOS="260"
                    VPOS="612"
                    WIDTH="792"
                    HEIGHT="90"></String>
          </TextLine>
          
          
	  <TextLine ID="eSc_line_58151"
                    
                    BASELINE="1157 747 1217 742 1917 745 1985 737" 
                    HPOS="1157"
                    VPOS="680"
                    WIDTH="828"
                    HEIGHT="92">
            <Shape><Polygon POINTS="1157 747 1162 715 1182 702 1220 717 1255 707 1275 725 1305 702 1325 707 1340 697 1362 712 1415 712 1460 685 1495 720 1522 695 1560 712 1622 680 1675 705 1712 707 1732 727 1760 702 1827 697 1850 717 1940 682 1980 707 1985 737 1967 762 1922 747 1865 762 1842 745 1805 762 1742 762 1722 745 1700 767 1650 750 1577 762 1535 755 1517 770 1452 745 1397 772 1345 755 1290 760 1272 750 1215 765 1160 755"/></Shape>
	    <String CONTENT="یکی دیو جنگیش گویند هست"
                    HPOS="1157"
                    VPOS="680"
                    WIDTH="828"
                    HEIGHT="92"></String>
          </TextLine>
          
          
	  <TextLine ID="eSc_line_58145"
                    
                    BASELINE="257 752 355 752 420 760 477 760 525 752 952 755 1067 745" 
                    HPOS="257"
                    VPOS="695"
                    WIDTH="810"
                    HEIGHT="87">
            <Shape><Polygon POINTS="257 752 260 717 272 710 302 725 370 712 400 737 442 715 472 710 490 722 517 695 550 720 582 722 602 702 645 720 680 697 695 697 717 720 750 695 772 715 797 702 822 727 867 710 920 727 950 705 972 720 990 702 1017 717 1057 697 1067 745 1035 765 922 755 900 775 867 780 827 772 810 755 740 775 680 757 630 765 595 755 572 777 510 755 467 782 402 777 385 760 367 770 260 765"/></Shape>
	    <String CONTENT="کند رزم ناباک8 با زور دست"
                    HPOS="257"
                    VPOS="695"
                    WIDTH="810"
                    HEIGHT="87"></String>
          </TextLine>
          
          
	  <TextLine ID="eSc_line_58152"
                    
                    BASELINE="1160 817 1337 825 1907 825 1995 817" 
                    HPOS="1160"
                    VPOS="765"
                    WIDTH="835"
                    HEIGHT="90">
            <Shape><Polygon POINTS="1160 815 1165 782 1182 777 1215 797 1242 782 1262 800 1300 785 1410 797 1440 777 1470 805 1492 782 1520 795 1557 770 1582 767 1620 802 1660 780 1715 790 1742 765 1760 765 1780 785 1800 767 1882 787 1912 767 1937 787 1962 775 1990 795 1995 815 1970 832 1882 830 1840 847 1820 845 1800 825 1655 832 1640 845 1585 825 1547 850 1452 825 1392 847 1355 840 1320 852 1302 840 1247 840 1232 855 1202 855 1182 835 1162 832"/></Shape>
	    <String CONTENT="هنوز9 اندر آورد نبسودمش 10"
                    HPOS="1160"
                    VPOS="765"
                    WIDTH="835"
                    HEIGHT="90"></String>
          </TextLine>
          
          
	  <TextLine ID="eSc_line_58153"
                    
                    BASELINE="256 830 1071 835" 
                    HPOS="255"
                    VPOS="770"
                    WIDTH="815"
                    HEIGHT="95">
            <Shape><Polygon POINTS="255 830 260 787 290 787 307 805 335 790 355 807 405 795 457 807 485 797 597 802 627 785 657 815 715 777 742 800 775 805 800 800 825 775 845 777 892 825 930 790 975 800 1002 772 1020 770 1045 795 1065 795 1070 835 1057 855 995 840 932 860 912 860 887 835 727 857 680 855 657 832 635 832 580 857 552 845 460 845 430 865 392 847 337 850 320 865 257 847"/></Shape>
	    <String CONTENT="بگرز دلیران نپیمودمش11"
                    HPOS="255"
                    VPOS="770"
                    WIDTH="815"
                    HEIGHT="95"></String>
          </TextLine>
          
          
	  <TextLine ID="eSc_line_58154"
                    
                    BASELINE="1175 902 1910 902 2002 907" 
                    HPOS="1175"
                    VPOS="842"
                    WIDTH="825"
                    HEIGHT="90">
            <Shape><Polygon POINTS="1175 900 1177 872 1202 852 1285 870 1317 850 1352 880 1382 860 1457 872 1480 852 1507 852 1555 872 1580 850 1605 850 1620 865 1637 850 1665 850 1695 865 1727 845 1782 877 1800 860 1832 870 1867 842 1897 872 1912 862 1970 862 2000 905 1965 925 1932 912 1912 927 1875 905 1857 922 1827 917 1810 930 1732 912 1690 925 1662 905 1627 900 1610 900 1582 925 1467 900 1412 932 1362 922 1347 907 1327 917 1297 910 1277 930 1232 917 1177 920"/></Shape>
	    <String CONTENT="چو این باره12 آید13 سوی ما بجنگ"
                    HPOS="1175"
                    VPOS="842"
                    WIDTH="825"
                    HEIGHT="90"></String>
          </TextLine>
          
          
	  <TextLine ID="eSc_line_58155"
                    
                    BASELINE="250 912 285 910 310 917 335 912 590 912 680 920 775 920 880 917 910 910 1073 917" 
                    HPOS="250"
                    VPOS="852"
                    WIDTH="822"
                    HEIGHT="93">
            <Shape><Polygon POINTS="250 910 257 870 292 867 312 882 342 855 405 885 440 882 457 900 500 870 530 887 562 885 577 870 607 885 702 875 722 895 780 855 805 875 845 855 882 895 927 875 940 885 965 860 1002 852 1037 875 1065 872 1072 915 1057 935 945 912 920 937 837 917 810 935 745 942 712 922 697 937 675 927 622 937 597 927 515 927 490 945 445 917 427 927 327 932 252 915"/></Shape>
	    <String CONTENT="ورا14 بر گرایم ببینمش سنگ15"
                    HPOS="250"
                    VPOS="852"
                    WIDTH="822"
                    HEIGHT="93"></String>
          </TextLine>
          
          
	  <TextLine ID="eSc_line_58156"
                    
                    BASELINE="1170 987 1240 995 1330 995 1357 990 1460 987 1490 982 1991 982" 
                    HPOS="1170"
                    VPOS="925"
                    WIDTH="820"
                    HEIGHT="87">
            <Shape><Polygon POINTS="1170 985 1172 957 1197 932 1232 957 1247 947 1265 960 1335 952 1365 937 1390 960 1435 930 1465 950 1490 937 1507 955 1537 932 1570 952 1590 935 1617 947 1637 927 1662 942 1690 930 1717 952 1737 937 1775 950 1797 930 1820 940 1842 925 1857 925 1885 952 1920 937 1945 950 1975 940 1990 980 1972 1002 1922 990 1895 1007 1860 980 1825 995 1737 992 1705 980 1690 995 1645 995 1630 1007 1585 1005 1550 980 1530 997 1495 1000 1462 985 1422 1005 1385 992 1325 1007 1290 1000 1270 1012 1205 1000 1172 1012"/></Shape>
	    <String CONTENT="بدو گفت قارن که ای شهریار"
                    HPOS="1170"
                    VPOS="925"
                    WIDTH="820"
                    HEIGHT="87"></String>
          </TextLine>
          
          
	  <TextLine ID="eSc_line_58167"
                    
                    BASELINE="252 1000 742 1005 937 992 1076 992" 
                    HPOS="250"
                    VPOS="937"
                    WIDTH="825"
                    HEIGHT="88">
            <Shape><Polygon POINTS="250 1000 252 977 290 940 332 955 350 937 382 957 420 942 447 970 485 952 512 975 532 957 555 965 585 942 620 972 665 945 687 965 795 962 810 952 835 977 867 950 900 962 927 937 947 937 972 962 995 942 1025 962 1067 942 1075 990 1027 1007 955 990 925 1015 842 997 802 1020 787 1005 767 1020 740 1005 720 1015 672 1005 645 1022 612 1005 555 1007 537 1020 507 1005 462 1020 430 1002 362 1005 312 1025 252 1010"/></Shape>
	    <String CONTENT="که آید بپیش تو در کارزار"
                    HPOS="250"
                    VPOS="937"
                    WIDTH="825"
                    HEIGHT="88"></String>
          </TextLine>
          
          
	  <TextLine ID="eSc_line_58147"
                    
                    BASELINE="1185 1070 1355 1062 1882 1065 1992 1055" 
                    HPOS="1185"
                    VPOS="1002"
                    WIDTH="807"
                    HEIGHT="90">
            <Shape><Polygon POINTS="1185 1070 1187 1032 1215 1012 1275 1025 1292 1007 1357 1042 1382 1025 1402 1032 1452 1010 1510 1045 1562 1015 1600 1037 1612 1025 1642 1037 1722 1035 1750 1015 1772 1035 1852 1022 1877 1047 1892 1032 1917 1032 1940 1007 1967 1002 1985 1010 1992 1055 1975 1070 1915 1075 1895 1087 1860 1070 1707 1085 1670 1077 1640 1090 1597 1065 1532 1092 1465 1077 1360 1075 1342 1092 1312 1080 1187 1082"/></Shape>
	    <String CONTENT="اگر همنبرد تو باشد پلنگ"
                    HPOS="1185"
                    VPOS="1002"
                    WIDTH="807"
                    HEIGHT="90"></String>
          </TextLine>
          
          
	  <TextLine ID="eSc_line_58140"
                    
                    BASELINE="250 1080 285 1070 312 1075 1083 1070" 
                    HPOS="250"
                    VPOS="1015"
                    WIDTH="832"
                    HEIGHT="90">
            <Shape><Polygon POINTS="250 1080 257 1027 292 1027 312 1040 352 1015 405 1042 432 1045 452 1025 495 1035 517 1020 570 1047 600 1020 670 1045 797 1040 812 1025 837 1022 877 1047 920 1037 945 1047 962 1032 1005 1025 1045 1040 1072 1032 1082 1070 1075 1095 1047 1082 975 1095 947 1082 930 1100 900 1090 860 1102 825 1080 790 1100 757 1085 722 1100 702 1085 615 1082 597 1102 457 1080 430 1105 387 1085 312 1090 260 1077"/></Shape>
	    <String CONTENT="بدرّد برو16 پوست از یاد17 جنگ18"
                    HPOS="250"
                    VPOS="1015"
                    WIDTH="832"
                    HEIGHT="90"></String>
          </TextLine>
          
          
	  <TextLine ID="eSc_line_58148"
                    
                    BASELINE="1165 1147 1225 1142 1755 1145 1810 1140 1995 1135" 
                    HPOS="1165"
                    VPOS="1085"
                    WIDTH="830"
                    HEIGHT="90">
            <Shape><Polygon POINTS="1165 1147 1167 1100 1177 1097 1237 1105 1252 1117 1327 1117 1362 1095 1392 1110 1422 1102 1452 1115 1490 1090 1517 1105 1552 1095 1575 1117 1635 1097 1675 1112 1712 1087 1745 1105 1780 1092 1795 1107 1822 1095 1860 1110 1892 1085 1940 1105 1982 1090 1995 1135 1962 1155 1802 1152 1792 1142 1762 1155 1707 1150 1655 1170 1607 1160 1585 1172 1552 1145 1537 1157 1485 1152 1437 1172 1342 1147 1315 1175 1167 1152"/></Shape>
	    <String CONTENT="کدامست کاکوی و کاکوی 19 چیست 20"
                    HPOS="1165"
                    VPOS="1085"
                    WIDTH="830"
                    HEIGHT="90"></String>
          </TextLine>
          
          
	  <TextLine ID="eSc_line_58141"
                    
                    BASELINE="270 1147 337 1155 562 1152 630 1160 695 1160 810 1152 1077 1155" 
                    HPOS="270"
                    VPOS="1100"
                    WIDTH="805"
                    HEIGHT="82">
            <Shape><Polygon POINTS="270 1145 272 1107 335 1125 407 1107 422 1122 445 1115 462 1130 505 1120 532 1127 550 1110 585 1102 610 1127 627 1115 650 1125 682 1117 715 1142 757 1112 792 1137 810 1120 832 1125 857 1102 890 1120 910 1107 930 1122 970 1100 992 1100 1015 1122 1042 1110 1065 1115 1075 1155 1017 1165 997 1182 977 1170 925 1177 887 1152 810 1182 780 1160 725 1180 705 1162 682 1182 660 1167 622 1177 582 1167 557 1180 527 1160 467 1180 417 1155 377 1177 272 1162"/></Shape>
	    <String CONTENT="هم‌آورد تو در جهان مرد کیست21"
                    HPOS="270"
                    VPOS="1100"
                    WIDTH="805"
                    HEIGHT="82"></String>
          </TextLine>
          
          
	  <TextLine ID="eSc_line_58127"
                    
                    BASELINE="1190 1235 1627 1235 1685 1230 1807 1230 1840 1222 1995 1225" 
                    HPOS="1190"
                    VPOS="1165"
                    WIDTH="805"
                    HEIGHT="90">
            <Shape><Polygon POINTS="1190 1235 1192 1187 1212 1197 1232 1180 1262 1200 1280 1190 1300 1202 1377 1172 1400 1195 1420 1187 1440 1207 1455 1192 1482 1202 1522 1172 1565 1207 1597 1180 1652 1195 1675 1185 1697 1195 1725 1187 1737 1197 1770 1172 1815 1192 1830 1177 1855 1185 1892 1165 1930 1192 1945 1180 1985 1185 1995 1225 1945 1252 1910 1227 1815 1235 1800 1247 1752 1242 1740 1230 1722 1247 1655 1237 1635 1250 1572 1252 1555 1235 1515 1245 1482 1235 1462 1252 1432 1242 1407 1255 1365 1235 1290 1235 1192 1252"/></Shape>
	    <String CONTENT="من اکنون بهوش دل و پاک مغز"
                    HPOS="1190"
                    VPOS="1165"
                    WIDTH="805"
                    HEIGHT="90"></String>
          </TextLine>
          
          
	  <TextLine ID="eSc_line_58139"
                    
                    BASELINE="272 1222 310 1237 335 1232 585 1232 662 1245 745 1245 797 1240 840 1230 932 1240 1093 1235" 
                    HPOS="270"
                    VPOS="1175"
                    WIDTH="822"
                    HEIGHT="92">
            <Shape><Polygon POINTS="270 1220 272 1187 340 1207 357 1190 382 1200 407 1187 432 1210 462 1180 672 1205 692 1195 735 1200 765 1175 792 1202 855 1200 887 1180 950 1212 1040 1180 1085 1207 1092 1235 1065 1255 1005 1245 967 1257 947 1242 922 1262 890 1247 855 1262 827 1245 790 1245 752 1262 712 1265 670 1247 635 1260 605 1252 582 1267 565 1267 515 1230 452 1260 412 1242 310 1262 272 1242"/></Shape>
	    <String CONTENT="یکی چاره سازم برین22  کار نغز23"
                    HPOS="270"
                    VPOS="1175"
                    WIDTH="822"
                    HEIGHT="92"></String>
          </TextLine>
          
          
	  <TextLine ID="eSc_line_58131"
                    
                    BASELINE="1170 1307 1210 1302 1305 1302 1330 1307 1615 1307 1695 1310 1722 1315 1847 1315 1995 1297" 
                    HPOS="1170"
                    VPOS="1250"
                    WIDTH="825"
                    HEIGHT="90">
            <Shape><Polygon POINTS="1170 1307 1177 1262 1212 1260 1232 1277 1262 1252 1290 1265 1317 1257 1337 1277 1357 1262 1402 1260 1445 1280 1502 1260 1542 1275 1600 1252 1627 1272 1662 1257 1735 1287 1805 1260 1832 1282 1852 1262 1882 1275 1920 1257 1942 1267 1970 1250 1987 1255 1995 1297 1920 1330 1882 1322 1842 1335 1825 1320 1812 1330 1787 1320 1750 1335 1727 1315 1675 1335 1625 1315 1585 1315 1550 1340 1527 1325 1495 1337 1475 1320 1422 1340 1402 1322 1357 1320 1337 1307 1320 1307 1305 1325 1255 1327 1175 1310"/></Shape>
	    <String CONTENT="کزین پس سوی ما  ز دژهوخت کنگ24"
                    HPOS="1170"
                    VPOS="1250"
                    WIDTH="825"
                    HEIGHT="90"></String>
          </TextLine>
          
          
	  <TextLine ID="eSc_line_58138"
                    
                    BASELINE="265 1297 300 1310 415 1315 957 1315 1017 1310 1057 1322 1095 1317" 
                    HPOS="265"
                    VPOS="1255"
                    WIDTH="830"
                    HEIGHT="90">
            <Shape><Polygon POINTS="265 1297 270 1265 297 1262 317 1280 347 1257 435 1292 462 1275 482 1287 520 1262 542 1285 565 1285 580 1270 610 1282 627 1265 657 1267 675 1285 692 1270 742 1265 760 1282 800 1282 815 1295 852 1267 895 1285 947 1255 965 1272 1000 1262 1022 1285 1055 1270 1070 1275 1090 1290 1095 1317 1065 1340 1020 1340 992 1312 970 1327 927 1320 865 1342 805 1315 752 1340 705 1330 687 1345 667 1345 617 1315 557 1337 517 1330 492 1340 432 1325 415 1342 267 1317"/></Shape>
	    <String CONTENT="چو کاکوی سر کش 25  نیاید بجنگ 26"
                    HPOS="265"
                    VPOS="1255"
                    WIDTH="830"
                    HEIGHT="90"></String>
          </TextLine>
          
          
	  <TextLine ID="eSc_line_58132"
                    
                    BASELINE="260 1530 295 1515 322 1512 1415 1515 1467 1510 1642 1510 1695 1502 2000 1505" 
                    HPOS="260"
                    VPOS="1445"
                    WIDTH="1740"
                    HEIGHT="102">
            <Shape><Polygon POINTS="260 1530 275 1475 307 1487 392 1485 407 1475 427 1482 452 1460 480 1472 507 1462 527 1480 612 1477 635 1497 715 1457 772 1472 795 1495 812 1480 887 1482 905 1467 940 1482 975 1452 1025 1482 1082 1475 1100 1490 1127 1470 1165 1487 1197 1465 1245 1477 1280 1450 1315 1465 1362 1450 1407 1480 1432 1475 1467 1445 1520 1480 1557 1450 1597 1477 1650 1475 1682 1452 1742 1470 1772 1452 1792 1470 1825 1462 1850 1480 1872 1462 1897 1477 1920 1457 1940 1467 1987 1460 2000 1505 1952 1510 1922 1530 1890 1515 1862 1525 1842 1510 1817 1527 1795 1512 1750 1517 1690 1505 1670 1520 1632 1517 1587 1532 1570 1517 1542 1537 1510 1515 1447 1520 1437 1530 1392 1520 1332 1527 1305 1515 1225 1530 1160 1515 1125 1530 1102 1515 1077 1535 1037 1522 1007 1547 977 1525 842 1525 810 1542 790 1525 757 1532 682 1522 650 1532 627 1512 555 1535 502 1522 470 1537 440 1515 412 1537 332 1527 300 1540 272 1527"/></Shape>
	    <String CONTENT="من و چند کس از دلیران گرد * برفتیم یکسر سپه‌را ببرد"
                    HPOS="260"
                    VPOS="1445"
                    WIDTH="1740"
                    HEIGHT="102"></String>
          </TextLine>
          
          
	  <TextLine ID="eSc_line_58157"
                    
                    BASELINE="272 1585 1130 1585 1180 1580 1427 1580 1510 1572 1967 1572 2000 1577" 
                    HPOS="272"
                    VPOS="1515"
                    WIDTH="1728"
                    HEIGHT="95">
            <Shape><Polygon POINTS="272 1585 282 1540 330 1552 385 1527 415 1545 452 1525 490 1557 530 1540 555 1550 582 1527 660 1560 695 1537 745 1545 767 1535 782 1547 817 1547 837 1565 857 1550 915 1550 930 1537 962 1547 990 1535 1007 1547 1035 1522 1095 1560 1125 1540 1162 1560 1195 1535 1232 1550 1267 1532 1280 1545 1312 1522 1347 1545 1387 1525 1432 1552 1507 1522 1565 1552 1600 1525 1635 1545 1652 1532 1675 1542 1727 1532 1740 1542 1770 1540 1797 1517 1820 1530 1837 1515 1902 1547 1922 1535 1985 1535 2000 1577 1967 1597 1947 1582 1915 1597 1892 1577 1807 1595 1785 1575 1760 1595 1732 1585 1690 1595 1625 1575 1587 1600 1557 1582 1517 1600 1440 1582 1417 1602 1387 1590 1352 1605 1317 1580 1297 1592 1162 1582 1135 1602 1097 1585 1075 1605 1037 1590 877 1595 857 1610 830 1590 810 1607 772 1592 685 1602 662 1590 642 1607 605 1590 530 1592 495 1607 470 1585 435 1595 277 1590"/></Shape>
	    <String CONTENT="چو مارا بدید او سبک باز گشت * بگشتیم چندی و اندر گذشت"
                    HPOS="272"
                    VPOS="1515"
                    WIDTH="1728"
                    HEIGHT="95"></String>
          </TextLine>
          
          
	  <TextLine ID="eSc_line_58129"
                    
                    BASELINE="268 2067 495 2067 545 2062 637 2062 780 2075 875 2062 995 2062 1087 2065 1122 2070 1397 2070 1465 2062 1635 2065 1660 2060 1735 2060 1780 2050 1887 2060 2004 2060" 
                    HPOS="267"
                    VPOS="2002"
                    WIDTH="1735"
                    HEIGHT="90">
            <Shape><Polygon POINTS="267 2065 272 2035 315 2010 387 2042 415 2022 442 2035 517 2012 587 2040 617 2015 647 2032 675 2017 702 2037 737 2015 780 2035 807 2022 835 2032 877 2010 905 2035 945 2037 985 2007 1010 2027 1037 2017 1057 2035 1082 2027 1102 2045 1127 2022 1145 2025 1167 2045 1230 2007 1252 2025 1280 2017 1297 2032 1317 2030 1337 2047 1360 2027 1442 2035 1472 2030 1497 2010 1532 2032 1580 2002 1600 2012 1632 2005 1652 2022 1687 2015 1707 2030 1747 2002 1775 2017 1795 2007 1820 2027 1877 2015 1900 2032 1917 2017 1977 2015 1995 2022 2002 2060 1980 2080 1952 2065 1925 2077 1892 2067 1882 2077 1852 2067 1807 2077 1647 2062 1600 2085 1575 2072 1542 2077 1525 2065 1455 2085 1440 2077 1417 2087 1402 2077 1387 2090 1330 2077 1295 2090 1277 2075 1232 2072 1192 2082 1177 2070 1145 2085 1100 2070 1077 2090 1040 2077 980 2077 945 2080 930 2092 890 2067 845 2080 807 2075 770 2090 722 2087 700 2067 650 2082 590 2072 570 2090 535 2077 447 2087 392 2070 362 2092 325 2075 292 2087 272 2080"/></Shape>
	    <String CONTENT="چو برخاست آوای شیپور و نای * بقلب اندرون شاه بگزید جای"
                    HPOS="267"
                    VPOS="2002"
                    WIDTH="1735"
                    HEIGHT="90"></String>
          </TextLine>
          
          
	  <TextLine ID="eSc_line_58128"
                    
                    BASELINE="287 2140 497 2140 525 2132 855 2132 902 2140 1257 2140 1290 2130 1322 2135 1665 2135 1692 2130 1755 2130 1807 2125 1880 2130 1915 2122 2020 2125" 
                    HPOS="285"
                    VPOS="2072"
                    WIDTH="1735"
                    HEIGHT="90">
            <Shape><Polygon POINTS="285 2140 290 2087 312 2080 347 2102 387 2105 417 2087 445 2112 482 2095 505 2105 537 2080 572 2102 597 2087 617 2105 645 2097 665 2107 705 2080 720 2092 742 2082 762 2097 797 2082 820 2097 882 2082 912 2110 972 2097 992 2105 1020 2090 1037 2105 1072 2097 1105 2117 1132 2095 1165 2112 1220 2077 1267 2105 1305 2097 1325 2107 1367 2082 1390 2102 1420 2085 1442 2102 1475 2095 1492 2107 1520 2082 1545 2092 1567 2075 1610 2100 1637 2077 1675 2097 1697 2082 1737 2097 1765 2075 1790 2090 1832 2072 1880 2100 1957 2095 1987 2082 2020 2125 1907 2137 1882 2152 1827 2127 1805 2142 1680 2132 1575 2142 1557 2155 1515 2152 1495 2137 1472 2157 1450 2145 1330 2140 1302 2162 1272 2145 1252 2157 1190 2155 1172 2140 1142 2157 1110 2140 1070 2160 1000 2140 975 2160 952 2147 915 2160 890 2142 875 2152 747 2147 710 2160 680 2135 640 2162 567 2130 550 2145 477 2147 460 2160 422 2142 370 2157 345 2147 290 2155"/></Shape>
	    <String CONTENT="همی گفت قارن بشاه جوان * چه بر آشکارا چه اندر نهان"
                    HPOS="285"
                    VPOS="2072"
                    WIDTH="1735"
                    HEIGHT="90"></String>
          </TextLine>
          
          
	  <TextLine ID="eSc_line_58119"
                    
                    BASELINE="270 2390 1492 2395 1522 2390 1637 2390 1672 2397 1707 2390 1735 2390 1760 2383 1800 2392 1957 2392 2010 2389" 
                    HPOS="270"
                    VPOS="2327"
                    WIDTH="1740"
                    HEIGHT="98">
            <Shape><Polygon POINTS="270 2390 272 2370 325 2342 387 2360 460 2357 472 2370 502 2352 527 2362 550 2347 577 2365 612 2342 680 2375 712 2352 745 2362 785 2345 825 2350 847 2370 905 2352 935 2367 980 2345 1050 2362 1087 2345 1117 2370 1150 2355 1175 2375 1232 2340 1322 2367 1347 2352 1367 2360 1407 2345 1422 2357 1442 2342 1482 2340 1505 2360 1570 2342 1590 2357 1637 2357 1660 2375 1705 2345 1730 2362 1757 2337 1795 2335 1832 2362 1877 2345 1900 2355 1950 2327 1970 2340 2000 2330 2010 2387 1960 2410 1905 2397 1890 2410 1860 2402 1850 2412 1820 2407 1800 2390 1780 2400 1720 2390 1687 2410 1662 2412 1642 2400 1602 2417 1507 2395 1432 2415 1405 2395 1367 2420 1332 2400 1300 2420 1270 2402 1205 2407 1185 2395 1142 2417 1112 2395 1087 2395 1030 2417 975 2402 952 2422 917 2407 855 2407 827 2392 807 2410 777 2402 745 2425 685 2402 665 2417 632 2407 592 2417 577 2407 477 2400 452 2420 432 2407 292 2410 275 2397"/></Shape>
	    <String CONTENT="ازان پس که در سوخت آن کوه وسنگ * کجا بند کاکوی یابند بجنگ"
                    HPOS="270"
                    VPOS="2327"
                    WIDTH="1740"
                    HEIGHT="98"></String>
          </TextLine>
          
          
	  <TextLine ID="eSc_line_58123"
                    
                    BASELINE="275 2475 312 2465 342 2462 555 2462 590 2475 762 2472 890 2477 915 2470 955 2477 980 2470 1117 2475 1235 2470 1290 2460 1352 2465 1852 2465 2020 2452" 
                    HPOS="275"
                    VPOS="2407"
                    WIDTH="1745"
                    HEIGHT="93">
            <Shape><Polygon POINTS="275 2475 287 2425 377 2435 405 2415 442 2442 475 2420 497 2437 560 2422 575 2435 600 2427 627 2450 652 2430 690 2425 742 2452 792 2425 825 2452 892 2430 930 2452 955 2430 977 2440 1025 2437 1052 2432 1077 2410 1117 2437 1150 2427 1177 2450 1202 2427 1257 2437 1287 2437 1317 2417 1342 2432 1362 2417 1392 2430 1412 2417 1440 2427 1472 2407 1497 2422 1522 2415 1562 2447 1595 2422 1625 2437 1665 2412 1692 2412 1732 2437 1745 2427 1797 2427 1820 2407 1865 2430 1912 2422 1935 2432 1962 2410 1987 2410 2020 2450 1990 2472 1947 2472 1937 2462 1895 2472 1777 2470 1752 2487 1725 2472 1680 2485 1625 2467 1605 2485 1572 2490 1547 2470 1380 2477 1345 2465 1335 2477 1255 2480 1237 2492 1217 2492 1190 2472 1155 2487 1092 2475 1052 2497 995 2477 962 2500 925 2480 905 2495 877 2485 840 2497 810 2472 765 2492 730 2475 710 2490 650 2497 622 2477 592 2492 577 2480 472 2480 445 2460 425 2475 347 2477 317 2492 285 2475"/></Shape>
	    <String CONTENT="دل سلم زان در شکسته شود * ازین پس در رزم بسته شود"
                    HPOS="275"
                    VPOS="2407"
                    WIDTH="1745"
                    HEIGHT="93"></String>
          </TextLine>
          
          
	  <TextLine ID="eSc_line_58130"
                    
                    BASELINE="280 2537 385 2535 570 2545 700 2545 730 2540 1027 2540 1052 2545 1082 2545 1107 2540 1345 2537 1457 2545 1517 2540 1542 2532 1622 2535 1912 2527 1940 2520 1965 2527 2016 2527" 
                    HPOS="280"
                    VPOS="2470"
                    WIDTH="1735"
                    HEIGHT="97">
            <Shape><Polygon POINTS="280 2535 292 2495 342 2507 380 2480 427 2510 462 2495 520 2507 557 2482 597 2510 637 2507 672 2535 725 2500 765 2525 822 2497 857 2512 875 2497 905 2510 942 2497 952 2507 990 2482 1032 2510 1087 2502 1110 2520 1140 2500 1175 2520 1205 2495 1270 2507 1305 2482 1325 2500 1352 2487 1395 2520 1417 2500 1530 2502 1550 2485 1592 2510 1640 2480 1702 2487 1727 2507 1745 2497 1767 2512 1800 2490 1820 2495 1840 2482 1857 2492 1910 2475 1932 2482 1950 2470 2007 2492 2015 2525 2002 2550 1975 2537 1815 2547 1772 2535 1740 2560 1705 2537 1675 2560 1655 2560 1607 2550 1590 2535 1527 2552 1460 2547 1417 2562 1380 2540 1340 2552 1205 2550 1177 2540 1150 2562 1112 2545 1085 2565 1062 2552 1032 2560 1007 2540 990 2552 910 2545 867 2567 845 2550 780 2562 752 2542 712 2565 675 2545 545 2565 512 2550 477 2560 432 2542 407 2560 375 2547 285 2545"/></Shape>
	    <String CONTENT="بگفتند و آوای شیپور خاست * بر آمد ز هر دو سراپرده راست"
                    HPOS="280"
                    VPOS="2470"
                    WIDTH="1735"
                    HEIGHT="97"></String>
          </TextLine>
          
          
	  <TextLine ID="eSc_line_58124"
                    
                    BASELINE="282 2607 415 2602 442 2610 910 2607 940 2617 1000 2612 1142 2612 1167 2617 1202 2610 1420 2610 1472 2602 1800 2605 2015 2595" 
                    HPOS="282"
                    VPOS="2540"
                    WIDTH="1733"
                    HEIGHT="97">
            <Shape><Polygon POINTS="282 2607 287 2572 327 2550 377 2560 395 2575 417 2570 440 2585 475 2565 492 2580 535 2580 555 2562 592 2577 617 2560 647 2580 685 2580 715 2565 740 2582 767 2560 792 2575 822 2555 842 2555 865 2575 892 2565 912 2582 922 2572 972 2575 1010 2555 1045 2582 1082 2570 1112 2592 1152 2572 1177 2592 1240 2552 1300 2572 1372 2570 1385 2582 1432 2577 1475 2555 1505 2575 1570 2575 1587 2590 1615 2567 1690 2572 1715 2552 1772 2577 1837 2545 1900 2582 1977 2540 2007 2565 2015 2595 1992 2610 1967 2605 1925 2622 1892 2612 1865 2625 1840 2612 1805 2627 1777 2605 1657 2615 1617 2637 1577 2612 1512 2632 1470 2617 1355 2630 1345 2620 1205 2627 1180 2615 1142 2635 1112 2612 1060 2632 1020 2612 972 2637 945 2635 905 2610 882 2625 785 2625 752 2610 687 2625 627 2622 585 2610 527 2630 452 2630 437 2617 407 2635 377 2617 287 2617"/></Shape>
	    <String CONTENT="دگر باره دشمن سپاهی بجنگ * در آورد ناگه همه تیز چنگ"
                    HPOS="282"
                    VPOS="2540"
                    WIDTH="1733"
                    HEIGHT="97"></String>
          </TextLine>
          
          
	  <TextLine ID="eSc_line_58169"
                    
                    BASELINE="1110 2855 1147 2870 1207 2870" 
                    HPOS="1110"
                    VPOS="2812"
                    WIDTH="97"
                    HEIGHT="80">
            <Shape><Polygon POINTS="1110 2855 1125 2820 1167 2812 1205 2827 1207 2870 1192 2892 1152 2882 1122 2890 1112 2875"/></Shape>
	    <String CONTENT="۲۶۱"
                    HPOS="1110"
                    VPOS="2812"
                    WIDTH="97"
                    HEIGHT="80"></String>
          </TextLine>
          </TextBlock>
          
        </PrintSpace>
      </Page>
    </Layout>
  </alto>
