<?xml version="1.0" encoding="UTF-8"?>
<alto xmlns:xsi="http://www.w3.org/2001/XMLSchema-instance"
      xmlns="http://www.loc.gov/standards/alto/ns-v4#"
      xsi:schemaLocation="http://www.loc.gov/standards/alto/ns-v4# https://gitlab.inria.fr/scripta/escriptorium/-/raw/develop/app/escriptorium/static/alto-4-1-baselines.xsd">
  <Description>
    <MeasurementUnit>pixel</MeasurementUnit>
    <sourceImageInformation>
      <fileName>Ferdowsi_Moscow.pdf_000063.png</fileName>
    </sourceImageInformation>
  </Description>
  
  <Tags>
    <OtherTag ID="BT1" LABEL="Title" DESCRIPTION="block type Title"/><OtherTag ID="BT2" LABEL="Main" DESCRIPTION="block type Main"/><OtherTag ID="BT3" LABEL="Commentary" DESCRIPTION="block type Commentary"/><OtherTag ID="BT4" LABEL="Illustration" DESCRIPTION="block type Illustration"/>
    
  </Tags>
  
  <Layout>
    <Page WIDTH="2430"
          HEIGHT="3000"
          PHYSICAL_IMG_NR="29"
          ID="eSc_dummypage_">
      <PrintSpace HPOS="0"
                  VPOS="0"
                  WIDTH="2430"
                  HEIGHT="3000">
        
        <TextBlock ID="eSc_dummyblock_">
          
	  <TextLine ID="eSc_line_120183"
                    
                    BASELINE="1050 430 1221 430" 
                    HPOS="1050"
                    VPOS="382"
                    WIDTH="170"
                    HEIGHT="100">
            <Shape><Polygon POINTS="1050 430 1065 397 1130 395 1152 382 1185 390 1220 430 1215 480 1055 482"/></Shape>
	    <String CONTENT="منوجهر"
                    HPOS="1050"
                    VPOS="382"
                    WIDTH="170"
                    HEIGHT="100"></String>
          </TextLine>
          
          
	  <TextLine ID="eSc_line_120184"
                    
                    BASELINE="1172 552 1347 552 1420 560 1680 560 1722 552 1944 552 1995 557" 
                    HPOS="1170"
                    VPOS="492"
                    WIDTH="825"
                    HEIGHT="93">
            <Shape><Polygon POINTS="1170 550 1180 510 1207 520 1225 505 1250 517 1282 507 1315 520 1345 495 1365 510 1390 497 1417 522 1485 517 1505 535 1547 522 1587 492 1615 520 1655 522 1672 507 1700 527 1725 510 1755 505 1775 517 1797 502 1825 505 1850 527 1935 495 1982 525 1995 555 1965 575 1905 562 1867 580 1840 565 1817 582 1782 565 1725 567 1702 557 1675 580 1650 567 1560 567 1535 585 1497 562 1480 580 1450 567 1385 567 1362 582 1337 565 1172 565"/></Shape>
	    <String CONTENT="یکی ژنده پیلی بیاراستند"
                    HPOS="1170"
                    VPOS="492"
                    WIDTH="825"
                    HEIGHT="93"></String>
          </TextLine>
          
          
	  <TextLine ID="eSc_line_120217"
                    
                    BASELINE="240 572 272 552 355 552 382 557 555 565 622 562 1010 565 1085 557" 
                    HPOS="240"
                    VPOS="497"
                    WIDTH="845"
                    HEIGHT="93">
            <Shape><Polygon POINTS="240 572 255 507 317 522 335 510 362 522 397 510 425 525 465 497 505 525 607 527 627 517 647 532 665 517 702 527 740 510 797 525 832 510 850 522 872 500 900 515 930 502 960 530 977 517 1062 515 1085 557 1057 580 1017 570 965 582 945 565 797 567 770 590 700 572 657 590 640 575 612 582 602 572 572 585 557 572 470 580 455 570 255 565"/></Shape>
	    <String CONTENT="برو تخت زرّین بپیراستند1"
                    HPOS="240"
                    VPOS="497"
                    WIDTH="845"
                    HEIGHT="93"></String>
          </TextLine>
          
          
	  <TextLine ID="eSc_line_120218"
                    
                    BASELINE="1160 657 1200 652 1322 655 1477 650 1540 642 1947 645 1998 637" 
                    HPOS="1160"
                    VPOS="585"
                    WIDTH="837"
                    HEIGHT="90">
            <Shape><Polygon POINTS="1160 655 1165 612 1192 590 1232 605 1260 632 1290 610 1380 610 1402 592 1430 610 1475 600 1487 612 1530 597 1550 612 1572 590 1605 610 1632 590 1662 610 1725 605 1745 625 1792 585 1817 607 1852 597 1887 610 1917 592 1940 612 1967 595 1997 635 1960 657 1827 655 1802 645 1765 672 1737 652 1722 665 1695 655 1657 665 1637 652 1542 657 1492 647 1455 675 1415 667 1400 652 1365 672 1335 657 1310 672 1270 670 1250 652 1225 675 1162 662"/></Shape>
	    <String CONTENT="نشست از بر تخت زر2  پور زال"
                    HPOS="1160"
                    VPOS="585"
                    WIDTH="837"
                    HEIGHT="90"></String>
          </TextLine>
          
          
	  <TextLine ID="eSc_line_120202"
                    
                    BASELINE="255 647 290 655 600 650 625 655 835 655 957 645 1081 645" 
                    HPOS="255"
                    VPOS="587"
                    WIDTH="825"
                    HEIGHT="90">
            <Shape><Polygon POINTS="255 645 257 597 285 607 305 590 322 592 360 630 377 615 402 625 442 597 505 610 532 595 555 605 575 592 630 625 660 612 697 650 675 587 810 622 842 600 877 612 900 590 930 612 955 615 972 597 1007 592 1027 607 1057 590 1072 605 1080 645 1040 670 967 650 945 672 912 657 892 675 820 667 805 655 740 672 705 655 677 655 657 672 627 662 600 672 585 660 535 652 442 662 407 655 372 677 355 665 292 667 260 652"/></Shape>
	    <String CONTENT="ابا3 بازوی شیر4 و با کتف و یال 5"
                    HPOS="255"
                    VPOS="587"
                    WIDTH="825"
                    HEIGHT="90"></String>
          </TextLine>
          
          
	  <TextLine ID="eSc_line_120203"
                    
                    BASELINE="1170 737 1445 745 1475 740 1535 740 1600 745 1680 735 1737 732 1994 735" 
                    HPOS="1170"
                    VPOS="675"
                    WIDTH="822"
                    HEIGHT="92">
            <Shape><Polygon POINTS="1170 735 1172 685 1197 677 1210 677 1232 705 1302 695 1330 717 1345 702 1380 695 1417 720 1445 700 1515 705 1550 680 1580 702 1605 695 1615 707 1665 675 1712 682 1722 695 1737 682 1757 682 1770 697 1805 687 1817 702 1865 692 1890 715 1962 690 1985 707 1992 735 1970 755 1932 742 1910 757 1885 745 1865 757 1840 745 1765 762 1737 732 1720 732 1680 742 1647 767 1615 750 1580 757 1565 742 1465 745 1447 755 1407 745 1392 760 1367 747 1330 757 1305 740 1252 757 1222 745 1172 755"/></Shape>
	    <String CONTENT="بسر برش6 تاج و کمر بر میان"
                    HPOS="1170"
                    VPOS="675"
                    WIDTH="822"
                    HEIGHT="92"></String>
          </TextLine>
          
          
	  <TextLine ID="eSc_line_120208"
                    
                    BASELINE="257 737 410 745 462 745 487 740 635 740 725 745 1081 740" 
                    HPOS="255"
                    VPOS="677"
                    WIDTH="825"
                    HEIGHT="88">
            <Shape><Polygon POINTS="255 735 257 687 280 692 320 680 352 702 400 677 450 705 495 677 517 700 535 690 562 705 622 695 655 727 692 695 710 695 740 725 767 697 800 722 840 690 870 705 932 695 972 735 968 689 1062 702 1080 740 1007 762 960 742 937 762 857 747 830 765 797 745 770 762 737 745 677 762 650 742 610 750 512 740 395 765 377 747 287 760 257 740"/></Shape>
	    <String CONTENT="سپر7 پیش و در دست گرز گران8"
                    HPOS="255"
                    VPOS="677"
                    WIDTH="825"
                    HEIGHT="88"></String>
          </TextLine>
          
          
	  <TextLine ID="eSc_line_120192"
                    
                    BASELINE="1150 827 1315 822 1427 825 1487 820 1572 830 1705 827 1742 830 1770 837 1795 832 1952 832 1985 837" 
                    HPOS="1150"
                    VPOS="765"
                    WIDTH="835"
                    HEIGHT="85">
            <Shape><Polygon POINTS="1150 827 1152 782 1170 770 1227 792 1272 780 1297 792 1330 782 1352 805 1385 780 1417 792 1437 772 1467 767 1490 790 1517 770 1545 792 1562 782 1592 805 1632 765 1667 790 1735 787 1750 800 1765 785 1815 780 1837 802 1885 765 1920 790 1977 790 1985 837 1957 850 1925 832 1900 847 1850 850 1815 832 1785 850 1735 832 1637 832 1607 850 1585 830 1562 845 1532 835 1502 850 1472 827 1452 840 1352 825 1330 847 1300 835 1247 845 1170 827"/></Shape>
	    <String CONTENT="چواز دور سام یل آمد پدید9"
                    HPOS="1150"
                    VPOS="765"
                    WIDTH="835"
                    HEIGHT="85"></String>
          </TextLine>
          
          
	  <TextLine ID="eSc_line_120209"
                    
                    BASELINE="250 827 285 825 342 830 670 830 700 835 777 837 825 822 1056 822 1082 827" 
                    HPOS="250"
                    VPOS="772"
                    WIDTH="830"
                    HEIGHT="80">
            <Shape><Polygon POINTS="250 825 252 797 270 785 297 797 350 795 370 775 400 795 447 775 477 805 527 787 622 792 637 777 667 792 745 795 780 780 795 792 832 772 860 792 925 792 945 775 972 795 1060 790 1080 825 1000 850 937 830 910 850 887 837 855 847 815 827 755 852 692 852 632 830 610 850 567 837 535 850 510 840 475 850 452 830 330 845 252 835"/></Shape>
	    <String CONTENT="سپه بر10 دو رویه رده بر کشید"
                    HPOS="250"
                    VPOS="772"
                    WIDTH="830"
                    HEIGHT="80"></String>
          </TextLine>
          
          
	  <TextLine ID="eSc_line_120211"
                    
                    BASELINE="1172 912 1987 912" 
                    HPOS="1172"
                    VPOS="852"
                    WIDTH="815"
                    HEIGHT="93">
            <Shape><Polygon POINTS="1172 912 1177 867 1200 857 1227 872 1282 862 1322 887 1352 880 1375 857 1410 882 1447 872 1505 880 1522 862 1550 862 1582 880 1612 860 1667 892 1702 857 1740 885 1765 870 1792 880 1825 857 1857 877 1877 870 1920 882 1965 852 1982 862 1987 912 1905 937 1885 937 1850 912 1830 927 1752 925 1725 912 1690 942 1660 927 1637 937 1622 925 1575 937 1517 912 1455 935 1430 925 1407 937 1375 927 1350 935 1330 917 1305 940 1270 917 1225 945 1197 930 1177 932"/></Shape>
	    <String CONTENT="فرود آمد از باره11 مهراب و12 زال"
                    HPOS="1172"
                    VPOS="852"
                    WIDTH="815"
                    HEIGHT="93"></String>
          </TextLine>
          
          
	  <TextLine ID="eSc_line_120210"
                    
                    BASELINE="267 900 305 915 735 912 950 920 975 925 1076 920" 
                    HPOS="265"
                    VPOS="855"
                    WIDTH="810"
                    HEIGHT="87">
            <Shape><Polygon POINTS="265 900 267 865 297 870 310 857 330 857 357 885 395 882 410 897 447 860 480 885 550 877 567 892 595 872 622 885 640 867 702 885 752 885 782 867 800 885 830 862 862 877 905 857 925 875 967 855 990 877 1062 875 1075 920 1060 937 1032 925 1007 937 965 937 950 925 875 935 840 915 795 930 760 917 740 937 705 927 675 940 657 927 587 927 570 917 550 937 452 927 435 942 400 922 300 935 267 920"/></Shape>
	    <String CONTENT="بزرگان که بودند بسیار سال13"
                    HPOS="265"
                    VPOS="855"
                    WIDTH="810"
                    HEIGHT="87"></String>
          </TextLine>
          
          
	  <TextLine ID="eSc_line_120219"
                    
                    BASELINE="1160 1010 1247 1017 1275 1010 1347 1010 1415 1002 1792 1005 1935 1000 1960 1005 1921 1000 1994 1000" 
                    HPOS="1160"
                    VPOS="942"
                    WIDTH="832"
                    HEIGHT="90">
            <Shape><Polygon POINTS="1160 1010 1165 977 1187 960 1210 972 1320 962 1342 985 1400 965 1430 985 1450 970 1522 970 1537 985 1567 960 1595 972 1645 945 1682 970 1697 960 1727 970 1755 952 1775 972 1842 942 1862 960 1880 945 1905 957 1942 945 1987 977 1992 1000 1975 1022 1940 1010 1892 1010 1867 1022 1845 1010 1800 1015 1777 1005 1697 1022 1652 1010 1557 1015 1530 1002 1447 1025 1420 1012 1405 1027 1382 1017 1347 1027 1330 1017 1310 1032 1290 1030 1275 1012 1212 1015 1185 1032 1162 1025"/></Shape>
	    <String CONTENT="یکایک نهادند سر بر زمین"
                    HPOS="1160"
                    VPOS="942"
                    WIDTH="832"
                    HEIGHT="90"></String>
          </TextLine>
          
          
	  <TextLine ID="eSc_line_120221"
                    
                    BASELINE="272 1010 340 1015 420 1005 512 1002 712 1002 772 1010 980 1007 1037 1012 1088 1005" 
                    HPOS="270"
                    VPOS="947"
                    WIDTH="817"
                    HEIGHT="88">
            <Shape><Polygon POINTS="270 1010 272 965 295 975 322 965 367 975 395 947 432 950 447 965 487 952 535 975 555 957 607 975 647 950 690 977 722 955 752 985 792 950 815 972 835 967 852 985 897 950 922 972 952 970 970 987 990 972 1022 975 1060 947 1080 967 1087 1005 1067 1007 1042 1030 1020 1017 980 1027 955 1010 890 1015 870 1035 847 1020 835 1030 810 1020 772 1030 747 1007 655 1035 632 1017 497 1017 440 1005 420 1025 370 1017 345 1030 300 1017 272 1035"/></Shape>
	    <String CONTENT="ابر سام یل خواندند14 آفرین"
                    HPOS="270"
                    VPOS="947"
                    WIDTH="817"
                    HEIGHT="88"></String>
          </TextLine>
          
          
	  <TextLine ID="eSc_line_120204"
                    
                    BASELINE="1152 1087 1190 1082 1220 1090 1352 1095 1892 1092 1937 1097 2004 1081" 
                    HPOS="1150"
                    VPOS="1030"
                    WIDTH="852"
                    HEIGHT="90">
            <Shape><Polygon POINTS="1150 1085 1152 1050 1165 1040 1267 1057 1287 1037 1310 1050 1342 1037 1362 1055 1387 1045 1407 1062 1430 1052 1447 1065 1485 1040 1502 1057 1525 1052 1545 1072 1580 1037 1595 1037 1617 1060 1655 1062 1692 1032 1725 1060 1797 1050 1830 1067 1857 1040 1880 1052 1915 1030 1942 1055 1965 1052 2002 1080 1962 1120 1925 1120 1905 1102 1847 1115 1827 1100 1802 1117 1780 1102 1752 1110 1737 1100 1707 1115 1667 1092 1587 1102 1567 1120 1542 1100 1527 1110 1500 1102 1475 1117 1445 1102 1435 1115 1290 1100 1247 1110 1172 1100 1155 1087"/></Shape>
	    <String CONTENT="چو گل چهرهٔ سام یل بشکفید15"
                    HPOS="1150"
                    VPOS="1030"
                    WIDTH="852"
                    HEIGHT="90"></String>
          </TextLine>
          
          
	  <TextLine ID="eSc_line_120198"
                    
                    BASELINE="264 1087 329 1095 672 1092 785 1105 1074 1100" 
                    HPOS="262"
                    VPOS="1025"
                    WIDTH="810"
                    HEIGHT="100">
            <Shape><Polygon POINTS="262 1085 265 1042 302 1055 352 1052 385 1077 400 1062 457 1062 477 1045 502 1055 540 1025 567 1052 602 1062 677 1045 697 1065 750 1057 765 1072 792 1045 820 1062 880 1055 900 1075 992 1040 1012 1057 1062 1060 1072 1100 1047 1117 1005 1120 985 1102 957 1102 937 1120 890 1112 870 1125 852 1110 815 1107 792 1122 760 1107 745 1120 722 1110 690 1122 650 1097 627 1120 602 1107 572 1117 515 1092 497 1105 420 1105 402 1117 367 1097 340 1115 265 1097"/></Shape>
	    <String CONTENT="چو16 بر پیل بر17 بچهٔ شیر دید18"
                    HPOS="262"
                    VPOS="1025"
                    WIDTH="810"
                    HEIGHT="100"></String>
          </TextLine>
          
          
	  <TextLine ID="eSc_line_120212"
                    
                    BASELINE="1172 1185 1927 1185 2006 1177" 
                    HPOS="1170"
                    VPOS="1122"
                    WIDTH="835"
                    HEIGHT="85">
            <Shape><Polygon POINTS="1170 1185 1180 1137 1220 1147 1267 1125 1290 1135 1327 1127 1350 1147 1367 1132 1395 1147 1465 1140 1485 1160 1525 1127 1547 1147 1605 1140 1632 1167 1657 1147 1695 1140 1727 1157 1755 1132 1787 1147 1850 1135 1875 1150 1895 1130 1927 1122 1975 1145 2005 1175 1965 1202 1937 1190 1900 1200 1877 1185 1775 1190 1757 1205 1720 1192 1707 1202 1680 1192 1645 1202 1627 1187 1607 1205 1545 1192 1505 1205 1485 1187 1465 1205 1387 1190 1365 1207 1340 1205 1320 1185 1282 1185 1245 1207 1175 1192"/></Shape>
	    <String CONTENT="چنان همش بر پیل پیش19 آورید"
                    HPOS="1170"
                    VPOS="1122"
                    WIDTH="835"
                    HEIGHT="85"></String>
          </TextLine>
          
          
	  <TextLine ID="eSc_line_120197"
                    
                    BASELINE="272 1185 1084 1180" 
                    HPOS="270"
                    VPOS="1125"
                    WIDTH="812"
                    HEIGHT="90">
            <Shape><Polygon POINTS="270 1185 272 1142 297 1152 340 1140 360 1152 382 1145 402 1162 432 1137 462 1150 525 1132 545 1150 575 1135 600 1157 637 1157 680 1127 742 1142 772 1127 827 1160 842 1145 867 1157 882 1142 915 1157 970 1132 995 1147 1032 1125 1050 1125 1075 1150 1082 1180 1057 1197 980 1182 917 1210 872 1187 850 1207 820 1197 800 1207 740 1182 672 1215 635 1197 607 1212 585 1192 462 1192 425 1212 392 1197 370 1207 355 1195 322 1205 272 1195"/></Shape>
	    <String CONTENT="نگه کرد و با تاج و تختش بدید"
                    HPOS="270"
                    VPOS="1125"
                    WIDTH="812"
                    HEIGHT="90"></String>
          </TextLine>
          
          
	  <TextLine ID="eSc_line_120213"
                    
                    BASELINE="1162 1275 1765 1275 1835 1270 1885 1275 1952 1275 2004 1267" 
                    HPOS="1160"
                    VPOS="1205"
                    WIDTH="842"
                    HEIGHT="92">
            <Shape><Polygon POINTS="1160 1275 1162 1257 1187 1237 1247 1237 1280 1205 1332 1250 1370 1215 1407 1240 1450 1240 1462 1227 1492 1240 1527 1237 1570 1217 1597 1242 1615 1227 1637 1237 1710 1237 1752 1207 1795 1230 1812 1215 1837 1215 1867 1240 1925 1212 1955 1237 1975 1232 2002 1265 1972 1295 1920 1280 1862 1295 1830 1272 1715 1280 1702 1290 1647 1282 1627 1297 1607 1297 1585 1275 1507 1290 1457 1275 1377 1280 1360 1297 1325 1275 1245 1290 1207 1282 1182 1292 1165 1282"/></Shape>
	    <String CONTENT="یکی20 آفرین کرد سام دلیر"
                    HPOS="1160"
                    VPOS="1205"
                    WIDTH="842"
                    HEIGHT="92"></String>
          </TextLine>
          
          
	  <TextLine ID="eSc_line_120199"
                    
                    BASELINE="260 1262 300 1277 330 1272 997 1275 1096 1267" 
                    HPOS="260"
                    VPOS="1215"
                    WIDTH="835"
                    HEIGHT="85">
            <Shape><Polygon POINTS="260 1260 267 1220 310 1245 380 1232 397 1250 440 1217 462 1232 490 1222 515 1247 547 1227 592 1240 617 1232 635 1245 672 1215 707 1245 750 1227 777 1242 790 1232 817 1240 845 1217 875 1242 920 1242 940 1230 957 1240 977 1220 1012 1235 1032 1217 1067 1220 1095 1265 1042 1287 1002 1275 947 1292 852 1287 825 1275 757 1300 715 1287 685 1297 652 1272 612 1297 592 1285 532 1295 510 1277 475 1290 410 1287 397 1275 365 1297 305 1297 280 1275 262 1275"/></Shape>
	    <String CONTENT="که تهما هژبرا بزی شاد دیر21"
                    HPOS="260"
                    VPOS="1215"
                    WIDTH="835"
                    HEIGHT="85"></String>
          </TextLine>
          
          
	  <TextLine ID="eSc_line_120194"
                    
                    BASELINE="1175 1357 1382 1357 1445 1352 1535 1352 1567 1357 1680 1360 1855 1357 1902 1365 1981 1365 1995 1357" 
                    HPOS="1175"
                    VPOS="1297"
                    WIDTH="820"
                    HEIGHT="90">
            <Shape><Polygon POINTS="1175 1355 1180 1315 1202 1315 1215 1327 1235 1307 1260 1315 1287 1297 1310 1312 1332 1310 1355 1332 1402 1300 1427 1315 1450 1305 1480 1315 1557 1307 1585 1332 1612 1310 1642 1325 1710 1312 1727 1327 1775 1320 1795 1332 1822 1315 1867 1327 1977 1322 1995 1355 1972 1385 1915 1372 1895 1387 1800 1362 1772 1382 1742 1370 1680 1367 1630 1370 1610 1385 1590 1385 1565 1365 1515 1372 1437 1365 1427 1355 1390 1377 1367 1377 1350 1362 1177 1370"/></Shape>
	    <String CONTENT="ببوسید رستمش تخت22 ای شگفت"
                    HPOS="1175"
                    VPOS="1297"
                    WIDTH="820"
                    HEIGHT="90"></String>
          </TextLine>
          
          
	  <TextLine ID="eSc_line_120207"
                    
                    BASELINE="270 1350 467 1365 1091 1360" 
                    HPOS="270"
                    VPOS="1302"
                    WIDTH="820"
                    HEIGHT="88">
            <Shape><Polygon POINTS="270 1350 272 1310 342 1325 365 1302 402 1327 455 1305 485 1335 507 1315 552 1330 577 1305 607 1325 632 1315 672 1332 715 1332 735 1315 787 1332 830 1307 880 1327 897 1310 952 1305 965 1317 990 1305 1012 1327 1065 1312 1090 1360 1060 1375 990 1372 955 1387 930 1365 895 1365 872 1385 807 1372 775 1387 747 1372 712 1375 690 1390 645 1372 577 1382 527 1372 507 1387 480 1387 457 1365 387 1385 360 1372 272 1367"/></Shape>
	    <String CONTENT="نیارا23 یکی نو ستایش گرفت24"
                    HPOS="270"
                    VPOS="1302"
                    WIDTH="820"
                    HEIGHT="88"></String>
          </TextLine>
          
          
	  <TextLine ID="eSc_line_120220"
                    
                    BASELINE="261 1825 505 1825 565 1820 692 1820 815 1825 1727 1825 1797 1812 2017 1817" 
                    HPOS="260"
                    VPOS="1755"
                    WIDTH="1755"
                    HEIGHT="92">
            <Shape><Polygon POINTS="260 1825 265 1772 282 1760 302 1760 322 1777 337 1765 360 1775 385 1770 402 1785 437 1765 450 1777 482 1775 497 1785 562 1770 612 1770 630 1782 647 1767 672 1777 687 1765 755 1777 775 1760 807 1757 835 1775 867 1762 927 1790 947 1772 980 1785 1022 1762 1042 1780 1062 1772 1090 1792 1127 1775 1152 1795 1190 1762 1215 1777 1232 1772 1257 1792 1287 1767 1342 1772 1367 1792 1407 1770 1430 1787 1477 1755 1527 1777 1557 1762 1577 1777 1632 1772 1662 1790 1680 1775 1730 1777 1767 1755 1800 1780 1825 1770 1877 1772 1895 1787 1917 1772 1970 1772 2015 1815 1992 1815 1967 1837 1940 1822 1902 1835 1882 1817 1832 1832 1812 1822 1770 1832 1752 1822 1737 1835 1702 1825 1677 1837 1657 1825 1640 1835 1607 1825 1575 1840 1530 1825 1492 1840 1477 1827 1407 1825 1387 1837 1357 1827 1340 1840 1302 1830 1282 1842 1250 1830 1232 1840 1172 1840 1155 1825 1125 1835 1080 1825 1042 1842 1020 1825 987 1837 930 1825 900 1845 835 1825 747 1847 705 1825 552 1822 502 1845 415 1842 390 1825 340 1842 265 1830"/></Shape>
	    <String CONTENT="چو مهراب و چون زال در پیش پیل *  ز کرد جها (؟)این گشته هم زیل نیل (؟)"
                    HPOS="260"
                    VPOS="1755"
                    WIDTH="1755"
                    HEIGHT="92"></String>
          </TextLine>
          
          
	  <TextLine ID="eSc_line_120195"
                    
                    BASELINE="270 1905 450 1905 515 1900 752 1902 1562 1897 1710 1905 1742 1892 1820 1902 1962 1902 2014 1907" 
                    HPOS="270"
                    VPOS="1835"
                    WIDTH="1742"
                    HEIGHT="92">
            <Shape><Polygon POINTS="270 1905 275 1860 300 1840 332 1865 370 1837 407 1862 447 1840 487 1865 512 1842 537 1857 595 1837 642 1860 655 1850 710 1870 752 1860 780 1877 810 1855 840 1862 877 1840 902 1852 927 1847 955 1872 1062 1857 1090 1880 1117 1857 1160 1877 1202 1840 1237 1865 1287 1857 1297 1867 1315 1852 1345 1865 1400 1865 1435 1842 1470 1860 1520 1835 1537 1845 1560 1837 1587 1860 1610 1840 1632 1840 1677 1867 1700 1857 1750 1865 1767 1850 1802 1862 1910 1865 1942 1842 2002 1880 2012 1905 1945 1925 1905 1907 1892 1917 1855 1905 1720 1907 1695 1925 1670 1907 1652 1922 1617 1910 1597 1915 1575 1897 1532 1922 1445 1897 1355 1915 1307 1902 1285 1917 1215 1907 1180 1925 1150 1902 1120 1920 1082 1900 1067 1910 1002 1910 975 1927 935 1905 807 1910 790 1900 755 1925 727 1912 687 1925 625 1900 607 1912 512 1907 500 1917 455 1905 427 1925 410 1925 387 1905 275 1925"/></Shape>
	    <String CONTENT="رخ رستم زال ازان کرد باز * همی تافت چون آفتاب از فراز"
                    HPOS="270"
                    VPOS="1835"
                    WIDTH="1742"
                    HEIGHT="92"></String>
          </TextLine>
          
          
	  <TextLine ID="eSc_line_120189"
                    
                    BASELINE="262 2117 440 2122 557 2117 617 2122 757 2125 1917 2125 2036 2117" 
                    HPOS="260"
                    VPOS="2055"
                    WIDTH="1775"
                    HEIGHT="90">
            <Shape><Polygon POINTS="260 2115 265 2090 285 2075 312 2087 347 2075 365 2082 395 2060 430 2077 475 2062 510 2082 532 2072 575 2087 637 2070 672 2092 720 2087 765 2055 822 2090 850 2072 880 2085 917 2060 965 2097 987 2082 1027 2085 1060 2057 1097 2087 1132 2077 1157 2097 1197 2072 1217 2085 1265 2072 1297 2085 1352 2060 1380 2080 1410 2057 1440 2080 1467 2065 1492 2085 1545 2075 1565 2092 1617 2060 1645 2085 1702 2080 1730 2097 1752 2077 1782 2072 1820 2090 1862 2055 1895 2080 1977 2075 2035 2115 1987 2120 1967 2135 1932 2125 1907 2137 1870 2125 1847 2142 1815 2125 1775 2140 1720 2125 1612 2125 1590 2145 1562 2127 1542 2137 1482 2127 1447 2142 1422 2125 1387 2142 1357 2140 1337 2125 1315 2140 1270 2127 1230 2137 1172 2125 1117 2140 1077 2125 987 2145 957 2132 932 2145 910 2132 840 2127 810 2145 775 2127 725 2132 710 2145 677 2127 652 2142 615 2127 595 2142 567 2130 437 2140 410 2120 355 2142 317 2142 265 2125"/></Shape>
	    <String CONTENT="جو از دور سام یل اورا بدید * فرو رفت و لب را بدندان گزید"
                    HPOS="260"
                    VPOS="2055"
                    WIDTH="1775"
                    HEIGHT="90"></String>
          </TextLine>
          
          
	  <TextLine ID="eSc_line_120185"
                    
                    BASELINE="272 2340 1882 2345 2046 2337" 
                    HPOS="270"
                    VPOS="2272"
                    WIDTH="1775"
                    HEIGHT="100">
            <Shape><Polygon POINTS="270 2340 287 2302 310 2312 385 2300 407 2312 472 2307 497 2325 532 2295 560 2307 592 2282 637 2315 687 2287 730 2287 752 2305 782 2292 815 2320 832 2307 857 2320 885 2300 912 2310 982 2295 1000 2302 1022 2290 1055 2312 1077 2305 1097 2322 1127 2302 1167 2322 1197 2300 1222 2312 1262 2300 1287 2315 1365 2310 1385 2292 1410 2300 1442 2272 1482 2300 1522 2310 1555 2300 1572 2315 1590 2302 1622 2307 1637 2297 1662 2310 1687 2287 1717 2305 1795 2297 1822 2320 1875 2297 1902 2312 1915 2300 1967 2295 2020 2332 2045 2335 2000 2340 1970 2362 1942 2347 1920 2362 1895 2350 1882 2360 1860 2350 1825 2360 1810 2350 1780 2362 1765 2350 1737 2357 1715 2347 1690 2362 1605 2350 1555 2360 1520 2352 1492 2365 1477 2352 1417 2345 1282 2365 1165 2345 1135 2365 1097 2347 1075 2367 1052 2355 950 2352 917 2365 865 2350 822 2367 802 2350 695 2352 665 2365 632 2342 615 2355 550 2355 527 2372 505 2372 485 2355 470 2367 445 2357 402 2365 385 2355 275 2355"/></Shape>
	    <String CONTENT="چو بر پیل بر بچهٔ شیر دید * بخندید و شادان دلش بر دمید"
                    HPOS="270"
                    VPOS="2272"
                    WIDTH="1775"
                    HEIGHT="100"></String>
          </TextLine>
          
          
	  <TextLine ID="eSc_line_120191"
                    
                    BASELINE="282 2502 457 2507 482 2515 567 2515 615 2502 722 2502 817 2507 842 2505 892 2510 987 2510 1012 2502 1745 2505 1937 2500 2027 2487" 
                    HPOS="280"
                    VPOS="2435"
                    WIDTH="1745"
                    HEIGHT="100">
            <Shape><Polygon POINTS="280 2500 285 2445 315 2472 357 2460 412 2472 457 2450 475 2465 500 2457 540 2475 590 2475 627 2445 652 2465 677 2450 707 2475 752 2467 772 2450 810 2475 845 2455 882 2475 917 2445 937 2455 950 2445 1002 2470 1080 2467 1097 2482 1127 2460 1157 2472 1187 2445 1222 2470 1270 2472 1297 2462 1372 2472 1407 2450 1442 2472 1472 2445 1495 2445 1550 2482 1597 2460 1612 2470 1685 2467 1707 2455 1725 2462 1750 2440 1790 2465 1825 2465 1860 2437 1922 2447 1947 2435 2025 2485 1927 2520 1892 2502 1862 2502 1802 2507 1770 2525 1730 2505 1710 2522 1645 2510 1557 2525 1535 2510 1507 2530 1435 2505 1292 2522 1165 2502 1127 2522 1092 2502 940 2527 885 2527 865 2512 782 2517 760 2535 732 2517 677 2517 655 2500 622 2520 570 2517 520 2532 487 2532 457 2507 370 2522 285 2512"/></Shape>
	    <String CONTENT="دلارا گوا پور زال شها * سزاوار تاجا فروع کها"
                    HPOS="280"
                    VPOS="2435"
                    WIDTH="1745"
                    HEIGHT="100"></String>
          </TextLine>
          
          
	  <TextLine ID="eSc_line_120187"
                    
                    BASELINE="270 2577 385 2585 585 2582 660 2590 757 2592 1010 2582 1662 2585 1837 2580 1942 2572 1972 2572 2018 2577" 
                    HPOS="270"
                    VPOS="2517"
                    WIDTH="1747"
                    HEIGHT="93">
            <Shape><Polygon POINTS="270 2575 275 2540 307 2525 340 2545 397 2535 415 2547 450 2525 475 2547 507 2535 552 2552 577 2530 602 2530 620 2545 650 2535 692 2555 762 2550 790 2525 822 2550 840 2542 857 2552 887 2532 937 2552 957 2542 995 2552 1030 2532 1047 2547 1077 2535 1102 2557 1135 2540 1165 2557 1220 2522 1252 2547 1320 2540 1357 2562 1380 2542 1412 2535 1427 2545 1465 2520 1505 2552 1560 2540 1585 2560 1622 2530 1655 2545 1687 2520 1712 2537 1740 2527 1760 2545 1812 2547 1835 2527 1872 2517 1885 2527 1910 2520 1942 2542 1985 2525 2010 2547 2017 2575 1922 2600 1887 2575 1850 2595 1807 2582 1695 2587 1670 2600 1642 2587 1615 2607 1577 2587 1560 2602 1535 2595 1512 2607 1477 2585 1397 2590 1382 2602 1347 2590 1322 2607 1297 2590 1277 2600 1227 2590 1190 2600 1167 2585 1125 2602 1102 2582 1072 2595 1005 2585 980 2607 950 2595 927 2605 877 2602 860 2587 770 2590 750 2607 717 2595 670 2610 630 2602 610 2585 595 2597 495 2602 460 2587 422 2610 377 2592 360 2602 330 2592 275 2597"/></Shape>
	    <String CONTENT="ترا ان ستایش بس اندر جهان * نه چون ما برون آمدی از نهان"
                    HPOS="270"
                    VPOS="2517"
                    WIDTH="1747"
                    HEIGHT="93"></String>
          </TextLine>
          
          
	  <TextLine ID="eSc_line_120190"
                    
                    BASELINE="269 2719 395 2735 1300 2735 1432 2725 1970 2725 2002 2717" 
                    HPOS="267"
                    VPOS="2660"
                    WIDTH="1733"
                    HEIGHT="97">
            <Shape><Polygon POINTS="267 2717 272 2690 297 2667 340 2692 405 2695 425 2677 447 2685 477 2665 497 2682 517 2675 540 2695 562 2690 577 2700 610 2677 632 2695 690 2687 717 2707 732 2692 762 2695 792 2670 832 2697 855 2680 877 2690 900 2682 915 2695 962 2682 985 2702 1005 2687 1067 2685 1097 2705 1127 2682 1165 2702 1215 2665 1277 2700 1290 2687 1342 2690 1365 2677 1380 2690 1420 2665 1457 2685 1487 2660 1545 2687 1582 2682 1612 2662 1667 2692 1697 2672 1730 2685 1750 2667 1775 2675 1800 2660 1837 2682 1857 2677 1875 2687 1940 2670 1955 2682 1987 2682 2000 2715 1977 2747 1917 2732 1857 2752 1830 2747 1807 2727 1675 2727 1652 2747 1600 2730 1577 2750 1475 2735 1437 2755 1422 2742 1387 2740 1365 2752 1265 2742 1230 2755 1172 2735 1135 2750 1092 2735 1067 2755 1037 2740 1005 2755 972 2735 950 2750 877 2740 852 2757 830 2757 810 2740 785 2755 752 2742 730 2752 705 2745 685 2757 630 2745 602 2757 572 2747 547 2755 497 2735 440 2755 405 2745 382 2757 332 2740 272 2740"/></Shape>
	    <String CONTENT="چنین گفت با پهلوان پور زال * چو دیدش ابر پیل با فرّ و یال"
                    HPOS="267"
                    VPOS="2660"
                    WIDTH="1733"
                    HEIGHT="97"></String>
          </TextLine>
          
          
	  <TextLine ID="eSc_line_120196"
                    
                    BASELINE="1102 2830 1137 2835 1221 2821" 
                    HPOS="1097"
                    VPOS="2777"
                    WIDTH="123"
                    HEIGHT="78">
            <Shape><Polygon POINTS="1100 2830 1097 2785 1110 2780 1170 2777 1220 2820 1187 2827 1155 2855 1107 2852"/></Shape>
	    <String CONTENT="۲۴۳"
                    HPOS="1097"
                    VPOS="2777"
                    WIDTH="123"
                    HEIGHT="78"></String>
          </TextLine>
          </TextBlock>
          
        </PrintSpace>
      </Page>
    </Layout>
  </alto>
