<?xml version="1.0" encoding="UTF-8"?>
<alto xmlns:xsi="http://www.w3.org/2001/XMLSchema-instance"
      xmlns="http://www.loc.gov/standards/alto/ns-v4#"
      xsi:schemaLocation="http://www.loc.gov/standards/alto/ns-v4# https://gitlab.inria.fr/scripta/escriptorium/-/raw/develop/app/escriptorium/static/alto-4-1-baselines.xsd">
  <Description>
    <MeasurementUnit>pixel</MeasurementUnit>
    <sourceImageInformation>
      <fileName>Ferdowsi_Moscow.pdf_000056.png</fileName>
    </sourceImageInformation>
  </Description>
  
  <Tags>
    <OtherTag ID="BT1" LABEL="Title" DESCRIPTION="block type Title"/><OtherTag ID="BT2" LABEL="Main" DESCRIPTION="block type Main"/><OtherTag ID="BT3" LABEL="Commentary" DESCRIPTION="block type Commentary"/><OtherTag ID="BT4" LABEL="Illustration" DESCRIPTION="block type Illustration"/>
    
  </Tags>
  
  <Layout>
    <Page WIDTH="2430"
          HEIGHT="3000"
          PHYSICAL_IMG_NR="22"
          ID="eSc_dummypage_">
      <PrintSpace HPOS="0"
                  VPOS="0"
                  WIDTH="2430"
                  HEIGHT="3000">
        
        <TextBlock ID="eSc_dummyblock_">
          
	  <TextLine ID="eSc_line_119592"
                    
                    BASELINE="890 845 1060 842 1332 845 1389 837" 
                    HPOS="890"
                    VPOS="708"
                    WIDTH="497"
                    HEIGHT="159">
            <Shape><Polygon POINTS="890 845 895 775 910 772 942 805 902 708 1050 715 1080 732 1127 717 1200 780 1272 710 1380 807 1387 835 1345 857 1232 867 1195 847 1137 865 1062 862 1030 842 950 867 892 850"/></Shape>
	    <String CONTENT="ملحقات"
                    HPOS="890"
                    VPOS="708"
                    WIDTH="497"
                    HEIGHT="159"></String>
          </TextLine>
          
          
	  <TextLine ID="eSc_line_119593"
                    
                    BASELINE="1160 1227 1485 1240 1562 1232 1612 1237 1725 1232 1855 1232 1992 1240" 
                    HPOS="1160"
                    VPOS="1175"
                    WIDTH="832"
                    HEIGHT="90">
            <Shape><Polygon POINTS="1160 1227 1165 1202 1187 1185 1212 1197 1230 1180 1275 1202 1297 1180 1322 1190 1405 1175 1430 1202 1452 1202 1520 1175 1545 1202 1575 1180 1595 1180 1627 1212 1655 1195 1732 1195 1747 1205 1767 1187 1795 1195 1807 1182 1867 1200 1972 1195 1987 1205 1992 1240 1965 1260 1935 1247 1880 1255 1862 1245 1800 1250 1750 1240 1717 1262 1687 1245 1632 1257 1600 1237 1480 1262 1402 1245 1360 1257 1325 1235 1242 1265 1217 1245 1162 1237"/></Shape>
	    <String CONTENT="رسیدند بر تازیان1 نوند"
                    HPOS="1160"
                    VPOS="1175"
                    WIDTH="832"
                    HEIGHT="90"></String>
          </TextLine>
          
          
	  <TextLine ID="eSc_line_119611"
                    
                    BASELINE="255 1225 390 1230 415 1235 1090 1234" 
                    HPOS="255"
                    VPOS="1172"
                    WIDTH="835"
                    HEIGHT="88">
            <Shape><Polygon POINTS="255 1225 262 1177 295 1187 342 1177 422 1202 470 1172 527 1185 540 1197 612 1197 677 1172 700 1190 765 1187 782 1202 810 1180 832 1190 870 1177 897 1202 922 1202 952 1175 982 1175 1000 1192 1072 1197 1090 1232 1067 1257 1040 1245 1010 1252 972 1242 925 1260 885 1235 787 1235 767 1252 737 1245 712 1255 672 1242 622 1260 607 1245 577 1255 557 1242 447 1252 427 1235 392 1255 377 1242 292 1242 260 1230"/></Shape>
	    <String CONTENT="بجائی که یزدان‌پرستان بدند2"
                    HPOS="255"
                    VPOS="1172"
                    WIDTH="835"
                    HEIGHT="88"></String>
          </TextLine>
          
          
	  <TextLine ID="eSc_line_119602"
                    
                    BASELINE="1170 1317 1297 1317 1330 1312 1845 1312 1877 1315 1900 1327 1995 1317" 
                    HPOS="1170"
                    VPOS="1255"
                    WIDTH="825"
                    HEIGHT="92">
            <Shape><Polygon POINTS="1170 1317 1175 1272 1225 1285 1267 1255 1297 1275 1340 1257 1362 1272 1395 1260 1415 1280 1435 1282 1467 1267 1490 1290 1540 1257 1602 1285 1630 1262 1695 1260 1717 1282 1760 1280 1772 1290 1802 1272 1832 1285 1857 1262 1880 1262 1912 1295 1972 1277 1995 1317 1972 1342 1945 1335 1925 1347 1885 1325 1867 1332 1775 1322 1757 1340 1732 1327 1715 1337 1660 1335 1627 1312 1590 1340 1562 1325 1505 1332 1482 1312 1432 1332 1340 1325 1322 1337 1290 1317 1227 1337 1192 1337 1172 1325"/></Shape>
	    <String CONTENT="پس آمد بران3 جای نیکان فرود"
                    HPOS="1170"
                    VPOS="1255"
                    WIDTH="825"
                    HEIGHT="92"></String>
          </TextLine>
          
          
	  <TextLine ID="eSc_line_119612"
                    
                    BASELINE="260 1307 320 1315 1085 1310" 
                    HPOS="260"
                    VPOS="1255"
                    WIDTH="825"
                    HEIGHT="82">
            <Shape><Polygon POINTS="260 1307 267 1260 320 1280 372 1270 392 1287 420 1262 447 1255 480 1282 502 1265 530 1285 575 1257 605 1287 667 1257 697 1277 757 1267 777 1282 810 1262 835 1287 877 1255 902 1275 935 1270 950 1285 1022 1282 1047 1257 1062 1257 1077 1272 1085 1310 1010 1337 972 1325 855 1325 837 1312 755 1335 730 1325 625 1327 605 1315 585 1315 565 1332 457 1322 417 1332 385 1315 352 1335 315 1337 262 1312"/></Shape>
	    <String CONTENT="فرستاد نزدیک ایشان درود4"
                    HPOS="260"
                    VPOS="1255"
                    WIDTH="825"
                    HEIGHT="82"></String>
          </TextLine>
          
          
	  <TextLine ID="eSc_line_119606"
                    
                    BASELINE="1170 1395 1892 1395 1917 1390 1950 1402 1987 1402" 
                    HPOS="1170"
                    VPOS="1335"
                    WIDTH="817"
                    HEIGHT="90">
            <Shape><Polygon POINTS="1170 1395 1172 1355 1187 1340 1215 1347 1247 1335 1267 1355 1292 1337 1315 1360 1357 1370 1405 1337 1427 1352 1450 1337 1472 1360 1510 1350 1522 1362 1550 1347 1580 1360 1600 1340 1622 1337 1650 1365 1682 1345 1702 1345 1725 1362 1782 1360 1802 1342 1857 1365 1887 1345 1920 1365 1957 1352 1980 1362 1987 1402 1930 1425 1900 1405 1855 1420 1830 1395 1782 1412 1675 1405 1657 1417 1640 1417 1617 1397 1487 1405 1462 1395 1435 1422 1377 1415 1357 1400 1337 1420 1307 1405 1277 1417 1235 1402 1172 1405"/></Shape>
	    <String CONTENT="چو شب تیره‌تر گشت ازان جایگاه"
                    HPOS="1170"
                    VPOS="1335"
                    WIDTH="817"
                    HEIGHT="90"></String>
          </TextLine>
          
          
	  <TextLine ID="eSc_line_119609"
                    
                    BASELINE="270 1385 340 1395 1052 1395 1085 1387" 
                    HPOS="270"
                    VPOS="1335"
                    WIDTH="815"
                    HEIGHT="85">
            <Shape><Polygon POINTS="270 1385 272 1342 290 1347 300 1337 340 1360 365 1340 395 1357 422 1337 472 1360 505 1345 527 1367 572 1362 592 1342 617 1337 637 1357 657 1352 680 1372 710 1350 740 1362 772 1337 802 1360 857 1355 872 1367 897 1342 932 1337 952 1357 980 1335 1010 1360 1060 1337 1077 1355 1085 1387 1065 1405 1027 1402 1007 1415 972 1400 892 1412 872 1397 842 1415 830 1405 680 1395 662 1412 587 1402 535 1417 512 1397 472 1410 355 1402 335 1420 315 1420 272 1397"/></Shape>
	    <String CONTENT="خرامان بیامد یکی نیکخواه5"
                    HPOS="270"
                    VPOS="1335"
                    WIDTH="815"
                    HEIGHT="85"></String>
          </TextLine>
          
          
	  <TextLine ID="eSc_line_119607"
                    
                    BASELINE="1162 1477 1345 1472 2001 1472" 
                    HPOS="1160"
                    VPOS="1417"
                    WIDTH="840"
                    HEIGHT="85">
            <Shape><Polygon POINTS="1160 1475 1162 1447 1192 1427 1230 1442 1260 1432 1282 1447 1332 1420 1362 1440 1387 1440 1417 1420 1432 1430 1460 1425 1477 1442 1542 1420 1560 1435 1585 1427 1600 1442 1627 1432 1655 1455 1695 1417 1725 1437 1737 1427 1760 1437 1777 1427 1802 1442 1825 1427 1850 1445 1880 1435 1902 1455 1975 1420 1992 1437 2000 1470 1942 1502 1910 1502 1892 1485 1740 1485 1720 1472 1682 1497 1667 1497 1642 1472 1587 1487 1490 1487 1470 1472 1450 1487 1405 1477 1380 1502 1362 1502 1345 1485 1305 1495 1277 1477 1207 1502 1162 1482"/></Shape>
	    <String CONTENT="فرو هشته از مشک تا پای موی"
                    HPOS="1160"
                    VPOS="1417"
                    WIDTH="840"
                    HEIGHT="85"></String>
          </TextLine>
          
          
	  <TextLine ID="eSc_line_119623"
                    
                    BASELINE="262 1472 300 1477 340 1487 580 1477 807 1480 880 1472 1045 1472 1080 1477" 
                    HPOS="262"
                    VPOS="1417"
                    WIDTH="818"
                    HEIGHT="88">
            <Shape><Polygon POINTS="262 1472 267 1420 295 1435 312 1422 342 1442 362 1437 385 1460 430 1425 457 1445 507 1442 522 1427 562 1442 595 1425 615 1445 702 1437 725 1457 747 1437 825 1432 865 1460 907 1417 947 1442 977 1442 1025 1417 1047 1440 1072 1442 1080 1477 1060 1500 1022 1482 945 1497 915 1485 890 1500 857 1475 795 1485 775 1500 735 1495 720 1480 700 1497 675 1487 645 1497 630 1487 527 1482 497 1492 447 1487 410 1505 387 1487 320 1497 267 1475"/></Shape>
	    <String CONTENT="بکردار حور بهشتیش روی6"
                    HPOS="262"
                    VPOS="1417"
                    WIDTH="818"
                    HEIGHT="88"></String>
          </TextLine>
          
          
	  <TextLine ID="eSc_line_119594"
                    
                    BASELINE="1170 1560 1345 1560 1432 1557 1457 1552 1537 1557 1585 1557 1610 1552 1662 1557 1995 1557" 
                    HPOS="1170"
                    VPOS="1500"
                    WIDTH="825"
                    HEIGHT="82">
            <Shape><Polygon POINTS="1170 1560 1172 1520 1192 1507 1235 1525 1280 1517 1292 1530 1337 1500 1372 1522 1397 1515 1410 1527 1435 1512 1467 1525 1497 1500 1520 1500 1547 1527 1567 1517 1607 1525 1625 1510 1662 1525 1710 1515 1775 1525 1800 1515 1817 1527 1857 1507 1887 1525 1972 1522 1995 1557 1895 1567 1877 1582 1827 1572 1810 1557 1717 1577 1640 1565 1547 1577 1522 1560 1510 1570 1412 1562 1390 1580 1347 1565 1330 1575 1295 1567 1272 1580 1247 1567 1217 1580 1172 1570"/></Shape>
	    <String CONTENT="سوی مهتر آمد بسان پری"
                    HPOS="1170"
                    VPOS="1500"
                    WIDTH="825"
                    HEIGHT="82"></String>
          </TextLine>
          
          
	  <TextLine ID="eSc_line_119614"
                    
                    BASELINE="262 1552 1045 1552 1085 1557" 
                    HPOS="260"
                    VPOS="1492"
                    WIDTH="825"
                    HEIGHT="88">
            <Shape><Polygon POINTS="260 1550 262 1520 282 1507 325 1520 370 1492 432 1520 472 1492 502 1510 532 1500 550 1517 575 1505 595 1522 617 1507 647 1520 667 1500 715 1522 752 1497 777 1522 845 1515 867 1537 882 1522 925 1522 957 1497 992 1522 1010 1512 1037 1522 1062 1505 1077 1515 1085 1555 1012 1575 960 1560 882 1575 862 1557 845 1575 745 1560 582 1562 545 1580 510 1550 437 1562 407 1580 372 1562 335 1562 312 1575 262 1567"/></Shape>
	    <String CONTENT="نهانی بیامختش7 افسونگری"
                    HPOS="260"
                    VPOS="1492"
                    WIDTH="825"
                    HEIGHT="88"></String>
          </TextLine>
          
          
	  <TextLine ID="eSc_line_119608"
                    
                    BASELINE="1162 1632 1991 1632" 
                    HPOS="1160"
                    VPOS="1580"
                    WIDTH="830"
                    HEIGHT="82">
            <Shape><Polygon POINTS="1160 1630 1165 1607 1182 1595 1247 1605 1277 1580 1307 1600 1340 1585 1365 1607 1382 1595 1407 1607 1437 1582 1490 1607 1530 1607 1557 1580 1582 1595 1607 1582 1630 1605 1642 1595 1702 1605 1732 1590 1750 1607 1787 1607 1812 1582 1837 1597 1867 1587 1887 1605 1912 1590 1930 1607 1972 1585 1985 1595 1990 1630 1952 1650 1912 1650 1885 1635 1870 1647 1830 1650 1800 1632 1770 1662 1735 1647 1605 1647 1572 1662 1542 1635 1517 1660 1472 1647 1370 1650 1347 1630 1322 1650 1225 1655 1165 1642"/></Shape>
	    <String CONTENT="که تا بندهارا بداند کلید"
                    HPOS="1160"
                    VPOS="1580"
                    WIDTH="830"
                    HEIGHT="82"></String>
          </TextLine>
          
          
	  <TextLine ID="eSc_line_119615"
                    
                    BASELINE="272 1635 1020 1635 1080 1627" 
                    HPOS="272"
                    VPOS="1572"
                    WIDTH="808"
                    HEIGHT="88">
            <Shape><Polygon POINTS="272 1635 280 1590 300 1602 350 1590 382 1602 405 1580 420 1580 437 1597 465 1585 482 1602 502 1590 560 1602 582 1585 605 1602 632 1602 675 1580 695 1600 712 1585 767 1600 797 1572 822 1577 845 1600 867 1595 880 1605 932 1577 967 1602 985 1585 1020 1600 1065 1575 1080 1627 1037 1647 885 1637 867 1655 775 1642 752 1660 710 1652 690 1635 655 1645 497 1645 475 1635 455 1647 420 1645 405 1660 372 1645 330 1655 275 1645"/></Shape>
	    <String CONTENT="گشاده بافسون کند ناپدید"
                    HPOS="272"
                    VPOS="1572"
                    WIDTH="808"
                    HEIGHT="88"></String>
          </TextLine>
          
          
	  <TextLine ID="eSc_line_119596"
                    
                    BASELINE="1165 1717 1200 1712 1227 1712 1280 1720 1422 1720 1540 1712 1667 1712 1695 1717 1842 1720 1905 1725 1995 1712" 
                    HPOS="1165"
                    VPOS="1657"
                    WIDTH="830"
                    HEIGHT="85">
            <Shape><Polygon POINTS="1165 1715 1167 1680 1185 1670 1210 1682 1295 1672 1325 1687 1350 1662 1382 1680 1420 1660 1455 1685 1515 1665 1540 1685 1562 1672 1610 1685 1652 1660 1692 1685 1750 1680 1762 1690 1787 1667 1817 1685 1842 1670 1865 1685 1897 1675 1910 1687 1930 1685 1965 1657 1987 1677 1995 1710 1972 1727 1935 1727 1912 1740 1845 1725 1822 1742 1767 1725 1747 1742 1722 1727 1562 1727 1540 1712 1505 1730 1430 1725 1415 1735 1387 1735 1372 1720 1345 1740 1322 1730 1280 1740 1267 1730 1252 1737 1170 1722"/></Shape>
	    <String CONTENT="فریدون بدانست کان ایزدیست"
                    HPOS="1165"
                    VPOS="1657"
                    WIDTH="830"
                    HEIGHT="85"></String>
          </TextLine>
          
          
	  <TextLine ID="eSc_line_119618"
                    
                    BASELINE="250 1705 342 1710 367 1715 1083 1710" 
                    HPOS="250"
                    VPOS="1655"
                    WIDTH="832"
                    HEIGHT="90">
            <Shape><Polygon POINTS="250 1705 252 1677 275 1662 315 1680 377 1670 390 1682 430 1682 457 1660 477 1672 492 1665 522 1685 582 1672 607 1695 637 1682 652 1697 690 1657 712 1667 752 1660 785 1680 822 1672 840 1687 882 1655 927 1695 965 1657 995 1677 1015 1667 1035 1685 1067 1667 1082 1710 1062 1727 1012 1727 990 1712 945 1745 922 1727 900 1740 845 1715 822 1737 700 1722 680 1740 650 1727 622 1742 597 1722 512 1727 462 1715 440 1715 415 1737 395 1725 335 1735 255 1707"/></Shape>
	    <String CONTENT="نه از راه پیکار و دست8 بدیست"
                    HPOS="250"
                    VPOS="1655"
                    WIDTH="832"
                    HEIGHT="90"></String>
          </TextLine>
          
          
	  <TextLine ID="eSc_line_119603"
                    
                    BASELINE="1160 1795 1340 1800 1370 1807 1405 1800 1575 1800 1620 1790 1652 1795 2001 1795" 
                    HPOS="1160"
                    VPOS="1737"
                    WIDTH="840"
                    HEIGHT="90">
            <Shape><Polygon POINTS="1160 1795 1162 1757 1200 1742 1240 1767 1272 1742 1300 1757 1327 1742 1357 1772 1387 1750 1412 1767 1450 1767 1472 1747 1532 1772 1580 1767 1612 1740 1650 1765 1705 1737 1730 1760 1757 1745 1785 1772 1820 1740 1857 1765 1872 1752 1927 1765 1960 1747 2000 1795 1957 1807 1865 1807 1842 1795 1807 1825 1770 1802 1605 1805 1560 1822 1530 1812 1492 1822 1477 1810 1397 1810 1362 1825 1330 1805 1310 1822 1247 1810 1222 1827 1162 1810"/></Shape>
	    <String CONTENT="شد از شادمانی رخش ارغوان"
                    HPOS="1160"
                    VPOS="1737"
                    WIDTH="840"
                    HEIGHT="90"></String>
          </TextLine>
          
          
	  <TextLine ID="eSc_line_119620"
                    
                    BASELINE="260 1785 297 1797 345 1797 370 1792 1075 1795" 
                    HPOS="260"
                    VPOS="1727"
                    WIDTH="815"
                    HEIGHT="95">
            <Shape><Polygon POINTS="260 1785 262 1747 292 1737 332 1762 362 1755 390 1767 415 1747 442 1752 472 1727 535 1775 547 1762 575 1772 602 1752 625 1762 665 1755 682 1767 727 1740 775 1765 787 1755 817 1762 850 1735 897 1772 917 1752 940 1757 955 1742 990 1757 1002 1747 1027 1757 1062 1740 1075 1795 1047 1805 982 1795 925 1822 890 1805 857 1817 835 1795 805 1820 780 1805 757 1822 702 1815 682 1797 645 1817 580 1800 560 1820 542 1820 522 1800 487 1820 462 1805 395 1795 370 1820 342 1805 315 1822 290 1810 262 1812"/></Shape>
	    <String CONTENT="که تن را جوان دید و دولت جوان"
                    HPOS="260"
                    VPOS="1727"
                    WIDTH="815"
                    HEIGHT="95"></String>
          </TextLine>
          
          
	  <TextLine ID="eSc_line_119597"
                    
                    BASELINE="1169 1882 1457 1877 1520 1872 1995 1875" 
                    HPOS="1167"
                    VPOS="1817"
                    WIDTH="828"
                    HEIGHT="90">
            <Shape><Polygon POINTS="1167 1880 1170 1855 1192 1832 1250 1847 1292 1820 1322 1847 1342 1845 1372 1817 1400 1820 1425 1845 1455 1825 1480 1842 1505 1822 1530 1835 1552 1830 1572 1845 1592 1842 1615 1820 1640 1832 1667 1820 1690 1842 1712 1845 1745 1842 1767 1820 1800 1842 1832 1842 1857 1825 1880 1842 1927 1845 1957 1825 1995 1875 1932 1887 1907 1905 1850 1885 1810 1897 1760 1877 1735 1900 1670 1885 1627 1900 1612 1887 1527 1885 1492 1872 1477 1885 1437 1887 1410 1907 1382 1887 1342 1897 1247 1890 1170 1905"/></Shape>
	    <String CONTENT="خورشها بیاراست9 خوالیگرش"
                    HPOS="1167"
                    VPOS="1817"
                    WIDTH="828"
                    HEIGHT="90"></String>
          </TextLine>
          
          
	  <TextLine ID="eSc_line_119624"
                    
                    BASELINE="255 1887 320 1882 377 1885 465 1872 612 1872 662 1880 752 1872 867 1872 920 1887 1012 1882 1075 1887" 
                    HPOS="255"
                    VPOS="1817"
                    WIDTH="820"
                    HEIGHT="90">
            <Shape><Polygon POINTS="255 1887 257 1855 287 1827 317 1845 367 1827 387 1842 415 1835 430 1845 462 1840 480 1822 507 1822 527 1840 552 1830 582 1855 617 1820 647 1840 685 1817 722 1842 760 1822 790 1852 877 1820 900 1842 922 1835 945 1857 1030 1822 1067 1842 1075 1887 1062 1897 1000 1887 970 1902 940 1890 912 1902 895 1885 817 1890 787 1872 697 1902 685 1890 662 1897 640 1877 605 1907 570 1882 517 1897 497 1877 467 1872 415 1897 355 1885 330 1900 260 1897"/></Shape>
	    <String CONTENT="یکی پاک خوان از در 10 مهترش"
                    HPOS="255"
                    VPOS="1817"
                    WIDTH="820"
                    HEIGHT="90"></String>
          </TextLine>
          
          
	  <TextLine ID="eSc_line_119598"
                    
                    BASELINE="1160 1960 1230 1952 1852 1952 1900 1962 1990 1962" 
                    HPOS="1160"
                    VPOS="1900"
                    WIDTH="830"
                    HEIGHT="85">
            <Shape><Polygon POINTS="1160 1960 1162 1937 1192 1910 1252 1922 1270 1905 1297 1900 1337 1922 1370 1900 1387 1915 1450 1907 1472 1930 1502 1915 1560 1922 1577 1905 1610 1925 1632 1905 1657 1905 1677 1922 1705 1910 1742 1925 1760 1907 1797 1925 1860 1905 1890 1932 1910 1920 1972 1922 1990 1962 1960 1982 1932 1967 1900 1985 1875 1962 1802 1967 1785 1955 1725 1985 1677 1985 1615 1952 1550 1985 1470 1957 1452 1967 1362 1965 1335 1977 1307 1952 1290 1970 1210 1967 1177 1985 1162 1977"/></Shape>
	    <String CONTENT="چو شد نوش11 خورده شتاب آمدش"
                    HPOS="1160"
                    VPOS="1900"
                    WIDTH="830"
                    HEIGHT="85"></String>
          </TextLine>
          
          
	  <TextLine ID="eSc_line_119621"
                    
                    BASELINE="260 1970 310 1955 557 1952 737 1962 912 1952 1072 1952" 
                    HPOS="260"
                    VPOS="1895"
                    WIDTH="812"
                    HEIGHT="92">
            <Shape><Polygon POINTS="260 1970 262 1932 287 1907 315 1917 377 1897 407 1922 447 1900 480 1925 502 1905 530 1922 547 1902 597 1915 627 1895 680 1940 717 1910 747 1927 807 1920 832 1932 857 1912 880 1920 895 1905 930 1925 950 1905 987 1902 1020 1925 1040 1905 1065 1900 1072 1952 1005 1980 950 1975 930 1960 855 1967 827 1957 810 1970 777 1967 762 1980 732 1975 715 1985 672 1962 642 1982 622 1967 602 1975 552 1955 487 1967 462 1987 437 1972 415 1977 392 1955 370 1967 310 1965 277 1985 265 1980"/></Shape>
	    <String CONTENT="گران شد سرش رای 12 خواب آمدش"
                    HPOS="260"
                    VPOS="1895"
                    WIDTH="812"
                    HEIGHT="92"></String>
          </TextLine>
          
          
	  <TextLine ID="eSc_line_119605"
                    
                    BASELINE="1161 2032 1395 2032 1445 2042 1505 2045 1952 2045 1985 2037" 
                    HPOS="1160"
                    VPOS="1977"
                    WIDTH="825"
                    HEIGHT="90">
            <Shape><Polygon POINTS="1160 2030 1162 2012 1190 1985 1215 1997 1255 1985 1272 2002 1292 1982 1322 2002 1352 1985 1372 1995 1412 1985 1457 2017 1477 1997 1510 2007 1535 1987 1555 1997 1585 1977 1625 2010 1660 1990 1695 2000 1715 1992 1737 2007 1767 1980 1800 2002 1815 1987 1857 1980 1887 2007 1965 2000 1985 2035 1960 2062 1930 2047 1885 2062 1867 2045 1822 2057 1797 2045 1767 2055 1727 2047 1712 2057 1625 2045 1607 2060 1575 2047 1520 2047 1482 2067 1452 2050 1430 2065 1372 2030 1345 2047 1300 2047 1277 2062 1217 2035 1185 2062 1162 2060"/></Shape>
	    <String CONTENT="چو آن ایزدی رفتن و13  کار14 او"
                    HPOS="1160"
                    VPOS="1977"
                    WIDTH="825"
                    HEIGHT="90"></String>
          </TextLine>
          
          
	  <TextLine ID="eSc_line_119610"
                    
                    BASELINE="265 2040 472 2037 497 2032 1007 2032 1083 2037" 
                    HPOS="265"
                    VPOS="1977"
                    WIDTH="817"
                    HEIGHT="85">
            <Shape><Polygon POINTS="265 2040 267 1995 292 1977 327 2010 360 1977 412 2005 485 1995 502 2012 537 1987 575 2002 595 1982 630 2002 667 1997 682 2012 710 1985 732 1980 755 1980 775 2000 812 1985 847 2007 870 1995 895 2005 927 1987 965 2007 1007 1995 1032 2007 1060 2000 1082 2035 1060 2062 1035 2050 992 2060 947 2047 860 2047 825 2062 777 2030 722 2055 685 2035 652 2057 637 2045 532 2045 510 2032 485 2057 367 2045 332 2060 302 2040 267 2060"/></Shape>
	    <String CONTENT="بدیدند و15 آن بخت بیدار او"
                    HPOS="265"
                    VPOS="1977"
                    WIDTH="817"
                    HEIGHT="85"></String>
          </TextLine>
          
          
	  <TextLine ID="eSc_line_119586"
                    
                    BASELINE="1162 2115 1357 2112 1470 2120 1532 2120 1557 2125 1675 2120 1827 2125 1986 2120" 
                    HPOS="1160"
                    VPOS="2060"
                    WIDTH="825"
                    HEIGHT="90">
            <Shape><Polygon POINTS="1160 2115 1165 2065 1232 2082 1250 2070 1297 2072 1322 2085 1352 2060 1372 2075 1397 2067 1415 2085 1470 2080 1485 2095 1527 2075 1560 2102 1620 2077 1647 2085 1667 2067 1695 2067 1717 2090 1767 2080 1792 2100 1822 2072 1852 2087 1905 2065 1927 2087 1975 2085 1985 2120 1960 2145 1942 2130 1922 2142 1885 2130 1855 2145 1835 2137 1800 2147 1782 2135 1757 2150 1742 2137 1715 2150 1677 2122 1605 2130 1587 2142 1542 2125 1507 2145 1480 2130 1470 2140 1440 2130 1430 2140 1395 2127 1220 2130 1162 2117"/></Shape>
	    <String CONTENT="برادرش پس 16 هر دو برخاستند17"
                    HPOS="1160"
                    VPOS="2060"
                    WIDTH="825"
                    HEIGHT="90"></String>
          </TextLine>
          
          
	  <TextLine ID="eSc_line_119616"
                    
                    BASELINE="257 2107 310 2117 475 2112 555 2120 745 2120 820 2112 1072 2112" 
                    HPOS="255"
                    VPOS="2057"
                    WIDTH="815"
                    HEIGHT="88">
            <Shape><Polygon POINTS="255 2105 257 2067 270 2062 320 2070 335 2085 357 2065 380 2080 415 2070 447 2082 477 2057 497 2072 522 2060 545 2082 625 2085 662 2060 707 2100 750 2067 780 2085 807 2065 845 2085 877 2085 910 2062 940 2080 962 2067 982 2085 1022 2085 1040 2067 1060 2067 1070 2110 1057 2127 1012 2135 922 2110 907 2125 847 2140 807 2125 767 2127 745 2145 722 2142 702 2122 680 2140 630 2120 612 2137 520 2125 492 2142 467 2125 302 2127 257 2117"/></Shape>
	    <String CONTENT="تبه کردنش را بیاراستند18"
                    HPOS="255"
                    VPOS="2057"
                    WIDTH="815"
                    HEIGHT="88"></String>
          </TextLine>
          
          
	  <TextLine ID="eSc_line_119585"
                    
                    BASELINE="248 2432 352 2432 407 2437 437 2435 480 2440 530 2430 555 2437 592 2437 617 2432 750 2440 1307 2440 1362 2445 1390 2445 1415 2440 1567 2440 1645 2445 2008 2440" 
                    HPOS="247"
                    VPOS="2377"
                    WIDTH="1760"
                    HEIGHT="90">
            <Shape><Polygon POINTS="247 2430 257 2397 290 2390 305 2402 325 2385 375 2395 392 2410 415 2400 427 2410 442 2400 510 2402 542 2385 572 2407 625 2392 677 2412 707 2392 780 2402 815 2377 855 2400 882 2380 915 2397 945 2377 1005 2402 1065 2382 1092 2407 1125 2397 1150 2417 1182 2392 1225 2407 1255 2387 1285 2407 1367 2397 1385 2412 1420 2382 1455 2402 1492 2392 1512 2407 1545 2407 1575 2382 1597 2382 1630 2410 1665 2392 1700 2407 1750 2397 1770 2412 1862 2387 1892 2407 1967 2402 2007 2440 1920 2450 1900 2462 1825 2450 1795 2465 1767 2452 1745 2462 1727 2450 1672 2450 1640 2465 1600 2442 1582 2455 1442 2442 1410 2467 1377 2455 1307 2460 1175 2450 1157 2440 1122 2460 1085 2440 1045 2450 1007 2440 955 2450 927 2440 905 2460 872 2462 822 2440 770 2465 682 2440 652 2462 625 2447 577 2462 555 2442 517 2447 492 2465 437 2442 415 2462 385 2452 342 2462 325 2447 252 2440"/></Shape>
	    <String CONTENT="سروشی بدو آمده از بهشت * که تا باز گوید بدو خوب و زشت"
                    HPOS="247"
                    VPOS="2377"
                    WIDTH="1760"
                    HEIGHT="90"></String>
          </TextLine>
          
          
	  <TextLine ID="eSc_line_119622"
                    
                    BASELINE="1070 2837 1182 2830" 
                    HPOS="1070"
                    VPOS="2780"
                    WIDTH="110"
                    HEIGHT="77">
            <Shape><Polygon POINTS="1070 2835 1072 2790 1115 2780 1127 2780 1180 2830 1115 2857 1075 2842"/></Shape>
	    <String CONTENT="۲۵۰"
                    HPOS="1070"
                    VPOS="2780"
                    WIDTH="110"
                    HEIGHT="77"></String>
          </TextLine>
          </TextBlock>
          
        </PrintSpace>
      </Page>
    </Layout>
  </alto>
