<?xml version="1.0" encoding="UTF-8"?>
<alto xmlns:xsi="http://www.w3.org/2001/XMLSchema-instance"
      xmlns="http://www.loc.gov/standards/alto/ns-v4#"
      xsi:schemaLocation="http://www.loc.gov/standards/alto/ns-v4# https://gitlab.inria.fr/scripta/escriptorium/-/raw/develop/app/escriptorium/static/alto-4-1-baselines.xsd">
  <Description>
    <MeasurementUnit>pixel</MeasurementUnit>
    <sourceImageInformation>
      <fileName>Ferdowsi_Moscow.pdf_000052.png</fileName>
    </sourceImageInformation>
  </Description>
  
  <Tags>
    <OtherTag ID="BT1" LABEL="Title" DESCRIPTION="block type Title"/><OtherTag ID="BT2" LABEL="Main" DESCRIPTION="block type Main"/><OtherTag ID="BT3" LABEL="Commentary" DESCRIPTION="block type Commentary"/><OtherTag ID="BT4" LABEL="Illustration" DESCRIPTION="block type Illustration"/>
    
  </Tags>
  
  <Layout>
    <Page WIDTH="2430"
          HEIGHT="3000"
          PHYSICAL_IMG_NR="18"
          ID="eSc_dummypage_">
      <PrintSpace HPOS="0"
                  VPOS="0"
                  WIDTH="2430"
                  HEIGHT="3000">
        
        <TextBlock ID="eSc_dummyblock_">
          
	  <TextLine ID="eSc_line_59446"
                    
                    BASELINE="1042 447 1206 447" 
                    HPOS="1040"
                    VPOS="395"
                    WIDTH="165"
                    HEIGHT="67">
            <Shape><Polygon POINTS="1040 445 1045 405 1082 395 1117 407 1137 395 1170 400 1205 445 1165 462 1045 460"/></Shape>
	    <String CONTENT="شاهنامه"
                    HPOS="1040"
                    VPOS="395"
                    WIDTH="165"
                    HEIGHT="67"></String>
          </TextLine>
          
          
	  <TextLine ID="eSc_line_59448"
                    
                    BASELINE="1162 580 1255 580 1342 572 1677 575 1732 570 1992 570" 
                    HPOS="1162"
                    VPOS="510"
                    WIDTH="830"
                    HEIGHT="95">
            <Shape><Polygon POINTS="1162 580 1165 527 1202 512 1230 540 1302 535 1327 557 1352 535 1397 532 1425 512 1462 542 1527 527 1555 547 1580 527 1610 535 1635 517 1660 537 1707 537 1735 517 1760 535 1790 517 1812 535 1832 517 1870 510 1895 535 1967 527 1992 570 1920 590 1820 570 1680 592 1547 575 1500 582 1472 605 1442 575 1372 585 1350 600 1315 577 1255 595 1165 595"/></Shape>
	    <String CONTENT="میانه نشیند هم اندر میان"
                    HPOS="1162"
                    VPOS="510"
                    WIDTH="830"
                    HEIGHT="95"></String>
          </TextLine>
          
          
	  <TextLine ID="eSc_line_59477"
                    
                    BASELINE="262 585 922 580 1042 582 1075 587" 
                    HPOS="262"
                    VPOS="517"
                    WIDTH="813"
                    HEIGHT="95">
            <Shape><Polygon POINTS="262 585 265 530 280 537 310 525 340 545 380 537 402 557 430 537 455 547 480 525 507 542 525 532 550 542 590 520 627 557 670 540 697 565 745 535 770 545 820 525 870 535 910 517 922 530 965 522 995 552 1055 535 1067 545 1075 587 1055 605 1030 595 997 607 970 582 952 595 820 582 800 602 777 605 762 590 710 602 690 582 665 605 627 605 592 582 577 595 495 595 467 607 405 585 372 612 332 595 287 605 267 590"/></Shape>
	    <String CONTENT="پس آنگه1 پدر بر گشاید زبان2"
                    HPOS="262"
                    VPOS="517"
                    WIDTH="813"
                    HEIGHT="95"></String>
          </TextLine>
          
          
	  <TextLine ID="eSc_line_59478"
                    
                    BASELINE="1172 660 1210 650 1250 655 1945 655 1997 651" 
                    HPOS="1170"
                    VPOS="592"
                    WIDTH="825"
                    HEIGHT="93">
            <Shape><Polygon POINTS="1170 660 1172 610 1187 600 1205 600 1227 622 1252 625 1270 612 1297 627 1327 605 1350 625 1395 622 1407 632 1430 612 1460 622 1505 610 1517 620 1545 600 1572 612 1590 595 1615 607 1632 592 1667 620 1702 620 1732 600 1760 625 1782 607 1812 620 1950 620 1967 610 1987 625 1995 650 1970 672 1940 662 1922 675 1900 662 1855 672 1837 660 1762 655 1637 662 1620 675 1582 655 1552 655 1495 677 1457 667 1430 685 1397 662 1337 667 1305 655 1287 667 1200 665 1172 675"/></Shape>
	    <String CONTENT="بپرسد شمارا کزین سه همال"
                    HPOS="1170"
                    VPOS="592"
                    WIDTH="825"
                    HEIGHT="93"></String>
          </TextLine>
          
          
	  <TextLine ID="eSc_line_59474"
                    
                    BASELINE="260 665 507 665 625 660 650 667 677 660 937 660 990 652 1072 655" 
                    HPOS="260"
                    VPOS="600"
                    WIDTH="810"
                    HEIGHT="87">
            <Shape><Polygon POINTS="260 665 262 620 272 610 297 610 320 632 340 625 365 647 390 630 447 617 462 632 490 620 510 635 545 625 572 652 605 622 680 632 707 607 732 622 765 622 790 607 837 650 870 617 942 625 970 600 1017 627 1062 607 1070 655 1040 672 960 665 927 677 897 672 877 687 857 685 832 660 677 672 660 682 602 677 580 662 495 682 407 675 377 687 357 672 342 687 315 675 262 682"/></Shape>
	    <String CONTENT="کدامین شناسید مهتر بسال"
                    HPOS="260"
                    VPOS="600"
                    WIDTH="810"
                    HEIGHT="87"></String>
          </TextLine>
          
          
	  <TextLine ID="eSc_line_59475"
                    
                    BASELINE="1170 727 1232 735 1702 735 1732 730 1822 730 1880 735 1997 735" 
                    HPOS="1170"
                    VPOS="675"
                    WIDTH="825"
                    HEIGHT="92">
            <Shape><Polygon POINTS="1170 725 1172 700 1190 682 1240 707 1260 687 1282 685 1317 720 1375 692 1407 707 1430 697 1460 705 1502 685 1525 707 1545 700 1562 712 1590 687 1647 700 1675 675 1722 700 1760 677 1787 697 1815 680 1832 697 1875 675 1900 700 1967 690 1987 707 1995 735 1920 750 1817 742 1792 730 1730 745 1570 735 1532 762 1500 735 1442 757 1380 747 1327 762 1282 735 1267 750 1195 747 1172 767"/></Shape>
	    <String CONTENT="میانه کدامست و کهتر کدام"
                    HPOS="1170"
                    VPOS="675"
                    WIDTH="825"
                    HEIGHT="92"></String>
          </TextLine>
          
          
	  <TextLine ID="eSc_line_59470"
                    
                    BASELINE="250 737 320 745 1022 742 1077 747" 
                    HPOS="250"
                    VPOS="680"
                    WIDTH="825"
                    HEIGHT="92">
            <Shape><Polygon POINTS="250 735 252 717 280 690 322 695 350 717 367 702 390 715 457 712 477 692 502 687 530 705 555 692 587 710 602 697 642 710 687 685 707 705 725 690 780 707 875 700 895 720 927 695 952 705 982 680 1010 707 1065 705 1075 745 1047 762 1035 752 960 757 892 742 875 760 847 750 832 760 785 755 765 770 742 767 717 742 685 742 625 770 597 755 475 762 460 752 442 767 420 755 387 765 337 745 252 772"/></Shape>
	    <String CONTENT="بباید برین 3  گونه‌تان برد نام"
                    HPOS="250"
                    VPOS="680"
                    WIDTH="825"
                    HEIGHT="92"></String>
          </TextLine>
          
          
	  <TextLine ID="eSc_line_59456"
                    
                    BASELINE="1160 815 1512 820 1592 812 2002 812" 
                    HPOS="1160"
                    VPOS="750"
                    WIDTH="840"
                    HEIGHT="97">
            <Shape><Polygon POINTS="1160 815 1165 780 1182 770 1217 787 1270 787 1285 772 1317 787 1332 777 1352 785 1385 765 1405 775 1432 765 1447 780 1500 777 1517 787 1572 765 1590 782 1620 775 1632 785 1655 762 1687 755 1705 770 1740 760 1765 782 1787 767 1840 780 1857 770 1897 775 1930 750 1977 772 2000 810 1965 835 1940 820 1905 820 1872 835 1735 810 1665 832 1632 817 1600 840 1542 827 1522 840 1480 832 1457 847 1437 845 1412 820 1337 840 1270 830 1250 842 1162 822"/></Shape>
	    <String CONTENT="بگویید کان برترین 4 کهترست"
                    HPOS="1160"
                    VPOS="750"
                    WIDTH="840"
                    HEIGHT="97"></String>
          </TextLine>
          
          
	  <TextLine ID="eSc_line_59463"
                    
                    BASELINE="252 822 932 822 1047 827 1085 817" 
                    HPOS="252"
                    VPOS="762"
                    WIDTH="833"
                    HEIGHT="88">
            <Shape><Polygon POINTS="252 822 255 790 270 780 302 795 400 792 432 775 465 807 485 787 530 785 555 765 585 782 610 772 627 790 655 772 682 800 722 775 760 787 777 772 810 785 835 770 850 782 870 762 905 782 992 782 1010 792 1062 777 1085 817 1020 837 952 835 930 850 887 842 865 822 740 830 702 850 667 822 637 835 577 822 487 847 447 830 405 835 385 850 255 832"/></Shape>
	    <String CONTENT="مر ین‌را نشستن نه اندر خورست"
                    HPOS="252"
                    VPOS="762"
                    WIDTH="833"
                    HEIGHT="88"></String>
          </TextLine>
          
          
	  <TextLine ID="eSc_line_59471"
                    
                    BASELINE="1155 897 1217 892 1917 892 1990 897" 
                    HPOS="1155"
                    VPOS="835"
                    WIDTH="835"
                    HEIGHT="85">
            <Shape><Polygon POINTS="1155 897 1157 860 1185 850 1207 865 1235 840 1277 867 1307 850 1350 862 1392 840 1417 865 1485 855 1512 880 1535 857 1570 850 1582 862 1617 835 1655 865 1670 850 1732 860 1752 840 1785 862 1805 842 1835 857 1862 835 1900 860 1970 850 1982 860 1990 897 1912 912 1785 892 1690 915 1657 892 1635 892 1622 902 1555 905 1537 917 1517 915 1497 895 1442 912 1287 897 1262 920 1157 902"/></Shape>
	    <String CONTENT="میانه خود اندر میانست راست"
                    HPOS="1155"
                    VPOS="835"
                    WIDTH="835"
                    HEIGHT="85"></String>
          </TextLine>
          
          
	  <TextLine ID="eSc_line_59466"
                    
                    BASELINE="252 897 315 905 657 905 782 900 972 900 1000 905 1077 900" 
                    HPOS="250"
                    VPOS="842"
                    WIDTH="825"
                    HEIGHT="88">
            <Shape><Polygon POINTS="250 895 252 860 262 855 305 857 325 872 352 847 387 852 415 880 447 847 472 860 502 847 527 870 577 865 605 890 665 850 692 862 707 847 747 847 767 865 800 842 822 865 860 847 890 872 915 855 942 865 965 845 987 845 1017 875 1060 860 1075 900 1060 917 1032 922 997 905 975 915 872 900 807 920 780 900 745 902 712 910 695 927 657 905 630 927 597 910 577 930 510 912 460 912 422 927 400 905 342 917 287 917 252 905"/></Shape>
	    <String CONTENT="بر آمد ترا کام5 و پیکار کاست6"
                    HPOS="250"
                    VPOS="842"
                    WIDTH="825"
                    HEIGHT="88"></String>
          </TextLine>
          
          
	  <TextLine ID="eSc_line_59464"
                    
                    BASELINE="1155 975 1520 967 1550 962 1947 962 1993 967" 
                    HPOS="1155"
                    VPOS="905"
                    WIDTH="837"
                    HEIGHT="92">
            <Shape><Polygon POINTS="1155 975 1157 947 1177 927 1205 937 1232 912 1262 940 1310 937 1327 950 1397 912 1412 912 1440 940 1465 927 1535 937 1575 907 1620 940 1645 915 1672 932 1702 917 1740 935 1775 905 1815 932 1835 920 1857 932 1917 922 1930 935 1972 907 1985 915 1992 965 1972 985 1930 975 1877 985 1860 972 1825 990 1787 960 1717 990 1630 960 1592 990 1565 975 1505 985 1445 972 1425 987 1362 977 1345 992 1247 977 1207 980 1180 997 1157 990"/></Shape>
	    <String CONTENT="[بدین گونه رانید یکسر سخن"
                    HPOS="1155"
                    VPOS="905"
                    WIDTH="837"
                    HEIGHT="92"></String>
          </TextLine>
          
          
	  <TextLine ID="eSc_line_59467"
                    
                    BASELINE="252 990 317 990 412 982 590 985 712 980 752 972 1073 975" 
                    HPOS="250"
                    VPOS="917"
                    WIDTH="822"
                    HEIGHT="88">
            <Shape><Polygon POINTS="250 990 260 922 312 950 342 940 357 950 477 950 502 925 557 947 577 937 615 947 662 917 692 942 705 932 745 940 780 927 802 940 850 940 875 917 902 937 975 937 1002 920 1027 945 1062 930 1072 975 1042 997 1012 977 957 980 940 995 895 992 880 980 820 990 792 980 752 997 692 985 632 995 612 985 592 1002 567 987 522 1002 480 982 370 1005 335 1005 320 990 292 1005 252 997"/></Shape>
	    <String CONTENT="ز خورشیدرویان چون سرو بن]"
                    HPOS="250"
                    VPOS="917"
                    WIDTH="822"
                    HEIGHT="88"></String>
          </TextLine>
          
          
	  <TextLine ID="eSc_line_59468"
                    
                    BASELINE="1170 1045 1235 1045 1270 1037 1457 1040 1562 1032 1935 1032 2003 1037" 
                    HPOS="1170"
                    VPOS="977"
                    WIDTH="832"
                    HEIGHT="93">
            <Shape><Polygon POINTS="1170 1045 1172 1002 1205 982 1237 1007 1320 1007 1347 995 1375 1022 1465 977 1490 1002 1525 982 1547 1005 1570 997 1582 1007 1650 980 1672 1002 1695 997 1710 1012 1737 992 1765 1005 1812 1002 1857 977 1890 1002 1935 1002 1970 982 1995 1002 2002 1035 1970 1060 1932 1045 1900 1052 1845 1042 1785 1055 1717 1040 1695 1057 1587 1042 1560 1060 1505 1037 1477 1050 1415 1050 1395 1062 1362 1045 1317 1050 1295 1070 1267 1050 1232 1062 1172 1057"/></Shape>
	    <String CONTENT="[بباشید یک با دگر هم‌سرای"
                    HPOS="1170"
                    VPOS="977"
                    WIDTH="832"
                    HEIGHT="93"></String>
          </TextLine>
          
          
	  <TextLine ID="eSc_line_59473"
                    
                    BASELINE="252 1050 290 1055 477 1050 540 1042 1007 1042 1037 1047 1082 1035" 
                    HPOS="250"
                    VPOS="987"
                    WIDTH="830"
                    HEIGHT="90">
            <Shape><Polygon POINTS="250 1050 252 1000 287 1007 312 992 355 1017 385 1007 415 1027 427 1015 455 1020 492 1005 517 1030 555 992 587 1017 610 1005 662 1012 707 990 767 1017 795 992 822 1012 855 992 882 1012 905 1000 935 1012 960 987 992 1012 1030 1010 1062 992 1080 1035 1057 1052 1002 1065 990 1055 945 1065 865 1040 845 1057 777 1042 752 1067 725 1052 637 1065 580 1045 545 1077 507 1057 452 1062 437 1077 407 1060 392 1075 365 1060 317 1057 270 1075 252 1070"/></Shape>
	    <String CONTENT="نباید که باشید از هم جدای]"
                    HPOS="250"
                    VPOS="987"
                    WIDTH="830"
                    HEIGHT="90"></String>
          </TextLine>
          
          
	  <TextLine ID="eSc_line_59479"
                    
                    BASELINE="1170 1130 1212 1130 1242 1135 1367 1135 1427 1130 1460 1132 1550 1127 1580 1122 1945 1122 1990 1127" 
                    HPOS="1170"
                    VPOS="1067"
                    WIDTH="820"
                    HEIGHT="90">
            <Shape><Polygon POINTS="1170 1130 1172 1097 1185 1087 1267 1100 1320 1067 1380 1102 1420 1067 1452 1097 1467 1085 1487 1095 1535 1085 1550 1097 1597 1070 1630 1097 1647 1087 1672 1095 1690 1080 1720 1092 1745 1072 1770 1090 1802 1067 1835 1095 1845 1085 1880 1092 1912 1082 1937 1092 1967 1067 1982 1072 1990 1125 1972 1150 1922 1135 1860 1155 1835 1152 1810 1127 1797 1137 1695 1137 1655 1150 1632 1140 1577 1150 1545 1130 1502 1137 1475 1157 1455 1155 1435 1135 1397 1155 1377 1142 1355 1152 1337 1140 1295 1140 1237 1155 1207 1140 1175 1140"/></Shape>
	    <String CONTENT="[بدین گفتهای من ار بگروید"
                    HPOS="1170"
                    VPOS="1067"
                    WIDTH="820"
                    HEIGHT="90"></String>
          </TextLine>
          
          
	  <TextLine ID="eSc_line_59461"
                    
                    BASELINE="267 1145 477 1135 510 1137 590 1132 1094 1132" 
                    HPOS="265"
                    VPOS="1071"
                    WIDTH="827"
                    HEIGHT="99">
            <Shape><Polygon POINTS="265 1145 267 1085 307 1105 395 1097 410 1110 432 1100 447 1112 452 1071 540 1120 570 1097 585 1107 625 1077 655 1100 685 1082 717 1112 745 1085 792 1102 822 1090 842 1095 875 1072 915 1110 952 1072 980 1092 1020 1072 1047 1100 1070 1092 1092 1130 1070 1155 1020 1140 962 1140 927 1155 895 1130 805 1160 740 1155 715 1132 670 1147 595 1140 555 1165 530 1140 422 1170 407 1155 390 1162 370 1152 342 1165 307 1150 270 1165"/></Shape>
	    <String CONTENT="بکار اندرون شاد و خرّم بوید]"
                    HPOS="265"
                    VPOS="1071"
                    WIDTH="827"
                    HEIGHT="99"></String>
          </TextLine>
          
          
	  <TextLine ID="eSc_line_59480"
                    
                    BASELINE="1140 1415 1907 1415 1997 1407" 
                    HPOS="1140"
                    VPOS="1347"
                    WIDTH="855"
                    HEIGHT="90">
            <Shape><Polygon POINTS="1140 1415 1142 1387 1170 1367 1202 1382 1220 1382 1237 1365 1270 1382 1297 1372 1332 1382 1397 1362 1412 1375 1472 1372 1492 1382 1522 1360 1542 1377 1577 1365 1595 1380 1632 1352 1660 1365 1695 1352 1717 1372 1765 1350 1787 1370 1830 1355 1867 1380 1925 1347 1945 1365 1982 1357 1995 1405 1982 1435 1932 1417 1857 1432 1837 1415 1817 1415 1732 1437 1707 1415 1665 1435 1635 1420 1497 1415 1477 1435 1445 1425 1415 1437 1370 1425 1347 1437 1332 1425 1297 1435 1167 1425 1150 1415"/></Shape>
	    <String CONTENT="[یکی کاخ آراسته چون بهشت"
                    HPOS="1140"
                    VPOS="1347"
                    WIDTH="855"
                    HEIGHT="90"></String>
          </TextLine>
          
          
	  <TextLine ID="eSc_line_59462"
                    
                    BASELINE="262 1425 530 1420 587 1425 782 1425 830 1420 920 1420 980 1412 1065 1412 1105 1417" 
                    HPOS="262"
                    VPOS="1360"
                    WIDTH="843"
                    HEIGHT="90">
            <Shape><Polygon POINTS="262 1425 270 1365 335 1382 382 1372 410 1392 422 1382 467 1385 480 1372 500 1377 525 1360 585 1362 617 1395 682 1362 715 1385 760 1375 807 1392 935 1385 965 1365 985 1382 1045 1375 1087 1415 1105 1417 1070 1415 1055 1432 945 1417 877 1440 847 1432 817 1445 805 1432 755 1447 695 1430 625 1447 595 1425 560 1435 317 1435 287 1450 265 1430"/></Shape>
	    <String CONTENT="همه سیم و زر اندر افگنده خشت]7"
                    HPOS="262"
                    VPOS="1360"
                    WIDTH="843"
                    HEIGHT="90"></String>
          </TextLine>
          
          
	  <TextLine ID="eSc_line_59481"
                    
                    BASELINE="1150 1487 1185 1495 1367 1495 1392 1500 1617 1500 1680 1492 1996 1492" 
                    HPOS="1150"
                    VPOS="1432"
                    WIDTH="845"
                    HEIGHT="85">
            <Shape><Polygon POINTS="1150 1485 1157 1447 1185 1462 1217 1447 1242 1465 1282 1437 1305 1452 1325 1437 1355 1465 1480 1455 1497 1470 1575 1450 1635 1455 1650 1467 1707 1432 1732 1457 1797 1460 1877 1445 1940 1457 1962 1435 1977 1435 1995 1490 1985 1510 1882 1497 1867 1507 1702 1500 1667 1510 1652 1495 1595 1517 1567 1502 1532 1515 1495 1502 1475 1517 1455 1505 1327 1505 1292 1517 1277 1505 1152 1500"/></Shape>
	    <String CONTENT="[بدیبای رومی بیاراسته"
                    HPOS="1150"
                    VPOS="1432"
                    WIDTH="845"
                    HEIGHT="85"></String>
          </TextLine>
          
          
	  <TextLine ID="eSc_line_59460"
                    
                    BASELINE="250 1505 687 1505 745 1500 912 1500 1007 1490 1070 1500" 
                    HPOS="250"
                    VPOS="1442"
                    WIDTH="820"
                    HEIGHT="88">
            <Shape><Polygon POINTS="250 1505 252 1465 277 1452 315 1455 332 1472 352 1457 392 1472 422 1447 475 1472 507 1452 530 1472 550 1452 595 1467 632 1457 655 1467 685 1442 727 1472 760 1457 795 1470 835 1450 865 1470 895 1442 930 1467 990 1450 1007 1467 1052 1465 1070 1500 1030 1527 965 1500 895 1520 837 1507 817 1522 760 1512 737 1527 707 1505 637 1510 607 1525 552 1522 527 1505 470 1515 450 1530 420 1515 315 1515 285 1530 260 1505"/></Shape>
	    <String CONTENT="چه مایه بدو اندرون خواسته]8"
                    HPOS="250"
                    VPOS="1442"
                    WIDTH="820"
                    HEIGHT="88"></String>
          </TextLine>
          
          
	  <TextLine ID="eSc_line_59482"
                    
                    BASELINE="1150 1577 1222 1577 1252 1572 1927 1572 1997 1577" 
                    HPOS="1150"
                    VPOS="1510"
                    WIDTH="845"
                    HEIGHT="87">
            <Shape><Polygon POINTS="1150 1575 1152 1550 1177 1525 1200 1520 1230 1545 1250 1527 1287 1545 1332 1517 1365 1537 1387 1522 1415 1532 1432 1520 1452 1527 1487 1515 1515 1537 1550 1530 1562 1542 1587 1542 1622 1515 1657 1540 1675 1527 1715 1540 1787 1535 1807 1515 1832 1512 1852 1532 1872 1525 1912 1540 1935 1535 1960 1510 1987 1520 1995 1575 1887 1595 1837 1570 1792 1595 1730 1580 1662 1582 1642 1570 1615 1582 1535 1582 1507 1597 1487 1587 1452 1592 1420 1570 1387 1585 1202 1587 1182 1597 1152 1580"/></Shape>
	    <String CONTENT="فرود آورید اندران9 کاخشان"
                    HPOS="1150"
                    VPOS="1510"
                    WIDTH="845"
                    HEIGHT="87"></String>
          </TextLine>
          
          
	  <TextLine ID="eSc_line_59472"
                    
                    BASELINE="250 1602 282 1582 1047 1585 1080 1577" 
                    HPOS="250"
                    VPOS="1522"
                    WIDTH="830"
                    HEIGHT="85">
            <Shape><Polygon POINTS="250 1602 252 1557 292 1530 322 1547 352 1537 367 1550 385 1532 422 1527 475 1547 512 1522 540 1545 560 1540 575 1552 610 1550 637 1530 672 1550 695 1535 717 1547 750 1530 777 1557 800 1537 870 1552 880 1542 930 1545 960 1527 985 1550 1007 1537 1065 1542 1080 1577 1055 1602 1025 1590 992 1602 972 1587 895 1602 877 1585 850 1602 802 1607 765 1587 667 1585 582 1605 532 1585 495 1595 252 1602"/></Shape>
	    <String CONTENT="چو شب روز شد کرد گستاخشان"
                    HPOS="250"
                    VPOS="1522"
                    WIDTH="830"
                    HEIGHT="85"></String>
          </TextLine>
          
          
	  <TextLine ID="eSc_line_59483"
                    
                    BASELINE="1160 1657 1197 1652 1402 1660 1570 1652 1682 1655 1905 1645 2000 1647" 
                    HPOS="1160"
                    VPOS="1592"
                    WIDTH="840"
                    HEIGHT="90">
            <Shape><Polygon POINTS="1160 1655 1162 1622 1235 1597 1250 1597 1275 1622 1300 1607 1322 1622 1360 1612 1372 1625 1392 1615 1412 1625 1447 1595 1462 1595 1482 1615 1502 1602 1525 1620 1557 1615 1587 1632 1645 1592 1665 1610 1720 1607 1757 1637 1817 1605 1845 1612 1867 1597 1915 1620 1942 1597 1977 1615 2000 1645 1982 1660 1917 1645 1890 1662 1805 1662 1785 1677 1752 1657 1730 1677 1700 1660 1652 1660 1627 1677 1592 1655 1567 1680 1530 1682 1475 1657 1417 1677 1352 1667 1332 1682 1277 1667 1252 1680 1235 1665 1165 1662"/></Shape>
	    <String CONTENT="سه دختر چنان چون فریدون بگفت"
                    HPOS="1160"
                    VPOS="1592"
                    WIDTH="840"
                    HEIGHT="90"></String>
          </TextLine>
          
          
	  <TextLine ID="eSc_line_59469"
                    
                    BASELINE="270 1662 990 1662 1047 1667 1097 1655" 
                    HPOS="270"
                    VPOS="1605"
                    WIDTH="825"
                    HEIGHT="85">
            <Shape><Polygon POINTS="270 1660 277 1620 315 1635 350 1612 370 1632 392 1622 417 1632 447 1615 470 1637 502 1605 535 1630 555 1617 610 1630 650 1605 672 1605 690 1622 715 1610 757 1630 802 1620 830 1630 850 1615 875 1627 1052 1620 1095 1655 1052 1670 1022 1667 1007 1682 977 1667 957 1677 895 1677 827 1665 812 1680 782 1670 727 1685 680 1660 635 1687 540 1672 525 1660 492 1690 455 1670 400 1685 272 1675"/></Shape>
	    <String CONTENT="سپهبد برون آورید از نهفت"
                    HPOS="270"
                    VPOS="1605"
                    WIDTH="825"
                    HEIGHT="85"></String>
          </TextLine>
          
          
	  <TextLine ID="eSc_line_59484"
                    
                    BASELINE="1180 1732 1994 1732" 
                    HPOS="1180"
                    VPOS="1675"
                    WIDTH="812"
                    HEIGHT="90">
            <Shape><Polygon POINTS="1180 1730 1187 1682 1225 1707 1252 1700 1262 1710 1307 1695 1332 1707 1350 1690 1380 1707 1407 1680 1435 1697 1450 1685 1467 1687 1490 1710 1550 1695 1585 1705 1605 1685 1635 1702 1680 1700 1692 1710 1767 1690 1792 1710 1827 1675 1875 1700 1922 1687 1947 1700 1977 1692 1992 1730 1977 1755 1950 1742 1907 1752 1835 1742 1800 1755 1780 1737 1690 1755 1680 1745 1615 1745 1595 1735 1565 1762 1530 1747 1502 1765 1470 1742 1417 1747 1397 1762 1380 1750 1282 1750 1262 1737 1237 1750 1185 1750"/></Shape>
	    <String CONTENT="بدیدار هر سه چو تابنده ماه"
                    HPOS="1180"
                    VPOS="1675"
                    WIDTH="812"
                    HEIGHT="90"></String>
          </TextLine>
          
          
	  <TextLine ID="eSc_line_59465"
                    
                    BASELINE="270 1740 632 1745 822 1740 910 1732 1027 1732 1085 1737" 
                    HPOS="270"
                    VPOS="1682"
                    WIDTH="815"
                    HEIGHT="83">
            <Shape><Polygon POINTS="270 1740 277 1695 292 1692 310 1707 337 1687 367 1707 377 1697 487 1692 507 1712 525 1697 542 1697 560 1715 617 1697 632 1710 662 1702 677 1715 702 1690 757 1712 792 1707 817 1687 850 1702 887 1692 922 1705 945 1682 980 1705 1005 1687 1030 1705 1065 1687 1085 1737 1052 1750 960 1747 947 1757 827 1740 760 1762 737 1752 700 1760 682 1745 662 1762 607 1752 590 1765 547 1755 447 1765 405 1745 370 1760 272 1760"/></Shape>
	    <String CONTENT="نشایست کردن بدیشان10 نگاه"
                    HPOS="270"
                    VPOS="1682"
                    WIDTH="815"
                    HEIGHT="83"></String>
          </TextLine>
          
          
	  <TextLine ID="eSc_line_59486"
                    
                    BASELINE="1162 1817 1230 1812 1482 1815 1627 1807 1712 1810 1887 1807 1912 1802 1940 1807 2002 1802" 
                    HPOS="1160"
                    VPOS="1755"
                    WIDTH="840"
                    HEIGHT="92">
            <Shape><Polygon POINTS="1160 1815 1162 1777 1200 1760 1232 1785 1262 1767 1285 1787 1310 1767 1335 1787 1377 1787 1395 1775 1425 1785 1477 1755 1515 1782 1592 1762 1620 1765 1637 1782 1707 1780 1732 1767 1757 1785 1785 1767 1805 1777 1817 1765 1865 1765 1890 1780 1920 1762 1937 1775 1980 1755 2000 1800 1995 1837 1952 1820 1780 1822 1762 1812 1690 1835 1580 1817 1555 1840 1532 1825 1497 1837 1477 1827 1450 1835 1425 1820 1375 1827 1350 1847 1320 1825 1165 1832"/></Shape>
	    <String CONTENT="[نشستند هر سه11 بران هم نشان"
                    HPOS="1160"
                    VPOS="1755"
                    WIDTH="840"
                    HEIGHT="92"></String>
          </TextLine>
          
          
	  <TextLine ID="eSc_line_59476"
                    
                    BASELINE="275 1807 310 1822 340 1825 795 1825 1075 1807" 
                    HPOS="275"
                    VPOS="1757"
                    WIDTH="800"
                    HEIGHT="95">
            <Shape><Polygon POINTS="275 1807 277 1775 332 1777 342 1767 375 1790 397 1777 417 1792 460 1770 527 1795 582 1765 607 1787 652 1772 667 1785 742 1782 755 1792 795 1760 832 1785 857 1772 877 1787 890 1775 920 1782 937 1767 957 1777 990 1757 1012 1775 1065 1767 1075 1807 1050 1830 997 1812 982 1827 867 1832 835 1850 807 1830 782 1830 762 1845 702 1832 675 1847 632 1837 605 1847 587 1835 550 1835 532 1847 500 1835 352 1835 307 1852 280 1830"/></Shape>
	    <String CONTENT="که گفتش فریدون بگردنکشان]12"
                    HPOS="275"
                    VPOS="1757"
                    WIDTH="800"
                    HEIGHT="95"></String>
          </TextLine>
          
          
	  <TextLine ID="eSc_line_59487"
                    
                    BASELINE="1165 1887 1202 1895 1665 1895 1697 1890 1847 1887 1875 1882 1917 1895 2006 1897" 
                    HPOS="1165"
                    VPOS="1827"
                    WIDTH="840"
                    HEIGHT="95">
            <Shape><Polygon POINTS="1165 1885 1170 1845 1222 1845 1237 1860 1262 1845 1292 1870 1315 1852 1340 1865 1467 1855 1485 1865 1505 1845 1542 1862 1567 1837 1622 1860 1662 1835 1692 1860 1737 1830 1760 1850 1780 1840 1800 1857 1837 1857 1865 1837 1900 1842 1930 1827 1952 1842 1962 1832 1982 1837 1997 1852 2005 1895 1982 1895 1957 1917 1892 1907 1850 1887 1820 1905 1737 1890 1687 1915 1652 1902 1580 1902 1557 1915 1497 1897 1472 1922 1440 1905 1420 1917 1387 1907 1357 1917 1287 1897 1270 1907 1167 1897"/></Shape>
	    <String CONTENT="ازان13 سه گرانمایه پرسید شه14"
                    HPOS="1165"
                    VPOS="1827"
                    WIDTH="840"
                    HEIGHT="95"></String>
          </TextLine>
          
          
	  <TextLine ID="eSc_line_59459"
                    
                    BASELINE="260 1895 442 1902 595 1897 830 1900 942 1905 997 1905 1080 1895" 
                    HPOS="260"
                    VPOS="1845"
                    WIDTH="820"
                    HEIGHT="82">
            <Shape><Polygon POINTS="260 1895 270 1855 385 1877 410 1860 462 1872 490 1847 537 1872 572 1850 597 1867 627 1865 647 1845 677 1862 707 1855 725 1872 762 1867 775 1877 812 1852 830 1870 875 1867 892 1882 920 1857 955 1867 1002 1850 1027 1867 1070 1845 1080 1895 1002 1920 950 1910 927 1927 905 1925 885 1905 842 1915 785 1900 760 1912 652 1912 630 1927 587 1900 532 1917 402 1917 380 1905 325 1920 262 1907"/></Shape>
	    <String CONTENT="کزین سه ستاره کدامست مه 15"
                    HPOS="260"
                    VPOS="1845"
                    WIDTH="820"
                    HEIGHT="82"></String>
          </TextLine>
          
          
	  <TextLine ID="eSc_line_59490"
                    
                    BASELINE="1175 1977 1242 1972 1667 1975 1692 1970 1875 1970 1900 1977 2002 1965" 
                    HPOS="1175"
                    VPOS="1912"
                    WIDTH="825"
                    HEIGHT="93">
            <Shape><Polygon POINTS="1175 1975 1177 1940 1197 1920 1242 1940 1267 1925 1292 1935 1335 1927 1355 1947 1385 1947 1402 1932 1435 1947 1455 1937 1485 1945 1527 1925 1550 1947 1585 1947 1620 1925 1665 1940 1692 1915 1740 1940 1770 1920 1800 1932 1825 1920 1845 1937 1882 1912 1907 1937 1980 1930 2000 1965 1922 1990 1902 1980 1830 1982 1802 1970 1750 1985 1592 1977 1562 2002 1525 1975 1467 1997 1402 1987 1350 2002 1285 1972 1265 1987 1202 1985 1177 2005"/></Shape>
	    <String CONTENT="میانه کدامست و کهتر16 کدام"
                    HPOS="1175"
                    VPOS="1912"
                    WIDTH="825"
                    HEIGHT="93"></String>
          </TextLine>
          
          
	  <TextLine ID="eSc_line_59454"
                    
                    BASELINE="260 1975 320 1985 1098 1985" 
                    HPOS="260"
                    VPOS="1922"
                    WIDTH="837"
                    HEIGHT="95">
            <Shape><Polygon POINTS="260 1975 265 1937 307 1942 322 1927 365 1952 392 1942 407 1955 472 1955 515 1927 540 1937 590 1932 605 1945 627 1932 660 1947 692 1922 732 1952 747 1940 815 1950 870 1940 885 1952 907 1935 940 1947 977 1922 1002 1947 1067 1940 1097 1985 1062 2002 1042 1990 947 1997 885 1985 865 2002 842 1990 822 2002 780 1995 757 2010 737 2007 715 1985 665 1992 642 2007 572 1987 502 2005 475 1995 455 2010 435 1997 400 2007 360 1985 307 2017 262 1987"/></Shape>
	    <String CONTENT="بباید برین گونه تان برد نام17"
                    HPOS="260"
                    VPOS="1922"
                    WIDTH="837"
                    HEIGHT="95"></String>
          </TextLine>
          
          
	  <TextLine ID="eSc_line_59485"
                    
                    BASELINE="1172 2050 1582 2055 1665 2047 1690 2055 1715 2050 1957 2047 2004 2053" 
                    HPOS="1170"
                    VPOS="1990"
                    WIDTH="832"
                    HEIGHT="97">
            <Shape><Polygon POINTS="1170 2050 1172 2032 1192 2017 1220 2027 1247 2012 1262 2027 1290 2012 1310 2027 1342 2010 1360 2027 1405 1990 1435 2010 1460 2002 1477 2015 1497 2005 1512 2017 1542 2005 1562 2020 1600 1992 1627 2010 1692 2005 1712 1992 1757 2022 1782 2007 1877 2010 1892 1997 1915 2005 1950 1990 1995 2022 2002 2052 1982 2072 1955 2060 1760 2057 1735 2082 1630 2050 1555 2077 1457 2055 1440 2067 1397 2065 1365 2087 1335 2070 1172 2067"/></Shape>
	    <String CONTENT="بگفتند زان18 گونه کآموختند"
                    HPOS="1170"
                    VPOS="1990"
                    WIDTH="832"
                    HEIGHT="97"></String>
          </TextLine>
          
          
	  <TextLine ID="eSc_line_59451"
                    
                    BASELINE="262 2067 300 2062 795 2065 820 2060 877 2060 947 2052 1010 2052 1092 2050" 
                    HPOS="260"
                    VPOS="2002"
                    WIDTH="830"
                    HEIGHT="88">
            <Shape><Polygon POINTS="260 2065 262 2042 277 2030 302 2035 320 2020 377 2030 402 2015 420 2032 452 2022 480 2050 507 2030 587 2027 617 2002 645 2020 662 2015 680 2032 732 2030 755 2012 782 2032 820 2030 835 2015 912 2027 940 2005 967 2007 987 2025 1030 2002 1050 2022 1080 2025 1090 2050 1045 2077 927 2057 897 2085 857 2070 815 2072 797 2090 767 2070 677 2087 647 2075 570 2070 550 2087 525 2075 487 2085 467 2065 430 2090 395 2075 262 2077"/></Shape>
	    <String CONTENT="سبک 19 چشم نیرنگ بر دوختند"
                    HPOS="260"
                    VPOS="2002"
                    WIDTH="830"
                    HEIGHT="88"></String>
          </TextLine>
          
          
	  <TextLine ID="eSc_line_59495"
                    
                    BASELINE="1172 2145 1240 2145 1440 2132 1847 2132 1877 2137 1902 2130 2007 2130" 
                    HPOS="1172"
                    VPOS="2070"
                    WIDTH="835"
                    HEIGHT="95">
            <Shape><Polygon POINTS="1172 2145 1185 2097 1267 2107 1292 2095 1312 2112 1342 2082 1372 2102 1400 2085 1435 2115 1462 2092 1487 2102 1525 2080 1552 2105 1577 2097 1597 2115 1615 2097 1657 2102 1687 2072 1730 2107 1777 2102 1800 2087 1825 2100 1845 2077 1872 2092 1897 2070 1915 2070 1932 2087 1982 2077 2000 2092 2007 2130 1985 2157 1955 2142 1850 2140 1742 2160 1712 2135 1610 2162 1587 2142 1482 2150 1430 2135 1390 2152 1317 2142 1297 2160 1222 2150 1207 2165 1177 2165"/></Shape>
	    <String CONTENT="[شگفتی فرو ماند شاه یمن"
                    HPOS="1172"
                    VPOS="2070"
                    WIDTH="835"
                    HEIGHT="95"></String>
          </TextLine>
          
          
	  <TextLine ID="eSc_line_59457"
                    
                    BASELINE="268 2142 365 2155 395 2145 420 2142 990 2145 1082 2137" 
                    HPOS="267"
                    VPOS="2077"
                    WIDTH="813"
                    HEIGHT="103">
            <Shape><Polygon POINTS="267 2140 280 2097 317 2095 352 2115 417 2115 432 2102 467 2112 502 2087 535 2117 555 2097 602 2092 620 2107 667 2085 692 2110 725 2110 745 2107 775 2077 827 2122 857 2092 887 2107 927 2100 940 2110 1065 2097 1080 2135 1055 2152 910 2152 892 2167 850 2162 830 2145 742 2160 707 2152 687 2165 657 2157 640 2167 605 2147 552 2167 522 2142 505 2157 450 2157 435 2167 420 2157 367 2157 337 2180 302 2175 270 2152"/></Shape>
	    <String CONTENT="همیدون دلیران آن انجمن]20"
                    HPOS="267"
                    VPOS="2077"
                    WIDTH="813"
                    HEIGHT="103"></String>
          </TextLine>
          
          
	  <TextLine ID="eSc_line_59497"
                    
                    BASELINE="1082 2850 1147 2855 1221 2847" 
                    HPOS="1080"
                    VPOS="2797"
                    WIDTH="140"
                    HEIGHT="80">
            <Shape><Polygon POINTS="1080 2850 1092 2802 1140 2797 1165 2797 1220 2845 1195 2850 1170 2877 1105 2875 1085 2857"/></Shape>
	    <String CONTENT="۲۵۴"
                    HPOS="1080"
                    VPOS="2797"
                    WIDTH="140"
                    HEIGHT="80"></String>
          </TextLine>
          </TextBlock>
          
        </PrintSpace>
      </Page>
    </Layout>
  </alto>
