<?xml version="1.0" encoding="UTF-8"?>
<alto xmlns:xsi="http://www.w3.org/2001/XMLSchema-instance"
      xmlns="http://www.loc.gov/standards/alto/ns-v4#"
      xsi:schemaLocation="http://www.loc.gov/standards/alto/ns-v4# https://gitlab.inria.fr/scripta/escriptorium/-/raw/develop/app/escriptorium/static/alto-4-1-baselines.xsd">
  <Description>
    <MeasurementUnit>pixel</MeasurementUnit>
    <sourceImageInformation>
      <fileName>Ferdowsi_Moscow.pdf_000062.png</fileName>
    </sourceImageInformation>
  </Description>
  
  <Tags>
    <OtherTag ID="BT1" LABEL="Title" DESCRIPTION="block type Title"/><OtherTag ID="BT2" LABEL="Main" DESCRIPTION="block type Main"/><OtherTag ID="BT3" LABEL="Commentary" DESCRIPTION="block type Commentary"/><OtherTag ID="BT4" LABEL="Illustration" DESCRIPTION="block type Illustration"/>
    
  </Tags>
  
  <Layout>
    <Page WIDTH="2430"
          HEIGHT="3000"
          PHYSICAL_IMG_NR="28"
          ID="eSc_dummypage_">
      <PrintSpace HPOS="0"
                  VPOS="0"
                  WIDTH="2430"
                  HEIGHT="3000">
        
        <TextBlock ID="eSc_dummyblock_">
          
	  <TextLine ID="eSc_line_120122"
                    
                    BASELINE="1059 421 1227 422" 
                    HPOS="1057"
                    VPOS="377"
                    WIDTH="168"
                    HEIGHT="70">
            <Shape><Polygon POINTS="1057 420 1062 387 1100 377 1135 392 1170 380 1225 420 1190 447 1062 442"/></Shape>
	    <String CONTENT="شاهنامه"
                    HPOS="1057"
                    VPOS="377"
                    WIDTH="168"
                    HEIGHT="70"></String>
          </TextLine>
          
          
	  <TextLine ID="eSc_line_120168"
                    
                    BASELINE="1160 557 1195 565 1670 565 1966 563 2006 557" 
                    HPOS="1160"
                    VPOS="495"
                    WIDTH="845"
                    HEIGHT="92">
            <Shape><Polygon POINTS="1160 555 1192 512 1222 500 1252 525 1272 520 1285 530 1327 502 1355 522 1387 510 1407 530 1460 500 1487 525 1560 517 1590 532 1640 500 1675 520 1702 495 1737 520 1792 517 1812 535 1860 502 1892 517 1912 505 1937 525 1977 505 1997 522 2005 555 1957 572 1880 565 1845 580 1815 565 1787 587 1765 572 1745 582 1717 567 1655 585 1597 565 1567 585 1540 570 1515 580 1462 570 1425 580 1407 565 1292 565 1270 585 1225 570 1195 587 1162 582"/></Shape>
	    <String CONTENT="که ای پهلوان جهان شاد باش"
                    HPOS="1160"
                    VPOS="495"
                    WIDTH="845"
                    HEIGHT="92"></String>
          </TextLine>
          
          
	  <TextLine ID="eSc_line_120167"
                    
                    BASELINE="242 540 322 552 462 560 702 565 1081 560" 
                    HPOS="240"
                    VPOS="500"
                    WIDTH="840"
                    HEIGHT="90">
            <Shape><Polygon POINTS="240 540 242 517 260 505 292 522 340 502 365 525 390 527 437 502 460 525 515 512 565 532 637 507 655 525 680 512 702 527 730 520 750 537 785 502 832 527 852 507 887 522 910 505 942 500 960 517 990 507 1007 520 1025 505 1065 515 1080 560 1057 587 1040 587 1007 562 990 572 945 570 925 587 900 587 872 567 810 587 785 575 762 590 737 565 665 587 637 565 590 585 557 572 457 580 395 567 377 585 322 572 292 590 242 550"/></Shape>
	    <String CONTENT="ز1 شاخ توام من تو بنیاد باش2"
                    HPOS="240"
                    VPOS="500"
                    WIDTH="840"
                    HEIGHT="90"></String>
          </TextLine>
          
          
	  <TextLine ID="eSc_line_120134"
                    
                    BASELINE="1160 637 1202 645 1510 645 1600 637 1730 640 1757 645 1932 642 1995 647" 
                    HPOS="1160"
                    VPOS="582"
                    WIDTH="835"
                    HEIGHT="88">
            <Shape><Polygon POINTS="1160 637 1167 585 1222 617 1255 585 1292 610 1332 610 1355 587 1387 607 1450 610 1487 582 1510 605 1535 590 1557 612 1597 582 1617 602 1657 595 1670 607 1702 607 1732 592 1747 607 1797 597 1825 615 1872 607 1905 582 1940 605 1975 582 1987 592 1995 647 1972 662 1892 647 1845 665 1817 650 1792 662 1777 650 1602 645 1560 667 1540 647 1380 665 1357 645 1335 645 1262 650 1242 670 1215 655 1185 665 1162 647"/></Shape>
	    <String CONTENT="[یکی بنده ام نامور3 سام را"
                    HPOS="1160"
                    VPOS="582"
                    WIDTH="835"
                    HEIGHT="88"></String>
          </TextLine>
          
          
	  <TextLine ID="eSc_line_120162"
                    
                    BASELINE="262 650 302 655 387 650 417 642 905 645 1078 637" 
                    HPOS="260"
                    VPOS="582"
                    WIDTH="817"
                    HEIGHT="88">
            <Shape><Polygon POINTS="260 650 262 587 272 582 325 617 360 585 385 595 417 582 450 610 470 605 485 617 547 582 580 610 612 587 640 605 675 587 722 617 740 602 792 607 822 590 855 622 885 602 915 607 950 582 975 607 990 592 1030 610 1060 592 1077 635 1055 652 952 650 940 662 900 650 882 667 847 645 785 650 755 665 715 655 682 662 657 642 585 650 562 665 535 652 512 660 492 642 462 665 427 645 372 665 360 652 332 670 317 655 262 665"/></Shape>
	    <String CONTENT="نشایم خور و4 خواب و آرام را]"
                    HPOS="260"
                    VPOS="582"
                    WIDTH="817"
                    HEIGHT="88"></String>
          </TextLine>
          
          
	  <TextLine ID="eSc_line_120137"
                    
                    BASELINE="1167 717 1257 725 2004 720" 
                    HPOS="1165"
                    VPOS="667"
                    WIDTH="837"
                    HEIGHT="85">
            <Shape><Polygon POINTS="1165 715 1170 680 1205 687 1222 672 1257 692 1275 682 1292 692 1310 675 1342 692 1380 680 1405 705 1425 687 1450 700 1505 667 1535 685 1565 672 1592 700 1612 680 1655 685 1717 672 1745 685 1762 667 1790 685 1822 677 1837 692 1902 682 1922 690 1975 667 1995 687 2002 720 1975 745 1942 730 1892 727 1865 742 1835 730 1807 745 1790 730 1690 725 1662 750 1600 747 1580 727 1535 747 1490 732 1462 752 1445 737 1415 747 1392 725 1327 750 1292 735 1267 747 1245 732 1200 747 1167 730"/></Shape>
	    <String CONTENT="[همی پشت زین خواهم و درع و خود"
                    HPOS="1165"
                    VPOS="667"
                    WIDTH="837"
                    HEIGHT="85"></String>
          </TextLine>
          
          
	  <TextLine ID="eSc_line_120158"
                    
                    BASELINE="255 725 437 725 497 720 760 717 832 725 990 725 1082 717" 
                    HPOS="255"
                    VPOS="660"
                    WIDTH="827"
                    HEIGHT="92">
            <Shape><Polygon POINTS="255 725 262 667 337 687 377 677 400 697 450 677 482 690 542 690 580 660 602 682 632 667 657 687 680 670 710 672 722 662 782 685 815 670 835 690 890 687 917 667 952 697 1057 677 1082 717 1070 730 1002 732 982 745 945 725 825 742 805 722 780 722 695 742 682 730 595 720 535 745 505 732 442 732 415 752 385 727 347 745 312 745 287 730 260 747"/></Shape>
	    <String CONTENT="همی تیر5 ناوک 6 فرستم درود7]"
                    HPOS="255"
                    VPOS="660"
                    WIDTH="827"
                    HEIGHT="92"></String>
          </TextLine>
          
          
	  <TextLine ID="eSc_line_120159"
                    
                    BASELINE="1170 805 2006 800" 
                    HPOS="1170"
                    VPOS="747"
                    WIDTH="835"
                    HEIGHT="83">
            <Shape><Polygon POINTS="1170 805 1172 762 1187 747 1245 772 1335 760 1367 780 1472 772 1487 760 1525 780 1552 760 1577 772 1602 747 1622 747 1642 767 1667 760 1692 782 1750 750 1767 750 1797 780 1857 762 1972 762 2005 800 1975 825 1950 812 1922 825 1897 812 1867 822 1830 812 1797 825 1775 805 1705 822 1677 802 1585 815 1515 805 1420 815 1397 830 1360 810 1332 827 1315 812 1235 825 1202 807 1172 827"/></Shape>
	    <String CONTENT="بچهر تو ماند همی چهره ام"
                    HPOS="1170"
                    VPOS="747"
                    WIDTH="835"
                    HEIGHT="83"></String>
          </TextLine>
          
          
	  <TextLine ID="eSc_line_120149"
                    
                    BASELINE="240 822 275 802 1078 802" 
                    HPOS="240"
                    VPOS="740"
                    WIDTH="837"
                    HEIGHT="90">
            <Shape><Polygon POINTS="240 820 242 780 277 745 310 762 362 770 387 757 432 757 460 785 542 740 615 772 640 757 662 765 677 750 715 745 767 777 787 762 812 767 830 750 862 762 877 750 950 745 975 770 1057 765 1077 800 1047 827 1022 812 975 825 952 802 905 820 875 800 787 825 762 812 740 822 725 810 627 810 615 800 492 820 455 802 427 827 407 827 390 810 337 822 300 802 262 830 245 820"/></Shape>
	    <String CONTENT="چو آن8 تو باشد مگر زهره ام"
                    HPOS="240"
                    VPOS="740"
                    WIDTH="837"
                    HEIGHT="90"></String>
          </TextLine>
          
          
	  <TextLine ID="eSc_line_120154"
                    
                    BASELINE="1165 877 1262 885 1642 882 1772 890 1992 890" 
                    HPOS="1165"
                    VPOS="822"
                    WIDTH="827"
                    HEIGHT="88">
            <Shape><Polygon POINTS="1165 877 1167 842 1180 835 1225 850 1257 842 1275 860 1310 832 1330 852 1390 845 1407 862 1442 827 1477 852 1497 840 1530 852 1565 827 1600 850 1615 840 1670 850 1725 822 1767 855 1817 837 1840 852 1870 825 1930 822 1985 850 1992 890 1947 907 1877 890 1840 890 1822 905 1797 895 1782 907 1760 907 1740 890 1697 890 1635 907 1600 885 1570 897 1482 895 1465 885 1437 910 1402 897 1375 910 1360 897 1325 895 1290 910 1265 887 1167 890"/></Shape>
	    <String CONTENT="وزان9 پس فرود آمد از پیل مست"
                    HPOS="1165"
                    VPOS="822"
                    WIDTH="827"
                    HEIGHT="88"></String>
          </TextLine>
          
          
	  <TextLine ID="eSc_line_120153"
                    
                    BASELINE="246 870 307 877 360 880 700 877 957 880 982 885 1035 885 1083 877" 
                    HPOS="245"
                    VPOS="820"
                    WIDTH="837"
                    HEIGHT="90">
            <Shape><Polygon POINTS="245 870 247 847 267 835 312 850 357 837 385 850 425 842 442 860 480 832 505 847 540 835 572 847 620 837 642 857 677 832 700 842 722 820 757 845 810 820 860 857 902 822 945 847 1065 847 1082 875 1060 892 1030 890 1010 905 947 890 902 890 890 902 855 892 827 902 815 890 735 900 637 877 615 892 495 890 470 910 435 892 417 905 397 890 265 892 247 882"/></Shape>
	    <String CONTENT="سپهدار بگرفت دستش بدست"
                    HPOS="245"
                    VPOS="820"
                    WIDTH="837"
                    HEIGHT="90"></String>
          </TextLine>
          
          
	  <TextLine ID="eSc_line_120150"
                    
                    BASELINE="1160 977 1225 970 1377 962 1870 965 1982 953 2004 956" 
                    HPOS="1160"
                    VPOS="905"
                    WIDTH="842"
                    HEIGHT="87">
            <Shape><Polygon POINTS="1160 975 1172 935 1237 922 1285 922 1300 932 1332 905 1347 905 1385 940 1417 907 1455 932 1505 930 1537 912 1555 930 1585 920 1620 940 1650 925 1667 942 1692 927 1775 932 1837 922 1857 940 1870 930 1970 920 2002 955 1977 972 1915 972 1890 987 1852 970 1835 985 1797 975 1775 987 1747 972 1680 982 1665 970 1627 985 1612 970 1590 987 1567 972 1497 972 1465 992 1440 967 1410 987 1377 967 1305 967 1287 985 1257 972 1225 990 1207 980 1192 992 1165 982"/></Shape>
	    <String CONTENT="همی برسر و چشم او داد بوس"
                    HPOS="1160"
                    VPOS="905"
                    WIDTH="842"
                    HEIGHT="87"></String>
          </TextLine>
          
          
	  <TextLine ID="eSc_line_120163"
                    
                    BASELINE="242 957 280 975 352 962 1037 965 1083 957" 
                    HPOS="240"
                    VPOS="900"
                    WIDTH="842"
                    HEIGHT="90">
            <Shape><Polygon POINTS="240 955 285 927 345 932 377 910 402 920 432 907 457 922 485 902 505 912 537 905 565 930 600 932 640 900 670 902 697 930 742 932 762 922 785 942 815 920 842 932 870 905 885 905 907 927 930 920 957 945 977 925 1022 927 1047 902 1062 902 1082 955 1060 972 980 987 945 965 847 977 790 965 767 987 735 975 615 980 600 970 565 985 545 965 505 985 447 977 432 962 385 962 307 990 257 990 242 975"/></Shape>
	    <String CONTENT="فرو ماند پیلان و آوای10 کوس"
                    HPOS="240"
                    VPOS="900"
                    WIDTH="842"
                    HEIGHT="90"></String>
          </TextLine>
          
          
	  <TextLine ID="eSc_line_120165"
                    
                    BASELINE="1170 1045 1952 1042 2001 1047" 
                    HPOS="1170"
                    VPOS="982"
                    WIDTH="830"
                    HEIGHT="90">
            <Shape><Polygon POINTS="1170 1045 1172 1005 1192 995 1262 1017 1287 1000 1307 1007 1357 985 1390 1010 1422 1010 1435 997 1462 1007 1477 992 1505 992 1530 1015 1587 1007 1612 987 1647 995 1675 982 1697 995 1720 982 1745 1005 1782 985 1810 1002 1842 990 1862 1010 1902 995 1930 1010 1977 1010 2000 1045 1972 1057 1940 1052 1922 1067 1872 1060 1855 1042 1800 1052 1780 1070 1752 1067 1732 1047 1707 1067 1687 1067 1617 1042 1580 1070 1555 1060 1535 1072 1480 1045 1412 1065 1360 1050 1267 1047 1237 1067 1175 1060"/></Shape>
	    <String CONTENT="سوی کاخ ازان11 که پس12 نهادند روی"
                    HPOS="1170"
                    VPOS="982"
                    WIDTH="830"
                    HEIGHT="90"></String>
          </TextLine>
          
          
	  <TextLine ID="eSc_line_120164"
                    
                    BASELINE="253 1045 337 1042 407 1047 432 1040 517 1037 687 1042 845 1040 990 1045 1025 1045 1081 1037" 
                    HPOS="252"
                    VPOS="982"
                    WIDTH="828"
                    HEIGHT="85">
            <Shape><Polygon POINTS="252 1045 255 1007 277 995 307 1002 335 982 377 1010 405 992 440 1007 460 987 482 1002 522 985 540 1002 600 985 622 1007 640 1005 657 1020 672 1007 697 1017 742 985 765 995 782 982 802 997 830 990 855 1015 897 985 940 1017 1025 1010 1050 997 1080 1035 1055 1055 992 1052 965 1067 935 1052 907 1065 857 1042 735 1062 697 1052 680 1067 650 1055 625 1065 542 1037 520 1037 495 1055 385 1045 357 1067 330 1052 292 1067 255 1055"/></Shape>
	    <String CONTENT="همی راه شادان و با13 گفت وگوی"
                    HPOS="252"
                    VPOS="982"
                    WIDTH="828"
                    HEIGHT="85"></String>
          </TextLine>
          
          
	  <TextLine ID="eSc_line_120139"
                    
                    BASELINE="1160 1127 1200 1135 1572 1135 1622 1130 1770 1127 1797 1122 1885 1127 1985 1127" 
                    HPOS="1160"
                    VPOS="1072"
                    WIDTH="825"
                    HEIGHT="90">
            <Shape><Polygon POINTS="1160 1127 1162 1095 1192 1075 1225 1097 1282 1085 1305 1107 1320 1092 1362 1100 1412 1082 1455 1107 1485 1085 1522 1100 1552 1075 1575 1097 1597 1077 1637 1075 1660 1097 1687 1087 1702 1100 1750 1072 1780 1092 1805 1077 1835 1092 1855 1077 1877 1097 1927 1097 1977 1075 1985 1127 1977 1152 1947 1140 1857 1140 1817 1125 1802 1140 1712 1140 1687 1150 1620 1135 1590 1145 1457 1135 1432 1160 1355 1142 1327 1162 1290 1140 1232 1152 1162 1137"/></Shape>
	    <String CONTENT="[همه کاخها تخت زرّین نهاد"
                    HPOS="1160"
                    VPOS="1072"
                    WIDTH="825"
                    HEIGHT="90"></String>
          </TextLine>
          
          
	  <TextLine ID="eSc_line_120138"
                    
                    BASELINE="250 1127 292 1122 322 1125 397 1120 437 1127 702 1135 817 1130 1075 1130" 
                    HPOS="250"
                    VPOS="1072"
                    WIDTH="825"
                    HEIGHT="88">
            <Shape><Polygon POINTS="250 1125 260 1080 322 1087 350 1072 365 1087 392 1080 417 1105 480 1085 522 1100 567 1087 595 1107 612 1092 642 1102 665 1087 685 1097 697 1085 737 1100 790 1097 820 1080 850 1110 865 1097 895 1107 935 1085 967 1085 980 1097 1007 1082 1037 1097 1065 1085 1075 1130 1055 1145 895 1137 872 1157 835 1135 795 1140 767 1157 637 1135 615 1155 585 1142 572 1155 547 1145 515 1160 497 1145 427 1142 415 1130 352 1142 297 1135 275 1157 252 1152"/></Shape>
	    <String CONTENT="نشستند و خوردند و بودند شاد14]"
                    HPOS="250"
                    VPOS="1072"
                    WIDTH="825"
                    HEIGHT="88"></String>
          </TextLine>
          
          
	  <TextLine ID="eSc_line_120160"
                    
                    BASELINE="1150 1225 1927 1222 1992 1227" 
                    HPOS="1150"
                    VPOS="1165"
                    WIDTH="842"
                    HEIGHT="87">
            <Shape><Polygon POINTS="1150 1225 1152 1197 1197 1165 1252 1190 1295 1165 1327 1187 1357 1190 1380 1170 1405 1170 1430 1195 1487 1165 1540 1195 1597 1182 1615 1200 1632 1182 1772 1182 1792 1197 1835 1177 1855 1190 1877 1167 1905 1165 1940 1190 1977 1182 1992 1227 1975 1242 1937 1232 1920 1245 1875 1230 1792 1225 1770 1245 1750 1235 1667 1235 1630 1252 1607 1235 1585 1245 1570 1232 1555 1245 1457 1232 1417 1247 1392 1225 1250 1240 1202 1232 1185 1242 1152 1225"/></Shape>
	    <String CONTENT="برآمد برین بریکی 15 ماهیان"
                    HPOS="1150"
                    VPOS="1165"
                    WIDTH="842"
                    HEIGHT="87"></String>
          </TextLine>
          
          
	  <TextLine ID="eSc_line_120161"
                    
                    BASELINE="257 1225 427 1217 452 1212 585 1220 705 1217 875 1220 900 1225 1085 1225" 
                    HPOS="255"
                    VPOS="1160"
                    WIDTH="830"
                    HEIGHT="85">
            <Shape><Polygon POINTS="255 1225 257 1177 290 1162 325 1187 395 1177 405 1185 430 1165 485 1175 497 1187 530 1160 545 1160 577 1187 617 1175 642 1197 675 1175 695 1182 707 1172 812 1187 842 1170 867 1195 917 1187 932 1175 965 1185 990 1172 1027 1190 1065 1182 1085 1225 1062 1242 1037 1232 990 1240 920 1230 880 1245 852 1220 802 1242 780 1230 662 1230 645 1217 622 1232 542 1240 530 1227 467 1242 442 1222 410 1217 332 1240 320 1230 257 1237"/></Shape>
	    <String CONTENT="برنجی نبستند هرگز16 میان"
                    HPOS="255"
                    VPOS="1160"
                    WIDTH="830"
                    HEIGHT="85"></String>
          </TextLine>
          
          
	  <TextLine ID="eSc_line_120141"
                    
                    BASELINE="1172 1315 1422 1315 1542 1307 1752 1310 1782 1315 1995 1310" 
                    HPOS="1170"
                    VPOS="1245"
                    WIDTH="825"
                    HEIGHT="92">
            <Shape><Polygon POINTS="1170 1315 1180 1270 1247 1275 1262 1287 1345 1245 1362 1245 1417 1287 1442 1262 1492 1272 1517 1255 1550 1280 1585 1280 1605 1260 1632 1255 1680 1277 1712 1277 1735 1260 1772 1277 1857 1280 1882 1255 1915 1280 1980 1270 1995 1310 1980 1330 1880 1320 1830 1322 1810 1337 1772 1335 1750 1320 1647 1320 1602 1307 1575 1332 1425 1315 1400 1337 1360 1322 1330 1337 1277 1327 1265 1315 1240 1335 1200 1335 1175 1320"/></Shape>
	    <String CONTENT="بخوردند17 باده18 بآوای رود"
                    HPOS="1170"
                    VPOS="1245"
                    WIDTH="825"
                    HEIGHT="92"></String>
          </TextLine>
          
          
	  <TextLine ID="eSc_line_120146"
                    
                    BASELINE="265 1302 302 1310 485 1302 572 1310 1095 1310" 
                    HPOS="265"
                    VPOS="1247"
                    WIDTH="830"
                    HEIGHT="88">
            <Shape><Polygon POINTS="265 1302 267 1265 367 1275 402 1252 450 1260 477 1277 490 1267 535 1275 562 1260 615 1285 690 1252 725 1287 762 1262 790 1282 825 1260 852 1275 872 1255 897 1265 932 1247 967 1280 1035 1277 1062 1265 1087 1285 1095 1310 1002 1320 980 1335 960 1332 937 1310 915 1320 817 1320 787 1310 740 1332 645 1322 620 1310 592 1332 567 1317 497 1332 462 1317 375 1307 292 1335 267 1317"/></Shape>
	    <String CONTENT="همی گفت هر یک بنوبت 19 سرود"
                    HPOS="265"
                    VPOS="1247"
                    WIDTH="830"
                    HEIGHT="88"></String>
          </TextLine>
          
          
	  <TextLine ID="eSc_line_120155"
                    
                    BASELINE="1172 1395 1442 1400 1592 1392 1860 1392 1915 1397 1987 1397" 
                    HPOS="1172"
                    VPOS="1330"
                    WIDTH="815"
                    HEIGHT="95">
            <Shape><Polygon POINTS="1172 1395 1175 1365 1187 1357 1235 1370 1252 1355 1290 1355 1307 1367 1355 1345 1412 1370 1457 1360 1480 1377 1510 1352 1542 1365 1575 1347 1592 1362 1610 1347 1632 1355 1670 1330 1692 1352 1707 1347 1727 1365 1750 1365 1780 1340 1810 1352 1842 1345 1867 1362 1915 1342 1937 1365 1977 1342 1987 1397 1972 1422 1807 1392 1737 1425 1640 1392 1620 1410 1580 1412 1525 1412 1490 1400 1457 1415 1357 1412 1337 1422 1317 1422 1300 1405 1287 1415 1175 1412"/></Shape>
	    <String CONTENT="[بیک 20 گوشهٔ تخت دستان نشست"
                    HPOS="1172"
                    VPOS="1330"
                    WIDTH="815"
                    HEIGHT="95"></String>
          </TextLine>
          
          
	  <TextLine ID="eSc_line_120148"
                    
                    BASELINE="270 1387 310 1397 337 1392 365 1395 477 1390 552 1407 582 1400 610 1402 730 1397 1085 1397" 
                    HPOS="270"
                    VPOS="1335"
                    WIDTH="815"
                    HEIGHT="92">
            <Shape><Polygon POINTS="270 1385 272 1347 325 1352 345 1367 385 1352 417 1360 435 1345 462 1345 477 1360 505 1350 540 1362 575 1335 610 1367 640 1350 657 1365 725 1352 740 1365 807 1370 830 1347 852 1360 882 1347 920 1365 962 1337 995 1370 1022 1345 1047 1340 1077 1370 1085 1395 1010 1420 990 1417 965 1395 907 1425 875 1407 820 1400 785 1422 755 1407 647 1407 620 1425 580 1400 515 1427 430 1397 407 1420 382 1407 272 1402"/></Shape>
	    <String CONTENT="دگر گوشه رستمش گرزی21 بدست22"
                    HPOS="270"
                    VPOS="1335"
                    WIDTH="815"
                    HEIGHT="92"></String>
          </TextLine>
          
          
	  <TextLine ID="eSc_line_120156"
                    
                    BASELINE="1170 1482 1207 1480 1270 1490 1340 1490 1370 1497 1397 1492 1993 1492" 
                    HPOS="1170"
                    VPOS="1430"
                    WIDTH="822"
                    HEIGHT="90">
            <Shape><Polygon POINTS="1170 1480 1172 1440 1202 1440 1217 1455 1247 1435 1287 1445 1310 1432 1357 1432 1380 1455 1442 1457 1462 1437 1487 1432 1520 1462 1550 1432 1602 1460 1627 1437 1667 1455 1705 1445 1727 1452 1762 1430 1802 1465 1830 1440 1860 1455 1940 1455 1972 1430 1985 1437 1992 1490 1975 1510 1850 1497 1822 1517 1782 1490 1702 1497 1677 1512 1617 1507 1600 1492 1555 1500 1535 1520 1495 1490 1390 1512 1372 1500 1340 1510 1245 1502 1217 1512 1172 1495"/></Shape>
	    <String CONTENT="[بپیش اندرون سام گیهان گشای 23"
                    HPOS="1170"
                    VPOS="1430"
                    WIDTH="822"
                    HEIGHT="90"></String>
          </TextLine>
          
          
	  <TextLine ID="eSc_line_120144"
                    
                    BASELINE="256 1477 375 1485 567 1482 617 1490 745 1482 945 1482 995 1490 1086 1485" 
                    HPOS="255"
                    VPOS="1427"
                    WIDTH="830"
                    HEIGHT="93">
            <Shape><Polygon POINTS="255 1475 265 1435 295 1435 312 1447 340 1427 370 1455 415 1455 427 1445 455 1452 472 1435 500 1432 515 1442 537 1437 562 1457 597 1455 640 1430 660 1447 687 1437 717 1465 750 1432 777 1452 792 1440 817 1455 850 1442 870 1460 895 1437 922 1455 962 1445 980 1457 1017 1457 1062 1427 1077 1442 1085 1485 995 1512 962 1497 817 1502 775 1485 740 1517 725 1520 697 1492 617 1520 595 1510 577 1517 555 1497 520 1507 467 1485 432 1500 307 1505 257 1482"/></Shape>
	    <String CONTENT="فروهشته از تاج پرّ24 همای25"
                    HPOS="255"
                    VPOS="1427"
                    WIDTH="830"
                    HEIGHT="93"></String>
          </TextLine>
          
          
	  <TextLine ID="eSc_line_120143"
                    
                    BASELINE="1156 1575 1372 1580 1547 1572 1847 1572 1932 1585 1962 1582 2014 1587" 
                    HPOS="1155"
                    VPOS="1520"
                    WIDTH="857"
                    HEIGHT="87">
            <Shape><Polygon POINTS="1155 1575 1170 1545 1185 1535 1210 1542 1232 1522 1267 1545 1320 1540 1335 1552 1375 1547 1392 1532 1420 1542 1445 1527 1457 1537 1490 1520 1547 1545 1567 1527 1597 1527 1615 1545 1640 1535 1667 1555 1750 1545 1767 1532 1792 1542 1810 1525 1840 1525 1857 1537 1885 1530 1900 1542 1927 1537 1950 1550 1980 1532 2007 1560 2012 1585 1955 1607 1940 1592 1912 1600 1892 1587 1845 1605 1800 1572 1785 1585 1715 1587 1695 1605 1677 1605 1655 1585 1610 1605 1555 1577 1537 1592 1380 1590 1345 1602 1327 1590 1302 1602 1290 1590 1190 1590 1157 1577"/></Shape>
	    <String CONTENT="ز رستم26 همی در27 شگفتی بماند"
                    HPOS="1155"
                    VPOS="1520"
                    WIDTH="857"
                    HEIGHT="87"></String>
          </TextLine>
          
          
	  <TextLine ID="eSc_line_120157"
                    
                    BASELINE="256 1572 435 1572 487 1577 597 1580 790 1577 905 1580 937 1585 1047 1582 1085 1587" 
                    HPOS="255"
                    VPOS="1520"
                    WIDTH="830"
                    HEIGHT="85">
            <Shape><Polygon POINTS="255 1570 257 1547 275 1535 302 1542 327 1522 367 1545 395 1522 427 1545 460 1545 482 1525 517 1520 537 1537 560 1532 577 1545 600 1535 620 1555 655 1520 682 1535 707 1530 720 1542 735 1527 770 1520 790 1540 840 1535 860 1555 927 1532 962 1555 982 1540 1067 1540 1085 1585 1050 1602 1030 1590 977 1605 945 1585 890 1597 850 1587 815 1605 790 1585 740 1597 712 1580 695 1590 660 1585 635 1605 615 1587 575 1587 552 1600 515 1585 482 1600 465 1587 437 1600 425 1587 395 1585 340 1602 325 1590 257 1582"/></Shape>
	    <String CONTENT="برو هر زمان نام یزدان بخواند"
                    HPOS="255"
                    VPOS="1520"
                    WIDTH="830"
                    HEIGHT="85"></String>
          </TextLine>
          
          
	  <TextLine ID="eSc_line_120151"
                    
                    BASELINE="1152 1670 1212 1670 1187 1677 1240 1667 1292 1665 1510 1675 1872 1675 1920 1667 2004 1677" 
                    HPOS="1150"
                    VPOS="1610"
                    WIDTH="852"
                    HEIGHT="90">
            <Shape><Polygon POINTS="1150 1670 1155 1635 1190 1612 1222 1617 1245 1637 1272 1635 1297 1615 1367 1632 1395 1622 1432 1640 1452 1620 1495 1612 1522 1637 1547 1635 1557 1645 1587 1615 1607 1612 1667 1645 1687 1630 1710 1640 1740 1620 1780 1632 1812 1610 1860 1637 1877 1620 1915 1610 1927 1622 1970 1612 1997 1637 2002 1675 1985 1675 1965 1695 1905 1677 1882 1690 1860 1680 1845 1692 1810 1680 1790 1697 1710 1677 1687 1692 1657 1680 1645 1690 1615 1680 1575 1690 1555 1680 1535 1695 1497 1675 1457 1692 1432 1680 1402 1697 1385 1682 1285 1670 1257 1695 1225 1680 1180 1700 1152 1695"/></Shape>
	    <String CONTENT="[بدان بازوی و یال و آن پشت28 و شاخ"
                    HPOS="1150"
                    VPOS="1610"
                    WIDTH="852"
                    HEIGHT="90"></String>
          </TextLine>
          
          
	  <TextLine ID="eSc_line_120147"
                    
                    BASELINE="260 1675 507 1675 535 1670 595 1675 647 1667 770 1667 847 1670 880 1675 905 1670 1073 1665" 
                    HPOS="260"
                    VPOS="1605"
                    WIDTH="812"
                    HEIGHT="92">
            <Shape><Polygon POINTS="260 1675 262 1612 310 1607 327 1622 345 1605 390 1640 442 1627 465 1645 482 1630 505 1637 527 1617 547 1630 575 1620 590 1635 657 1630 677 1645 732 1605 755 1617 777 1612 797 1630 825 1617 840 1632 905 1630 920 1640 972 1610 997 1635 1057 1630 1072 1665 1015 1687 970 1680 947 1690 920 1675 900 1695 870 1680 845 1697 787 1667 770 1680 720 1675 700 1692 667 1672 610 1690 522 1675 487 1692 460 1682 440 1690 422 1677 395 1690 355 1675 297 1695 262 1692"/></Shape>
	    <String CONTENT="میان چون قلم سینه و بر فراخ]"
                    HPOS="260"
                    VPOS="1605"
                    WIDTH="812"
                    HEIGHT="92"></String>
          </TextLine>
          
          
	  <TextLine ID="eSc_line_120166"
                    
                    BASELINE="262 1937 360 1945 1994 1948" 
                    HPOS="260"
                    VPOS="1882"
                    WIDTH="1732"
                    HEIGHT="90">
            <Shape><Polygon POINTS="260 1935 270 1895 330 1910 362 1882 395 1905 417 1900 432 1910 465 1895 507 1910 585 1910 607 1892 635 1910 660 1890 685 1910 722 1890 752 1915 795 1912 840 1887 877 1917 917 1887 952 1907 987 1887 1012 1910 1055 1905 1082 1925 1105 1905 1145 1922 1180 1900 1222 1917 1262 1890 1312 1917 1360 1887 1390 1907 1420 1895 1442 1915 1467 1900 1505 1912 1577 1905 1597 1920 1620 1907 1677 1912 1717 1882 1755 1915 1797 1885 1832 1910 1870 1910 1887 1895 1915 1910 1962 1897 1985 1912 1992 1947 1960 1967 1915 1952 1835 1960 1745 1947 1707 1965 1637 1955 1612 1972 1590 1955 1572 1967 1517 1955 1482 1972 1445 1947 1372 1957 1347 1972 1312 1960 1280 1972 1260 1957 1172 1957 1155 1947 1120 1967 1080 1950 1055 1970 1030 1957 870 1947 825 1965 790 1955 770 1972 730 1947 622 1947 572 1960 535 1952 490 1967 430 1947 265 1950"/></Shape>
	    <String CONTENT="زبنیاد دایم بود شاخ راست * بماناد دایم که نیروی ماست"
                    HPOS="260"
                    VPOS="1882"
                    WIDTH="1732"
                    HEIGHT="90"></String>
          </TextLine>
          
          
	  <TextLine ID="eSc_line_120132"
                    
                    BASELINE="250 2157 290 2152 555 2152 595 2160 1565 2165 1635 2160 1855 2160 1922 2152 1952 2152 1993 2157" 
                    HPOS="250"
                    VPOS="2100"
                    WIDTH="1742"
                    HEIGHT="87">
            <Shape><Polygon POINTS="250 2155 255 2127 297 2102 352 2127 377 2127 410 2107 452 2140 482 2120 525 2125 550 2105 570 2105 592 2125 685 2117 710 2135 750 2102 772 2112 800 2102 837 2132 892 2100 920 2125 945 2117 982 2130 1017 2107 1040 2127 1065 2120 1087 2137 1112 2117 1152 2137 1202 2102 1242 2127 1307 2120 1322 2132 1380 2105 1417 2130 1502 2127 1532 2102 1580 2137 1632 2102 1662 2122 1685 2110 1705 2125 1745 2125 1775 2105 1837 2145 1872 2120 1972 2122 1992 2155 1877 2177 1857 2177 1837 2160 1805 2170 1642 2170 1625 2180 1582 2165 1542 2185 1505 2165 1440 2182 1387 2172 1372 2185 1337 2187 1315 2175 1295 2185 1277 2170 1257 2182 1220 2170 1172 2177 1157 2165 1120 2180 1082 2165 1062 2182 1022 2170 957 2180 890 2170 865 2180 837 2162 760 2167 742 2180 700 2165 680 2180 657 2167 590 2177 570 2162 465 2177 440 2155 407 2170 255 2170"/></Shape>
	    <String CONTENT="سر دشمنان را سپارم بپای * بفرمان دادار بر تر خدای"
                    HPOS="250"
                    VPOS="2100"
                    WIDTH="1742"
                    HEIGHT="87"></String>
          </TextLine>
          
          
	  <TextLine ID="eSc_line_120172"
                    
                    BASELINE="1073 2842 1183 2842" 
                    HPOS="1072"
                    VPOS="2792"
                    WIDTH="110"
                    HEIGHT="70">
            <Shape><Polygon POINTS="1072 2840 1077 2797 1087 2792 1155 2792 1177 2815 1182 2840 1160 2862 1095 2862 1077 2850"/></Shape>
	    <String CONTENT="۲۴۴"
                    HPOS="1072"
                    VPOS="2792"
                    WIDTH="110"
                    HEIGHT="70"></String>
          </TextLine>
          </TextBlock>
          
        </PrintSpace>
      </Page>
    </Layout>
  </alto>
