<?xml version="1.0" encoding="UTF-8"?>
<alto xmlns:xsi="http://www.w3.org/2001/XMLSchema-instance"
      xmlns="http://www.loc.gov/standards/alto/ns-v4#"
      xsi:schemaLocation="http://www.loc.gov/standards/alto/ns-v4# https://gitlab.inria.fr/scripta/escriptorium/-/raw/develop/app/escriptorium/static/alto-4-1-baselines.xsd">
  <Description>
    <MeasurementUnit>pixel</MeasurementUnit>
    <sourceImageInformation>
      <fileName>Ferdowsi_Moscow.pdf_000047.png</fileName>
    </sourceImageInformation>
  </Description>
  
  <Tags>
    <OtherTag ID="BT1" LABEL="Title" DESCRIPTION="block type Title"/><OtherTag ID="BT2" LABEL="Main" DESCRIPTION="block type Main"/><OtherTag ID="BT3" LABEL="Commentary" DESCRIPTION="block type Commentary"/><OtherTag ID="BT4" LABEL="Illustration" DESCRIPTION="block type Illustration"/>
    
  </Tags>
  
  <Layout>
    <Page WIDTH="2430"
          HEIGHT="3000"
          PHYSICAL_IMG_NR="13"
          ID="eSc_dummypage_">
      <PrintSpace HPOS="0"
                  VPOS="0"
                  WIDTH="2430"
                  HEIGHT="3000">
        
        <TextBlock ID="eSc_dummyblock_">
          
	  <TextLine ID="eSc_line_58824"
                    
                    BASELINE="1045 457 1110 452 1192 452" 
                    HPOS="1045"
                    VPOS="392"
                    WIDTH="145"
                    HEIGHT="75">
            <Shape><Polygon POINTS="1045 455 1050 412 1087 400 1130 410 1152 392 1182 417 1190 450 1165 467 1047 465"/></Shape>
	    <String CONTENT="ملحقات"
                    HPOS="1045"
                    VPOS="392"
                    WIDTH="145"
                    HEIGHT="75"></String>
          </TextLine>
          
          
	  <TextLine ID="eSc_line_58830"
                    
                    BASELINE="1170 580 1430 590 1590 582 1895 582 2000 592" 
                    HPOS="1170"
                    VPOS="517"
                    WIDTH="830"
                    HEIGHT="98">
            <Shape><Polygon POINTS="1170 580 1172 535 1187 522 1215 537 1255 517 1312 547 1337 540 1360 550 1395 550 1425 522 1455 540 1485 527 1522 550 1550 522 1565 522 1602 560 1655 535 1692 545 1707 530 1747 522 1770 547 1787 540 1807 552 1865 530 1900 550 1967 540 1992 557 2000 590 1960 610 1937 595 1902 610 1877 582 1800 607 1760 580 1747 590 1650 592 1605 605 1577 582 1492 610 1467 612 1437 590 1417 605 1387 595 1340 615 1300 590 1172 592"/></Shape>
	    <String CONTENT="چو کرد اختر فرخ ایرج نگاه"
                    HPOS="1170"
                    VPOS="517"
                    WIDTH="830"
                    HEIGHT="98"></String>
          </TextLine>
          
          
	  <TextLine ID="eSc_line_58851"
                    
                    BASELINE="262 580 712 580 740 585 1045 585 1092 587" 
                    HPOS="260"
                    VPOS="517"
                    WIDTH="830"
                    HEIGHT="95">
            <Shape><Polygon POINTS="260 580 262 540 277 525 312 547 347 540 365 552 387 537 440 550 462 530 482 535 505 522 567 550 587 530 620 547 647 527 705 545 727 527 775 537 810 517 840 525 880 565 930 530 962 550 1002 532 1022 550 1065 527 1082 542 1090 585 1042 595 860 585 815 592 790 612 767 610 750 592 662 592 635 580 607 592 510 592 485 607 457 595 372 592 362 582 340 592 262 592"/></Shape>
	    <String CONTENT="کشف طالع آمد1 خداوند ماه"
                    HPOS="260"
                    VPOS="517"
                    WIDTH="830"
                    HEIGHT="95"></String>
          </TextLine>
          
          
	  <TextLine ID="eSc_line_58831"
                    
                    BASELINE="1180 665 1917 665 1992 657" 
                    HPOS="1180"
                    VPOS="605"
                    WIDTH="812"
                    HEIGHT="90">
            <Shape><Polygon POINTS="1180 665 1182 620 1257 630 1287 612 1315 637 1352 632 1390 605 1417 625 1440 612 1460 627 1477 612 1502 627 1520 610 1545 617 1585 605 1602 622 1627 612 1647 630 1737 625 1760 647 1815 617 1845 625 1882 607 1927 640 1972 607 1985 617 1992 657 1955 695 1935 692 1907 665 1895 675 1807 675 1790 687 1752 672 1737 687 1710 677 1657 685 1642 675 1545 682 1520 665 1485 675 1385 672 1340 690 1300 667 1230 675 1205 690 1182 680"/></Shape>
	    <String CONTENT="از اختر بریشان2 نشانی نمود"
                    HPOS="1180"
                    VPOS="605"
                    WIDTH="812"
                    HEIGHT="90"></String>
          </TextLine>
          
          
	  <TextLine ID="eSc_line_58860"
                    
                    BASELINE="250 657 310 665 1085 660" 
                    HPOS="250"
                    VPOS="605"
                    WIDTH="835"
                    HEIGHT="87">
            <Shape><Polygon POINTS="250 655 252 620 265 610 385 635 415 615 460 630 495 607 522 632 542 627 555 637 580 612 612 630 637 607 657 605 672 620 690 617 705 632 730 627 755 645 772 627 815 640 842 612 870 632 930 630 947 615 982 610 1010 625 1062 612 1077 625 1085 660 1045 680 1002 665 985 682 935 675 902 690 860 675 837 692 802 682 777 692 752 677 720 692 702 677 612 680 570 665 537 692 512 677 480 687 392 667 372 687 345 677 315 690 252 660"/></Shape>
	    <String CONTENT="که آشوبش و جنگ3 بایست بود4"
                    HPOS="250"
                    VPOS="605"
                    WIDTH="835"
                    HEIGHT="87"></String>
          </TextLine>
          
          
	  <TextLine ID="eSc_line_58853"
                    
                    BASELINE="1150 990 1285 990 1325 982 1957 982 2015 982" 
                    HPOS="1150"
                    VPOS="917"
                    WIDTH="865"
                    HEIGHT="98">
            <Shape><Polygon POINTS="1150 990 1152 962 1172 947 1280 942 1292 952 1315 930 1330 930 1350 950 1375 952 1410 927 1445 947 1457 935 1487 945 1515 917 1555 947 1600 925 1622 937 1647 925 1690 952 1727 952 1752 927 1767 927 1792 952 1812 952 1832 935 1857 945 1885 925 1917 955 1935 955 1975 927 2015 980 1995 980 1965 1010 1940 997 1890 997 1867 980 1842 997 1650 995 1627 1010 1572 1005 1545 980 1515 997 1382 995 1345 1010 1317 985 1282 1007 1255 995 1240 1005 1195 997 1170 1015 1155 1002"/></Shape>
	    <String CONTENT="ابا نامداران لشکر5 بهم"
                    HPOS="1150"
                    VPOS="917"
                    WIDTH="865"
                    HEIGHT="98"></String>
          </TextLine>
          
          
	  <TextLine ID="eSc_line_58855"
                    
                    BASELINE="260 997 335 987 362 990 477 982 620 982 665 990 690 982 810 990 840 985 977 982 1040 990 1085 990" 
                    HPOS="260"
                    VPOS="925"
                    WIDTH="825"
                    HEIGHT="90">
            <Shape><Polygon POINTS="260 997 262 947 280 942 317 952 340 930 360 927 382 950 425 950 462 927 480 942 505 935 525 952 545 952 580 925 620 952 645 955 690 927 725 947 785 952 837 932 865 960 897 927 932 952 962 952 997 932 1015 947 1045 940 1065 950 1085 990 1042 1012 1002 1010 975 985 950 1000 902 995 882 1015 847 990 797 1007 765 1007 745 995 700 995 682 1007 650 995 627 1015 590 987 532 1010 502 997 412 995 377 1012 355 990 320 990 300 1010 262 1012"/></Shape>
	    <String CONTENT="چو6 سام نریمان و گرشاسپ7 جم"
                    HPOS="260"
                    VPOS="925"
                    WIDTH="825"
                    HEIGHT="90"></String>
          </TextLine>
          
          
	  <TextLine ID="eSc_line_58857"
                    
                    BASELINE="1160 1067 1225 1062 1870 1062 2010 1062" 
                    HPOS="1160"
                    VPOS="1007"
                    WIDTH="850"
                    HEIGHT="85">
            <Shape><Polygon POINTS="1160 1065 1162 1035 1205 1007 1275 1040 1292 1025 1337 1032 1365 1012 1392 1020 1407 1007 1427 1017 1452 1012 1477 1035 1492 1025 1537 1032 1565 1012 1580 1012 1602 1035 1627 1010 1660 1027 1685 1017 1702 1035 1745 1012 1770 1037 1825 1035 1870 1010 1895 1035 1977 1032 2010 1060 1920 1090 1870 1075 1787 1090 1750 1060 1727 1077 1687 1077 1657 1062 1625 1092 1607 1092 1580 1065 1510 1092 1475 1060 1455 1075 1415 1075 1382 1060 1322 1090 1285 1070 1260 1092 1230 1075 1195 1085 1165 1075"/></Shape>
	    <String CONTENT="سپاهی که از کوه تا کوه جای"
                    HPOS="1160"
                    VPOS="1007"
                    WIDTH="850"
                    HEIGHT="85"></String>
          </TextLine>
          
          
	  <TextLine ID="eSc_line_58856"
                    
                    BASELINE="272 1060 1037 1065 1085 1057" 
                    HPOS="270"
                    VPOS="1005"
                    WIDTH="815"
                    HEIGHT="90">
            <Shape><Polygon POINTS="270 1060 272 1025 295 1012 327 1032 375 1027 400 1047 460 1020 520 1032 550 1007 590 1035 617 1020 632 1030 657 1020 672 1035 727 1035 765 1015 792 1040 822 1035 840 1017 897 1027 917 1015 937 1032 987 1030 1030 1005 1052 1027 1067 1027 1085 1055 1062 1090 1037 1075 955 1077 930 1090 905 1075 837 1067 810 1095 765 1065 695 1092 667 1077 600 1075 582 1062 517 1082 455 1075 427 1090 395 1072 377 1090 335 1090 317 1077 272 1085"/></Shape>
	    <String CONTENT="بگیرند8 و کوبند گیتی بپای"
                    HPOS="270"
                    VPOS="1005"
                    WIDTH="815"
                    HEIGHT="90"></String>
          </TextLine>
          
          
	  <TextLine ID="eSc_line_58862"
                    
                    BASELINE="1160 1147 1200 1142 1925 1142 2007 1150" 
                    HPOS="1160"
                    VPOS="1085"
                    WIDTH="845"
                    HEIGHT="90">
            <Shape><Polygon POINTS="1160 1145 1162 1110 1182 1090 1210 1105 1235 1095 1255 1115 1275 1097 1297 1110 1325 1092 1347 1102 1377 1092 1392 1107 1410 1102 1425 1112 1460 1090 1512 1120 1537 1102 1632 1105 1645 1092 1672 1102 1710 1087 1730 1107 1785 1095 1815 1122 1880 1085 1905 1107 1937 1105 1952 1120 1982 1112 2005 1150 1962 1175 1940 1155 1925 1167 1885 1155 1812 1167 1785 1142 1747 1157 1722 1140 1685 1157 1512 1152 1497 1167 1470 1155 1447 1165 1392 1157 1352 1140 1312 1157 1257 1145 1242 1155 1162 1155"/></Shape>
	    <String CONTENT="و دیگر که گفتند باید9 که شاه"
                    HPOS="1160"
                    VPOS="1085"
                    WIDTH="845"
                    HEIGHT="90"></String>
          </TextLine>
          
          
	  <TextLine ID="eSc_line_58854"
                    
                    BASELINE="250 1142 857 1142 882 1150 1085 1145" 
                    HPOS="250"
                    VPOS="1087"
                    WIDTH="835"
                    HEIGHT="90">
            <Shape><Polygon POINTS="250 1142 252 1115 280 1087 337 1087 362 1112 372 1102 397 1112 415 1097 445 1107 475 1092 495 1112 557 1107 575 1125 605 1102 692 1112 722 1097 740 1112 772 1112 790 1095 830 1102 855 1090 892 1127 917 1105 942 1117 980 1115 1017 1095 1040 1115 1062 1105 1085 1145 1057 1175 1035 1175 1012 1152 927 1177 907 1177 882 1155 832 1167 790 1147 762 1170 737 1157 685 1157 652 1170 580 1147 555 1170 497 1155 370 1157 345 1142 320 1155 252 1150"/></Shape>
	    <String CONTENT="ز کین دل10 بشوید ببخشد گناه"
                    HPOS="250"
                    VPOS="1087"
                    WIDTH="835"
                    HEIGHT="90"></String>
          </TextLine>
          
          
	  <TextLine ID="eSc_line_58833"
                    
                    BASELINE="1160 1230 1365 1222 2000 1222" 
                    HPOS="1160"
                    VPOS="1167"
                    WIDTH="840"
                    HEIGHT="90">
            <Shape><Polygon POINTS="1160 1230 1190 1192 1242 1185 1340 1195 1387 1167 1430 1195 1452 1195 1480 1172 1522 1190 1615 1167 1647 1192 1680 1195 1722 1192 1737 1177 1807 1192 1837 1170 1875 1200 1895 1190 1920 1197 1942 1177 1980 1177 2000 1220 1957 1240 1927 1230 1907 1250 1872 1250 1817 1225 1787 1252 1757 1235 1730 1235 1667 1257 1650 1257 1620 1227 1562 1240 1520 1235 1505 1220 1440 1247 1402 1235 1360 1247 1340 1230 1277 1250 1215 1235 1175 1247 1162 1235"/></Shape>
	    <String CONTENT="که بر ما چنین گشت گردان سپهر"
                    HPOS="1160"
                    VPOS="1167"
                    WIDTH="840"
                    HEIGHT="90"></String>
          </TextLine>
          
          
	  <TextLine ID="eSc_line_58842"
                    
                    BASELINE="266 1232 457 1222 947 1222 1085 1227" 
                    HPOS="265"
                    VPOS="1167"
                    WIDTH="820"
                    HEIGHT="85">
            <Shape><Polygon POINTS="265 1230 267 1205 282 1192 335 1185 347 1197 400 1167 440 1195 470 1172 495 1172 512 1187 547 1175 572 1200 602 1175 625 1175 657 1195 695 1195 712 1177 730 1177 750 1197 787 1177 815 1192 832 1177 862 1177 905 1195 947 1175 972 1200 992 1182 1017 1197 1052 1175 1085 1225 1017 1250 972 1225 902 1250 827 1225 785 1240 740 1227 657 1250 585 1220 557 1235 457 1222 427 1252 400 1235 362 1242 345 1227 312 1245 267 1247"/></Shape>
	    <String CONTENT="خرد خیره11 شد تیره 12 شد13 جای مهر"
                    HPOS="265"
                    VPOS="1167"
                    WIDTH="820"
                    HEIGHT="85"></String>
          </TextLine>
          
          
	  <TextLine ID="eSc_line_58834"
                    
                    BASELINE="1185 1305 1397 1302 1490 1315 1557 1305 1625 1302 1992 1302" 
                    HPOS="1185"
                    VPOS="1247"
                    WIDTH="805"
                    HEIGHT="93">
            <Shape><Polygon POINTS="1185 1305 1187 1252 1225 1267 1242 1250 1267 1262 1302 1250 1322 1270 1350 1247 1372 1265 1392 1257 1417 1282 1447 1257 1472 1272 1505 1265 1537 1275 1565 1265 1580 1277 1620 1255 1655 1262 1670 1277 1722 1277 1747 1265 1772 1285 1817 1267 1845 1280 1895 1277 1912 1262 1937 1277 1967 1260 1982 1270 1990 1300 1975 1320 1810 1320 1790 1340 1760 1317 1647 1320 1592 1305 1557 1332 1527 1317 1510 1330 1452 1327 1435 1337 1400 1312 1347 1315 1330 1330 1305 1315 1255 1315 1220 1330 1187 1307"/></Shape>
	    <String CONTENT="شنیدم همه14 پوزش نا بکار15"
                    HPOS="1185"
                    VPOS="1247"
                    WIDTH="805"
                    HEIGHT="93"></String>
          </TextLine>
          
          
	  <TextLine ID="eSc_line_58843"
                    
                    BASELINE="270 1312 460 1302 1095 1302" 
                    HPOS="270"
                    VPOS="1247"
                    WIDTH="825"
                    HEIGHT="88">
            <Shape><Polygon POINTS="270 1310 272 1265 290 1247 322 1270 347 1262 360 1275 412 1272 445 1247 497 1265 537 1252 557 1267 577 1260 610 1277 635 1265 662 1275 702 1252 722 1272 780 1270 807 1285 860 1252 882 1252 905 1275 927 1260 1002 1247 1022 1265 1045 1260 1080 1272 1095 1300 1062 1332 1012 1300 982 1317 932 1317 895 1300 845 1330 812 1310 787 1335 760 1320 735 1330 712 1317 645 1327 620 1320 582 1335 502 1300 487 1315 442 1315 430 1327 390 1315 357 1327 327 1317 312 1332 292 1322 272 1330"/></Shape>
	    <String CONTENT="چه گفت آن جهانجوی 16 نا برد بار"
                    HPOS="270"
                    VPOS="1247"
                    WIDTH="825"
                    HEIGHT="88"></String>
          </TextLine>
          
          
	  <TextLine ID="eSc_line_58835"
                    
                    BASELINE="1160 1397 1200 1392 2000 1392" 
                    HPOS="1160"
                    VPOS="1337"
                    WIDTH="840"
                    HEIGHT="88">
            <Shape><Polygon POINTS="1160 1395 1162 1365 1190 1347 1227 1362 1242 1347 1275 1357 1315 1340 1332 1357 1352 1357 1372 1337 1397 1350 1422 1340 1435 1352 1462 1342 1527 1377 1585 1342 1612 1355 1645 1345 1662 1360 1677 1347 1700 1360 1735 1342 1765 1370 1825 1345 1857 1362 1882 1352 1900 1365 1917 1350 1945 1360 1982 1345 2000 1390 1982 1390 1965 1407 1902 1397 1855 1420 1805 1407 1780 1425 1762 1422 1735 1395 1720 1407 1682 1407 1657 1392 1635 1407 1577 1405 1547 1425 1520 1405 1502 1422 1470 1405 1422 1405 1387 1420 1365 1400 1332 1420 1315 1405 1200 1407 1165 1395"/></Shape>
	    <String CONTENT="که هر کس که تخم جفارا بکشت"
                    HPOS="1160"
                    VPOS="1337"
                    WIDTH="840"
                    HEIGHT="88"></String>
          </TextLine>
          
          
	  <TextLine ID="eSc_line_58845"
                    
                    BASELINE="270 1395 607 1395 667 1390 695 1397 800 1405 890 1405 1055 1392 1087 1397" 
                    HPOS="270"
                    VPOS="1342"
                    WIDTH="817"
                    HEIGHT="85">
            <Shape><Polygon POINTS="270 1395 275 1350 317 1362 345 1345 365 1362 395 1352 410 1362 432 1357 450 1372 482 1345 505 1342 520 1357 545 1347 565 1367 582 1352 607 1362 622 1345 647 1357 702 1347 720 1362 775 1357 790 1372 810 1355 860 1360 880 1380 917 1347 942 1362 977 1345 997 1365 1020 1347 1042 1360 1067 1347 1080 1357 1087 1397 1060 1412 1000 1397 955 1422 927 1417 907 1427 875 1410 857 1422 797 1427 752 1410 727 1417 700 1402 590 1410 570 1397 467 1427 410 1407 385 1415 372 1405 275 1405"/></Shape>
	    <String CONTENT="نه خوش روز بیندنه خرّم بهشت"
                    HPOS="270"
                    VPOS="1342"
                    WIDTH="817"
                    HEIGHT="85"></String>
          </TextLine>
          
          
	  <TextLine ID="eSc_line_58836"
                    
                    BASELINE="1170 1485 1277 1482 1302 1487 1430 1490 1460 1497 1492 1492 1722 1495 1870 1482 1985 1485" 
                    HPOS="1170"
                    VPOS="1427"
                    WIDTH="815"
                    HEIGHT="90">
            <Shape><Polygon POINTS="1170 1485 1175 1447 1195 1452 1235 1427 1270 1452 1290 1442 1307 1455 1327 1435 1360 1427 1390 1447 1405 1440 1430 1455 1457 1445 1475 1460 1500 1442 1522 1462 1550 1442 1582 1455 1605 1432 1630 1430 1665 1465 1700 1437 1715 1452 1732 1442 1752 1457 1785 1457 1812 1435 1835 1432 1850 1445 1890 1435 1910 1455 1935 1457 1977 1430 1985 1485 1962 1500 1905 1510 1847 1482 1827 1502 1772 1500 1722 1517 1702 1507 1667 1512 1647 1495 1592 1507 1520 1492 1485 1517 1432 1497 1405 1507 1375 1495 1340 1505 1310 1497 1280 1510 1230 1490 1207 1500 1172 1492"/></Shape>
	    <String CONTENT="گر 17 آمرزش آید ز یزدان پاک"
                    HPOS="1170"
                    VPOS="1427"
                    WIDTH="815"
                    HEIGHT="90"></String>
          </TextLine>
          
          
	  <TextLine ID="eSc_line_58846"
                    
                    BASELINE="270 1485 510 1485 642 1490 667 1497 702 1490 870 1490 1015 1482 1095 1485" 
                    HPOS="270"
                    VPOS="1427"
                    WIDTH="825"
                    HEIGHT="88">
            <Shape><Polygon POINTS="270 1485 272 1447 322 1427 360 1452 392 1455 422 1437 437 1452 480 1447 502 1467 560 1427 595 1452 672 1450 687 1462 712 1437 742 1452 802 1457 832 1435 862 1462 920 1430 942 1442 967 1430 992 1455 1027 1452 1060 1435 1087 1460 1095 1485 1057 1497 967 1500 947 1515 912 1492 887 1515 867 1515 847 1495 772 1500 750 1515 695 1492 675 1510 632 1495 582 1510 560 1492 515 1510 495 1492 477 1507 402 1487 380 1507 320 1487 275 1495"/></Shape>
	    <String CONTENT="شمارا ز خون برادر چه باک"
                    HPOS="270"
                    VPOS="1427"
                    WIDTH="825"
                    HEIGHT="88"></String>
          </TextLine>
          
          
	  <TextLine ID="eSc_line_58837"
                    
                    BASELINE="1162 1577 1197 1572 1997 1575" 
                    HPOS="1160"
                    VPOS="1517"
                    WIDTH="835"
                    HEIGHT="88">
            <Shape><Polygon POINTS="1160 1575 1175 1535 1205 1547 1240 1545 1265 1525 1305 1555 1335 1530 1372 1542 1400 1517 1472 1547 1487 1532 1515 1537 1535 1517 1582 1550 1602 1530 1635 1545 1675 1525 1705 1555 1765 1545 1790 1522 1822 1535 1835 1522 1872 1520 1902 1550 1972 1532 1995 1575 1907 1600 1875 1577 1865 1587 1755 1587 1732 1605 1707 1600 1682 1575 1660 1587 1605 1587 1582 1572 1517 1600 1480 1580 1447 1600 1365 1585 1332 1602 1307 1600 1290 1582 1235 1587 1210 1602 1162 1577"/></Shape>
	    <String CONTENT="هر آنکس که دارد روانش خرد"
                    HPOS="1160"
                    VPOS="1517"
                    WIDTH="835"
                    HEIGHT="88"></String>
          </TextLine>
          
          
	  <TextLine ID="eSc_line_58859"
                    
                    BASELINE="270 1572 360 1585 467 1585 560 1575 650 1572 1082 1575" 
                    HPOS="270"
                    VPOS="1510"
                    WIDTH="810"
                    HEIGHT="92">
            <Shape><Polygon POINTS="270 1570 272 1530 300 1545 357 1535 382 1557 417 1527 487 1542 520 1532 545 1542 570 1527 590 1545 610 1527 635 1525 662 1545 730 1510 755 1527 785 1512 820 1545 845 1547 865 1527 890 1522 910 1520 932 1540 965 1517 985 1537 1000 1525 1027 1537 1070 1515 1080 1575 952 1587 920 1575 880 1597 847 1582 665 1587 645 1572 590 1590 552 1577 517 1602 500 1585 450 1602 390 1602 372 1587 355 1600 335 1587 297 1600 272 1587"/></Shape>
	    <String CONTENT="گناه آن سگالد که پوزش برد"
                    HPOS="270"
                    VPOS="1510"
                    WIDTH="810"
                    HEIGHT="92"></String>
          </TextLine>
          
          
	  <TextLine ID="eSc_line_58838"
                    
                    BASELINE="1170 1655 1240 1665 1732 1662 1845 1665 1902 1675 2002 1675" 
                    HPOS="1170"
                    VPOS="1607"
                    WIDTH="830"
                    HEIGHT="90">
            <Shape><Polygon POINTS="1170 1655 1172 1617 1182 1610 1212 1612 1250 1635 1275 1610 1310 1632 1332 1617 1397 1630 1417 1615 1440 1627 1455 1612 1525 1607 1582 1620 1612 1607 1647 1627 1680 1607 1705 1632 1740 1635 1777 1632 1800 1612 1837 1607 1860 1625 1892 1617 1910 1632 1960 1642 1987 1625 2000 1675 1982 1695 1950 1685 1902 1692 1885 1680 1850 1697 1800 1665 1767 1692 1742 1677 1725 1687 1690 1672 1610 1672 1575 1687 1540 1672 1495 1682 1475 1665 1432 1665 1407 1682 1305 1665 1217 1692 1172 1660"/></Shape>
	    <String CONTENT="ز روشن 18 جهاندارتان19  نیست شرم20"
                    HPOS="1170"
                    VPOS="1607"
                    WIDTH="830"
                    HEIGHT="90"></String>
          </TextLine>
          
          
	  <TextLine ID="eSc_line_58841"
                    
                    BASELINE="264 1650 315 1662 345 1665 577 1662 690 1670 797 1670 822 1662 857 1667 1114 1660" 
                    HPOS="262"
                    VPOS="1602"
                    WIDTH="850"
                    HEIGHT="93">
            <Shape><Polygon POINTS="262 1650 272 1607 337 1632 395 1602 430 1630 457 1605 480 1620 515 1622 525 1612 555 1622 592 1605 657 1647 675 1630 695 1635 712 1625 740 1642 767 1615 800 1607 822 1627 860 1615 882 1635 922 1607 955 1635 985 1615 1000 1630 1077 1632 1112 1660 1027 1682 962 1665 910 1682 877 1667 847 1687 822 1687 810 1675 770 1687 747 1672 720 1695 695 1680 667 1690 647 1677 617 1695 587 1670 570 1680 465 1672 435 1687 410 1665 305 1690 267 1665"/></Shape>
	    <String CONTENT="سیه دل زبان پر ز گفتار گرم21"
                    HPOS="262"
                    VPOS="1602"
                    WIDTH="850"
                    HEIGHT="93"></String>
          </TextLine>
          
          
	  <TextLine ID="eSc_line_58858"
                    
                    BASELINE="1182 1720 1195 1755 2022 1755" 
                    HPOS="1180"
                    VPOS="1692"
                    WIDTH="840"
                    HEIGHT="90">
            <Shape><Polygon POINTS="1180 1720 1182 1702 1200 1697 1222 1712 1247 1695 1282 1720 1347 1720 1362 1732 1395 1710 1410 1710 1435 1735 1457 1717 1547 1715 1565 1730 1605 1710 1617 1720 1650 1715 1672 1735 1695 1712 1732 1722 1762 1695 1797 1715 1842 1695 1860 1705 1885 1692 1915 1710 1950 1697 1967 1715 1985 1715 2020 1755 1832 1767 1782 1755 1765 1772 1727 1765 1705 1782 1682 1780 1665 1762 1635 1777 1567 1755 1542 1777 1520 1767 1492 1775 1482 1765 1447 1775 1422 1755 1377 1782 1352 1762 1270 1777 1182 1760"/></Shape>
	    <String CONTENT="مکافات این بد بهر دو سرای22"
                    HPOS="1180"
                    VPOS="1692"
                    WIDTH="840"
                    HEIGHT="90"></String>
          </TextLine>
          
          
	  <TextLine ID="eSc_line_58844"
                    
                    BASELINE="270 1745 325 1755 350 1750 382 1755 1077 1750" 
                    HPOS="270"
                    VPOS="1692"
                    WIDTH="805"
                    HEIGHT="88">
            <Shape><Polygon POINTS="270 1745 272 1697 317 1712 357 1695 395 1717 427 1700 452 1725 525 1700 545 1720 565 1715 592 1742 687 1692 700 1702 725 1697 765 1735 815 1695 845 1722 877 1710 897 1725 942 1725 977 1697 1002 1722 1067 1717 1075 1750 1070 1780 1045 1767 982 1767 965 1780 937 1767 922 1777 840 1752 802 1775 780 1772 760 1752 745 1765 677 1762 627 1775 605 1775 590 1760 557 1775 537 1765 480 1767 460 1755 315 1770 275 1752"/></Shape>
	    <String CONTENT="بیابید از دادگر یک خدای23"
                    HPOS="270"
                    VPOS="1692"
                    WIDTH="805"
                    HEIGHT="88"></String>
          </TextLine>
          
          
	  <TextLine ID="eSc_line_58825"
                    
                    BASELINE="262 2090 440 2100 630 2100 670 2107 697 2100 785 2100 810 2105 1702 2105 1757 2100 2002 2100" 
                    HPOS="262"
                    VPOS="2040"
                    WIDTH="1740"
                    HEIGHT="90">
            <Shape><Polygon POINTS="262 2090 265 2070 287 2055 347 2065 380 2052 397 2062 427 2045 470 2072 522 2060 547 2082 612 2040 687 2077 727 2050 797 2072 857 2072 905 2047 960 2077 1047 2047 1097 2082 1132 2060 1167 2082 1197 2060 1252 2070 1272 2052 1295 2062 1320 2050 1350 2075 1405 2045 1437 2062 1465 2050 1477 2062 1512 2060 1542 2072 1577 2042 1610 2052 1640 2080 1670 2057 1722 2065 1767 2040 1815 2065 1905 2045 1932 2067 1975 2050 1995 2067 2002 2100 1980 2112 1917 2102 1847 2110 1820 2127 1770 2110 1692 2115 1662 2127 1630 2105 1540 2105 1507 2127 1422 2105 1377 2130 1332 2107 1227 2120 1165 2105 1130 2125 1100 2105 1080 2122 1015 2112 985 2127 955 2115 930 2127 910 2112 875 2115 860 2105 790 2122 750 2102 715 2125 685 2112 657 2130 632 2110 570 2120 540 2107 520 2122 497 2110 465 2120 442 2100 337 2117 267 2102"/></Shape>
	    <String CONTENT="شد اندوهگین شاه چون این شنید * یکی باد سرد از جگر بر کشید"
                    HPOS="262"
                    VPOS="2040"
                    WIDTH="1740"
                    HEIGHT="90"></String>
          </TextLine>
          
          
	  <TextLine ID="eSc_line_58822"
                    
                    BASELINE="280 2175 1655 2172 1780 2182 1967 2185 2020 2172" 
                    HPOS="280"
                    VPOS="2115"
                    WIDTH="1740"
                    HEIGHT="90">
            <Shape><Polygon POINTS="280 2175 290 2135 445 2135 465 2150 502 2117 532 2132 552 2115 590 2137 610 2132 632 2152 670 2125 712 2142 767 2117 792 2135 830 2115 845 2125 865 2117 895 2142 922 2140 945 2157 982 2130 1045 2145 1077 2125 1105 2147 1137 2135 1170 2160 1237 2132 1335 2137 1357 2152 1387 2125 1447 2140 1487 2132 1507 2150 1540 2125 1597 2135 1620 2122 1635 2135 1692 2120 1727 2150 1765 2137 1797 2147 1812 2135 1852 2145 1882 2142 1915 2117 1952 2150 1987 2137 2020 2170 1977 2200 1920 2185 1897 2195 1872 2187 1835 2205 1795 2187 1782 2197 1757 2187 1722 2197 1700 2177 1687 2187 1540 2185 1520 2172 1467 2192 1407 2182 1390 2197 1360 2195 1342 2180 1287 2195 1262 2185 1237 2192 1227 2182 1182 2195 1160 2175 1125 2195 1095 2172 1027 2192 937 2175 922 2185 867 2185 835 2202 812 2185 772 2185 745 2200 685 2182 647 2200 622 2180 595 2192 545 2175 520 2175 492 2195 457 2180 437 2195 415 2180 350 2190 310 2182 285 2192"/></Shape>
	    <String CONTENT="بر ایرج بر آشفته دیدش سپهر * نبد سازگاریش با او بمهر"
                    HPOS="280"
                    VPOS="2115"
                    WIDTH="1740"
                    HEIGHT="90"></String>
          </TextLine>
          
          
	  <TextLine ID="eSc_line_58828"
                    
                    BASELINE="270 2237 307 2245 455 2242 480 2247 652 2250 702 2250 762 2242 1062 2242 1087 2247 1150 2250 1302 2255 1472 2252 1497 2257 1555 2242 2007 2242" 
                    HPOS="270"
                    VPOS="2182"
                    WIDTH="1735"
                    HEIGHT="90">
            <Shape><Polygon POINTS="270 2235 275 2200 310 2185 360 2207 400 2182 437 2215 452 2202 480 2210 510 2185 542 2205 572 2187 607 2212 645 2200 660 2212 685 2192 737 2212 775 2185 825 2212 872 2187 910 2220 930 2202 965 2202 982 2215 1037 2185 1077 2197 1102 2220 1135 2202 1165 2220 1192 2195 1225 2187 1287 2222 1312 2202 1340 2212 1375 2197 1392 2212 1430 2212 1457 2235 1490 2210 1550 2217 1577 2195 1600 2202 1640 2182 1680 2217 1710 2197 1742 2217 1817 2205 1870 2217 1915 2190 1945 2217 1990 2210 2005 2240 1985 2270 1907 2255 1817 2257 1802 2267 1775 2257 1635 2257 1607 2240 1587 2257 1532 2257 1480 2272 1447 2255 1392 2272 1367 2255 1342 2255 1312 2272 1282 2257 1225 2267 1172 2252 1130 2265 1102 2247 1060 2257 1010 2252 982 2265 927 2255 910 2240 885 2255 820 2255 797 2267 767 2252 737 2255 712 2270 660 2250 585 2265 560 2247 525 2247 500 2265 482 2257 445 2272 410 2242 387 2252 272 2257"/></Shape>
	    <String CONTENT="باندیشهٔ تور روشن روان * نگردد دگرگون مرا این گمان"
                    HPOS="270"
                    VPOS="2182"
                    WIDTH="1735"
                    HEIGHT="90"></String>
          </TextLine>
          
          
	  <TextLine ID="eSc_line_58819"
                    
                    BASELINE="280 2325 502 2325 597 2317 667 2317 782 2325 1267 2325 1297 2320 1447 2312 1902 2312 2020 2317" 
                    HPOS="280"
                    VPOS="2257"
                    WIDTH="1725"
                    HEIGHT="88">
            <Shape><Polygon POINTS="280 2325 290 2262 320 2280 370 2275 382 2285 400 2272 460 2285 547 2272 572 2292 597 2272 667 2285 690 2265 710 2275 727 2260 775 2287 800 2267 880 2287 910 2282 937 2257 975 2285 1007 2272 1037 2285 1077 2262 1105 2287 1137 2275 1162 2292 1197 2265 1227 2282 1255 2275 1290 2292 1330 2262 1362 2262 1385 2282 1422 2282 1457 2265 1482 2285 1500 2275 1522 2285 1562 2277 1577 2290 1627 2260 1685 2285 1727 2285 1772 2262 1802 2282 1837 2262 1850 2275 1875 2267 1905 2295 1925 2282 1975 2280 1997 2290 2005 2317 1975 2345 1952 2330 1935 2342 1912 2342 1890 2325 1810 2330 1790 2312 1767 2332 1730 2327 1712 2342 1677 2327 1597 2337 1577 2322 1537 2340 1482 2327 1465 2312 1405 2340 1357 2317 1305 2342 1280 2325 1262 2340 1205 2342 1167 2325 1057 2325 995 2337 957 2325 937 2335 902 2327 862 2342 815 2325 800 2340 745 2340 705 2320 652 2332 577 2320 497 2335 445 2325 422 2342 382 2327 362 2337 345 2325 285 2337"/></Shape>
	    <String CONTENT="چو شاه آنچنان دید کز کار چرخ * کزو ایرجش را نبد هیچ برخ"
                    HPOS="280"
                    VPOS="2257"
                    WIDTH="1725"
                    HEIGHT="88"></String>
          </TextLine>
          
          
	  <TextLine ID="eSc_line_58863"
                    
                    BASELINE="1096 2855 1202 2855" 
                    HPOS="1095"
                    VPOS="2805"
                    WIDTH="105"
                    HEIGHT="70">
            <Shape><Polygon POINTS="1095 2855 1100 2807 1172 2805 1195 2827 1200 2855 1182 2875 1100 2870"/></Shape>
	    <String CONTENT="۲۵۹"
                    HPOS="1095"
                    VPOS="2805"
                    WIDTH="105"
                    HEIGHT="70"></String>
          </TextLine>
          </TextBlock>
          
        </PrintSpace>
      </Page>
    </Layout>
  </alto>
