<?xml version="1.0" encoding="UTF-8"?>
<alto xmlns:xsi="http://www.w3.org/2001/XMLSchema-instance"
      xmlns="http://www.loc.gov/standards/alto/ns-v4#"
      xsi:schemaLocation="http://www.loc.gov/standards/alto/ns-v4# https://gitlab.inria.fr/scripta/escriptorium/-/raw/develop/app/escriptorium/static/alto-4-1-baselines.xsd">
  <Description>
    <MeasurementUnit>pixel</MeasurementUnit>
    <sourceImageInformation>
      <fileName>Ferdowsi_Moscow.pdf_000043.png</fileName>
    </sourceImageInformation>
  </Description>
  
  <Tags>
    <OtherTag ID="BT1" LABEL="Title" DESCRIPTION="block type Title"/><OtherTag ID="BT2" LABEL="Main" DESCRIPTION="block type Main"/><OtherTag ID="BT3" LABEL="Commentary" DESCRIPTION="block type Commentary"/><OtherTag ID="BT4" LABEL="Illustration" DESCRIPTION="block type Illustration"/>
    
  </Tags>
  
  <Layout>
    <Page WIDTH="2430"
          HEIGHT="3000"
          PHYSICAL_IMG_NR="9"
          ID="eSc_dummypage_">
      <PrintSpace HPOS="0"
                  VPOS="0"
                  WIDTH="2430"
                  HEIGHT="3000">
        
        <TextBlock ID="eSc_dummyblock_">
          
	  <TextLine ID="eSc_line_58016"
                    
                    BASELINE="1052 457 1207 457" 
                    HPOS="1050"
                    VPOS="400"
                    WIDTH="155"
                    HEIGHT="70">
            <Shape><Polygon POINTS="1050 455 1057 415 1092 402 1135 415 1152 400 1200 435 1205 455 1185 470 1055 470"/></Shape>
	    <String CONTENT="ملحقات"
                    HPOS="1050"
                    VPOS="400"
                    WIDTH="155"
                    HEIGHT="70"></String>
          </TextLine>
          
          
	  <TextLine ID="eSc_line_58017"
                    
                    BASELINE="1165 592 1347 587 1437 590 1477 585 1595 582 1727 592 1935 587 1962 595 2000 587" 
                    HPOS="1165"
                    VPOS="522"
                    WIDTH="835"
                    HEIGHT="98">
            <Shape><Polygon POINTS="1165 590 1167 560 1197 535 1227 552 1247 532 1265 532 1295 555 1322 552 1367 525 1402 555 1430 550 1452 527 1490 550 1515 525 1530 525 1550 545 1577 535 1600 555 1615 540 1637 545 1662 522 1707 527 1732 550 1770 550 1790 530 1810 530 1837 557 1932 527 1952 545 1975 545 2000 585 1972 605 1905 595 1855 612 1810 590 1765 602 1735 597 1717 615 1675 620 1602 587 1575 600 1487 587 1460 610 1440 597 1395 607 1375 587 1305 607 1252 595 1167 610"/></Shape>
	    <String CONTENT="یکی تیغ زد شاه بر گردنش"
                    HPOS="1165"
                    VPOS="522"
                    WIDTH="835"
                    HEIGHT="98"></String>
          </TextLine>
          
          
	  <TextLine ID="eSc_line_58040"
                    
                    BASELINE="260 577 510 585 585 582 1081 585" 
                    HPOS="260"
                    VPOS="525"
                    WIDTH="820"
                    HEIGHT="90">
            <Shape><Polygon POINTS="260 575 262 560 292 535 317 547 332 535 382 530 410 557 487 525 507 545 542 530 585 552 602 535 620 535 632 547 690 545 717 562 770 535 805 555 887 527 905 545 942 555 972 535 997 552 1055 540 1072 552 1080 585 990 600 952 587 922 615 872 592 740 597 722 582 692 612 667 597 640 612 595 597 555 615 522 585 442 597 427 610 385 590 312 595 285 615 262 612"/></Shape>
	    <String CONTENT="همه چاک شد جوشن1 اندر تنش"
                    HPOS="260"
                    VPOS="525"
                    WIDTH="820"
                    HEIGHT="90"></String>
          </TextLine>
          
          
	  <TextLine ID="eSc_line_58019"
                    
                    BASELINE="1162 677 1230 685 1362 672 1552 672 1680 680 1777 677 1827 677 1862 675 1892 672 1989 675" 
                    HPOS="1160"
                    VPOS="615"
                    WIDTH="827"
                    HEIGHT="90">
            <Shape><Polygon POINTS="1160 675 1162 625 1172 620 1195 635 1307 645 1337 642 1360 622 1380 632 1395 617 1425 622 1442 640 1477 622 1502 635 1530 615 1562 635 1592 620 1610 635 1655 627 1677 642 1732 635 1742 645 1767 620 1785 620 1805 640 1830 620 1850 635 1877 620 1915 657 1942 632 1967 630 1987 675 1932 700 1900 672 1845 700 1795 697 1775 677 1750 677 1720 700 1702 685 1605 702 1575 672 1540 670 1510 695 1485 697 1437 670 1420 685 1380 672 1340 692 1277 685 1195 705 1162 677"/></Shape>
	    <String CONTENT="دو خونی2  برین3 گونه تا نیمروز4"
                    HPOS="1160"
                    VPOS="615"
                    WIDTH="827"
                    HEIGHT="90"></String>
          </TextLine>
          
          
	  <TextLine ID="eSc_line_58035"
                    
                    BASELINE="250 685 382 685 407 680 490 677 520 672 935 672 972 680 1017 680 1075 687" 
                    HPOS="250"
                    VPOS="612"
                    WIDTH="825"
                    HEIGHT="90">
            <Shape><Polygon POINTS="250 685 252 655 277 630 312 637 347 612 377 642 470 615 482 625 507 620 527 640 582 630 610 652 640 630 662 637 677 625 717 647 740 625 807 640 825 625 850 637 875 617 890 617 915 642 957 647 985 620 1015 640 1060 637 1075 687 1045 702 1007 702 982 680 955 677 892 700 875 687 760 687 725 672 670 687 605 672 532 700 512 697 492 677 397 697 367 685 320 697 252 692"/></Shape>
	    <String CONTENT="چو5 سرگشته شد هور6 گیتی فروز"
                    HPOS="250"
                    VPOS="612"
                    WIDTH="825"
                    HEIGHT="90"></String>
          </TextLine>
          
          
	  <TextLine ID="eSc_line_58045"
                    
                    BASELINE="1170 762 1986 762" 
                    HPOS="1170"
                    VPOS="702"
                    WIDTH="815"
                    HEIGHT="88">
            <Shape><Polygon POINTS="1170 760 1175 735 1192 722 1280 725 1307 712 1332 735 1397 710 1430 740 1445 730 1500 737 1542 707 1567 717 1602 705 1637 722 1660 702 1720 737 1745 715 1795 732 1827 725 1855 742 1970 720 1985 760 1977 772 1907 775 1887 787 1850 772 1830 790 1802 775 1767 790 1725 770 1705 790 1675 775 1550 775 1532 785 1500 775 1485 790 1460 777 1432 787 1407 767 1372 790 1315 775 1175 777"/></Shape>
	    <String CONTENT="همی چون پلنگان بر آویختند"
                    HPOS="1170"
                    VPOS="702"
                    WIDTH="815"
                    HEIGHT="88"></String>
          </TextLine>
          
          
	  <TextLine ID="eSc_line_58044"
                    
                    BASELINE="255 755 380 760 410 765 1073 760" 
                    HPOS="255"
                    VPOS="705"
                    WIDTH="817"
                    HEIGHT="85">
            <Shape><Polygon POINTS="255 755 257 727 277 715 300 725 320 712 332 722 370 720 392 705 420 730 462 730 487 710 510 710 540 740 590 725 610 735 635 715 682 732 700 712 715 712 735 732 762 705 825 740 907 705 950 737 970 717 1000 735 1060 725 1072 760 1065 777 1032 780 977 777 952 762 925 777 847 777 827 765 805 787 752 762 667 790 612 775 595 790 572 777 535 785 515 765 502 777 447 780 257 767"/></Shape>
	    <String CONTENT="همه خاک با خون بر آمیختند"
                    HPOS="255"
                    VPOS="705"
                    WIDTH="817"
                    HEIGHT="85"></String>
          </TextLine>
          
          
	  <TextLine ID="eSc_line_58036"
                    
                    BASELINE="1182 855 1990 855" 
                    HPOS="1182"
                    VPOS="795"
                    WIDTH="808"
                    HEIGHT="87">
            <Shape><Polygon POINTS="1182 855 1187 810 1215 815 1260 795 1300 825 1382 795 1450 825 1472 802 1505 807 1530 797 1570 825 1590 822 1622 795 1637 795 1665 822 1682 810 1732 822 1755 802 1782 820 1832 820 1860 800 1892 830 1915 815 1975 817 1990 855 1962 880 1940 865 1902 877 1882 857 1777 877 1760 865 1710 875 1632 855 1562 877 1542 865 1502 875 1460 855 1432 882 1410 882 1387 860 1352 875 1302 860 1285 877 1257 865 1187 865"/></Shape>
	    <String CONTENT="چو خورشید  گردان7 ز گنبد بگشت"
                    HPOS="1182"
                    VPOS="795"
                    WIDTH="808"
                    HEIGHT="87"></String>
          </TextLine>
          
          
	  <TextLine ID="eSc_line_58041"
                    
                    BASELINE="250 825 292 845 327 842 355 847 465 850 490 855 1076 850" 
                    HPOS="250"
                    VPOS="790"
                    WIDTH="825"
                    HEIGHT="90">
            <Shape><Polygon POINTS="250 825 252 807 272 795 302 807 355 800 415 817 437 797 510 815 537 790 592 840 615 817 640 827 710 802 737 815 757 802 827 830 875 800 895 815 925 797 955 825 975 805 1007 817 1040 797 1067 815 1075 850 1065 877 1040 862 1017 877 980 875 942 852 897 877 835 857 802 880 762 857 720 855 672 880 645 860 625 877 605 877 582 855 522 860 505 875 460 872 432 850 402 877 365 860 267 857 252 845"/></Shape>
	    <String CONTENT="بخون غرقه بد8 کوه و هامون 9 ودشت 10"
                    HPOS="250"
                    VPOS="790"
                    WIDTH="825"
                    HEIGHT="90"></String>
          </TextLine>
          
          
	  <TextLine ID="eSc_line_58042"
                    
                    BASELINE="1180 945 1612 945 1637 940 1982 942" 
                    HPOS="1180"
                    VPOS="880"
                    WIDTH="802"
                    HEIGHT="90">
            <Shape><Polygon POINTS="1180 945 1182 907 1210 885 1255 895 1270 910 1307 897 1325 912 1355 895 1377 907 1420 885 1452 917 1497 902 1527 917 1590 880 1615 897 1682 912 1710 887 1737 890 1755 907 1782 897 1802 912 1835 882 1857 897 1885 890 1910 912 1950 885 1975 905 1982 942 1940 957 1905 942 1870 952 1797 942 1760 965 1697 942 1667 970 1642 952 1552 955 1532 945 1507 965 1477 955 1457 967 1425 945 1395 957 1287 955 1270 945 1182 957"/></Shape>
	    <String CONTENT="دل شاه در11 جنگ بر گشت تنگ"
                    HPOS="1180"
                    VPOS="880"
                    WIDTH="802"
                    HEIGHT="90"></String>
          </TextLine>
          
          
	  <TextLine ID="eSc_line_58026"
                    
                    BASELINE="270 937 340 937 392 945 1077 945" 
                    HPOS="270"
                    VPOS="877"
                    WIDTH="807"
                    HEIGHT="90">
            <Shape><Polygon POINTS="270 937 272 902 320 877 340 897 360 890 380 907 417 902 447 930 487 897 542 905 575 885 597 907 647 902 680 935 710 907 735 915 780 885 842 930 882 890 947 907 977 885 1065 902 1077 945 1062 965 1015 952 975 955 957 967 910 945 835 945 802 967 782 957 755 962 737 950 705 967 680 945 647 962 575 952 555 967 465 945 432 945 410 965 362 950 272 952"/></Shape>
	    <String CONTENT="بیفشارد12  ران و  بیازید چنگ"
                    HPOS="270"
                    VPOS="877"
                    WIDTH="807"
                    HEIGHT="90"></String>
          </TextLine>
          
          
	  <TextLine ID="eSc_line_58027"
                    
                    BASELINE="1160 1037 1280 1032 1502 1035 1660 1027 1978 1027" 
                    HPOS="1160"
                    VPOS="970"
                    WIDTH="817"
                    HEIGHT="90">
            <Shape><Polygon POINTS="1160 1035 1162 1005 1192 975 1217 992 1247 980 1267 1000 1285 987 1317 1000 1347 970 1392 1002 1432 972 1467 1000 1505 980 1527 980 1545 997 1555 987 1605 997 1647 972 1672 987 1692 977 1717 987 1757 977 1800 995 1822 982 1842 1000 1875 1002 1932 1000 1970 980 1977 1025 1957 1042 1905 1042 1882 1055 1720 1025 1685 1042 1637 1035 1580 1060 1522 1035 1477 1057 1440 1045 1370 1055 1347 1042 1265 1035 1207 1057 1162 1055"/></Shape>
	    <String CONTENT="کمربند13 کاکوی14 بگرفت خوار"
                    HPOS="1160"
                    VPOS="970"
                    WIDTH="817"
                    HEIGHT="90"></String>
          </TextLine>
          
          
	  <TextLine ID="eSc_line_58050"
                    
                    BASELINE="272 1032 690 1032 807 1035 892 1045 1080 1037" 
                    HPOS="272"
                    VPOS="967"
                    WIDTH="808"
                    HEIGHT="95">
            <Shape><Polygon POINTS="272 1032 275 985 292 970 325 992 360 967 387 995 437 990 455 1007 480 987 497 995 512 980 577 975 610 987 642 977 697 995 725 970 762 1000 805 967 840 1000 890 995 905 1010 932 987 950 1000 1012 992 1030 1005 1057 990 1080 1037 1052 1060 1020 1052 1002 1062 962 1045 937 1062 900 1045 887 1055 860 1045 840 1057 805 1035 740 1055 647 1032 600 1032 565 1050 505 1042 480 1060 450 1045 422 1055 407 1042 370 1040 275 1052"/></Shape>
	    <String CONTENT="ز زین بر گرفت15 آن تن پیلوار"
                    HPOS="272"
                    VPOS="967"
                    WIDTH="808"
                    HEIGHT="95"></String>
          </TextLine>
          
          
	  <TextLine ID="eSc_line_58028"
                    
                    BASELINE="1160 1127 1205 1122 1562 1125 1592 1120 1882 1117 1920 1125 1947 1122 1985 1127" 
                    HPOS="1160"
                    VPOS="1062"
                    WIDTH="825"
                    HEIGHT="85">
            <Shape><Polygon POINTS="1160 1127 1165 1085 1182 1090 1225 1065 1250 1080 1275 1070 1302 1097 1325 1082 1367 1087 1400 1062 1432 1080 1475 1062 1500 1085 1530 1090 1542 1080 1567 1097 1595 1072 1662 1087 1685 1067 1722 1095 1747 1075 1782 1087 1805 1067 1840 1062 1875 1082 1892 1070 1917 1087 1975 1080 1985 1127 1965 1142 1895 1127 1747 1135 1725 1120 1650 1132 1580 1122 1537 1145 1525 1132 1445 1142 1405 1125 1322 1147 1290 1127 1177 1137 1162 1130"/></Shape>
	    <String CONTENT="بینداخت خسته بران گرم خاک"
                    HPOS="1160"
                    VPOS="1062"
                    WIDTH="825"
                    HEIGHT="85"></String>
          </TextLine>
          
          
	  <TextLine ID="eSc_line_58043"
                    
                    BASELINE="260 1107 302 1115 417 1115 597 1125 977 1125 1085 1117" 
                    HPOS="260"
                    VPOS="1062"
                    WIDTH="825"
                    HEIGHT="90">
            <Shape><Polygon POINTS="260 1105 262 1082 275 1087 325 1062 355 1085 397 1065 435 1082 460 1070 480 1087 585 1085 597 1097 652 1070 677 1072 692 1087 710 1075 742 1080 762 1095 797 1070 830 1092 897 1090 915 1072 947 1090 985 1090 1015 1072 1035 1090 1062 1082 1085 1115 1057 1145 1030 1132 855 1135 822 1145 800 1127 767 1147 725 1135 700 1152 657 1125 632 1147 590 1137 560 1145 545 1130 502 1140 415 1132 397 1120 372 1125 347 1147 312 1125 262 1130"/></Shape>
	    <String CONTENT="بشمشیر کردش 16 بر و سینه 17 چاک"
                    HPOS="260"
                    VPOS="1062"
                    WIDTH="825"
                    HEIGHT="90"></String>
          </TextLine>
          
          
	  <TextLine ID="eSc_line_58029"
                    
                    BASELINE="1155 1207 1252 1207 1347 1215 1657 1215 1687 1210 1835 1210 1890 1207 1915 1202 1988 1202" 
                    HPOS="1155"
                    VPOS="1152"
                    WIDTH="832"
                    HEIGHT="85">
            <Shape><Polygon POINTS="1155 1205 1157 1162 1200 1170 1222 1155 1275 1182 1310 1177 1327 1160 1485 1182 1500 1167 1535 1180 1572 1177 1640 1152 1660 1165 1685 1157 1735 1180 1780 1170 1810 1180 1830 1160 1860 1152 1897 1177 1960 1157 1987 1200 1975 1217 1910 1222 1880 1207 1837 1230 1800 1212 1747 1230 1690 1215 1645 1220 1630 1232 1572 1222 1550 1235 1527 1222 1397 1235 1325 1215 1292 1237 1280 1227 1257 1235 1157 1215"/></Shape>
	    <String CONTENT="شد آن مرد تازی بتیزی 18 بباد19"
                    HPOS="1155"
                    VPOS="1152"
                    WIDTH="832"
                    HEIGHT="85"></String>
          </TextLine>
          
          
	  <TextLine ID="eSc_line_58022"
                    
                    BASELINE="260 1185 315 1202 342 1205 377 1202 425 1210 507 1210 557 1215 1007 1215 1075 1207" 
                    HPOS="260"
                    VPOS="1147"
                    WIDTH="815"
                    HEIGHT="95">
            <Shape><Polygon POINTS="260 1185 265 1155 305 1165 322 1147 372 1175 407 1157 432 1182 485 1152 520 1177 545 1170 560 1185 625 1155 647 1177 680 1170 700 1182 720 1172 747 1197 780 1170 815 1180 850 1157 937 1157 960 1180 972 1167 1000 1180 1040 1175 1075 1207 1040 1240 1012 1222 962 1232 937 1215 885 1230 867 1215 845 1215 825 1235 775 1242 740 1220 720 1237 695 1225 632 1237 607 1217 587 1237 565 1240 542 1217 485 1217 435 1232 412 1212 337 1230 320 1215 262 1210"/></Shape>
	    <String CONTENT="جز آن20  روز بدرا ز مادر نزاد21"
                    HPOS="260"
                    VPOS="1147"
                    WIDTH="815"
                    HEIGHT="95"></String>
          </TextLine>
          
          
	  <TextLine ID="eSc_line_58030"
                    
                    BASELINE="1180 1302 1620 1297 1825 1300 1870 1305 1930 1302 1995 1307" 
                    HPOS="1180"
                    VPOS="1242"
                    WIDTH="815"
                    HEIGHT="88">
            <Shape><Polygon POINTS="1180 1302 1182 1260 1207 1242 1232 1257 1262 1250 1280 1267 1330 1242 1377 1277 1412 1252 1432 1262 1460 1252 1505 1282 1550 1252 1592 1277 1615 1255 1640 1265 1665 1252 1682 1265 1712 1250 1727 1265 1765 1245 1790 1267 1827 1242 1840 1255 1870 1245 1925 1265 1972 1265 1995 1307 1955 1330 1920 1330 1877 1305 1840 1302 1805 1330 1770 1302 1752 1312 1622 1315 1600 1300 1572 1315 1522 1317 1510 1307 1485 1330 1387 1302 1335 1312 1315 1330 1277 1327 1257 1312 1185 1322"/></Shape>
	    <String CONTENT="چون22  او کشته شد پشت خاورخدای"
                    HPOS="1180"
                    VPOS="1242"
                    WIDTH="815"
                    HEIGHT="88"></String>
          </TextLine>
          
          
	  <TextLine ID="eSc_line_58024"
                    
                    BASELINE="270 1300 467 1305 632 1300 685 1305 732 1300 910 1297 1081 1300" 
                    HPOS="270"
                    VPOS="1237"
                    WIDTH="810"
                    HEIGHT="90">
            <Shape><Polygon POINTS="270 1300 272 1255 295 1240 352 1280 387 1250 455 1267 477 1247 505 1242 542 1280 615 1237 647 1262 685 1257 707 1280 735 1260 752 1277 782 1257 807 1270 830 1250 867 1277 895 1252 917 1270 935 1255 967 1265 995 1242 1027 1262 1052 1250 1072 1267 1080 1300 1062 1312 1012 1317 897 1315 870 1297 847 1312 785 1315 757 1305 727 1327 695 1307 667 1322 597 1310 550 1325 522 1305 495 1315 407 1310 387 1327 367 1327 345 1310 325 1322 272 1317"/></Shape>
	    <String CONTENT="شکسته شد و دیگر آمدش رای"
                    HPOS="270"
                    VPOS="1237"
                    WIDTH="810"
                    HEIGHT="90"></String>
          </TextLine>
          
          
	  <TextLine ID="eSc_line_58031"
                    
                    BASELINE="1172 1650 1377 1647 1480 1650 1505 1655 1995 1655" 
                    HPOS="1172"
                    VPOS="1587"
                    WIDTH="823"
                    HEIGHT="90">
            <Shape><Polygon POINTS="1172 1650 1175 1607 1200 1617 1237 1590 1270 1607 1287 1595 1317 1595 1332 1607 1362 1600 1377 1610 1425 1587 1445 1592 1487 1635 1512 1615 1532 1610 1550 1620 1572 1597 1615 1592 1672 1635 1732 1595 1762 1610 1790 1592 1812 1612 1835 1605 1855 1620 1910 1622 1967 1592 1987 1610 1995 1655 1917 1677 1877 1665 1785 1662 1700 1672 1677 1655 1642 1677 1622 1675 1602 1655 1557 1655 1537 1675 1500 1675 1472 1650 1432 1662 1245 1650 1202 1675 1175 1662"/></Shape>
	    <String CONTENT="فرستاده‌ای را23 بر افگند24  گرد"
                    HPOS="1172"
                    VPOS="1587"
                    WIDTH="823"
                    HEIGHT="90"></String>
          </TextLine>
          
          
	  <TextLine ID="eSc_line_58023"
                    
                    BASELINE="267 1645 340 1655 825 1655 855 1650 1082 1650" 
                    HPOS="267"
                    VPOS="1587"
                    WIDTH="815"
                    HEIGHT="88">
            <Shape><Polygon POINTS="267 1645 270 1605 292 1615 422 1612 457 1587 492 1612 517 1587 532 1587 565 1620 662 1605 690 1630 752 1590 777 1610 805 1595 832 1620 867 1590 897 1610 925 1597 962 1635 992 1615 1075 1605 1082 1650 990 1675 950 1650 895 1662 760 1660 737 1675 702 1672 682 1655 592 1660 577 1670 532 1655 507 1672 465 1672 440 1655 375 1660 360 1672 332 1660 290 1672 270 1660"/></Shape>
	    <String CONTENT="سر شاه خاور مر او را سپرد"
                    HPOS="267"
                    VPOS="1587"
                    WIDTH="815"
                    HEIGHT="88"></String>
          </TextLine>
          
          
	  <TextLine ID="eSc_line_58037"
                    
                    BASELINE="1170 1742 1885 1742 1937 1747 2002 1741" 
                    HPOS="1170"
                    VPOS="1682"
                    WIDTH="830"
                    HEIGHT="90">
            <Shape><Polygon POINTS="1170 1740 1172 1682 1210 1707 1245 1707 1275 1690 1297 1712 1310 1700 1347 1695 1372 1710 1402 1690 1425 1712 1452 1695 1492 1710 1525 1690 1567 1710 1605 1695 1620 1710 1652 1705 1665 1717 1687 1695 1722 1712 1762 1685 1782 1705 1807 1692 1835 1720 1885 1712 1925 1687 1952 1710 1972 1707 2000 1740 1970 1767 1887 1755 1860 1772 1820 1745 1800 1755 1697 1755 1670 1742 1647 1765 1570 1752 1545 1767 1520 1752 1445 1752 1425 1740 1352 1762 1297 1740 1227 1760 1172 1747"/></Shape>
	    <String CONTENT="یکی نامه بنوشت نزد نیا"
                    HPOS="1170"
                    VPOS="1682"
                    WIDTH="830"
                    HEIGHT="90"></String>
          </TextLine>
          
          
	  <TextLine ID="eSc_line_58021"
                    
                    BASELINE="265 1717 320 1735 402 1735 427 1730 475 1740 585 1745 1012 1742 1075 1747" 
                    HPOS="265"
                    VPOS="1675"
                    WIDTH="810"
                    HEIGHT="92">
            <Shape><Polygon POINTS="265 1717 267 1682 302 1677 357 1707 427 1705 460 1682 500 1707 557 1675 582 1700 615 1702 635 1725 662 1705 690 1710 700 1700 732 1720 755 1702 775 1712 832 1680 877 1690 892 1705 920 1702 945 1720 990 1682 1022 1715 1065 1697 1075 1747 1062 1765 1035 1765 997 1745 972 1767 952 1767 935 1750 905 1765 870 1747 805 1757 777 1745 757 1765 727 1755 697 1765 682 1752 647 1760 632 1745 602 1762 575 1747 532 1762 502 1745 472 1765 450 1747 337 1757 267 1740"/></Shape>
	    <String CONTENT="پر از جنگ و پر چاره وکیمیا25"
                    HPOS="265"
                    VPOS="1675"
                    WIDTH="810"
                    HEIGHT="92"></String>
          </TextLine>
          
          
	  <TextLine ID="eSc_line_58014"
                    
                    BASELINE="260 2105 385 2102 442 2110 470 2117 502 2112 607 2115 642 2125 700 2125 927 2112 1037 2112 1095 2120 1295 2120 1352 2125 1895 2125 1922 2120 1995 2115" 
                    HPOS="260"
                    VPOS="2052"
                    WIDTH="1735"
                    HEIGHT="95">
            <Shape><Polygon POINTS="260 2105 265 2067 277 2060 315 2077 337 2057 357 2062 370 2052 402 2070 447 2052 477 2077 520 2067 560 2082 605 2057 640 2087 670 2065 690 2075 715 2070 732 2085 782 2060 850 2077 875 2055 925 2082 950 2082 982 2057 1015 2072 1045 2057 1080 2087 1102 2072 1135 2092 1162 2070 1197 2067 1255 2090 1292 2090 1377 2065 1422 2092 1452 2075 1480 2085 1515 2067 1537 2080 1562 2065 1602 2097 1657 2077 1682 2087 1715 2070 1747 2087 1777 2070 1795 2085 1837 2060 1875 2092 1967 2080 1995 2115 1975 2135 1910 2135 1885 2147 1840 2125 1815 2135 1692 2125 1667 2145 1642 2132 1612 2142 1587 2125 1540 2142 1472 2125 1440 2145 1387 2145 1362 2127 1330 2147 1302 2127 1262 2145 1242 2127 1175 2130 1150 2120 1095 2137 1062 2117 1022 2145 987 2125 887 2125 855 2147 817 2120 782 2142 727 2127 652 2145 612 2120 507 2122 475 2137 445 2112 412 2125 265 2117"/></Shape>
	    <String CONTENT="همی گشت پر خون در و کوه و دشت * از اندازه آویزش اندر گذشت"
                    HPOS="260"
                    VPOS="2052"
                    WIDTH="1735"
                    HEIGHT="95"></String>
          </TextLine>
          
          
	  <TextLine ID="eSc_line_58013"
                    
                    BASELINE="252 2245 352 2255 597 2252 645 2265 885 2260 975 2260 1012 2265 1991 2260" 
                    HPOS="250"
                    VPOS="2192"
                    WIDTH="1740"
                    HEIGHT="98">
            <Shape><Polygon POINTS="250 2245 252 2217 275 2205 315 2220 335 2202 375 2195 402 2212 432 2192 475 2220 512 2210 535 2225 560 2225 600 2200 635 2230 665 2210 730 2227 777 2202 800 2202 825 2225 852 2220 875 2200 927 2227 950 2227 995 2200 1027 2225 1057 2202 1092 2230 1125 2220 1150 2240 1182 2215 1230 2210 1267 2227 1297 2227 1332 2225 1370 2205 1422 2232 1447 2217 1480 2227 1510 2210 1535 2227 1565 2212 1602 2242 1620 2227 1645 2232 1657 2222 1682 2232 1702 2215 1725 2225 1752 2217 1767 2230 1780 2215 1810 2225 1845 2202 1907 2230 1975 2222 1990 2260 1957 2275 1890 2275 1862 2262 1832 2275 1755 2280 1690 2270 1667 2290 1640 2277 1607 2285 1585 2267 1530 2290 1477 2265 1440 2285 1390 2285 1365 2265 1335 2287 1302 2272 1272 2287 1252 2272 1162 2265 1112 2282 1072 2265 1042 2290 1025 2290 997 2265 890 2267 847 2285 820 2262 800 2262 762 2285 717 2270 645 2287 610 2262 467 2277 442 2255 422 2265 317 2267 255 2252"/></Shape>
	    <String CONTENT="همه گشته پر خون در و کوه و دشت * از اندازه آویزش اندر گذشت"
                    HPOS="250"
                    VPOS="2192"
                    WIDTH="1740"
                    HEIGHT="98"></String>
          </TextLine>
          
          
	  <TextLine ID="eSc_line_58015"
                    
                    BASELINE="270 2730 532 2745 947 2742 1110 2747 1170 2742 1747 2742 1862 2755 1940 2755 2003 2751" 
                    HPOS="270"
                    VPOS="2677"
                    WIDTH="1732"
                    HEIGHT="100">
            <Shape><Polygon POINTS="270 2730 275 2680 300 2700 360 2705 395 2705 427 2682 467 2712 527 2700 550 2715 567 2700 592 2712 665 2677 712 2705 755 2715 782 2705 802 2720 870 2687 917 2727 965 2687 1007 2715 1065 2700 1090 2722 1115 2702 1147 2715 1180 2687 1215 2715 1247 2715 1270 2695 1302 2715 1320 2702 1377 2712 1397 2695 1432 2715 1457 2700 1495 2715 1530 2695 1570 2715 1607 2700 1627 2717 1655 2710 1665 2720 1695 2697 1727 2717 1767 2692 1787 2710 1807 2695 1840 2722 1887 2715 1930 2690 1957 2712 1975 2707 2002 2750 1977 2772 1900 2760 1847 2775 1825 2755 1730 2765 1677 2752 1650 2775 1580 2760 1547 2777 1517 2760 1450 2760 1425 2745 1342 2772 1295 2745 1275 2760 1217 2767 1182 2760 1162 2742 1127 2767 1090 2752 1060 2772 1035 2757 1000 2767 980 2752 947 2777 915 2757 887 2775 855 2755 820 2772 795 2760 725 2770 702 2752 597 2745 570 2765 515 2770 497 2757 467 2762 437 2740 385 2760 275 2747"/></Shape>
	    <String CONTENT="یکی نامه بنوشت نزد نیا * پر از جادو و جنگ و پر کیمیا"
                    HPOS="270"
                    VPOS="2677"
                    WIDTH="1732"
                    HEIGHT="100"></String>
          </TextLine>
          
          
	  <TextLine ID="eSc_line_58055"
                    
                    BASELINE="1090 2850 1175 2850" 
                    HPOS="1090"
                    VPOS="2802"
                    WIDTH="85"
                    HEIGHT="70">
            <Shape><Polygon POINTS="1090 2850 1095 2805 1170 2802 1175 2850 1165 2870 1095 2872"/></Shape>
	    <String CONTENT="۲۶۳"
                    HPOS="1090"
                    VPOS="2802"
                    WIDTH="85"
                    HEIGHT="70"></String>
          </TextLine>
          </TextBlock>
          
        </PrintSpace>
      </Page>
    </Layout>
  </alto>
