<?xml version="1.0" encoding="UTF-8"?>
<alto xmlns:xsi="http://www.w3.org/2001/XMLSchema-instance"
      xmlns="http://www.loc.gov/standards/alto/ns-v4#"
      xsi:schemaLocation="http://www.loc.gov/standards/alto/ns-v4# https://gitlab.inria.fr/scripta/escriptorium/-/raw/develop/app/escriptorium/static/alto-4-1-baselines.xsd">
  <Description>
    <MeasurementUnit>pixel</MeasurementUnit>
    <sourceImageInformation>
      <fileName>Ferdowsi_Moscow.pdf_000036.png</fileName>
    </sourceImageInformation>
  </Description>
  
  <Tags>
    <OtherTag ID="BT1" LABEL="Title" DESCRIPTION="block type Title"/><OtherTag ID="BT2" LABEL="Main" DESCRIPTION="block type Main"/><OtherTag ID="BT3" LABEL="Commentary" DESCRIPTION="block type Commentary"/><OtherTag ID="BT4" LABEL="Illustration" DESCRIPTION="block type Illustration"/>
    
  </Tags>
  
  <Layout>
    <Page WIDTH="2430"
          HEIGHT="3000"
          PHYSICAL_IMG_NR="2"
          ID="eSc_dummypage_">
      <PrintSpace HPOS="0"
                  VPOS="0"
                  WIDTH="2430"
                  HEIGHT="3000">
        
        <TextBlock ID="eSc_dummyblock_">
          
	  <TextLine ID="eSc_line_55095"
                    
                    BASELINE="1050 460 1187 460" 
                    HPOS="1050"
                    VPOS="407"
                    WIDTH="137"
                    HEIGHT="113">
            <Shape><Polygon POINTS="1050 460 1055 415 1070 420 1085 407 1110 420 1142 407 1170 417 1187 460 1182 520 1055 517"/></Shape>
	    <String CONTENT="شا هنامه"
                    HPOS="1050"
                    VPOS="407"
                    WIDTH="137"
                    HEIGHT="113"></String>
          </TextLine>
          
          
	  <TextLine ID="eSc_line_55096"
                    
                    BASELINE="1140 595 1357 595 1640 587 1942 595 1995 590" 
                    HPOS="1140"
                    VPOS="527"
                    WIDTH="855"
                    HEIGHT="93">
            <Shape><Polygon POINTS="1140 595 1142 562 1187 532 1220 550 1245 540 1262 555 1305 537 1322 552 1360 555 1382 575 1407 552 1460 557 1485 532 1535 537 1550 552 1585 532 1635 565 1667 542 1697 555 1722 530 1745 542 1770 527 1807 557 1827 545 1855 557 1887 555 1902 540 1932 552 1952 545 1987 570 1995 590 1955 617 1900 600 1880 612 1857 605 1835 620 1787 590 1760 602 1657 602 1642 590 1617 615 1547 590 1527 602 1457 602 1432 617 1397 615 1375 595 1322 612 1295 602 1200 602 1170 612 1147 595"/></Shape>
	    <String CONTENT="چنین گفت با نامور سر کشان"
                    HPOS="1140"
                    VPOS="527"
                    WIDTH="855"
                    HEIGHT="93"></String>
          </TextLine>
          
          
	  <TextLine ID="eSc_line_55121"
                    
                    BASELINE="260 592 465 587 680 587 872 595 1027 592 1065 597" 
                    HPOS="260"
                    VPOS="527"
                    WIDTH="805"
                    HEIGHT="90">
            <Shape><Polygon POINTS="260 592 262 540 282 532 315 547 342 540 357 550 387 537 402 552 440 555 462 532 477 532 507 560 530 537 570 535 587 550 620 550 647 530 665 530 692 557 747 542 765 557 787 537 815 537 840 555 885 527 912 552 947 555 990 545 1017 552 1055 535 1065 597 990 615 952 605 912 617 880 595 812 617 777 592 692 612 660 587 647 600 587 612 567 592 542 602 510 587 495 602 472 600 447 615 397 590 370 602 262 610"/></Shape>
	    <String CONTENT="کزین گونه هر گز که دارد نشان"
                    HPOS="260"
                    VPOS="527"
                    WIDTH="805"
                    HEIGHT="90"></String>
          </TextLine>
          
          
	  <TextLine ID="eSc_line_55122"
                    
                    BASELINE="1160 670 1767 675 1800 670 1995 670" 
                    HPOS="1160"
                    VPOS="615"
                    WIDTH="835"
                    HEIGHT="87">
            <Shape><Polygon POINTS="1160 670 1172 632 1202 640 1237 615 1267 640 1295 642 1332 622 1360 650 1400 632 1422 642 1440 625 1490 640 1532 627 1547 640 1580 615 1612 637 1665 615 1685 635 1720 617 1745 640 1775 640 1797 617 1827 635 1852 615 1890 640 1962 630 1995 670 1947 682 1797 685 1787 675 1760 697 1712 682 1640 692 1595 675 1477 697 1422 685 1402 702 1360 697 1340 680 1290 690 1162 680"/></Shape>
	    <String CONTENT="همانا بکان اندرون زر نماند"
                    HPOS="1160"
                    VPOS="615"
                    WIDTH="835"
                    HEIGHT="87"></String>
          </TextLine>
          
          
	  <TextLine ID="eSc_line_55114"
                    
                    BASELINE="250 670 357 670 397 675 1076 670" 
                    HPOS="250"
                    VPOS="612"
                    WIDTH="825"
                    HEIGHT="85">
            <Shape><Polygon POINTS="250 670 252 640 272 627 295 640 327 612 362 640 397 640 425 620 457 652 517 630 572 642 617 612 645 637 667 627 682 640 730 640 752 620 780 640 797 622 850 640 897 640 917 620 980 640 1017 627 1037 640 1060 632 1075 670 1057 695 1010 682 990 697 915 672 862 697 805 692 780 672 665 692 615 675 552 697 522 682 465 697 437 677 255 680"/></Shape>
	    <String CONTENT="بدریا درون نیز گوهر نماند"
                    HPOS="250"
                    VPOS="612"
                    WIDTH="825"
                    HEIGHT="85"></String>
          </TextLine>
          
          
	  <TextLine ID="eSc_line_55123"
                    
                    BASELINE="1165 755 1285 752 1317 757 1430 760 1460 767 1547 760 1682 755 1997 748" 
                    HPOS="1165"
                    VPOS="695"
                    WIDTH="830"
                    HEIGHT="87">
            <Shape><Polygon POINTS="1165 755 1175 712 1205 720 1240 697 1302 722 1357 697 1397 730 1407 717 1470 717 1495 702 1520 725 1557 710 1585 735 1702 712 1740 730 1767 702 1792 695 1822 717 1850 707 1865 720 1912 700 1935 710 1972 702 1995 747 1972 772 1945 762 1900 775 1795 762 1767 775 1735 755 1722 765 1647 762 1617 780 1575 762 1540 782 1512 780 1495 765 1395 775 1367 760 1342 777 1302 777 1250 762 1167 762"/></Shape>
	    <String CONTENT="کزینسان همی زر1 بر آورده اند"
                    HPOS="1165"
                    VPOS="695"
                    WIDTH="830"
                    HEIGHT="87"></String>
          </TextLine>
          
          
	  <TextLine ID="eSc_line_55117"
                    
                    BASELINE="260 752 895 752 947 760 1072 755" 
                    HPOS="260"
                    VPOS="690"
                    WIDTH="810"
                    HEIGHT="90">
            <Shape><Polygon POINTS="260 750 265 712 297 720 327 695 362 717 397 710 415 722 447 720 465 705 492 717 515 695 537 692 602 737 640 710 675 727 705 700 725 715 765 690 790 715 820 692 845 717 887 725 915 700 967 720 1055 710 1070 755 1030 775 975 765 955 780 935 780 905 752 867 780 845 762 795 772 685 750 632 775 612 775 592 757 570 775 527 760 410 772 352 750 322 762 262 762"/></Shape>
	    <String CONTENT="درین2 جایگه در بگسترده اند"
                    HPOS="260"
                    VPOS="690"
                    WIDTH="810"
                    HEIGHT="90"></String>
          </TextLine>
          
          
	  <TextLine ID="eSc_line_55124"
                    
                    BASELINE="1170 835 1935 835 2002 827" 
                    HPOS="1170"
                    VPOS="775"
                    WIDTH="830"
                    HEIGHT="85">
            <Shape><Polygon POINTS="1170 835 1172 802 1205 790 1227 802 1262 792 1282 810 1300 792 1347 790 1362 802 1387 782 1415 807 1437 790 1482 802 1510 782 1565 802 1595 785 1612 802 1642 795 1657 810 1685 782 1717 802 1760 777 1777 795 1802 782 1832 810 1867 802 1902 775 1922 775 1945 795 1972 782 2000 825 1962 855 1902 842 1850 857 1825 835 1782 845 1662 835 1642 855 1585 842 1535 860 1512 845 1402 835 1332 857 1287 835 1265 857 1235 845 1175 857"/></Shape>
	    <String CONTENT="یکی نامه بنوشت نزد پدر"
                    HPOS="1170"
                    VPOS="775"
                    WIDTH="830"
                    HEIGHT="85"></String>
          </TextLine>
          
          
	  <TextLine ID="eSc_line_55118"
                    
                    BASELINE="251 832 772 832 862 840 1077 840" 
                    HPOS="250"
                    VPOS="772"
                    WIDTH="825"
                    HEIGHT="88">
            <Shape><Polygon POINTS="250 830 257 782 292 802 355 795 380 817 395 802 477 807 497 790 582 805 610 782 645 812 685 772 725 802 787 802 825 777 855 802 887 790 930 810 975 775 995 795 1022 780 1062 792 1075 840 1050 860 1015 842 975 842 957 855 922 842 902 857 860 860 835 837 735 855 697 842 655 855 632 837 515 857 480 832 400 857 367 845 340 857 327 845 282 855 252 835"/></Shape>
	    <String CONTENT="ز کار وز کردار خود سر بسر3"
                    HPOS="250"
                    VPOS="772"
                    WIDTH="825"
                    HEIGHT="88"></String>
          </TextLine>
          
          
	  <TextLine ID="eSc_line_55119"
                    
                    BASELINE="1160 915 1197 920 1265 915 1405 912 1517 915 1597 910 1632 920 1660 912 1885 912 1992 910" 
                    HPOS="1160"
                    VPOS="855"
                    WIDTH="830"
                    HEIGHT="87">
            <Shape><Polygon POINTS="1160 915 1170 887 1200 875 1237 882 1262 870 1287 887 1312 870 1340 882 1352 870 1402 860 1442 885 1472 865 1512 905 1542 882 1585 875 1615 895 1647 870 1670 882 1695 872 1742 880 1767 855 1805 860 1825 880 1857 870 1875 882 1907 860 1927 872 1972 862 1990 910 1955 927 1837 927 1815 912 1795 930 1675 925 1652 942 1632 940 1612 920 1587 940 1567 925 1527 940 1500 915 1467 930 1405 927 1380 942 1350 925 1307 927 1285 915 1210 937 1162 932"/></Shape>
	    <String CONTENT="نخست آفرین بر خداوند هور"
                    HPOS="1160"
                    VPOS="855"
                    WIDTH="830"
                    HEIGHT="87"></String>
          </TextLine>
          
          
	  <TextLine ID="eSc_line_55125"
                    
                    BASELINE="250 917 317 927 402 912 1082 915" 
                    HPOS="250"
                    VPOS="855"
                    WIDTH="830"
                    HEIGHT="87">
            <Shape><Polygon POINTS="250 915 252 885 270 870 315 885 352 872 372 890 397 872 447 882 467 862 490 867 505 855 565 882 582 882 615 857 645 890 662 880 682 885 705 862 735 877 757 857 790 885 842 875 857 890 887 870 912 880 930 862 950 867 967 855 1015 882 1050 862 1072 885 1080 915 972 922 955 937 860 915 822 927 762 925 745 937 725 937 702 915 670 940 655 940 632 917 512 922 495 937 465 925 405 930 362 917 297 942 252 937"/></Shape>
	    <String CONTENT="خداوند مار4 و خداوند مور"
                    HPOS="250"
                    VPOS="855"
                    WIDTH="830"
                    HEIGHT="87"></String>
          </TextLine>
          
          
	  <TextLine ID="eSc_line_55126"
                    
                    BASELINE="1160 1000 1480 1000 1507 992 1991 992" 
                    HPOS="1160"
                    VPOS="937"
                    WIDTH="830"
                    HEIGHT="85">
            <Shape><Polygon POINTS="1160 1000 1177 962 1272 955 1292 975 1350 942 1375 955 1395 937 1430 962 1475 952 1487 962 1515 957 1530 972 1552 957 1575 970 1605 950 1625 962 1677 962 1712 937 1745 957 1772 945 1792 965 1812 950 1835 957 1885 937 1930 957 1957 942 1990 990 1950 1005 1895 1002 1877 1017 1800 1002 1785 990 1762 1005 1690 1002 1657 1015 1577 1000 1550 1020 1527 1007 1507 1020 1487 1007 1440 1007 1425 1017 1395 1007 1370 1022 1347 1000 1320 1017 1297 1017 1280 1000 1227 1015 1205 1005 1162 1015"/></Shape>
	    <String CONTENT="خداوند ناهید و بهرام5 و مهر"
                    HPOS="1160"
                    VPOS="937"
                    WIDTH="830"
                    HEIGHT="85"></String>
          </TextLine>
          
          
	  <TextLine ID="eSc_line_55138"
                    
                    BASELINE="262 1000 297 1007 360 995 420 992 1069 995" 
                    HPOS="260"
                    VPOS="935"
                    WIDTH="807"
                    HEIGHT="90">
            <Shape><Polygon POINTS="260 1000 270 965 307 965 330 952 347 965 452 967 495 950 520 962 565 962 597 945 620 962 660 942 692 975 705 962 742 957 772 972 790 955 822 965 855 935 885 962 935 942 955 950 967 937 1017 957 1047 942 1067 995 980 1002 960 1017 867 995 842 1017 820 1010 797 1025 765 1007 752 1017 730 1007 697 1017 667 992 640 1007 525 1010 452 992 370 1022 352 1007 330 1020 310 1007 262 1017"/></Shape>
	    <String CONTENT="خداوند این بر کشیده سپهر"
                    HPOS="260"
                    VPOS="935"
                    WIDTH="807"
                    HEIGHT="90"></String>
          </TextLine>
          
          
	  <TextLine ID="eSc_line_55127"
                    
                    BASELINE="1170 1080 1207 1085 1242 1080 1405 1080 1567 1085 1995 1085" 
                    HPOS="1170"
                    VPOS="1012"
                    WIDTH="825"
                    HEIGHT="90">
            <Shape><Polygon POINTS="1170 1080 1172 1025 1185 1017 1230 1032 1260 1065 1302 1022 1355 1047 1377 1037 1407 1047 1497 1042 1520 1065 1557 1042 1632 1037 1655 1057 1680 1032 1705 1042 1732 1032 1777 1040 1812 1012 1840 1017 1862 1040 1880 1022 1925 1040 1967 1037 1987 1055 1995 1085 1940 1102 1900 1097 1887 1085 1777 1085 1757 1095 1710 1085 1687 1102 1652 1085 1630 1097 1567 1087 1550 1100 1515 1085 1452 1087 1437 1100 1407 1087 1390 1097 1310 1087 1275 1100 1257 1080 1227 1102 1190 1087 1172 1092"/></Shape>
	    <String CONTENT="وزو6 آفرین بر سپهدار زال"
                    HPOS="1170"
                    VPOS="1012"
                    WIDTH="825"
                    HEIGHT="90"></String>
          </TextLine>
          
          
	  <TextLine ID="eSc_line_55106"
                    
                    BASELINE="252 1077 287 1072 377 1072 402 1077 467 1080 700 1080 795 1085 1042 1085 1095 1077" 
                    HPOS="250"
                    VPOS="1012"
                    WIDTH="845"
                    HEIGHT="90">
            <Shape><Polygon POINTS="250 1075 255 1040 277 1017 300 1017 325 1042 367 1042 392 1030 422 1057 442 1042 497 1035 522 1045 545 1022 597 1040 625 1012 662 1040 685 1032 697 1042 722 1032 747 1042 770 1020 825 1042 855 1012 890 1037 920 1015 970 1050 1002 1020 1030 1042 1055 1035 1095 1075 1052 1095 1020 1085 997 1100 962 1085 937 1102 882 1085 832 1085 810 1097 780 1085 745 1085 732 1097 702 1085 680 1095 600 1085 580 1100 545 1080 522 1080 502 1097 480 1085 440 1097 415 1077 375 1087 252 1087"/></Shape>
	    <String CONTENT="یل زابلی7 پهلو8 بی همال"
                    HPOS="250"
                    VPOS="1012"
                    WIDTH="845"
                    HEIGHT="90"></String>
          </TextLine>
          
          
	  <TextLine ID="eSc_line_55128"
                    
                    BASELINE="1172 1160 1380 1160 1450 1157 1475 1152 1617 1152 1695 1160 1750 1152 1937 1152 2009 1157" 
                    HPOS="1170"
                    VPOS="1095"
                    WIDTH="837"
                    HEIGHT="87">
            <Shape><Polygon POINTS="1170 1160 1175 1105 1207 1100 1232 1125 1267 1125 1310 1097 1335 1122 1360 1125 1397 1095 1425 1120 1455 1110 1477 1125 1517 1125 1547 1105 1570 1122 1632 1115 1652 1130 1702 1097 1745 1122 1780 1122 1815 1095 1847 1115 1877 1097 1897 1117 1915 1105 1942 1122 1975 1115 2007 1155 1967 1180 1940 1165 1850 1165 1832 1150 1805 1165 1750 1165 1720 1182 1702 1170 1670 1172 1657 1160 1632 1182 1600 1165 1440 1170 1417 1157 1390 1177 1360 1167 1317 1177 1300 1165 1202 1165 1172 1175"/></Shape>
	    <String CONTENT="پناه گوان پشت ایرانیان"
                    HPOS="1170"
                    VPOS="1095"
                    WIDTH="837"
                    HEIGHT="87"></String>
          </TextLine>
          
          
	  <TextLine ID="eSc_line_55103"
                    
                    BASELINE="239 1155 1045 1152 1085 1157" 
                    HPOS="237"
                    VPOS="1095"
                    WIDTH="848"
                    HEIGHT="90">
            <Shape><Polygon POINTS="237 1155 240 1120 257 1102 297 1107 327 1095 360 1122 412 1115 430 1097 467 1125 530 1105 562 1137 587 1120 632 1127 657 1107 715 1122 735 1102 760 1097 795 1115 810 1100 845 1095 890 1125 917 1125 940 1105 960 1115 975 1100 1022 1122 1060 1097 1077 1115 1085 1155 1055 1170 982 1172 967 1185 930 1167 855 1167 810 1152 745 1165 605 1167 585 1177 550 1155 515 1167 442 1165 427 1177 380 1165 302 1175 255 1155"/></Shape>
	    <String CONTENT="فرازندهٔ9 اختر کاویان10"
                    HPOS="237"
                    VPOS="1095"
                    WIDTH="848"
                    HEIGHT="90"></String>
          </TextLine>
          
          
	  <TextLine ID="eSc_line_55129"
                    
                    BASELINE="1170 1230 2002 1235" 
                    HPOS="1170"
                    VPOS="1177"
                    WIDTH="830"
                    HEIGHT="83">
            <Shape><Polygon POINTS="1170 1230 1182 1180 1212 1200 1252 1180 1275 1202 1317 1195 1330 1207 1347 1192 1375 1205 1395 1185 1420 1180 1437 1197 1467 1190 1482 1205 1525 1200 1540 1215 1557 1200 1587 1210 1625 1182 1647 1202 1677 1187 1707 1217 1727 1197 1767 1195 1782 1205 1810 1187 1825 1202 1865 1177 1890 1202 1910 1185 1940 1205 1972 1185 1992 1205 2000 1235 1947 1247 1772 1250 1722 1247 1700 1235 1682 1247 1590 1242 1567 1260 1532 1242 1277 1250 1257 1232 1230 1250 1172 1250"/></Shape>
	    <String CONTENT="نشاننده شاه و ستاننده گاه"
                    HPOS="1170"
                    VPOS="1177"
                    WIDTH="830"
                    HEIGHT="83"></String>
          </TextLine>
          
          
	  <TextLine ID="eSc_line_55102"
                    
                    BASELINE="262 1235 442 1232 560 1245 647 1240 672 1232 917 1235 947 1230 972 1237 1089 1247" 
                    HPOS="260"
                    VPOS="1172"
                    WIDTH="827"
                    HEIGHT="93">
            <Shape><Polygon POINTS="260 1235 265 1192 280 1177 317 1205 400 1185 415 1200 472 1192 492 1207 527 1185 547 1197 577 1192 610 1217 650 1187 677 1202 707 1177 737 1200 772 1205 817 1172 842 1197 937 1175 967 1195 1012 1180 1040 1202 1070 1202 1087 1245 1017 1265 1000 1252 970 1255 952 1232 895 1247 832 1235 770 1257 745 1245 662 1245 640 1265 600 1247 580 1260 510 1257 490 1240 442 1260 405 1257 367 1237 327 1262 302 1242 262 1247"/></Shape>
	    <String CONTENT="روان گشته فرمانش چون هور11 و ماه"
                    HPOS="260"
                    VPOS="1172"
                    WIDTH="827"
                    HEIGHT="93"></String>
          </TextLine>
          
          
	  <TextLine ID="eSc_line_55131"
                    
                    BASELINE="1160 1307 1195 1315 1952 1312 2012 1317" 
                    HPOS="1160"
                    VPOS="1257"
                    WIDTH="850"
                    HEIGHT="90">
            <Shape><Polygon POINTS="1160 1305 1175 1275 1190 1270 1205 1285 1230 1265 1252 1285 1342 1282 1355 1295 1375 1277 1425 1287 1472 1262 1532 1300 1555 1280 1585 1275 1607 1285 1725 1275 1742 1290 1767 1265 1802 1257 1827 1282 1845 1275 1862 1285 1895 1285 1925 1262 1947 1285 1972 1280 2010 1315 1970 1342 1937 1327 1860 1337 1845 1325 1800 1325 1770 1335 1745 1315 1720 1337 1687 1325 1575 1327 1552 1347 1530 1327 1512 1342 1465 1327 1392 1342 1362 1315 1275 1340 1255 1327 1165 1325"/></Shape>
	    <String CONTENT="بفرمان رسیدم بکوه سپند"
                    HPOS="1160"
                    VPOS="1257"
                    WIDTH="850"
                    HEIGHT="90"></String>
          </TextLine>
          
          
	  <TextLine ID="eSc_line_55098"
                    
                    BASELINE="265 1310 587 1317 612 1312 1037 1315 1075 1307" 
                    HPOS="265"
                    VPOS="1252"
                    WIDTH="810"
                    HEIGHT="88">
            <Shape><Polygon POINTS="265 1310 267 1272 295 1282 315 1267 337 1275 360 1252 397 1282 415 1277 430 1290 465 1267 487 1282 550 1272 562 1282 667 1290 690 1267 725 1257 747 1280 775 1275 790 1290 845 1285 860 1270 925 1285 957 1262 982 1277 1007 1262 1025 1280 1060 1280 1075 1307 1050 1340 982 1315 902 1340 865 1325 822 1337 785 1325 770 1337 722 1325 692 1337 667 1317 597 1337 520 1325 487 1340 430 1325 415 1340 372 1325 267 1325"/></Shape>
	    <String CONTENT="چه کوهی بسان سپهری بلند"
                    HPOS="265"
                    VPOS="1252"
                    WIDTH="810"
                    HEIGHT="88"></String>
          </TextLine>
          
          
	  <TextLine ID="eSc_line_55132"
                    
                    BASELINE="1155 1397 1192 1392 1527 1392 1592 1397 1770 1397 1827 1405 1852 1400 2009 1395" 
                    HPOS="1155"
                    VPOS="1325"
                    WIDTH="852"
                    HEIGHT="100">
            <Shape><Polygon POINTS="1155 1395 1167 1360 1215 1352 1235 1365 1265 1340 1285 1340 1302 1357 1410 1365 1447 1335 1470 1355 1495 1345 1515 1365 1535 1365 1575 1325 1610 1355 1650 1340 1672 1340 1690 1355 1722 1337 1760 1362 1787 1362 1812 1337 1855 1365 1972 1355 2007 1395 1977 1417 1915 1407 1892 1420 1860 1405 1810 1417 1782 1405 1702 1415 1677 1395 1640 1415 1602 1395 1520 1410 1470 1392 1447 1407 1387 1407 1335 1422 1295 1392 1277 1410 1195 1407 1177 1425 1160 1420"/></Shape>
	    <String CONTENT="بپایان آن کُه فرود آمدم"
                    HPOS="1155"
                    VPOS="1325"
                    WIDTH="852"
                    HEIGHT="100"></String>
          </TextLine>
          
          
	  <TextLine ID="eSc_line_55099"
                    
                    BASELINE="242 1407 282 1395 310 1392 1090 1395" 
                    HPOS="240"
                    VPOS="1337"
                    WIDTH="850"
                    HEIGHT="88">
            <Shape><Polygon POINTS="240 1405 245 1380 267 1357 310 1355 330 1365 357 1342 380 1342 397 1360 420 1352 460 1362 490 1352 522 1385 595 1347 625 1362 705 1357 727 1377 750 1355 772 1365 790 1347 840 1367 875 1337 895 1337 912 1355 962 1337 987 1362 1057 1352 1090 1395 1060 1405 955 1405 937 1415 900 1395 855 1410 777 1400 750 1425 732 1425 710 1402 652 1417 627 1405 532 1417 507 1392 472 1417 440 1420 387 1395 370 1410 285 1407 267 1425 242 1412"/></Shape>
	    <String CONTENT="همان گه ز مهتر درود آمدم"
                    HPOS="240"
                    VPOS="1337"
                    WIDTH="850"
                    HEIGHT="88"></String>
          </TextLine>
          
          
	  <TextLine ID="eSc_line_55133"
                    
                    BASELINE="1160 1480 1197 1480 1240 1470 1325 1472 1405 1480 1595 1480 1735 1472 1925 1475 2005 1467" 
                    HPOS="1160"
                    VPOS="1417"
                    WIDTH="845"
                    HEIGHT="88">
            <Shape><Polygon POINTS="1160 1480 1165 1442 1227 1445 1260 1430 1277 1445 1322 1447 1350 1422 1372 1435 1400 1420 1442 1457 1472 1440 1520 1437 1545 1462 1572 1440 1595 1445 1612 1430 1645 1445 1677 1435 1692 1447 1727 1437 1745 1450 1790 1417 1825 1442 1850 1435 1887 1445 1925 1420 1950 1445 1980 1432 2005 1465 1960 1505 1930 1485 1865 1497 1840 1485 1797 1485 1767 1497 1742 1477 1665 1500 1627 1485 1567 1497 1542 1480 1520 1497 1482 1487 1455 1500 1417 1480 1367 1505 1350 1490 1310 1487 1192 1487 1165 1505"/></Shape>
	    <String CONTENT="بفرمان مهتر بر آراستم"
                    HPOS="1160"
                    VPOS="1417"
                    WIDTH="845"
                    HEIGHT="88"></String>
          </TextLine>
          
          
	  <TextLine ID="eSc_line_55109"
                    
                    BASELINE="260 1455 295 1470 350 1475 747 1472 817 1477 857 1472 1000 1472 1027 1477 1081 1477" 
                    HPOS="260"
                    VPOS="1417"
                    WIDTH="820"
                    HEIGHT="90">
            <Shape><Polygon POINTS="260 1455 265 1422 287 1422 317 1445 342 1427 375 1442 410 1417 442 1442 472 1422 505 1452 527 1432 572 1447 597 1425 635 1425 660 1447 707 1420 735 1440 785 1420 807 1442 847 1435 872 1457 902 1432 930 1442 952 1422 980 1420 1005 1445 1062 1437 1080 1475 1057 1497 1035 1487 997 1495 980 1480 890 1485 875 1472 845 1500 827 1487 805 1500 732 1487 680 1497 652 1472 632 1472 617 1487 575 1475 542 1502 512 1500 490 1480 422 1500 400 1485 335 1485 297 1507 262 1477"/></Shape>
	    <String CONTENT="بر آمد  بران‌سان که من خواستم 12"
                    HPOS="260"
                    VPOS="1417"
                    WIDTH="820"
                    HEIGHT="90"></String>
          </TextLine>
          
          
	  <TextLine ID="eSc_line_55134"
                    
                    BASELINE="1170 1550 1952 1555 2009 1547" 
                    HPOS="1170"
                    VPOS="1497"
                    WIDTH="837"
                    HEIGHT="88">
            <Shape><Polygon POINTS="1170 1550 1172 1522 1217 1497 1245 1517 1267 1510 1285 1527 1317 1520 1335 1530 1382 1500 1410 1512 1437 1500 1475 1525 1512 1500 1540 1520 1560 1507 1580 1520 1592 1507 1642 1500 1667 1525 1687 1520 1705 1535 1725 1517 1752 1527 1817 1522 1835 1505 1872 1522 1932 1522 1957 1502 2007 1545 1967 1570 1920 1565 1902 1580 1865 1555 1802 1575 1775 1567 1747 1582 1707 1560 1677 1582 1662 1570 1585 1555 1555 1570 1435 1565 1415 1580 1360 1577 1337 1565 1312 1585 1290 1570 1172 1570"/></Shape>
	    <String CONTENT="شب تیره با 13 نامداران جنگ"
                    HPOS="1170"
                    VPOS="1497"
                    WIDTH="837"
                    HEIGHT="88"></String>
          </TextLine>
          
          
	  <TextLine ID="eSc_line_55111"
                    
                    BASELINE="265 1547 352 1555 632 1552 672 1560 1086 1560" 
                    HPOS="265"
                    VPOS="1492"
                    WIDTH="820"
                    HEIGHT="93">
            <Shape><Polygon POINTS="265 1545 267 1505 285 1502 310 1520 342 1492 370 1512 432 1512 457 1535 522 1500 572 1525 592 1505 615 1517 635 1497 680 1525 740 1525 760 1505 790 1500 817 1525 857 1515 885 1542 925 1512 955 1530 980 1507 1035 1525 1067 1517 1085 1560 1065 1577 1012 1565 990 1582 970 1582 947 1560 907 1580 875 1560 857 1575 727 1565 655 1580 615 1552 572 1570 497 1567 477 1585 447 1560 405 1580 380 1567 267 1560"/></Shape>
	    <String CONTENT="بدژ در یکی‌را ندادم درنگ14"
                    HPOS="265"
                    VPOS="1492"
                    WIDTH="820"
                    HEIGHT="93"></String>
          </TextLine>
          
          
	  <TextLine ID="eSc_line_55136"
                    
                    BASELINE="1170 1635 2002 1630" 
                    HPOS="1170"
                    VPOS="1577"
                    WIDTH="830"
                    HEIGHT="88">
            <Shape><Polygon POINTS="1170 1635 1175 1587 1200 1597 1260 1582 1282 1605 1325 1605 1370 1577 1432 1612 1455 1590 1510 1610 1530 1590 1555 1602 1570 1592 1602 1602 1622 1585 1652 1607 1675 1587 1727 1607 1755 1585 1817 1605 1832 1590 1862 1605 1890 1585 1920 1600 1940 1587 2000 1630 1960 1665 1915 1632 1885 1650 1805 1652 1760 1650 1735 1632 1707 1660 1660 1632 1642 1645 1582 1650 1515 1637 1487 1665 1442 1637 1412 1662 1372 1647 1297 1657 1262 1645 1172 1642"/></Shape>
	    <String CONTENT="چه کشته چه خسته چه بگریخته"
                    HPOS="1170"
                    VPOS="1577"
                    WIDTH="830"
                    HEIGHT="88"></String>
          </TextLine>
          
          
	  <TextLine ID="eSc_line_55112"
                    
                    BASELINE="250 1627 347 1632 465 1642 685 1632 717 1637 1020 1640 1082 1640" 
                    HPOS="250"
                    VPOS="1575"
                    WIDTH="830"
                    HEIGHT="92">
            <Shape><Polygon POINTS="250 1625 267 1587 295 1602 312 1590 340 1600 362 1580 397 1607 450 1600 477 1622 497 1602 542 1602 582 1575 610 1602 635 1585 655 1605 680 1587 700 1605 742 1607 787 1585 815 1612 847 1580 885 1607 917 1600 935 1615 957 1595 987 1605 1022 1585 1045 1605 1072 1597 1080 1640 1055 1665 1020 1647 950 1665 920 1642 855 1650 820 1667 787 1637 715 1657 595 1635 507 1662 487 1662 470 1645 452 1660 422 1662 397 1650 295 1650 252 1637"/></Shape>
	    <String CONTENT="ز تن ساز کینه فرو ریخته"
                    HPOS="250"
                    VPOS="1575"
                    WIDTH="830"
                    HEIGHT="92"></String>
          </TextLine>
          
          
	  <TextLine ID="eSc_line_55139"
                    
                    BASELINE="1160 1717 1220 1725 1245 1720 1437 1717 1555 1725 1697 1712 1992 1712" 
                    HPOS="1160"
                    VPOS="1657"
                    WIDTH="830"
                    HEIGHT="88">
            <Shape><Polygon POINTS="1160 1715 1162 1695 1200 1657 1247 1685 1280 1672 1307 1692 1342 1675 1355 1687 1400 1677 1425 1687 1465 1660 1490 1685 1510 1677 1535 1702 1577 1660 1615 1687 1652 1687 1672 1667 1705 1687 1725 1667 1745 1665 1787 1677 1805 1660 1837 1680 1875 1660 1900 1685 1940 1687 1967 1675 1990 1710 1985 1727 1957 1730 1800 1720 1770 1745 1715 1710 1695 1727 1607 1745 1582 1735 1555 1740 1535 1725 1515 1745 1470 1727 1350 1732 1307 1720 1230 1740 1165 1735"/></Shape>
	    <String CONTENT="همانا ز15 خروار پانصد هزار"
                    HPOS="1160"
                    VPOS="1657"
                    WIDTH="830"
                    HEIGHT="88"></String>
          </TextLine>
          
          
	  <TextLine ID="eSc_line_55116"
                    
                    BASELINE="260 1720 370 1725 450 1717 475 1725 500 1722 557 1727 635 1712 1015 1712 1096 1720" 
                    HPOS="260"
                    VPOS="1657"
                    WIDTH="835"
                    HEIGHT="88">
            <Shape><Polygon POINTS="260 1720 262 1690 292 1660 325 1685 427 1685 442 1672 470 1685 505 1662 547 1687 562 1677 582 1687 595 1677 610 1682 632 1660 665 1680 677 1667 702 1677 725 1657 775 1685 805 1685 827 1665 862 1685 882 1685 902 1665 932 1682 945 1672 1000 1685 1062 1677 1095 1720 1057 1742 1040 1727 972 1740 930 1712 912 1725 782 1725 740 1735 705 1710 685 1727 637 1725 615 1737 592 1720 567 1740 540 1735 517 1745 487 1742 465 1722 382 1735 300 1727 265 1740"/></Shape>
	    <String CONTENT="بود نقرهٔ ناب و زرّ عیار"
                    HPOS="260"
                    VPOS="1657"
                    WIDTH="835"
                    HEIGHT="88"></String>
          </TextLine>
          
          
	  <TextLine ID="eSc_line_55142"
                    
                    BASELINE="1170 1807 1210 1802 1560 1805 1717 1800 1775 1805 1802 1800 1862 1805 1935 1805 2002 1797" 
                    HPOS="1170"
                    VPOS="1740"
                    WIDTH="830"
                    HEIGHT="87">
            <Shape><Polygon POINTS="1170 1805 1172 1767 1245 1767 1265 1747 1307 1772 1340 1770 1357 1755 1390 1765 1422 1740 1460 1770 1470 1760 1495 1770 1507 1760 1532 1777 1615 1767 1647 1747 1682 1765 1790 1765 1810 1745 1860 1765 1910 1765 1930 1752 1947 1765 1975 1752 1992 1765 2000 1795 1962 1827 1920 1822 1902 1807 1870 1807 1850 1822 1815 1807 1740 1817 1712 1807 1587 1810 1562 1825 1530 1812 1477 1827 1455 1827 1432 1805 1347 1810 1320 1822 1275 1807 1172 1817"/></Shape>
	    <String CONTENT="ز پوشیدنی و ز گستردنی"
                    HPOS="1170"
                    VPOS="1740"
                    WIDTH="830"
                    HEIGHT="87"></String>
          </TextLine>
          
          
	  <TextLine ID="eSc_line_55108"
                    
                    BASELINE="260 1797 295 1805 370 1802 427 1807 462 1800 527 1795 602 1800 732 1797 852 1805 1079 1800" 
                    HPOS="260"
                    VPOS="1740"
                    WIDTH="817"
                    HEIGHT="87">
            <Shape><Polygon POINTS="260 1795 262 1770 307 1765 325 1747 367 1765 427 1740 452 1765 470 1752 495 1765 542 1740 575 1767 595 1760 612 1775 637 1750 670 1740 697 1767 757 1745 780 1767 797 1752 822 1767 902 1755 935 1777 960 1760 992 1765 1020 1755 1040 1772 1067 1755 1077 1800 1070 1820 1042 1827 1022 1807 945 1815 922 1805 907 1820 880 1807 827 1807 785 1820 765 1800 725 1812 670 1807 645 1820 612 1802 590 1822 547 1805 447 1802 397 1822 342 1807 262 1820"/></Shape>
	    <String CONTENT="ز هر چیز کان باشد آوردنی"
                    HPOS="260"
                    VPOS="1740"
                    WIDTH="817"
                    HEIGHT="87"></String>
          </TextLine>
          
          
	  <TextLine ID="eSc_line_55143"
                    
                    BASELINE="1180 1880 1310 1885 1530 1872 1974 1872 1995 1877" 
                    HPOS="1180"
                    VPOS="1820"
                    WIDTH="815"
                    HEIGHT="87">
            <Shape><Polygon POINTS="1180 1880 1182 1847 1222 1842 1247 1825 1287 1852 1312 1832 1337 1847 1362 1822 1397 1850 1432 1850 1452 1827 1467 1827 1490 1850 1515 1835 1542 1845 1572 1825 1652 1850 1672 1830 1700 1842 1722 1820 1757 1845 1777 1845 1807 1820 1842 1847 1942 1847 1970 1832 1995 1875 1967 1890 1742 1890 1700 1870 1680 1890 1525 1890 1487 1877 1472 1887 1365 1892 1345 1907 1325 1897 1290 1905 1267 1885 1182 1900"/></Shape>
	    <String CONTENT="همانا نداند شمارش کسی"
                    HPOS="1180"
                    VPOS="1820"
                    WIDTH="815"
                    HEIGHT="87"></String>
          </TextLine>
          
          
	  <TextLine ID="eSc_line_55105"
                    
                    BASELINE="272 1862 322 1880 357 1882 642 1880 677 1885 917 1885 945 1880 1025 1880 1052 1885 1099 1877" 
                    HPOS="270"
                    VPOS="1820"
                    WIDTH="827"
                    HEIGHT="87">
            <Shape><Polygon POINTS="270 1860 275 1827 295 1827 317 1847 377 1837 397 1852 420 1832 440 1842 462 1820 500 1845 592 1847 625 1827 655 1857 700 1820 727 1847 752 1835 802 1842 820 1860 845 1835 872 1847 895 1837 907 1850 950 1820 975 1845 1025 1835 1042 1850 1070 1835 1097 1875 1052 1905 1022 1885 905 1885 887 1900 860 1895 835 1907 810 1887 785 1902 747 1905 725 1905 705 1885 675 1902 642 1885 467 1887 437 1900 392 1880 372 1900 342 1887 307 1905 272 1885"/></Shape>
	    <String CONTENT="ز ماه و ز روز ار شمارد بسی16"
                    HPOS="270"
                    VPOS="1820"
                    WIDTH="827"
                    HEIGHT="87"></String>
          </TextLine>
          
          
	  <TextLine ID="eSc_line_55156"
                    
                    BASELINE="1170 1960 1547 1960 1677 1952 1795 1955 1822 1960 1857 1960 1920 1952 2004 1957" 
                    HPOS="1170"
                    VPOS="1897"
                    WIDTH="832"
                    HEIGHT="90">
            <Shape><Polygon POINTS="1170 1960 1177 1910 1210 1900 1240 1922 1265 1897 1300 1922 1355 1917 1375 1932 1400 1915 1420 1925 1442 1915 1472 1920 1487 1935 1537 1902 1565 1925 1590 1920 1600 1930 1640 1900 1700 1925 1730 1920 1750 1900 1800 1907 1812 1920 1840 1907 1885 1925 1912 1907 1937 1925 1977 1905 1995 1920 2002 1955 1980 1955 1960 1972 1892 1967 1872 1980 1830 1977 1810 1962 1752 1962 1730 1987 1665 1962 1615 1982 1550 1970 1510 1980 1490 1962 1472 1972 1377 1965 1360 1982 1277 1967 1232 1982 1175 1975"/></Shape>
	    <String CONTENT="کنون تا چه فرمان دهد پهلوان"
                    HPOS="1170"
                    VPOS="1897"
                    WIDTH="832"
                    HEIGHT="90"></String>
          </TextLine>
          
          
	  <TextLine ID="eSc_line_55120"
                    
                    BASELINE="263 1960 537 1965 695 1957 720 1960 752 1955 835 1952 1015 1952 1085 1957" 
                    HPOS="262"
                    VPOS="1897"
                    WIDTH="823"
                    HEIGHT="88">
            <Shape><Polygon POINTS="262 1960 267 1905 317 1910 330 1900 367 1925 400 1915 422 1925 450 1905 492 1925 525 1917 542 1935 560 1920 587 1932 635 1900 695 1940 735 1905 755 1905 775 1925 812 1915 835 1922 847 1910 872 1920 897 1907 920 1930 972 1897 992 1917 1012 1907 1032 1920 1070 1905 1085 1955 1065 1955 1045 1972 990 1955 927 1982 895 1967 782 1970 762 1955 725 1985 690 1965 660 1980 642 1965 587 1962 567 1982 535 1965 475 1982 430 1967 410 1985 390 1985 327 1972 307 1980 282 1962"/></Shape>
	    <String CONTENT="که فرخنده تن باد و روشن‌روان17"
                    HPOS="262"
                    VPOS="1897"
                    WIDTH="823"
                    HEIGHT="88"></String>
          </TextLine>
          
          
	  <TextLine ID="eSc_line_55149"
                    
                    BASELINE="1182 2040 1392 2040 1420 2047 1450 2042 1617 2040 1695 2032 1720 2037 1750 2037 1775 2032 2002 2035" 
                    HPOS="1180"
                    VPOS="1977"
                    WIDTH="820"
                    HEIGHT="90">
            <Shape><Polygon POINTS="1180 2040 1182 1990 1200 1982 1235 2007 1280 1997 1300 2015 1340 1985 1372 2010 1425 2002 1442 2020 1462 2002 1555 2000 1577 2012 1615 1995 1630 2007 1665 2007 1697 1982 1742 2002 1787 1980 1820 2000 1850 1992 1867 2007 1920 2007 1937 2005 1965 1977 1992 1995 2000 2035 1910 2062 1890 2047 1770 2052 1732 2035 1710 2050 1655 2052 1577 2040 1555 2062 1485 2050 1460 2067 1437 2052 1410 2062 1395 2052 1312 2052 1297 2040 1272 2052 1210 2050 1182 2060"/></Shape>
	    <String CONTENT="فرستاده آمد چو باد دمان"
                    HPOS="1180"
                    VPOS="1977"
                    WIDTH="820"
                    HEIGHT="90"></String>
          </TextLine>
          
          
	  <TextLine ID="eSc_line_55101"
                    
                    BASELINE="260 2045 527 2045 580 2037 642 2040 765 2032 867 2032 922 2037 962 2032 992 2037 1083 2033" 
                    HPOS="260"
                    VPOS="1980"
                    WIDTH="822"
                    HEIGHT="82">
            <Shape><Polygon POINTS="260 2045 262 1997 295 1980 337 2005 362 1982 377 1982 402 2007 427 2000 445 2010 475 1997 500 2022 535 1997 545 2007 625 2007 642 1987 672 2005 707 2005 745 1982 770 2007 790 2007 817 1987 845 2010 870 1992 892 2005 915 1997 940 2007 982 1982 1007 2007 1067 2000 1082 2032 1062 2060 1030 2047 912 2055 860 2047 840 2032 817 2050 765 2052 635 2040 612 2062 587 2050 517 2057 500 2045 475 2062 352 2047 322 2062 265 2052"/></Shape>
	    <String CONTENT="رسانید نامه بر پهلوان"
                    HPOS="260"
                    VPOS="1980"
                    WIDTH="822"
                    HEIGHT="82"></String>
          </TextLine>
          
          
	  <TextLine ID="eSc_line_55150"
                    
                    BASELINE="1170 2115 1357 2112 1382 2117 1450 2120 1790 2120 1820 2127 1845 2122 1999 2125" 
                    HPOS="1170"
                    VPOS="2060"
                    WIDTH="827"
                    HEIGHT="87">
            <Shape><Polygon POINTS="1170 2115 1180 2080 1255 2060 1275 2075 1312 2070 1327 2085 1357 2062 1400 2087 1417 2077 1440 2087 1520 2087 1542 2067 1570 2087 1605 2062 1622 2077 1642 2070 1665 2092 1697 2072 1715 2082 1752 2060 1780 2085 1817 2067 1850 2100 1892 2077 1917 2095 1932 2080 1967 2077 1990 2090 1997 2125 1967 2142 1935 2142 1912 2130 1897 2140 1860 2137 1835 2122 1795 2127 1765 2147 1737 2127 1670 2120 1640 2130 1525 2120 1462 2142 1437 2130 1417 2140 1357 2127 1337 2145 1272 2112 1237 2132 1172 2127"/></Shape>
	    <String CONTENT="چو بر خواند نامه سپهدار 18 گفت"
                    HPOS="1170"
                    VPOS="2060"
                    WIDTH="827"
                    HEIGHT="87"></String>
          </TextLine>
          
          
	  <TextLine ID="eSc_line_55100"
                    
                    BASELINE="260 2107 315 2115 402 2112 432 2117 600 2125 677 2120 792 2120 832 2112 1107 2105" 
                    HPOS="260"
                    VPOS="2055"
                    WIDTH="845"
                    HEIGHT="92">
            <Shape><Polygon POINTS="260 2105 270 2065 325 2070 347 2085 377 2062 400 2082 445 2092 492 2060 547 2092 575 2072 590 2085 610 2075 645 2082 677 2055 712 2062 737 2087 775 2075 810 2085 845 2055 870 2080 887 2067 905 2077 932 2060 957 2085 990 2087 1010 2067 1032 2080 1072 2065 1105 2105 1075 2107 1055 2127 997 2120 977 2140 910 2112 885 2130 825 2125 740 2140 712 2120 630 2140 595 2132 570 2147 540 2130 517 2140 447 2120 415 2147 382 2127 312 2130 262 2117"/></Shape>
	    <String CONTENT="که با نامور آفرین باد جفت 19"
                    HPOS="260"
                    VPOS="2055"
                    WIDTH="845"
                    HEIGHT="92"></String>
          </TextLine>
          
          
	  <TextLine ID="eSc_line_55153"
                    
                    BASELINE="1160 2197 1202 2205 1375 2205 1405 2200 1572 2197 1877 2200 1910 2195 1937 2197 1962 2205 2015 2197" 
                    HPOS="1160"
                    VPOS="2140"
                    WIDTH="855"
                    HEIGHT="87">
            <Shape><Polygon POINTS="1160 2195 1165 2165 1207 2140 1245 2167 1287 2140 1315 2167 1335 2157 1350 2170 1395 2165 1415 2147 1455 2157 1475 2142 1515 2177 1542 2157 1572 2167 1592 2150 1625 2167 1667 2142 1700 2160 1727 2150 1745 2167 1772 2157 1800 2170 1875 2140 1897 2160 1930 2147 1955 2172 1977 2155 2015 2195 1967 2227 1935 2207 1812 2215 1795 2202 1770 2222 1722 2207 1675 2207 1645 2220 1620 2202 1540 2215 1510 2200 1462 2222 1407 2202 1387 2222 1277 2210 1232 2227 1162 2207"/></Shape>
	    <String CONTENT="ز شادی چنان شد دل20  پهلوان"
                    HPOS="1160"
                    VPOS="2140"
                    WIDTH="855"
                    HEIGHT="87"></String>
          </TextLine>
          
          
	  <TextLine ID="eSc_line_55107"
                    
                    BASELINE="278 2190 422 2205 457 2200 545 2200 667 2192 995 2192 1082 2197" 
                    HPOS="277"
                    VPOS="2137"
                    WIDTH="803"
                    HEIGHT="88">
            <Shape><Polygon POINTS="277 2190 280 2145 305 2152 347 2142 417 2185 445 2165 480 2165 500 2180 537 2142 570 2167 602 2147 620 2147 642 2170 665 2155 690 2165 737 2140 770 2167 800 2147 825 2170 850 2147 887 2147 922 2167 942 2150 1002 2137 1030 2165 1055 2142 1070 2147 1080 2195 1047 2220 1027 2220 1002 2195 917 2220 887 2195 855 2210 825 2192 757 2222 722 2205 662 2210 640 2197 627 2207 572 2210 557 2200 532 2225 507 2225 490 2207 440 2222 412 2207 392 2225 355 2225 335 2215 307 2220 280 2200"/></Shape>
	    <String CONTENT="تو گفتی که خواهد شد از سر جوان21"
                    HPOS="277"
                    VPOS="2137"
                    WIDTH="803"
                    HEIGHT="88"></String>
          </TextLine>
          
          
	  <TextLine ID="eSc_line_55161"
                    
                    BASELINE="1172 2280 1210 2285 1362 2280 1420 2270 1562 2277 1657 2277 1747 2285 1994 2285" 
                    HPOS="1170"
                    VPOS="2222"
                    WIDTH="822"
                    HEIGHT="88">
            <Shape><Polygon POINTS="1170 2280 1172 2250 1185 2237 1262 2247 1275 2235 1302 2250 1320 2235 1342 2245 1362 2225 1400 2235 1412 2222 1437 2222 1460 2242 1485 2232 1522 2252 1570 2225 1605 2250 1625 2250 1647 2227 1672 2242 1702 2225 1735 2247 1777 2222 1800 2245 1825 2237 1842 2255 1890 2247 1937 2222 1960 2245 1985 2245 1992 2285 1985 2300 1915 2287 1872 2302 1840 2290 1825 2302 1795 2290 1727 2290 1702 2310 1662 2285 1497 2297 1455 2277 1427 2295 1262 2290 1235 2302 1220 2290 1197 2307 1172 2305"/></Shape>
	    <String CONTENT="یکی پاسخ نامه افگند بن"
                    HPOS="1170"
                    VPOS="2222"
                    WIDTH="822"
                    HEIGHT="88"></String>
          </TextLine>
          
          
	  <TextLine ID="eSc_line_55110"
                    
                    BASELINE="270 2292 352 2282 777 2282 892 2272 1005 2272 1092 2280" 
                    HPOS="270"
                    VPOS="2217"
                    WIDTH="820"
                    HEIGHT="90">
            <Shape><Polygon POINTS="270 2290 280 2237 310 2247 342 2225 367 2247 412 2242 427 2255 452 2230 482 2220 527 2227 547 2247 595 2220 635 2257 667 2237 697 2255 732 2225 780 2245 815 2235 837 2255 862 2230 887 2245 910 2230 940 2242 957 2225 985 2237 1012 2217 1050 2245 1070 2242 1090 2280 1060 2305 1012 2287 892 2292 832 2275 802 2297 767 2305 722 2280 695 2280 650 2305 610 2280 545 2302 447 2297 425 2280 407 2290 315 2290 292 2307 272 2307"/></Shape>
	    <String CONTENT="بگفته درو22 در فراوان سخن"
                    HPOS="270"
                    VPOS="2217"
                    WIDTH="820"
                    HEIGHT="90"></String>
          </TextLine>
          </TextBlock>
          
        </PrintSpace>
      </Page>
    </Layout>
  </alto>
