<?xml version="1.0" encoding="UTF-8"?>
<alto xmlns:xsi="http://www.w3.org/2001/XMLSchema-instance"
      xmlns="http://www.loc.gov/standards/alto/ns-v4#"
      xsi:schemaLocation="http://www.loc.gov/standards/alto/ns-v4# https://gitlab.inria.fr/scripta/escriptorium/-/raw/develop/app/escriptorium/static/alto-4-1-baselines.xsd">
  <Description>
    <MeasurementUnit>pixel</MeasurementUnit>
    <sourceImageInformation>
      <fileName>Ferdowsi_Moscow.pdf_000042.png</fileName>
    </sourceImageInformation>
  </Description>
  
  <Tags>
    <OtherTag ID="BT1" LABEL="Title" DESCRIPTION="block type Title"/><OtherTag ID="BT2" LABEL="Main" DESCRIPTION="block type Main"/><OtherTag ID="BT3" LABEL="Commentary" DESCRIPTION="block type Commentary"/><OtherTag ID="BT4" LABEL="Illustration" DESCRIPTION="block type Illustration"/>
    
  </Tags>
  
  <Layout>
    <Page WIDTH="2430"
          HEIGHT="3000"
          PHYSICAL_IMG_NR="8"
          ID="eSc_dummypage_">
      <PrintSpace HPOS="0"
                  VPOS="0"
                  WIDTH="2430"
                  HEIGHT="3000">
        
        <TextBlock ID="eSc_dummyblock_">
          
	  <TextLine ID="eSc_line_57952"
                    
                    BASELINE="1050 450 1085 455 1117 450 1177 457 1187 457" 
                    HPOS="1050"
                    VPOS="400"
                    WIDTH="135"
                    HEIGHT="112">
            <Shape><Polygon POINTS="1050 450 1055 407 1065 415 1090 400 1112 417 1142 402 1172 412 1185 455 1175 510 1050 512"/></Shape>
	    <String CONTENT="شاهنامه"
                    HPOS="1050"
                    VPOS="400"
                    WIDTH="135"
                    HEIGHT="112"></String>
          </TextLine>
          
          
	  <TextLine ID="eSc_line_57974"
                    
                    BASELINE="1162 590 1640 590 1767 582 1982 585" 
                    HPOS="1162"
                    VPOS="522"
                    WIDTH="820"
                    HEIGHT="93">
            <Shape><Polygon POINTS="1162 590 1165 550 1187 527 1217 545 1245 525 1260 525 1287 552 1320 552 1365 530 1392 557 1447 545 1472 555 1487 540 1517 552 1550 550 1580 530 1595 530 1620 555 1637 542 1675 552 1702 540 1715 550 1735 547 1760 522 1802 527 1820 545 1845 535 1875 550 1907 527 1932 550 1955 532 1975 537 1982 585 1955 597 1855 597 1805 585 1787 600 1747 595 1720 607 1670 597 1647 615 1630 615 1605 590 1520 610 1477 590 1457 610 1432 597 1392 607 1372 590 1297 607 1245 592 1165 610"/></Shape>
	    <String CONTENT="نخست آفرین کرد بر کردگار"
                    HPOS="1162"
                    VPOS="522"
                    WIDTH="820"
                    HEIGHT="93"></String>
          </TextLine>
          
          
	  <TextLine ID="eSc_line_57973"
                    
                    BASELINE="255 600 290 587 355 582 870 582 922 590 982 587 1040 580 1075 590" 
                    HPOS="255"
                    VPOS="525"
                    WIDTH="820"
                    HEIGHT="90">
            <Shape><Polygon POINTS="255 600 257 552 282 527 332 552 365 527 395 545 425 535 442 552 467 535 490 552 517 552 540 532 572 547 605 525 630 547 652 542 667 555 727 552 762 530 795 552 837 527 870 555 912 542 942 567 1032 527 1067 562 1075 590 947 610 932 597 902 607 770 582 752 597 692 597 665 610 620 585 592 612 570 615 552 597 477 600 437 582 420 597 290 597 257 612"/></Shape>
	    <String CONTENT="دگر یاد کرد ازشه نامدار"
                    HPOS="255"
                    VPOS="525"
                    WIDTH="820"
                    HEIGHT="90"></String>
          </TextLine>
          
          
	  <TextLine ID="eSc_line_57969"
                    
                    BASELINE="1167 675 1477 675 1507 670 1732 667 1983 670" 
                    HPOS="1165"
                    VPOS="607"
                    WIDTH="817"
                    HEIGHT="88">
            <Shape><Polygon POINTS="1165 675 1167 647 1182 632 1205 635 1242 607 1290 632 1335 637 1387 637 1407 625 1427 635 1447 615 1477 630 1500 607 1547 635 1587 610 1612 635 1630 622 1652 635 1690 627 1720 650 1767 607 1807 642 1862 610 1887 635 1970 632 1982 670 1922 677 1907 690 1847 675 1815 695 1782 672 1745 695 1715 670 1692 692 1667 677 1627 685 1585 675 1507 675 1492 690 1432 675 1412 692 1385 677 1370 687 1332 677 1290 692 1247 692 1232 677 1167 685"/></Shape>
	    <String CONTENT="سپاس از جهاندار1 پیروز گر"
                    HPOS="1165"
                    VPOS="607"
                    WIDTH="817"
                    HEIGHT="88"></String>
          </TextLine>
          
          
	  <TextLine ID="eSc_line_57968"
                    
                    BASELINE="245 660 280 677 312 672 692 672 807 677 837 670 1065 670" 
                    HPOS="245"
                    VPOS="612"
                    WIDTH="820"
                    HEIGHT="88">
            <Shape><Polygon POINTS="245 660 255 615 315 637 337 620 367 637 400 625 427 650 445 632 487 627 510 650 527 635 565 637 580 625 617 647 675 617 725 637 787 627 802 635 825 615 855 635 885 617 910 630 1002 622 1020 635 1060 612 1065 670 990 690 842 670 795 690 757 677 710 695 665 672 640 695 600 677 550 682 525 700 502 677 485 695 462 697 417 672 285 690 247 665"/></Shape>
	    <String CONTENT="کزویست نیرو2 و هم زو هنر3"
                    HPOS="245"
                    VPOS="612"
                    WIDTH="820"
                    HEIGHT="88"></String>
          </TextLine>
          
          
	  <TextLine ID="eSc_line_57970"
                    
                    BASELINE="1150 750 1560 750 1670 742 1986 753" 
                    HPOS="1150"
                    VPOS="687"
                    WIDTH="835"
                    HEIGHT="90">
            <Shape><Polygon POINTS="1150 750 1155 717 1175 702 1215 715 1252 695 1287 710 1332 692 1355 715 1390 715 1437 687 1472 722 1532 707 1567 712 1587 695 1612 710 1650 707 1665 722 1682 710 1705 720 1735 712 1770 692 1815 717 1837 697 1862 710 1882 697 1902 715 1965 705 1980 717 1985 752 1937 762 1852 750 1797 772 1780 760 1740 765 1710 750 1677 772 1577 750 1552 775 1530 777 1502 762 1465 770 1445 750 1395 767 1327 760 1310 770 1270 752 1250 772 1155 750"/></Shape>
	    <String CONTENT="همه نیک و بد4 زیر فرمان اوست"
                    HPOS="1150"
                    VPOS="687"
                    WIDTH="835"
                    HEIGHT="90"></String>
          </TextLine>
          
          
	  <TextLine ID="eSc_line_57964"
                    
                    BASELINE="252 745 325 742 380 750 692 736 742 742 1070 742" 
                    HPOS="250"
                    VPOS="687"
                    WIDTH="820"
                    HEIGHT="90">
            <Shape><Polygon POINTS="250 745 252 710 265 700 325 720 355 715 377 690 407 707 457 695 480 717 545 705 565 722 592 697 627 720 672 707 712 707 722 717 767 687 800 712 815 702 862 715 900 705 920 722 942 700 970 717 1015 717 1047 702 1062 712 1070 740 1060 755 1015 760 952 760 920 740 877 772 735 747 702 777 657 760 615 772 577 742 515 772 490 760 422 770 395 750 372 772 352 775 332 760 252 752"/></Shape>
	    <String CONTENT="همه دردها5  زیر6  درمان اوست"
                    HPOS="250"
                    VPOS="687"
                    WIDTH="820"
                    HEIGHT="90"></String>
          </TextLine>
          
          
	  <TextLine ID="eSc_line_57962"
                    
                    BASELINE="1150 840 1242 832 1845 835 1920 825 1987 825" 
                    HPOS="1150"
                    VPOS="767"
                    WIDTH="835"
                    HEIGHT="93">
            <Shape><Polygon POINTS="1150 840 1152 810 1175 787 1200 797 1227 787 1240 797 1280 770 1332 787 1360 780 1390 797 1422 772 1450 800 1467 782 1495 795 1535 787 1587 800 1632 767 1650 785 1682 775 1702 795 1790 790 1800 800 1822 777 1870 795 1910 780 1930 795 1970 775 1985 825 1947 840 1880 837 1852 855 1805 837 1785 850 1760 837 1690 850 1672 835 1637 835 1582 855 1522 840 1487 855 1432 832 1402 860 1362 855 1340 832 1307 845 1205 845 1177 860 1152 845"/></Shape>
	    <String CONTENT="کنون بر7  فریدون ازو8 آفرین"
                    HPOS="1150"
                    VPOS="767"
                    WIDTH="835"
                    HEIGHT="93"></String>
          </TextLine>
          
          
	  <TextLine ID="eSc_line_57961"
                    
                    BASELINE="255 837 290 832 432 835 457 830 625 830 670 837 697 832 730 835 765 830 1066 820" 
                    HPOS="255"
                    VPOS="770"
                    WIDTH="810"
                    HEIGHT="87">
            <Shape><Polygon POINTS="255 835 257 797 275 785 295 797 347 800 400 782 430 810 470 772 497 792 527 780 565 815 610 770 660 800 735 787 760 812 785 792 815 810 847 782 872 795 887 780 917 797 947 787 1012 797 1042 775 1057 787 1065 820 1052 837 1005 840 975 855 945 837 830 840 820 830 772 855 752 835 735 850 710 840 685 857 645 840 580 850 560 830 500 842 425 835 390 857 362 840 330 850 300 840 282 857 260 855"/></Shape>
	    <String CONTENT="خردمند و بپدار شاه  زمین"
                    HPOS="255"
                    VPOS="770"
                    WIDTH="810"
                    HEIGHT="87"></String>
          </TextLine>
          
          
	  <TextLine ID="eSc_line_57965"
                    
                    BASELINE="1160 910 1557 910 1607 902 1905 905 1985 897" 
                    HPOS="1160"
                    VPOS="847"
                    WIDTH="825"
                    HEIGHT="83">
            <Shape><Polygon POINTS="1160 910 1162 875 1187 862 1252 880 1297 870 1317 890 1370 852 1402 875 1457 865 1477 877 1502 860 1522 877 1542 867 1565 882 1595 852 1660 877 1697 860 1722 877 1755 877 1785 850 1825 877 1845 877 1870 855 1897 877 1920 877 1947 852 1975 847 1985 897 1932 922 1795 917 1782 927 1707 917 1612 922 1577 907 1550 930 1525 920 1342 927 1320 910 1297 930 1162 922"/></Shape>
	    <String CONTENT="گشایندهٔ بندهای بدی"
                    HPOS="1160"
                    VPOS="847"
                    WIDTH="825"
                    HEIGHT="83"></String>
          </TextLine>
          
          
	  <TextLine ID="eSc_line_57975"
                    
                    BASELINE="250 917 287 912 955 915 992 910 1082 910" 
                    HPOS="250"
                    VPOS="847"
                    WIDTH="830"
                    HEIGHT="90">
            <Shape><Polygon POINTS="250 915 252 875 277 862 365 880 387 857 417 867 440 852 467 855 497 880 530 847 572 880 647 877 675 865 695 882 735 882 792 852 840 892 887 860 907 877 1027 877 1047 865 1072 882 1080 910 1055 920 895 917 870 937 832 917 812 932 737 920 715 935 682 917 607 920 587 937 555 912 477 922 457 937 442 937 417 912 390 932 360 922 335 932 300 920 270 930 252 922"/></Shape>
	    <String CONTENT="همش رای و هم فرّهٔ ایزدی"
                    HPOS="250"
                    VPOS="847"
                    WIDTH="830"
                    HEIGHT="90"></String>
          </TextLine>
          
          
	  <TextLine ID="eSc_line_57976"
                    
                    BASELINE="1159 975 1217 980 1280 990 1370 990 1427 995 1457 995 1485 990 1700 990 1727 995 1922 995 1993 987" 
                    HPOS="1157"
                    VPOS="930"
                    WIDTH="835"
                    HEIGHT="87">
            <Shape><Polygon POINTS="1157 975 1167 937 1197 937 1215 955 1240 957 1262 935 1285 930 1302 942 1322 930 1362 957 1437 952 1457 970 1492 950 1517 957 1540 937 1617 937 1637 957 1662 935 1687 947 1712 937 1740 962 1782 940 1822 957 1900 957 1920 940 1945 957 1975 950 1992 985 1965 1015 1945 1000 1845 1000 1795 1012 1745 995 1690 1005 1645 1002 1627 990 1565 1012 1520 990 1480 1017 1450 1005 1425 1015 1410 1002 1387 1012 1312 997 1205 1012 1160 987"/></Shape>
	    <String CONTENT="بنیروی شاه آن9 دو بیدادگر10"
                    HPOS="1157"
                    VPOS="930"
                    WIDTH="835"
                    HEIGHT="87"></String>
          </TextLine>
          
          
	  <TextLine ID="eSc_line_57996"
                    
                    BASELINE="256 985 305 982 332 995 687 995 832 987 1065 987" 
                    HPOS="255"
                    VPOS="937"
                    WIDTH="810"
                    HEIGHT="83">
            <Shape><Polygon POINTS="255 985 257 937 287 937 305 955 335 942 360 957 392 947 407 962 430 940 485 960 527 940 552 965 570 950 600 965 647 960 670 937 720 957 752 937 782 967 812 945 837 955 852 940 970 962 990 942 1017 960 1057 937 1065 985 1042 1002 977 995 960 1012 925 1002 902 1017 872 1000 772 990 695 1012 660 1000 617 1015 595 1002 570 1020 535 997 457 1017 415 995 385 1015 342 997 302 1015 257 990"/></Shape>
	    <String CONTENT="که بودند خونی ز خون پدر11"
                    HPOS="255"
                    VPOS="937"
                    WIDTH="810"
                    HEIGHT="83"></String>
          </TextLine>
          
          
	  <TextLine ID="eSc_line_57971"
                    
                    BASELINE="1172 1080 1247 1077 1272 1072 1787 1075 1817 1070 1994 1070" 
                    HPOS="1170"
                    VPOS="1012"
                    WIDTH="822"
                    HEIGHT="85">
            <Shape><Polygon POINTS="1170 1080 1180 1030 1207 1042 1245 1040 1285 1020 1315 1050 1330 1037 1390 1040 1407 1022 1440 1040 1477 1040 1505 1020 1527 1037 1555 1032 1567 1045 1612 1030 1662 1032 1672 1042 1725 1032 1737 1042 1757 1022 1792 1012 1815 1032 1837 1020 1855 1035 1897 1012 1920 1035 1977 1037 1992 1070 1917 1090 1882 1077 1792 1080 1770 1092 1740 1080 1725 1095 1605 1082 1585 1097 1562 1085 1537 1092 1522 1080 1397 1080 1372 1095 1350 1085 1322 1095 1282 1072 1237 1095 1210 1087 1172 1097"/></Shape>
	    <String CONTENT="سرانشان بریدم بشمشیر کین"
                    HPOS="1170"
                    VPOS="1012"
                    WIDTH="822"
                    HEIGHT="85"></String>
          </TextLine>
          
          
	  <TextLine ID="eSc_line_57959"
                    
                    BASELINE="250 1045 287 1065 330 1075 1017 1072 1085 1077" 
                    HPOS="250"
                    VPOS="1010"
                    WIDTH="835"
                    HEIGHT="90">
            <Shape><Polygon POINTS="250 1045 252 1022 267 1015 335 1037 455 1037 502 1025 525 1045 567 1020 630 1040 652 1017 680 1015 710 1037 767 1037 785 1022 820 1032 850 1017 882 1047 932 1010 952 1012 977 1037 1062 1030 1077 1042 1085 1077 1062 1092 1035 1080 1007 1095 987 1080 965 1097 897 1075 755 1087 717 1080 695 1100 667 1075 632 1075 610 1092 582 1095 527 1075 502 1095 480 1095 462 1080 345 1080 307 1100 252 1067"/></Shape>
	    <String CONTENT="بپولاد شستیم12 روی زمین13"
                    HPOS="250"
                    VPOS="1010"
                    WIDTH="835"
                    HEIGHT="90"></String>
          </TextLine>
          
          
	  <TextLine ID="eSc_line_57979"
                    
                    BASELINE="1182 1157 1385 1165 1986 1165" 
                    HPOS="1180"
                    VPOS="1100"
                    WIDTH="805"
                    HEIGHT="90">
            <Shape><Polygon POINTS="1180 1155 1182 1117 1195 1105 1232 1130 1250 1120 1265 1127 1302 1102 1317 1102 1342 1127 1460 1127 1490 1110 1517 1130 1552 1105 1572 1125 1597 1110 1625 1137 1680 1120 1707 1135 1765 1102 1842 1127 1875 1100 1905 1127 1920 1117 1940 1127 1975 1120 1985 1165 1927 1190 1905 1187 1885 1167 1865 1182 1832 1170 1712 1167 1690 1187 1662 1180 1645 1190 1622 1187 1605 1170 1497 1175 1475 1165 1447 1185 1420 1172 1392 1182 1365 1172 1290 1182 1265 1172 1247 1185 1227 1175 1182 1177"/></Shape>
	    <String CONTENT="من اینک پس نامه برسان باد"
                    HPOS="1180"
                    VPOS="1100"
                    WIDTH="805"
                    HEIGHT="90"></String>
          </TextLine>
          
          
	  <TextLine ID="eSc_line_57977"
                    
                    BASELINE="252 1152 357 1160 637 1160 687 1165 1086 1160" 
                    HPOS="250"
                    VPOS="1097"
                    WIDTH="835"
                    HEIGHT="93">
            <Shape><Polygon POINTS="250 1150 252 1130 287 1102 322 1127 345 1120 357 1130 380 1110 425 1125 492 1097 525 1125 552 1110 570 1127 605 1117 635 1135 647 1122 670 1127 695 1115 730 1140 750 1125 780 1130 797 1112 827 1127 855 1107 870 1107 892 1130 935 1130 970 1102 997 1130 1065 1122 1085 1160 1060 1187 1037 1175 980 1172 962 1182 925 1172 892 1187 862 1165 780 1172 750 1190 720 1167 592 1185 577 1170 542 1167 495 1182 480 1170 365 1165 332 1182 252 1165"/></Shape>
	    <String CONTENT="بیایم کنم هر چه رفتست یاد"
                    HPOS="250"
                    VPOS="1097"
                    WIDTH="835"
                    HEIGHT="93"></String>
          </TextLine>
          
          
	  <TextLine ID="eSc_line_57982"
                    
                    BASELINE="1180 1465 1380 1462 1450 1477 1570 1465 1635 1462 1992 1465" 
                    HPOS="1180"
                    VPOS="1405"
                    WIDTH="812"
                    HEIGHT="90">
            <Shape><Polygon POINTS="1180 1465 1182 1412 1207 1405 1272 1432 1327 1420 1352 1430 1380 1405 1410 1430 1430 1422 1452 1440 1485 1420 1542 1435 1575 1407 1642 1437 1665 1415 1690 1425 1730 1410 1752 1432 1775 1417 1795 1430 1837 1430 1857 1410 1892 1405 1907 1420 1930 1415 1942 1427 1985 1430 1992 1465 1965 1490 1922 1472 1872 1482 1840 1472 1812 1487 1745 1465 1712 1475 1647 1465 1620 1487 1547 1467 1522 1490 1475 1495 1442 1480 1425 1490 1380 1477 1367 1465 1302 1492 1282 1475 1182 1485"/></Shape>
	    <String CONTENT="چنان بد که یك روز با دوستان"
                    HPOS="1180"
                    VPOS="1405"
                    WIDTH="812"
                    HEIGHT="90"></String>
          </TextLine>
          
          
	  <TextLine ID="eSc_line_57972"
                    
                    BASELINE="250 1480 282 1465 345 1462 1055 1462 1090 1467" 
                    HPOS="250"
                    VPOS="1400"
                    WIDTH="840"
                    HEIGHT="90">
            <Shape><Polygon POINTS="250 1480 252 1427 297 1402 362 1427 465 1422 485 1440 517 1415 557 1437 590 1415 610 1427 627 1410 667 1427 720 1430 762 1410 792 1437 855 1400 885 1427 905 1422 925 1440 1062 1417 1082 1435 1090 1467 1067 1477 982 1475 957 1487 925 1467 907 1485 890 1485 877 1472 807 1472 797 1462 727 1475 710 1490 642 1472 572 1472 560 1462 502 1487 477 1475 465 1485 432 1475 412 1490 377 1472 305 1472 287 1485 257 1477"/></Shape>
	    <String CONTENT="همی باده خوردند در بوستان"
                    HPOS="250"
                    VPOS="1400"
                    WIDTH="840"
                    HEIGHT="90"></String>
          </TextLine>
          
          
	  <TextLine ID="eSc_line_57983"
                    
                    BASELINE="1162 1557 1275 1565 1335 1560 1445 1560 1497 1552 1992 1552" 
                    HPOS="1162"
                    VPOS="1495"
                    WIDTH="830"
                    HEIGHT="87">
            <Shape><Polygon POINTS="1162 1557 1177 1520 1220 1522 1235 1512 1257 1530 1280 1517 1312 1537 1327 1522 1405 1510 1427 1527 1460 1497 1500 1527 1525 1502 1552 1520 1585 1507 1600 1522 1637 1505 1655 1522 1690 1495 1725 1517 1772 1510 1787 1520 1815 1505 1830 1520 1862 1502 1902 1522 1935 1522 1962 1500 1985 1517 1992 1552 1890 1577 1855 1562 1735 1565 1717 1552 1682 1565 1532 1565 1497 1552 1462 1572 1427 1562 1405 1582 1355 1565 1332 1580 1300 1567 1277 1580 1210 1565 1185 1582 1165 1575"/></Shape>
	    <String CONTENT="خروشنده گشته دل زیر و بم"
                    HPOS="1162"
                    VPOS="1495"
                    WIDTH="830"
                    HEIGHT="87"></String>
          </TextLine>
          
          
	  <TextLine ID="eSc_line_57966"
                    
                    BASELINE="277 1552 1042 1552 1086 1557" 
                    HPOS="275"
                    VPOS="1492"
                    WIDTH="810"
                    HEIGHT="88">
            <Shape><Polygon POINTS="275 1550 277 1517 382 1512 400 1525 442 1495 470 1507 497 1495 535 1520 575 1520 600 1495 637 1520 685 1500 707 1522 727 1502 762 1492 787 1517 837 1495 865 1515 892 1500 925 1530 942 1512 982 1507 1025 1522 1060 1502 1077 1515 1085 1555 1030 1567 942 1562 920 1550 897 1562 760 1560 725 1570 697 1550 677 1562 492 1560 470 1575 445 1565 417 1570 400 1557 380 1575 357 1562 332 1572 295 1562 277 1580"/></Shape>
	    <String CONTENT="شده شادمان نامداران بهم"
                    HPOS="275"
                    VPOS="1492"
                    WIDTH="810"
                    HEIGHT="88"></String>
          </TextLine>
          
          
	  <TextLine ID="eSc_line_57984"
                    
                    BASELINE="1162 1655 1202 1655 1272 1642 1707 1642 1735 1647 1985 1650" 
                    HPOS="1162"
                    VPOS="1577"
                    WIDTH="823"
                    HEIGHT="95">
            <Shape><Polygon POINTS="1162 1655 1165 1632 1192 1605 1230 1612 1260 1582 1297 1610 1340 1592 1380 1602 1397 1587 1430 1610 1445 1600 1492 1610 1510 1592 1540 1590 1560 1610 1590 1600 1612 1622 1642 1592 1692 1610 1715 1587 1740 1582 1755 1597 1777 1590 1797 1610 1812 1600 1832 1605 1860 1577 1907 1615 1977 1602 1985 1650 1935 1667 1915 1667 1895 1650 1800 1652 1752 1667 1727 1647 1680 1672 1637 1662 1615 1642 1567 1667 1507 1642 1475 1667 1400 1652 1372 1670 1347 1645 1310 1667 1287 1655 1237 1655 1205 1672 1165 1657"/></Shape>
	    <String CONTENT="می لعل گون در14 بجام15 بلور"
                    HPOS="1162"
                    VPOS="1577"
                    WIDTH="823"
                    HEIGHT="95"></String>
          </TextLine>
          
          
	  <TextLine ID="eSc_line_57963"
                    
                    BASELINE="270 1645 1090 1645" 
                    HPOS="270"
                    VPOS="1582"
                    WIDTH="820"
                    HEIGHT="90">
            <Shape><Polygon POINTS="270 1645 275 1617 302 1592 327 1612 362 1592 385 1615 422 1585 452 1600 477 1597 492 1582 520 1585 557 1622 575 1607 635 1607 655 1625 695 1600 717 1612 745 1585 792 1592 815 1615 847 1597 867 1610 885 1592 925 1612 982 1612 1017 1590 1040 1612 1077 1607 1090 1645 1072 1667 1005 1652 957 1672 815 1645 780 1655 717 1645 680 1667 662 1667 642 1647 560 1662 542 1645 485 1655 400 1655 382 1645 312 1670 275 1665"/></Shape>
	    <String CONTENT="بخوردند تا در سر افتاد شور"
                    HPOS="270"
                    VPOS="1582"
                    WIDTH="820"
                    HEIGHT="90"></String>
          </TextLine>
          
          
	  <TextLine ID="eSc_line_57985"
                    
                    BASELINE="1192 1745 1232 1742 1257 1747 1290 1740 1355 1740 1402 1732 1927 1732 1960 1737 1992 1730" 
                    HPOS="1192"
                    VPOS="1672"
                    WIDTH="800"
                    HEIGHT="90">
            <Shape><Polygon POINTS="1192 1745 1195 1697 1230 1687 1247 1702 1272 1677 1297 1672 1330 1695 1360 1675 1382 1697 1422 1690 1435 1702 1462 1702 1482 1682 1550 1700 1577 1672 1617 1702 1637 1687 1680 1700 1702 1677 1730 1695 1770 1675 1800 1705 1817 1692 1895 1702 1925 1687 1940 1702 1982 1700 1992 1730 1972 1760 1915 1742 1882 1752 1845 1747 1827 1762 1805 1762 1775 1732 1755 1745 1640 1745 1602 1732 1512 1760 1492 1760 1477 1745 1397 1745 1380 1760 1345 1740 1300 1762 1282 1747 1267 1755 1242 1745 1225 1760 1195 1757"/></Shape>
	    <String CONTENT="چنین گفت فرزندرا زال زر"
                    HPOS="1192"
                    VPOS="1672"
                    WIDTH="800"
                    HEIGHT="90"></String>
          </TextLine>
          
          
	  <TextLine ID="eSc_line_57955"
                    
                    BASELINE="260 1715 292 1732 317 1735 915 1735 987 1730 1085 1730" 
                    HPOS="260"
                    VPOS="1667"
                    WIDTH="825"
                    HEIGHT="90">
            <Shape><Polygon POINTS="260 1715 330 1667 365 1692 380 1685 397 1697 442 1697 465 1677 497 1695 555 1697 585 1677 620 1712 640 1695 697 1700 720 1687 750 1715 772 1695 835 1697 870 1670 892 1692 915 1677 942 1705 992 1672 1020 1692 1075 1677 1085 1730 1060 1742 1012 1730 982 1750 942 1735 852 1737 802 1757 757 1752 742 1737 725 1755 687 1742 665 1757 625 1752 607 1735 530 1752 490 1752 472 1737 430 1747 307 1740 280 1752 262 1742"/></Shape>
	    <String CONTENT="که ای نامور پور خورشید فر"
                    HPOS="260"
                    VPOS="1667"
                    WIDTH="825"
                    HEIGHT="90"></String>
          </TextLine>
          
          
	  <TextLine ID="eSc_line_57986"
                    
                    BASELINE="1182 1820 1945 1825 1985 1817" 
                    HPOS="1182"
                    VPOS="1755"
                    WIDTH="803"
                    HEIGHT="97">
            <Shape><Polygon POINTS="1182 1820 1185 1787 1205 1767 1240 1792 1272 1790 1290 1805 1360 1765 1385 1790 1405 1782 1430 1807 1450 1787 1480 1802 1512 1775 1545 1790 1582 1785 1607 1762 1630 1780 1652 1772 1675 1795 1702 1767 1732 1787 1777 1777 1797 1790 1830 1762 1895 1790 1917 1787 1950 1755 1977 1775 1985 1817 1972 1835 1875 1832 1852 1842 1832 1830 1777 1830 1725 1850 1690 1825 1585 1837 1490 1822 1457 1847 1422 1830 1407 1842 1360 1835 1327 1850 1290 1822 1275 1835 1215 1837 1185 1852"/></Shape>
	    <String CONTENT="دلیرانت را خلعت و یاره ساز"
                    HPOS="1182"
                    VPOS="1755"
                    WIDTH="803"
                    HEIGHT="97"></String>
          </TextLine>
          
          
	  <TextLine ID="eSc_line_57957"
                    
                    BASELINE="270 1825 357 1825 482 1817 510 1810 590 1815 677 1812 950 1825 1097 1825" 
                    HPOS="270"
                    VPOS="1760"
                    WIDTH="825"
                    HEIGHT="87">
            <Shape><Polygon POINTS="270 1825 275 1790 305 1760 350 1787 377 1765 405 1785 430 1767 495 1790 540 1760 567 1777 605 1762 622 1780 650 1782 735 1760 760 1787 780 1782 795 1795 827 1767 850 1787 882 1765 910 1782 932 1760 995 1792 1075 1767 1090 1782 1095 1825 985 1845 945 1842 927 1825 887 1822 865 1835 820 1830 805 1817 770 1845 720 1827 625 1835 547 1815 485 1845 435 1825 307 1835 272 1847"/></Shape>
	    <String CONTENT="کسی را  که باشند16 گرد نفراز"
                    HPOS="270"
                    VPOS="1760"
                    WIDTH="825"
                    HEIGHT="87"></String>
          </TextLine>
          
          
	  <TextLine ID="eSc_line_57987"
                    
                    BASELINE="1185 1907 1325 1915 1967 1915 2000 1915" 
                    HPOS="1185"
                    VPOS="1855"
                    WIDTH="815"
                    HEIGHT="82">
            <Shape><Polygon POINTS="1185 1905 1187 1862 1202 1872 1232 1865 1265 1882 1305 1857 1342 1885 1367 1862 1397 1880 1415 1862 1440 1860 1467 1885 1527 1875 1547 1892 1560 1880 1592 1882 1615 1865 1642 1880 1710 1875 1722 1885 1745 1867 1772 1880 1825 1880 1845 1860 1872 1872 1900 1855 1922 1877 1987 1872 2000 1915 1985 1932 1900 1917 1787 1930 1722 1915 1697 1935 1670 1922 1615 1922 1567 1937 1540 1925 1522 1937 1500 1925 1455 1937 1415 1915 1322 1937 1287 1925 1187 1922"/></Shape>
	    <String CONTENT="ببخشید رستم بسی17 خواسته"
                    HPOS="1185"
                    VPOS="1855"
                    WIDTH="815"
                    HEIGHT="82"></String>
          </TextLine>
          
          
	  <TextLine ID="eSc_line_57954"
                    
                    BASELINE="270 1897 305 1905 385 1902 432 1910 565 1910 625 1915 657 1910 760 1910 790 1915 1093 1915" 
                    HPOS="270"
                    VPOS="1850"
                    WIDTH="822"
                    HEIGHT="87">
            <Shape><Polygon POINTS="270 1895 280 1862 307 1877 325 1862 370 1877 400 1850 422 1860 462 1852 485 1877 537 1850 567 1877 642 1880 682 1877 715 1852 732 1867 767 1857 810 1882 835 1860 872 1852 895 1877 987 1877 1012 1857 1042 1882 1077 1867 1092 1915 1065 1937 1047 1937 1027 1917 932 1932 917 1920 865 1917 830 1930 812 1915 775 1935 735 1910 607 1932 567 1917 505 1927 482 1910 430 1930 392 1917 272 1917"/></Shape>
	    <String CONTENT="ز خوبان و18 اسپان آراسته"
                    HPOS="270"
                    VPOS="1850"
                    WIDTH="822"
                    HEIGHT="87"></String>
          </TextLine>
          
          
	  <TextLine ID="eSc_line_57997"
                    
                    BASELINE="1172 2005 1290 2002 1347 2007 1425 1997 1612 2005 1785 2002 1860 2010 1955 2010 1998 2009" 
                    HPOS="1170"
                    VPOS="1940"
                    WIDTH="827"
                    HEIGHT="92">
            <Shape><Polygon POINTS="1170 2005 1202 1960 1270 1970 1297 1957 1322 1970 1362 1942 1380 1957 1415 1947 1470 1970 1500 1952 1525 1975 1567 1960 1595 1972 1615 1955 1637 1967 1680 1940 1715 1967 1767 1960 1785 1977 1855 1955 1875 1975 1900 1950 1935 1942 1950 1957 1992 1965 1997 2007 1975 2025 1935 2027 1920 2015 1870 2010 1850 2025 1827 2015 1802 2030 1780 2017 1752 2027 1735 2012 1692 2022 1672 2007 1570 2017 1522 2005 1472 2017 1387 2000 1297 2020 1230 2012 1200 2032 1172 2017"/></Shape>
	    <String CONTENT="وزان پس پراگنده شد19 انجمن"
                    HPOS="1170"
                    VPOS="1940"
                    WIDTH="827"
                    HEIGHT="92"></String>
          </TextLine>
          
          
	  <TextLine ID="eSc_line_57956"
                    
                    BASELINE="272 2005 470 2005 567 1992 645 1992 715 2000 847 1997 917 2005 1095 2005" 
                    HPOS="272"
                    VPOS="1940"
                    WIDTH="823"
                    HEIGHT="85">
            <Shape><Polygon POINTS="272 2005 275 1967 287 1955 312 1965 335 1950 370 1965 397 1957 417 1977 440 1955 467 1965 487 1945 522 1965 542 1947 572 1965 587 1952 615 1960 635 1940 660 1942 685 1967 707 1960 720 1972 747 1950 777 1967 807 1952 830 1970 872 1940 915 1967 955 1947 990 1982 1007 1967 1077 1957 1087 1962 1095 2005 1082 2022 1057 2010 1012 2022 992 2005 967 2005 882 2025 855 2007 770 2012 735 2000 712 2022 697 2022 677 2010 575 2015 532 1997 475 2007 455 2025 432 2025 412 2005 392 2020 372 2007 322 2007 307 2022 277 2022"/></Shape>
	    <String CONTENT="بسی خواسته یافته تن بتن"
                    HPOS="272"
                    VPOS="1940"
                    WIDTH="823"
                    HEIGHT="85"></String>
          </TextLine>
          
          
	  <TextLine ID="eSc_line_57988"
                    
                    BASELINE="1172 2100 1275 2100 1365 2092 1955 2092 1995 2097" 
                    HPOS="1172"
                    VPOS="2035"
                    WIDTH="823"
                    HEIGHT="85">
            <Shape><Polygon POINTS="1172 2100 1175 2072 1212 2042 1242 2060 1270 2047 1317 2060 1350 2040 1377 2065 1425 2035 1455 2055 1482 2045 1535 2060 1577 2040 1605 2067 1645 2042 1680 2055 1727 2052 1747 2072 1782 2045 1802 2057 1860 2057 1872 2047 1895 2057 1987 2055 1995 2097 1917 2112 1902 2100 1880 2110 1860 2100 1820 2107 1745 2092 1725 2112 1690 2100 1657 2115 1607 2092 1525 2112 1505 2102 1402 2112 1370 2092 1295 2120 1250 2102 1230 2102 1207 2120 1175 2110"/></Shape>
	    <String CONTENT="سپهبد بسوی شبستان خویش"
                    HPOS="1172"
                    VPOS="2035"
                    WIDTH="823"
                    HEIGHT="85"></String>
          </TextLine>
          
          
	  <TextLine ID="eSc_line_57951"
                    
                    BASELINE="280 2070 320 2097 345 2090 400 2095 587 2087 837 2090 862 2095 932 2095 965 2090 1052 2095 1102 2090" 
                    HPOS="280"
                    VPOS="2025"
                    WIDTH="820"
                    HEIGHT="92">
            <Shape><Polygon POINTS="280 2070 285 2032 327 2050 342 2035 370 2050 405 2032 442 2065 455 2055 525 2050 542 2062 585 2030 605 2042 657 2035 672 2050 730 2025 757 2055 782 2062 835 2030 867 2057 895 2050 920 2065 945 2045 970 2057 995 2032 1010 2032 1032 2055 1090 2052 1100 2090 1077 2115 1057 2102 1030 2107 992 2095 920 2095 902 2112 877 2102 857 2112 805 2110 780 2092 680 2105 647 2087 627 2100 605 2090 577 2107 537 2092 512 2112 475 2100 450 2117 435 2105 402 2112 387 2097 317 2115 282 2087"/></Shape>
	    <String CONTENT="بیامد بران سان که بُد رسم و کیش20"
                    HPOS="280"
                    VPOS="2025"
                    WIDTH="820"
                    HEIGHT="92"></String>
          </TextLine>
          
          
	  <TextLine ID="eSc_line_57990"
                    
                    BASELINE="1190 2180 1270 2180 1295 2185 1745 2185 1770 2180 1890 2177 2005 2180" 
                    HPOS="1190"
                    VPOS="2122"
                    WIDTH="815"
                    HEIGHT="85">
            <Shape><Polygon POINTS="1190 2180 1192 2145 1222 2122 1247 2137 1310 2130 1342 2162 1377 2140 1402 2145 1427 2125 1467 2145 1495 2132 1515 2150 1575 2152 1597 2130 1640 2145 1665 2135 1677 2147 1747 2147 1775 2135 1797 2155 1817 2137 1842 2145 1855 2132 1877 2132 1890 2145 1925 2147 1990 2125 2005 2180 1952 2197 1862 2187 1827 2207 1810 2207 1787 2185 1702 2197 1650 2190 1630 2205 1575 2185 1482 2207 1460 2207 1437 2185 1412 2185 1385 2207 1345 2202 1327 2185 1192 2197"/></Shape>
	    <String CONTENT="تهمتن همیدون سرش21 پر شتاب"
                    HPOS="1190"
                    VPOS="2122"
                    WIDTH="815"
                    HEIGHT="85"></String>
          </TextLine>
          
          
	  <TextLine ID="eSc_line_57958"
                    
                    BASELINE="280 2175 615 2172 647 2177 772 2180 1005 2177 1095 2187" 
                    HPOS="280"
                    VPOS="2117"
                    WIDTH="815"
                    HEIGHT="88">
            <Shape><Polygon POINTS="280 2175 282 2140 315 2117 357 2142 382 2122 412 2137 432 2120 452 2120 477 2135 512 2117 535 2140 555 2135 582 2150 622 2127 657 2145 722 2147 762 2120 790 2132 815 2120 857 2145 897 2117 927 2142 950 2132 970 2145 995 2122 1027 2142 1080 2140 1095 2187 1067 2202 1055 2192 1040 2200 995 2185 895 2180 795 2205 735 2195 720 2182 667 2187 645 2205 585 2180 565 2200 512 2185 470 2192 442 2175 340 2200 282 2187"/></Shape>
	    <String CONTENT="بیامد گرازان سوی جای22 خواب"
                    HPOS="280"
                    VPOS="2117"
                    WIDTH="815"
                    HEIGHT="88"></String>
          </TextLine>
          
          
	  <TextLine ID="eSc_line_58003"
                    
                    BASELINE="1090 2842 1122 2865 1195 2867" 
                    HPOS="1090"
                    VPOS="2810"
                    WIDTH="105"
                    HEIGHT="77">
            <Shape><Polygon POINTS="1090 2842 1097 2820 1122 2810 1175 2810 1195 2832 1195 2867 1180 2887 1107 2882 1090 2862"/></Shape>
	    <String CONTENT="۲۶۴"
                    HPOS="1090"
                    VPOS="2810"
                    WIDTH="105"
                    HEIGHT="77"></String>
          </TextLine>
          </TextBlock>
          
        </PrintSpace>
      </Page>
    </Layout>
  </alto>
