<?xml version="1.0" encoding="UTF-8"?>
<alto xmlns:xsi="http://www.w3.org/2001/XMLSchema-instance"
      xmlns="http://www.loc.gov/standards/alto/ns-v4#"
      xsi:schemaLocation="http://www.loc.gov/standards/alto/ns-v4# https://gitlab.inria.fr/scripta/escriptorium/-/raw/develop/app/escriptorium/static/alto-4-1-baselines.xsd">
  <Description>
    <MeasurementUnit>pixel</MeasurementUnit>
    <sourceImageInformation>
      <fileName>Ferdowsi_Moscow.pdf_000034.png</fileName>
    </sourceImageInformation>
  </Description>
  
  <Tags>
    <OtherTag ID="BT1" LABEL="Title" DESCRIPTION="block type Title"/><OtherTag ID="BT2" LABEL="Main" DESCRIPTION="block type Main"/><OtherTag ID="BT3" LABEL="Commentary" DESCRIPTION="block type Commentary"/><OtherTag ID="BT4" LABEL="Illustration" DESCRIPTION="block type Illustration"/>
    
  </Tags>
  
  <Layout>
    <Page WIDTH="2430"
          HEIGHT="3000"
          PHYSICAL_IMG_NR="0"
          ID="eSc_dummypage_">
      <PrintSpace HPOS="0"
                  VPOS="0"
                  WIDTH="2430"
                  HEIGHT="3000">
        
        <TextBlock ID="eSc_dummyblock_">
          
	  <TextLine ID="eSc_line_54588"
                    
                    BASELINE="1040 460 1105 465 1206 457" 
                    HPOS="1040"
                    VPOS="407"
                    WIDTH="165"
                    HEIGHT="73">
            <Shape><Polygon POINTS="1040 460 1042 417 1087 410 1117 425 1142 407 1205 455 1180 480 1045 475"/></Shape>
	    <String CONTENT="شاهنامه"
                    HPOS="1040"
                    VPOS="407"
                    WIDTH="165"
                    HEIGHT="73"></String>
          </TextLine>
          
          
	  <TextLine ID="eSc_line_54589"
                    
                    BASELINE="1167 595 1740 592 1952 595 1985 587" 
                    HPOS="1167"
                    VPOS="535"
                    WIDTH="818"
                    HEIGHT="87">
            <Shape><Polygon POINTS="1167 595 1170 540 1227 560 1250 555 1267 570 1282 557 1337 557 1365 537 1420 560 1450 542 1477 570 1492 557 1547 552 1575 577 1600 560 1677 567 1700 545 1747 560 1790 552 1805 567 1837 542 1862 560 1897 535 1912 550 1932 545 1947 560 1977 560 1985 587 1967 620 1940 607 1840 607 1805 595 1762 620 1727 622 1695 615 1675 595 1605 617 1567 600 1550 617 1522 605 1477 615 1460 597 1407 615 1315 600 1282 622 1260 607 1240 620 1170 597"/></Shape>
	    <String CONTENT="بنامه درون سر بسر نیک و بد1"
                    HPOS="1167"
                    VPOS="535"
                    WIDTH="818"
                    HEIGHT="87"></String>
          </TextLine>
          
          
	  <TextLine ID="eSc_line_54617"
                    
                    BASELINE="260 595 377 592 500 600 675 600 772 592 1095 595" 
                    HPOS="260"
                    VPOS="530"
                    WIDTH="835"
                    HEIGHT="92">
            <Shape><Polygon POINTS="260 595 265 542 312 562 345 562 377 540 412 572 437 557 495 565 525 552 547 575 565 557 587 560 617 530 655 557 672 550 702 560 717 547 742 565 765 542 802 535 847 562 870 555 892 572 932 550 1032 560 1060 540 1090 567 1095 595 980 607 967 617 892 597 870 620 825 605 772 617 742 600 717 620 695 607 660 615 610 605 567 622 540 605 520 622 492 610 427 617 400 597 312 622 262 600"/></Shape>
	    <String CONTENT="نموده بدان پهلو پر خرد2"
                    HPOS="260"
                    VPOS="530"
                    WIDTH="835"
                    HEIGHT="92"></String>
          </TextLine>
          
          
	  <TextLine ID="eSc_line_54618"
                    
                    BASELINE="1150 690 1215 687 1240 690 1300 680 1380 685 1952 685 1985 677" 
                    HPOS="1150"
                    VPOS="625"
                    WIDTH="835"
                    HEIGHT="85">
            <Shape><Polygon POINTS="1150 690 1165 655 1235 642 1255 660 1280 635 1307 652 1350 640 1375 652 1412 642 1432 660 1457 635 1485 652 1520 627 1552 647 1565 635 1592 647 1615 625 1650 652 1712 652 1735 630 1765 640 1777 627 1810 645 1837 637 1857 652 1930 652 1962 625 1977 635 1985 677 1975 695 1920 705 1882 695 1757 695 1737 685 1720 685 1697 707 1605 685 1560 697 1430 685 1330 707 1260 687 1235 710 1215 697 1170 710 1152 695"/></Shape>
	    <String CONTENT="فرستاد3 با نامه هدیه بسی"
                    HPOS="1150"
                    VPOS="625"
                    WIDTH="835"
                    HEIGHT="85"></String>
          </TextLine>
          
          
	  <TextLine ID="eSc_line_54604"
                    
                    BASELINE="240 695 352 695 405 690 580 690 652 682 1062 685 1075 677" 
                    HPOS="240"
                    VPOS="622"
                    WIDTH="835"
                    HEIGHT="93">
            <Shape><Polygon POINTS="240 695 242 670 257 655 300 650 340 622 372 652 402 635 450 655 510 655 547 630 580 660 615 627 662 655 727 645 740 655 892 647 905 657 922 640 967 640 987 652 1012 635 1032 652 1067 647 1075 675 1062 707 1032 695 980 695 950 707 910 685 887 695 817 695 802 707 777 695 740 697 720 710 702 697 620 697 585 710 562 690 545 690 480 697 460 710 412 695 380 715 352 695 300 695 277 710 242 695"/></Shape>
	    <String CONTENT="بنزد سپهدار کردش گسی"
                    HPOS="240"
                    VPOS="622"
                    WIDTH="835"
                    HEIGHT="93"></String>
          </TextLine>
          
          
	  <TextLine ID="eSc_line_54605"
                    
                    BASELINE="1172 775 1295 785 1437 785 1585 772 1855 772 1900 777 1994 777" 
                    HPOS="1170"
                    VPOS="715"
                    WIDTH="822"
                    HEIGHT="90">
            <Shape><Polygon POINTS="1170 775 1177 730 1207 742 1315 737 1335 750 1357 735 1377 745 1452 745 1482 725 1505 745 1542 717 1570 745 1605 740 1627 760 1652 740 1720 742 1740 722 1772 742 1805 715 1835 735 1860 725 1882 747 1895 735 1920 745 1955 735 1985 752 1992 775 1960 802 1932 787 1887 800 1865 780 1755 785 1730 775 1707 797 1682 785 1640 795 1617 775 1582 790 1537 785 1517 805 1487 782 1440 797 1405 787 1352 802 1327 787 1295 797 1252 785 1227 797 1172 785"/></Shape>
	    <String CONTENT="چو نامه بر سام نیرم رسید"
                    HPOS="1170"
                    VPOS="715"
                    WIDTH="822"
                    HEIGHT="90"></String>
          </TextLine>
          
          
	  <TextLine ID="eSc_line_54613"
                    
                    BASELINE="260 767 300 775 1074 775" 
                    HPOS="260"
                    VPOS="712"
                    WIDTH="812"
                    HEIGHT="88">
            <Shape><Polygon POINTS="260 765 262 720 325 742 350 740 370 720 395 730 430 717 447 735 472 725 490 742 515 735 532 747 557 722 597 712 627 742 647 730 717 742 750 730 777 757 817 725 852 720 875 740 907 747 942 725 987 715 1032 745 1050 730 1065 732 1072 775 1055 800 977 780 945 790 907 780 882 797 835 782 797 800 765 775 682 782 662 797 632 785 600 800 582 785 562 797 527 785 507 797 490 785 417 782 330 792 262 775"/></Shape>
	    <String CONTENT="ز شادی رخش همچوگل بشکفید4"
                    HPOS="260"
                    VPOS="712"
                    WIDTH="812"
                    HEIGHT="88"></String>
          </TextLine>
          
          
	  <TextLine ID="eSc_line_54614"
                    
                    BASELINE="1170 877 1230 872 1610 875 1645 870 1747 867 1772 862 1977 862" 
                    HPOS="1170"
                    VPOS="805"
                    WIDTH="807"
                    HEIGHT="87">
            <Shape><Polygon POINTS="1170 877 1172 835 1202 805 1235 830 1307 825 1325 840 1365 815 1397 830 1427 812 1457 842 1477 825 1510 832 1537 822 1570 845 1595 830 1675 817 1747 832 1780 815 1825 830 1852 805 1872 817 1897 805 1920 827 1970 825 1977 862 1970 885 1895 875 1870 887 1847 872 1752 870 1727 887 1707 875 1665 885 1650 872 1610 887 1572 875 1542 887 1512 875 1482 887 1452 875 1390 875 1370 890 1340 892 1317 877 1295 887 1280 875 1257 885 1237 875 1172 885"/></Shape>
	    <String CONTENT="بیاراست بزمی چو خرّم بهار"
                    HPOS="1170"
                    VPOS="805"
                    WIDTH="807"
                    HEIGHT="87"></String>
          </TextLine>
          
          
	  <TextLine ID="eSc_line_54608"
                    
                    BASELINE="270 865 917 862 975 867 1000 875 1079 870" 
                    HPOS="270"
                    VPOS="805"
                    WIDTH="807"
                    HEIGHT="90">
            <Shape><Polygon POINTS="270 865 272 820 287 805 340 832 377 830 415 805 440 827 467 815 490 837 500 827 530 832 575 805 610 840 677 832 722 805 762 832 830 807 867 832 890 832 917 812 952 842 1012 822 1040 837 1065 820 1077 870 1055 892 1000 877 965 895 937 870 690 872 617 890 590 865 505 890 472 870 440 877 405 867 295 872 272 887"/></Shape>
	    <String CONTENT="ز بس شادمانی گو نامدار"
                    HPOS="270"
                    VPOS="805"
                    WIDTH="807"
                    HEIGHT="90"></String>
          </TextLine>
          
          
	  <TextLine ID="eSc_line_54615"
                    
                    BASELINE="1160 957 1200 952 1981 952" 
                    HPOS="1160"
                    VPOS="890"
                    WIDTH="820"
                    HEIGHT="87">
            <Shape><Polygon POINTS="1160 955 1162 920 1192 895 1207 895 1242 927 1310 895 1337 922 1385 912 1405 932 1420 917 1452 930 1482 907 1512 920 1565 915 1590 890 1622 912 1650 900 1670 920 1695 895 1730 915 1792 895 1812 915 1842 907 1855 920 1905 922 1930 920 1970 892 1980 950 1970 962 1917 972 1777 960 1727 975 1710 975 1685 950 1575 965 1480 965 1455 952 1430 977 1357 962 1280 977 1242 952 1222 965 1162 960"/></Shape>
	    <String CONTENT="فرستاده‌ را خلعت و یاره داد"
                    HPOS="1160"
                    VPOS="890"
                    WIDTH="820"
                    HEIGHT="87"></String>
          </TextLine>
          
          
	  <TextLine ID="eSc_line_54609"
                    
                    BASELINE="262 955 1045 952 1080 957" 
                    HPOS="262"
                    VPOS="892"
                    WIDTH="818"
                    HEIGHT="93">
            <Shape><Polygon POINTS="262 955 265 910 282 897 317 920 335 912 355 925 370 910 435 922 465 900 497 915 537 892 567 912 595 907 625 920 665 892 702 927 727 902 762 925 825 922 855 910 875 930 927 907 962 922 1015 917 1032 930 1065 912 1080 957 1062 980 1042 985 980 965 917 965 887 982 867 962 795 965 757 980 727 955 682 965 545 962 527 972 475 955 415 975 362 957 345 972 267 965"/></Shape>
	    <String CONTENT="ز رستم همی 5 داستان کرد یاد"
                    HPOS="262"
                    VPOS="892"
                    WIDTH="818"
                    HEIGHT="93"></String>
          </TextLine>
          
          
	  <TextLine ID="eSc_line_54611"
                    
                    BASELINE="1175 1040 1777 1045 1882 1040 1912 1045 1937 1040 1977 1040" 
                    HPOS="1175"
                    VPOS="982"
                    WIDTH="802"
                    HEIGHT="90">
            <Shape><Polygon POINTS="1175 1040 1177 1002 1195 985 1252 1015 1270 997 1302 1012 1327 987 1352 1002 1367 992 1392 1012 1427 987 1462 1010 1500 985 1562 1022 1642 1002 1665 1010 1697 982 1730 1002 1775 987 1795 1007 1827 995 1847 1010 1880 990 1932 1010 1970 995 1977 1040 1970 1052 1935 1052 1920 1065 1780 1045 1765 1057 1692 1052 1645 1065 1617 1055 1597 1067 1560 1050 1537 1067 1507 1052 1460 1052 1437 1070 1410 1070 1385 1045 1367 1057 1260 1050 1242 1067 1207 1052 1177 1072"/></Shape>
	    <String CONTENT="نوشت آنگهی پاسخ نامه باز"
                    HPOS="1175"
                    VPOS="982"
                    WIDTH="802"
                    HEIGHT="90"></String>
          </TextLine>
          
          
	  <TextLine ID="eSc_line_54610"
                    
                    BASELINE="250 1047 290 1055 345 1055 447 1042 970 1045 1075 1037" 
                    HPOS="250"
                    VPOS="977"
                    WIDTH="825"
                    HEIGHT="93">
            <Shape><Polygon POINTS="250 1047 252 1017 287 982 330 1010 362 980 445 1010 475 1010 512 980 547 1007 575 997 590 1010 617 1010 640 990 685 1010 732 1010 765 977 802 1012 865 985 900 1007 970 997 985 1010 1012 990 1042 1012 1067 1007 1075 1037 1060 1067 1015 1050 905 1062 810 1045 707 1052 662 1070 630 1052 540 1045 472 1052 452 1065 425 1052 405 1062 367 1052 252 1065"/></Shape>
	    <String CONTENT="بنزدیک فرزند گردن فراز"
                    HPOS="250"
                    VPOS="977"
                    WIDTH="825"
                    HEIGHT="93"></String>
          </TextLine>
          
          
	  <TextLine ID="eSc_line_54619"
                    
                    BASELINE="1169 1135 1947 1135 1985 1127" 
                    HPOS="1167"
                    VPOS="1070"
                    WIDTH="818"
                    HEIGHT="87">
            <Shape><Polygon POINTS="1167 1135 1182 1097 1242 1100 1260 1082 1292 1097 1325 1080 1357 1100 1410 1082 1432 1102 1447 1087 1470 1097 1495 1080 1527 1095 1560 1082 1582 1097 1602 1077 1625 1087 1652 1070 1685 1092 1710 1080 1747 1097 1787 1090 1805 1107 1835 1080 1862 1097 1897 1070 1915 1087 1932 1080 1952 1097 1972 1092 1985 1125 1967 1157 1935 1140 1830 1135 1797 1135 1760 1155 1697 1150 1680 1135 1502 1135 1450 1155 1417 1135 1367 1155 1292 1135 1170 1152"/></Shape>
	    <String CONTENT="بنامه درون گفت کز نره 6 شیر"
                    HPOS="1167"
                    VPOS="1070"
                    WIDTH="818"
                    HEIGHT="87"></String>
          </TextLine>
          
          
	  <TextLine ID="eSc_line_54597"
                    
                    BASELINE="260 1127 302 1135 385 1135 432 1130 1072 1130" 
                    HPOS="260"
                    VPOS="1065"
                    WIDTH="812"
                    HEIGHT="87">
            <Shape><Polygon POINTS="260 1127 275 1100 322 1095 355 1065 405 1110 432 1087 457 1092 497 1072 550 1097 572 1077 640 1077 667 1105 707 1100 730 1082 752 1090 765 1077 790 1085 825 1070 840 1085 862 1080 890 1107 917 1087 940 1092 987 1072 1012 1097 1062 1080 1072 1130 1025 1150 992 1140 912 1142 885 1130 870 1140 722 1140 677 1152 652 1130 617 1142 562 1130 540 1152 507 1140 430 1145 410 1132 262 1152"/></Shape>
	    <String CONTENT="نباشد شگفتی که 7 باشد دلیر"
                    HPOS="260"
                    VPOS="1065"
                    WIDTH="812"
                    HEIGHT="87"></String>
          </TextLine>
          
          
	  <TextLine ID="eSc_line_54620"
                    
                    BASELINE="1170 1220 1677 1225 1715 1220 1985 1215" 
                    HPOS="1170"
                    VPOS="1150"
                    WIDTH="815"
                    HEIGHT="97">
            <Shape><Polygon POINTS="1170 1220 1185 1190 1242 1190 1262 1172 1305 1202 1330 1180 1367 1192 1467 1165 1482 1177 1502 1172 1532 1202 1550 1190 1622 1187 1652 1167 1672 1185 1710 1150 1745 1180 1785 1187 1835 1190 1877 1162 1910 1185 1962 1177 1977 1187 1985 1215 1972 1230 1885 1230 1870 1240 1835 1230 1822 1242 1785 1232 1765 1245 1697 1222 1602 1240 1570 1232 1552 1245 1535 1245 1512 1225 1492 1235 1452 1227 1407 1247 1367 1247 1297 1222 1277 1237 1205 1235 1172 1245"/></Shape>
	    <String CONTENT="همان بچهٔ شیر ناخورده شیر"
                    HPOS="1170"
                    VPOS="1150"
                    WIDTH="815"
                    HEIGHT="97"></String>
          </TextLine>
          
          
	  <TextLine ID="eSc_line_54601"
                    
                    BASELINE="260 1212 322 1222 380 1225 540 1225 590 1220 627 1227 652 1220 1072 1220" 
                    HPOS="260"
                    VPOS="1160"
                    WIDTH="812"
                    HEIGHT="90">
            <Shape><Polygon POINTS="260 1212 262 1170 290 1170 310 1190 382 1185 400 1200 425 1177 482 1180 520 1167 535 1182 562 1175 600 1190 655 1190 682 1177 702 1192 727 1167 745 1167 765 1187 792 1165 812 1165 832 1185 865 1185 882 1167 942 1180 975 1160 1032 1187 1062 1185 1072 1220 1055 1232 910 1230 877 1220 855 1240 795 1230 772 1245 752 1242 730 1220 692 1220 630 1250 587 1232 532 1240 512 1225 475 1225 427 1245 392 1235 375 1247 332 1235 297 1242 262 1225"/></Shape>
	    <String CONTENT="ستاند 8 یکی 9  موبدی 10 تیز ویر11"
                    HPOS="260"
                    VPOS="1160"
                    WIDTH="812"
                    HEIGHT="90"></String>
          </TextLine>
          
          
	  <TextLine ID="eSc_line_54621"
                    
                    BASELINE="1165 1312 1947 1312 2009 1317 2007 1310 2011 1311" 
                    HPOS="1165"
                    VPOS="1250"
                    WIDTH="845"
                    HEIGHT="85">
            <Shape><Polygon POINTS="1165 1310 1170 1272 1247 1277 1280 1250 1295 1250 1320 1275 1335 1260 1370 1252 1397 1280 1500 1277 1522 1267 1545 1287 1565 1267 1590 1275 1627 1252 1670 1285 1700 1265 1722 1275 1745 1252 1792 1277 1825 1250 1865 1287 1882 1275 1972 1270 2010 1310 1882 1332 1837 1310 1807 1335 1757 1332 1732 1310 1690 1332 1670 1332 1647 1310 1607 1332 1550 1310 1445 1330 1332 1330 1310 1310 1290 1310 1222 1335 1187 1335 1167 1317"/></Shape>
	    <String CONTENT="مر او را در آرد میان گروه"
                    HPOS="1165"
                    VPOS="1250"
                    WIDTH="845"
                    HEIGHT="85"></String>
          </TextLine>
          
          
	  <TextLine ID="eSc_line_54607"
                    
                    BASELINE="270 1307 427 1307 470 1317 495 1312 550 1315 587 1310 662 1315 1077 1315" 
                    HPOS="270"
                    VPOS="1252"
                    WIDTH="807"
                    HEIGHT="88">
            <Shape><Polygon POINTS="270 1307 272 1272 307 1277 322 1265 362 1280 440 1257 460 1275 495 1267 512 1282 532 1267 580 1277 607 1260 637 1282 650 1270 675 1272 695 1252 720 1252 755 1285 767 1272 825 1277 847 1257 882 1252 915 1270 940 1257 982 1290 1000 1272 1055 1270 1070 1277 1077 1315 1057 1335 1030 1322 997 1335 972 1315 877 1317 852 1330 827 1317 810 1332 785 1320 757 1330 737 1315 675 1332 630 1315 562 1335 515 1317 492 1340 477 1340 447 1335 405 1307 387 1322 272 1332"/></Shape>
	    <String CONTENT="چو دندان بر آرد شود زو12 ستوه"
                    HPOS="270"
                    VPOS="1252"
                    WIDTH="807"
                    HEIGHT="88"></String>
          </TextLine>
          
          
	  <TextLine ID="eSc_line_54622"
                    
                    BASELINE="1170 1400 1320 1405 1377 1400 1752 1397 1820 1407 1890 1402 1995 1405" 
                    HPOS="1170"
                    VPOS="1340"
                    WIDTH="825"
                    HEIGHT="90">
            <Shape><Polygon POINTS="1170 1400 1172 1365 1197 1340 1242 1370 1270 1360 1297 1370 1347 1340 1370 1360 1440 1357 1460 1372 1482 1355 1515 1367 1572 1365 1585 1355 1607 1367 1657 1357 1677 1372 1702 1347 1727 1362 1757 1342 1787 1357 1830 1340 1860 1370 1937 1367 1970 1340 1987 1352 1995 1405 1977 1405 1960 1422 1902 1410 1875 1425 1842 1407 1742 1412 1690 1400 1635 1420 1612 1410 1465 1405 1445 1425 1415 1410 1315 1420 1285 1405 1265 1415 1200 1410 1172 1430"/></Shape>
	    <String CONTENT="ابی آنکه دیدست پستان مام"
                    HPOS="1170"
                    VPOS="1340"
                    WIDTH="825"
                    HEIGHT="90"></String>
          </TextLine>
          
          
	  <TextLine ID="eSc_line_54612"
                    
                    BASELINE="250 1400 452 1400 485 1405 1104 1400" 
                    HPOS="250"
                    VPOS="1337"
                    WIDTH="852"
                    HEIGHT="90">
            <Shape><Polygon POINTS="250 1400 252 1372 285 1340 320 1365 350 1367 370 1347 390 1347 407 1365 420 1357 527 1370 570 1337 605 1367 642 1340 672 1367 722 1360 745 1382 802 1352 832 1370 882 1360 897 1375 932 1355 975 1367 997 1345 1012 1345 1037 1367 1067 1357 1102 1400 1067 1422 1002 1407 960 1425 897 1412 875 1427 852 1412 790 1410 757 1422 740 1407 722 1422 697 1410 652 1410 637 1425 610 1427 587 1405 472 1422 405 1400 385 1410 292 1407 270 1427 255 1420"/></Shape>
	    <String CONTENT="بخوی پدر باز گردد تمام"
                    HPOS="250"
                    VPOS="1337"
                    WIDTH="852"
                    HEIGHT="90"></String>
          </TextLine>
          
          
	  <TextLine ID="eSc_line_54623"
                    
                    BASELINE="1170 1485 1205 1482 1242 1495 1867 1490 1957 1482 1992 1487" 
                    HPOS="1170"
                    VPOS="1430"
                    WIDTH="822"
                    HEIGHT="92">
            <Shape><Polygon POINTS="1170 1485 1180 1435 1270 1457 1315 1457 1352 1435 1370 1452 1395 1440 1417 1462 1487 1442 1505 1457 1570 1452 1585 1467 1630 1430 1660 1457 1685 1442 1725 1457 1772 1457 1792 1437 1842 1457 1887 1455 1900 1442 1932 1455 1970 1447 1985 1457 1992 1487 1965 1505 1867 1500 1852 1512 1820 1492 1755 1510 1642 1492 1605 1517 1582 1500 1560 1512 1532 1500 1482 1500 1450 1502 1420 1522 1397 1500 1272 1500 1255 1512 1212 1515 1175 1490"/></Shape>
	    <String CONTENT="عجب نیست از رستم نامور13"
                    HPOS="1170"
                    VPOS="1430"
                    WIDTH="822"
                    HEIGHT="92"></String>
          </TextLine>
          
          
	  <TextLine ID="eSc_line_54616"
                    
                    BASELINE="255 1485 292 1482 340 1490 575 1490 635 1495 772 1495 797 1490 1102 1490" 
                    HPOS="255"
                    VPOS="1422"
                    WIDTH="847"
                    HEIGHT="95">
            <Shape><Polygon POINTS="255 1485 265 1437 292 1437 310 1455 350 1445 365 1457 390 1450 402 1460 455 1432 510 1457 557 1447 587 1475 622 1447 637 1457 657 1445 690 1460 740 1440 752 1452 782 1455 835 1422 872 1460 890 1445 915 1452 937 1430 985 1460 1005 1440 1030 1450 1067 1435 1095 1462 1102 1490 1090 1500 1065 1490 1047 1500 982 1490 927 1512 877 1490 790 1510 772 1500 710 1507 687 1495 660 1515 640 1500 602 1515 572 1492 560 1502 437 1510 402 1502 385 1517 357 1502 302 1515 257 1490"/></Shape>
	    <String CONTENT="که دارد دلیری چو دستان پدر 14"
                    HPOS="255"
                    VPOS="1422"
                    WIDTH="847"
                    HEIGHT="95"></String>
          </TextLine>
          
          
	  <TextLine ID="eSc_line_54624"
                    
                    BASELINE="1160 1575 1202 1575 1230 1582 1260 1585 1335 1585 1365 1580 1515 1580 1592 1572 1987 1572" 
                    HPOS="1160"
                    VPOS="1517"
                    WIDTH="827"
                    HEIGHT="93">
            <Shape><Polygon POINTS="1160 1575 1162 1535 1175 1525 1265 1542 1295 1520 1337 1547 1362 1527 1385 1545 1427 1525 1450 1547 1485 1550 1525 1520 1565 1547 1592 1545 1625 1517 1657 1535 1695 1525 1712 1537 1732 1520 1755 1530 1782 1517 1835 1545 1862 1537 1880 1552 1905 1530 1935 1547 1977 1527 1987 1572 1960 1590 1912 1590 1885 1572 1862 1590 1735 1590 1710 1610 1662 1572 1572 1600 1487 1585 1460 1605 1427 1580 1407 1590 1300 1587 1275 1605 1220 1602 1167 1575"/></Shape>
	    <String CONTENT="که هنگام 15 گردیّ و کنداوری 16"
                    HPOS="1160"
                    VPOS="1517"
                    WIDTH="827"
                    HEIGHT="93"></String>
          </TextLine>
          
          
	  <TextLine ID="eSc_line_54599"
                    
                    BASELINE="270 1582 522 1582 547 1587 572 1580 677 1577 900 1580 957 1585 1020 1585 1080 1577" 
                    HPOS="270"
                    VPOS="1520"
                    WIDTH="810"
                    HEIGHT="87">
            <Shape><Polygon POINTS="270 1580 272 1527 307 1542 360 1542 392 1522 412 1542 435 1545 455 1525 482 1522 507 1547 590 1545 610 1532 642 1560 672 1535 697 1545 732 1520 775 1545 805 1525 840 1557 872 1540 937 1545 960 1525 1000 1555 1067 1520 1080 1575 1045 1607 1007 1602 990 1585 850 1597 827 1580 750 1602 730 1587 657 1590 632 1577 602 1590 535 1587 512 1605 472 1580 452 1580 425 1602 392 1590 360 1605 302 1600 272 1582"/></Shape>
	    <String CONTENT="ازو شیر خواهد همی17 یاوری18"
                    HPOS="270"
                    VPOS="1520"
                    WIDTH="810"
                    HEIGHT="87"></String>
          </TextLine>
          
          
	  <TextLine ID="eSc_line_54625"
                    
                    BASELINE="1160 1670 1262 1670 1332 1675 1522 1675 1582 1670 1705 1670 1805 1665 1875 1667 1937 1675 1995 1667" 
                    HPOS="1160"
                    VPOS="1607"
                    WIDTH="835"
                    HEIGHT="90">
            <Shape><Polygon POINTS="1160 1670 1162 1640 1177 1625 1230 1635 1267 1607 1330 1637 1365 1612 1392 1612 1420 1637 1457 1625 1477 1630 1515 1610 1552 1647 1620 1625 1645 1637 1722 1630 1735 1640 1770 1620 1795 1637 1830 1612 1850 1632 1872 1617 1897 1640 1920 1627 1935 1637 1965 1630 1987 1645 1995 1667 1965 1697 1940 1682 1905 1695 1885 1675 1790 1682 1747 1670 1722 1692 1665 1680 1557 1690 1540 1675 1460 1677 1430 1692 1395 1675 1355 1695 1292 1672 1205 1692 1167 1670"/></Shape>
	    <String CONTENT="چو نامه بمهر اندر آورد گرد"
                    HPOS="1160"
                    VPOS="1607"
                    WIDTH="835"
                    HEIGHT="90"></String>
          </TextLine>
          
          
	  <TextLine ID="eSc_line_54600"
                    
                    BASELINE="270 1655 310 1675 340 1675 367 1670 427 1670 457 1662 515 1670 612 1670 730 1662 1085 1665" 
                    HPOS="270"
                    VPOS="1605"
                    WIDTH="815"
                    HEIGHT="90">
            <Shape><Polygon POINTS="270 1655 275 1625 302 1637 402 1632 425 1650 457 1617 502 1607 530 1630 565 1607 597 1640 617 1630 632 1642 715 1610 737 1627 762 1615 795 1645 830 1610 860 1632 920 1612 935 1627 960 1620 975 1635 1017 1635 1062 1605 1080 1617 1085 1665 1020 1687 992 1677 902 1677 855 1692 812 1662 785 1662 737 1690 632 1675 607 1695 575 1670 545 1692 512 1690 485 1667 447 1665 370 1680 357 1692 330 1680 307 1690 272 1680"/></Shape>
	    <String CONTENT="فرستاده‌را خواند و اورا19 سپرد"
                    HPOS="270"
                    VPOS="1605"
                    WIDTH="815"
                    HEIGHT="90"></String>
          </TextLine>
          
          
	  <TextLine ID="eSc_line_54626"
                    
                    BASELINE="1170 1767 1270 1762 1465 1762 1600 1752 1955 1752 1987 1757" 
                    HPOS="1170"
                    VPOS="1697"
                    WIDTH="817"
                    HEIGHT="95">
            <Shape><Polygon POINTS="1170 1767 1182 1722 1222 1715 1242 1735 1290 1697 1350 1742 1375 1727 1440 1727 1452 1717 1480 1735 1512 1712 1535 1725 1572 1725 1602 1702 1622 1702 1645 1725 1705 1702 1730 1727 1765 1710 1802 1725 1927 1727 1967 1697 1980 1707 1987 1757 1962 1772 1905 1770 1885 1780 1850 1765 1660 1770 1640 1752 1612 1772 1480 1762 1455 1782 1417 1770 1362 1782 1347 1770 1325 1792 1247 1765 1212 1787 1175 1780"/></Shape>
	    <String CONTENT="فرستاده آمد بر زال زر"
                    HPOS="1170"
                    VPOS="1697"
                    WIDTH="817"
                    HEIGHT="95"></String>
          </TextLine>
          
          
	  <TextLine ID="eSc_line_54602"
                    
                    BASELINE="260 1757 327 1767 365 1757 470 1752 1075 1755" 
                    HPOS="260"
                    VPOS="1687"
                    WIDTH="815"
                    HEIGHT="98">
            <Shape><Polygon POINTS="260 1757 280 1720 320 1717 337 1727 367 1700 395 1720 412 1707 432 1715 465 1687 500 1720 530 1700 550 1720 575 1707 597 1730 622 1722 635 1732 667 1710 695 1725 737 1725 757 1712 800 1725 835 1692 870 1725 912 1702 940 1722 967 1697 1002 1725 1027 1725 1065 1700 1075 1755 1047 1780 952 1755 912 1767 667 1770 642 1760 610 1785 580 1765 470 1770 437 1755 400 1772 262 1777"/></Shape>
	    <String CONTENT="ابا خلعت و نامهٔ نامور"
                    HPOS="260"
                    VPOS="1687"
                    WIDTH="815"
                    HEIGHT="98"></String>
          </TextLine>
          
          
	  <TextLine ID="eSc_line_54629"
                    
                    BASELINE="1182 1855 1370 1855 1395 1850 1465 1850 1527 1842 1907 1842 1935 1852 1992 1852" 
                    HPOS="1180"
                    VPOS="1785"
                    WIDTH="810"
                    HEIGHT="90">
            <Shape><Polygon POINTS="1180 1855 1182 1797 1215 1790 1245 1812 1272 1785 1310 1812 1327 1805 1360 1815 1375 1805 1392 1817 1430 1790 1472 1827 1510 1802 1530 1815 1550 1795 1590 1822 1640 1787 1675 1815 1702 1815 1762 1790 1790 1817 1807 1817 1827 1797 1857 1812 1875 1795 1937 1812 1965 1787 1982 1800 1990 1850 1952 1875 1912 1872 1870 1845 1820 1860 1645 1855 1610 1865 1585 1845 1530 1860 1460 1850 1380 1872 1305 1857 1182 1867"/></Shape>
	    <String CONTENT="ازو20 شادمان شد دل پهلوان"
                    HPOS="1180"
                    VPOS="1785"
                    WIDTH="810"
                    HEIGHT="90"></String>
          </TextLine>
          
          
	  <TextLine ID="eSc_line_54603"
                    
                    BASELINE="277 1832 347 1845 457 1842 567 1850 1107 1850" 
                    HPOS="275"
                    VPOS="1787"
                    WIDTH="830"
                    HEIGHT="88">
            <Shape><Polygon POINTS="275 1830 280 1795 307 1800 347 1787 387 1815 425 1810 450 1827 470 1807 505 1797 527 1815 612 1810 642 1812 655 1825 675 1810 697 1817 717 1797 742 1807 760 1795 845 1792 870 1815 907 1787 942 1817 977 1815 1007 1792 1042 1812 1067 1797 1100 1830 1105 1850 1080 1850 1060 1867 1010 1850 942 1870 907 1855 867 1867 847 1850 792 1867 772 1850 735 1850 670 1875 645 1862 617 1872 597 1855 532 1862 465 1855 455 1845 425 1872 395 1857 360 1872 337 1862 310 1870 277 1850"/></Shape>
	    <String CONTENT="ز کردار آن21 نو رسیده جوان 22"
                    HPOS="275"
                    VPOS="1787"
                    WIDTH="830"
                    HEIGHT="88"></String>
          </TextLine>
          
          
	  <TextLine ID="eSc_line_54632"
                    
                    BASELINE="1170 1940 1487 1935 1650 1945 1912 1945 1995 1937" 
                    HPOS="1170"
                    VPOS="1875"
                    WIDTH="825"
                    HEIGHT="92">
            <Shape><Polygon POINTS="1170 1940 1172 1897 1230 1902 1262 1880 1330 1910 1362 1890 1382 1905 1410 1905 1435 1885 1467 1907 1492 1892 1562 1905 1602 1877 1640 1905 1730 1895 1747 1910 1790 1895 1810 1905 1855 1875 1887 1905 1902 1895 1970 1905 1995 1937 1962 1967 1935 1950 1910 1960 1887 1950 1830 1960 1812 1950 1772 1967 1742 1957 1722 1965 1702 1950 1647 1960 1617 1947 1535 1955 1467 1937 1417 1950 1332 1942 1315 1957 1225 1947 1192 1960 1172 1947"/></Shape>
	    <String CONTENT="جهان زو پر امّید شد یکسره"
                    HPOS="1170"
                    VPOS="1875"
                    WIDTH="825"
                    HEIGHT="92"></String>
          </TextLine>
          
          
	  <TextLine ID="eSc_line_54598"
                    
                    BASELINE="265 1917 317 1935 390 1945 1052 1945 1099 1937" 
                    HPOS="265"
                    VPOS="1880"
                    WIDTH="832"
                    HEIGHT="95">
            <Shape><Polygon POINTS="265 1915 267 1882 295 1882 330 1905 420 1897 432 1910 452 1895 485 1907 630 1905 670 1880 692 1902 710 1902 730 1882 747 1882 767 1902 780 1892 805 1902 870 1902 885 1892 932 1900 970 1887 1035 1915 1067 1895 1097 1935 1060 1965 1025 1950 1007 1960 930 1950 895 1965 862 1947 835 1975 805 1957 772 1965 750 1945 665 1947 647 1962 625 1950 562 1957 525 1947 450 1967 430 1952 407 1962 392 1950 355 1950 335 1965 267 1937"/></Shape>
	    <String CONTENT="ز روی زمین تا ببرج بره 23"
                    HPOS="265"
                    VPOS="1880"
                    WIDTH="832"
                    HEIGHT="95"></String>
          </TextLine>
          
          
	  <TextLine ID="eSc_line_54592"
                    
                    BASELINE="277 2692 475 2690 555 2695 585 2690 980 2690 1010 2695 1645 2695 1780 2682 2003 2682" 
                    HPOS="275"
                    VPOS="2625"
                    WIDTH="1727"
                    HEIGHT="92">
            <Shape><Polygon POINTS="275 2690 280 2642 307 2652 335 2630 372 2652 417 2650 432 2660 495 2645 575 2652 612 2625 652 2655 710 2642 735 2662 752 2650 790 2655 807 2645 827 2657 865 2627 890 2647 920 2637 940 2655 960 2637 995 2630 1045 2662 1070 2652 1087 2667 1127 2647 1157 2670 1185 2647 1207 2652 1227 2635 1265 2657 1317 2660 1370 2645 1410 2652 1447 2627 1490 2657 1547 2645 1577 2655 1605 2642 1660 2652 1692 2637 1710 2652 1742 2645 1765 2662 1812 2625 1837 2645 1857 2635 1900 2652 1920 2637 1947 2645 1980 2632 1995 2645 2002 2680 1982 2680 1960 2697 1905 2697 1890 2710 1845 2702 1825 2687 1795 2712 1750 2685 1707 2697 1662 2695 1632 2710 1597 2710 1582 2697 1490 2707 1442 2695 1405 2710 1352 2697 1327 2715 1307 2697 1230 2697 1177 2717 1150 2695 1125 2710 1085 2695 1062 2712 1032 2702 997 2715 937 2692 835 2692 800 2712 782 2697 732 2700 722 2690 690 2705 647 2705 610 2690 542 2695 520 2710 472 2695 452 2712 417 2692 337 2692 280 2712"/></Shape>
	    <String CONTENT="کنون از منوچهر گویم سخن  * و زان شاه پر مهر گویم سخن"
                    HPOS="275"
                    VPOS="2625"
                    WIDTH="1727"
                    HEIGHT="92"></String>
          </TextLine>
          
          
	  <TextLine ID="eSc_line_54595"
                    
                    BASELINE="260 2755 297 2760 365 2752 390 2757 475 2760 1025 2760 1077 2765 1752 2765 1790 2750 1822 2755 1892 2752 1967 2757 2011 2756" 
                    HPOS="260"
                    VPOS="2695"
                    WIDTH="1750"
                    HEIGHT="95">
            <Shape><Polygon POINTS="260 2755 265 2735 285 2720 312 2722 345 2697 370 2710 392 2700 442 2742 495 2710 527 2725 580 2722 610 2745 645 2715 675 2725 697 2710 717 2717 737 2700 762 2705 810 2742 865 2697 887 2715 920 2695 982 2722 1070 2717 1095 2737 1135 2717 1167 2745 1250 2697 1282 2715 1305 2707 1322 2722 1347 2702 1392 2727 1457 2717 1482 2740 1520 2710 1560 2715 1572 2727 1635 2725 1675 2702 1707 2730 1732 2712 1750 2722 1790 2712 1810 2720 1850 2700 1882 2727 1907 2707 1935 2722 1967 2715 2010 2755 1962 2785 1885 2752 1847 2770 1785 2770 1770 2782 1727 2787 1687 2765 1605 2770 1577 2785 1542 2770 1507 2790 1477 2772 1455 2787 1427 2772 1360 2785 1335 2765 1215 2772 1197 2782 1162 2765 1125 2782 1092 2765 1067 2785 1040 2767 1017 2782 987 2765 867 2767 845 2787 805 2762 777 2782 742 2770 677 2770 655 2787 630 2785 600 2760 535 2770 510 2785 467 2780 430 2757 405 2772 352 2765 265 2775"/></Shape>
	    <String CONTENT="چه اندرز کردش پسررا نگر * بهنگام رفتن سوی دادگر"
                    HPOS="260"
                    VPOS="2695"
                    WIDTH="1750"
                    HEIGHT="95"></String>
          </TextLine>
          
          
	  <TextLine ID="eSc_line_54638"
                    
                    BASELINE="1119 2860 1234 2865" 
                    HPOS="1117"
                    VPOS="2815"
                    WIDTH="115"
                    HEIGHT="72">
            <Shape><Polygon POINTS="1117 2860 1135 2817 1212 2815 1227 2830 1232 2865 1200 2887 1135 2887 1120 2875"/></Shape>
	    <String CONTENT="۲۷۲"
                    HPOS="1117"
                    VPOS="2815"
                    WIDTH="115"
                    HEIGHT="72"></String>
          </TextLine>
          </TextBlock>
          
        </PrintSpace>
      </Page>
    </Layout>
  </alto>
