<?xml version="1.0" encoding="UTF-8"?>
<alto xmlns:xsi="http://www.w3.org/2001/XMLSchema-instance"
      xmlns="http://www.loc.gov/standards/alto/ns-v4#"
      xsi:schemaLocation="http://www.loc.gov/standards/alto/ns-v4# https://gitlab.inria.fr/scripta/escriptorium/-/raw/develop/app/escriptorium/static/alto-4-1-baselines.xsd">
  <Description>
    <MeasurementUnit>pixel</MeasurementUnit>
    <sourceImageInformation>
      <fileName>Ferdowsi_Moscow.pdf_000058.png</fileName>
    </sourceImageInformation>
  </Description>
  
  <Tags>
    <OtherTag ID="BT1" LABEL="Title" DESCRIPTION="block type Title"/><OtherTag ID="BT2" LABEL="Main" DESCRIPTION="block type Main"/><OtherTag ID="BT3" LABEL="Commentary" DESCRIPTION="block type Commentary"/><OtherTag ID="BT4" LABEL="Illustration" DESCRIPTION="block type Illustration"/>
    
  </Tags>
  
  <Layout>
    <Page WIDTH="2430"
          HEIGHT="3000"
          PHYSICAL_IMG_NR="24"
          ID="eSc_dummypage_">
      <PrintSpace HPOS="0"
                  VPOS="0"
                  WIDTH="2430"
                  HEIGHT="3000">
        
        <TextBlock ID="eSc_dummyblock_">
          
	  <TextLine ID="eSc_line_119789"
                    
                    BASELINE="1042 437 1199 437" 
                    HPOS="1040"
                    VPOS="385"
                    WIDTH="157"
                    HEIGHT="70">
            <Shape><Polygon POINTS="1040 435 1045 397 1087 385 1115 400 1140 385 1172 395 1197 435 1175 455 1045 450"/></Shape>
	    <String CONTENT="شاهنامه"
                    HPOS="1040"
                    VPOS="385"
                    WIDTH="157"
                    HEIGHT="70"></String>
          </TextLine>
          
          
	  <TextLine ID="eSc_line_119790"
                    
                    BASELINE="1155 555 1192 567 1350 572 1702 570 1780 562 1890 570 1994 565" 
                    HPOS="1155"
                    VPOS="507"
                    WIDTH="837"
                    HEIGHT="90">
            <Shape><Polygon POINTS="1155 555 1157 517 1195 535 1235 507 1267 532 1290 527 1315 550 1352 520 1385 535 1437 535 1470 510 1495 520 1520 507 1562 530 1587 520 1627 535 1650 512 1685 537 1777 522 1797 540 1827 517 1905 532 1967 517 1992 565 1927 585 1897 577 1842 597 1802 562 1780 577 1710 580 1692 592 1635 570 1607 597 1522 575 1422 587 1370 580 1352 595 1330 595 1302 570 1247 595 1227 580 1205 587 1157 572"/></Shape>
	    <String CONTENT="نیرزد همی1 زندگانیش مرگ 2"
                    HPOS="1155"
                    VPOS="507"
                    WIDTH="837"
                    HEIGHT="90"></String>
          </TextLine>
          
          
	  <TextLine ID="eSc_line_119811"
                    
                    BASELINE="235 570 600 575 730 570 1075 570" 
                    HPOS="235"
                    VPOS="510"
                    WIDTH="840"
                    HEIGHT="87">
            <Shape><Polygon POINTS="235 570 240 535 255 520 272 517 295 535 327 510 397 542 427 535 442 550 480 512 512 535 532 517 587 535 637 512 677 547 735 525 787 532 805 517 830 530 870 515 892 537 910 537 945 520 970 527 995 515 1015 532 1052 525 1070 542 1075 570 1022 592 990 577 932 577 897 592 870 570 842 580 792 572 762 597 732 582 682 595 655 575 610 597 572 595 542 575 522 575 505 592 447 592 435 582 410 595 390 582 345 595 322 580 305 587 255 572"/></Shape>
	    <String CONTENT="درختی که زهر آورد3 بار و برگ4"
                    HPOS="235"
                    VPOS="510"
                    WIDTH="840"
                    HEIGHT="87"></String>
          </TextLine>
          
          
	  <TextLine ID="eSc_line_119813"
                    
                    BASELINE="1152 660 1247 652 1890 655 1982 647" 
                    HPOS="1152"
                    VPOS="590"
                    WIDTH="830"
                    HEIGHT="90">
            <Shape><Polygon POINTS="1152 660 1155 612 1182 605 1202 617 1232 602 1245 615 1292 622 1315 605 1340 617 1370 605 1400 632 1412 620 1480 610 1507 622 1540 605 1570 617 1612 617 1625 607 1645 617 1675 600 1692 615 1720 595 1735 595 1765 625 1912 590 1940 602 1952 590 1970 592 1982 647 1945 675 1872 655 1852 655 1832 672 1807 662 1787 675 1750 655 1647 655 1632 670 1610 660 1565 670 1542 657 1522 677 1500 665 1480 672 1465 660 1417 672 1397 655 1345 675 1305 655 1280 675 1240 675 1217 662 1185 680 1155 672"/></Shape>
	    <String CONTENT="ازان5 پس که بردم بسی درد ورنج"
                    HPOS="1152"
                    VPOS="590"
                    WIDTH="830"
                    HEIGHT="90"></String>
          </TextLine>
          
          
	  <TextLine ID="eSc_line_119822"
                    
                    BASELINE="237 652 290 660 345 652 480 655 597 647 780 650 805 655 835 647 862 655 1020 655 1075 647" 
                    HPOS="235"
                    VPOS="592"
                    WIDTH="840"
                    HEIGHT="90">
            <Shape><Polygon POINTS="235 650 237 620 257 600 320 620 335 605 362 615 390 592 407 595 437 625 490 617 527 592 552 607 577 600 597 620 630 602 660 617 682 595 717 617 737 597 767 592 807 617 850 597 872 617 905 605 932 620 1055 615 1075 645 997 672 970 662 927 672 902 660 877 675 857 655 782 672 760 655 652 662 600 650 590 660 487 662 467 675 435 662 420 675 387 662 325 662 302 682 277 680 245 652"/></Shape>
	    <String CONTENT="سپردم ترا تخت شاهی وگنج6"
                    HPOS="235"
                    VPOS="592"
                    WIDTH="840"
                    HEIGHT="90"></String>
          </TextLine>
          
          
	  <TextLine ID="eSc_line_119823"
                    
                    BASELINE="1147 727 1215 735 1252 735 1277 730 1375 730 1432 735 1760 735 1855 722 1984 725" 
                    HPOS="1145"
                    VPOS="667"
                    WIDTH="837"
                    HEIGHT="90">
            <Shape><Polygon POINTS="1145 725 1162 687 1210 700 1252 692 1265 702 1325 675 1357 697 1392 672 1417 697 1452 687 1480 702 1502 680 1532 695 1567 685 1622 697 1657 667 1687 687 1725 672 1762 692 1807 682 1842 692 1882 672 1897 687 1920 680 1932 692 1972 692 1982 725 1957 752 1917 735 1837 737 1817 752 1795 737 1777 752 1730 747 1715 735 1645 737 1625 750 1565 737 1537 755 1462 735 1397 752 1357 730 1345 740 1267 737 1252 752 1215 742 1177 757 1147 732"/></Shape>
	    <String CONTENT="چنانچون7 فریدون مرا داده بود"
                    HPOS="1145"
                    VPOS="667"
                    WIDTH="837"
                    HEIGHT="90"></String>
          </TextLine>
          
          
	  <TextLine ID="eSc_line_119819"
                    
                    BASELINE="252 727 345 735 920 735 1075 725" 
                    HPOS="252"
                    VPOS="675"
                    WIDTH="823"
                    HEIGHT="85">
            <Shape><Polygon POINTS="252 727 257 680 347 700 395 677 435 675 470 700 522 680 550 707 600 675 637 700 685 677 712 702 727 690 765 700 805 675 837 707 892 675 937 705 967 675 1007 700 1050 680 1067 692 1075 725 997 755 960 735 930 735 872 742 852 760 820 735 785 752 762 742 745 757 715 755 690 735 615 742 577 760 542 735 427 740 382 757 337 742 297 760 255 732"/></Shape>
	    <String CONTENT="ترا دادم این تاج شاه‌آزمود8"
                    HPOS="252"
                    VPOS="675"
                    WIDTH="823"
                    HEIGHT="85"></String>
          </TextLine>
          
          
	  <TextLine ID="eSc_line_119820"
                    
                    BASELINE="1152 810 1310 810 1340 815 1622 812 1647 817 1672 810 1885 802 1910 805 1989 797" 
                    HPOS="1150"
                    VPOS="750"
                    WIDTH="837"
                    HEIGHT="92">
            <Shape><Polygon POINTS="1150 810 1152 780 1172 765 1212 780 1267 752 1310 755 1332 777 1362 757 1402 795 1435 772 1487 785 1522 765 1590 777 1607 760 1637 777 1650 762 1695 757 1715 777 1755 752 1795 777 1815 757 1862 760 1880 750 1897 767 1962 770 1987 795 1960 832 1882 817 1845 827 1805 805 1737 832 1707 810 1672 822 1640 815 1592 842 1542 822 1505 830 1492 820 1472 835 1405 835 1385 815 1305 840 1287 822 1197 822 1155 810"/></Shape>
	    <String CONTENT="چنان 9 دان که خوردی و بر تو گذشت"
                    HPOS="1150"
                    VPOS="750"
                    WIDTH="837"
                    HEIGHT="92"></String>
          </TextLine>
          
          
	  <TextLine ID="eSc_line_119808"
                    
                    BASELINE="257 802 352 802 377 807 450 810 725 810 837 800 862 810 1015 807 1083 812" 
                    HPOS="255"
                    VPOS="755"
                    WIDTH="827"
                    HEIGHT="87">
            <Shape><Polygon POINTS="255 800 260 760 332 772 397 755 415 772 430 760 495 780 527 757 582 790 615 757 672 782 715 755 750 772 822 757 847 780 867 780 885 762 912 775 927 760 980 780 1010 760 1030 780 1057 772 1082 810 1057 835 990 822 952 840 932 822 895 820 835 832 815 812 795 812 765 840 722 820 707 830 675 822 655 837 627 822 600 842 572 827 550 835 535 822 512 835 482 822 425 825 402 807 370 825 257 812"/></Shape>
	    <String CONTENT="بخوشتر10 زمان باز بایدت گشت11"
                    HPOS="255"
                    VPOS="755"
                    WIDTH="827"
                    HEIGHT="87"></String>
          </TextLine>
          
          
	  <TextLine ID="eSc_line_119809"
                    
                    BASELINE="1172 895 1430 895 1455 890 1580 887 1635 882 1757 882 1810 890 1952 882 1987 887" 
                    HPOS="1172"
                    VPOS="832"
                    WIDTH="815"
                    HEIGHT="88">
            <Shape><Polygon POINTS="1172 895 1175 850 1190 835 1257 870 1307 842 1327 845 1347 865 1375 837 1412 862 1432 862 1510 847 1532 855 1552 837 1625 855 1650 835 1715 860 1735 840 1775 835 1800 860 1822 862 1875 832 1897 852 1925 842 1942 855 1967 840 1980 850 1987 887 1957 902 1845 902 1815 917 1777 887 1742 902 1715 885 1685 902 1637 907 1537 890 1525 902 1455 902 1427 917 1395 897 1370 920 1347 920 1327 900 1270 920 1247 905 1227 915 1205 900 1175 920"/></Shape>
	    <String CONTENT="نشانی که ماند12 همی از تو باز"
                    HPOS="1172"
                    VPOS="832"
                    WIDTH="815"
                    HEIGHT="88"></String>
          </TextLine>
          
          
	  <TextLine ID="eSc_line_119804"
                    
                    BASELINE="257 905 597 905 720 892 1052 892 1087 897" 
                    HPOS="257"
                    VPOS="835"
                    WIDTH="830"
                    HEIGHT="87">
            <Shape><Polygon POINTS="257 905 260 860 285 835 315 855 337 850 360 872 397 835 430 860 477 862 500 840 525 835 562 860 585 855 610 877 642 857 747 860 770 850 792 865 832 847 875 860 900 837 920 835 960 870 1055 852 1087 897 1055 917 1035 905 962 915 940 892 905 912 797 892 777 912 702 902 645 920 612 905 537 922 507 905 402 905 390 915 332 905 312 917 262 920"/></Shape>
	    <String CONTENT="بر آید برو روزگار دراز"
                    HPOS="257"
                    VPOS="835"
                    WIDTH="830"
                    HEIGHT="87"></String>
          </TextLine>
          
          
	  <TextLine ID="eSc_line_119814"
                    
                    BASELINE="1157 982 1222 977 1250 970 1282 975 1390 975 1435 970 1460 975 1485 970 1697 967 1797 962 1905 962 1989 967" 
                    HPOS="1155"
                    VPOS="912"
                    WIDTH="832"
                    HEIGHT="90">
            <Shape><Polygon POINTS="1155 980 1157 950 1180 927 1242 945 1290 912 1320 915 1332 927 1370 920 1387 935 1417 917 1442 940 1470 927 1485 940 1520 935 1547 952 1577 927 1597 932 1635 917 1670 937 1682 930 1702 947 1727 920 1755 937 1795 917 1820 940 1835 927 1860 935 1895 912 1920 937 1967 922 1987 965 1930 990 1907 977 1877 990 1827 982 1802 962 1782 982 1732 982 1710 970 1685 995 1640 977 1565 982 1552 972 1525 1000 1495 982 1455 995 1430 977 1385 1002 1355 975 1265 985 1245 997 1207 987 1187 1000 1160 997"/></Shape>
	    <String CONTENT="نباید که باشد جز از 13 آفرین"
                    HPOS="1155"
                    VPOS="912"
                    WIDTH="832"
                    HEIGHT="90"></String>
          </TextLine>
          
          
	  <TextLine ID="eSc_line_119805"
                    
                    BASELINE="252 977 290 982 342 972 955 975 995 970 1080 970" 
                    HPOS="250"
                    VPOS="912"
                    WIDTH="830"
                    HEIGHT="88">
            <Shape><Polygon POINTS="250 975 255 950 280 930 300 942 340 932 380 942 430 917 455 942 477 932 502 952 532 925 552 940 602 915 640 945 680 912 732 942 762 925 787 950 845 942 887 915 922 937 942 927 965 947 992 922 1020 940 1040 922 1065 920 1080 970 1042 982 990 982 975 972 942 995 880 975 800 995 770 975 700 997 642 972 612 972 575 997 537 992 510 972 462 1000 415 977 357 982 337 997 310 985 282 1000 252 992"/></Shape>
	    <String CONTENT="که پاکی نژاد آورد پاک‌دین"
                    HPOS="250"
                    VPOS="912"
                    WIDTH="830"
                    HEIGHT="88"></String>
          </TextLine>
          
          
	  <TextLine ID="eSc_line_119817"
                    
                    BASELINE="1157 1047 1230 1055 1612 1052 1667 1057 1697 1050 1989 1045" 
                    HPOS="1155"
                    VPOS="990"
                    WIDTH="832"
                    HEIGHT="92">
            <Shape><Polygon POINTS="1155 1045 1157 1025 1205 995 1252 1022 1285 1005 1312 1032 1332 1015 1370 1025 1402 1010 1435 1030 1455 1010 1475 1017 1495 1000 1522 1002 1545 1025 1582 1022 1607 997 1637 1015 1667 1005 1682 1017 1707 1002 1725 1017 1747 995 1775 1012 1802 1000 1835 1030 1865 1020 1897 990 1915 990 1935 1010 1957 992 1975 995 1987 1045 1977 1070 1902 1055 1850 1075 1815 1055 1780 1065 1742 1050 1697 1065 1620 1062 1600 1077 1580 1065 1535 1077 1510 1052 1490 1052 1460 1080 1417 1062 1395 1075 1367 1067 1342 1082 1325 1082 1305 1062 1212 1060 1177 1072 1160 1060"/></Shape>
	    <String CONTENT="[نگر تا نتابی14 ز دین خدای"
                    HPOS="1155"
                    VPOS="990"
                    WIDTH="832"
                    HEIGHT="92"></String>
          </TextLine>
          
          
	  <TextLine ID="eSc_line_119816"
                    
                    BASELINE="247 1022 295 1050 320 1055 1067 1050" 
                    HPOS="247"
                    VPOS="992"
                    WIDTH="820"
                    HEIGHT="93">
            <Shape><Polygon POINTS="247 1022 260 1000 305 1000 320 1012 350 992 395 1027 472 995 505 1020 557 1010 572 1025 587 1012 630 1020 650 1000 672 997 700 1025 750 995 792 1022 825 1002 855 1032 877 1012 910 1022 952 1007 972 1022 1000 1002 1022 1020 1060 1000 1067 1050 1045 1062 967 1052 875 1085 842 1060 712 1072 692 1055 645 1080 607 1077 577 1060 547 1077 530 1065 462 1055 445 1065 400 1055 372 1077 345 1065 315 1070 300 1057 272 1080 250 1070"/></Shape>
	    <String CONTENT="که دین خدای آورد پاک رای15]"
                    HPOS="247"
                    VPOS="992"
                    WIDTH="820"
                    HEIGHT="93"></String>
          </TextLine>
          
          
	  <TextLine ID="eSc_line_119792"
                    
                    BASELINE="1172 1135 1895 1135 1999 1130" 
                    HPOS="1170"
                    VPOS="1075"
                    WIDTH="827"
                    HEIGHT="82">
            <Shape><Polygon POINTS="1170 1135 1172 1095 1197 1085 1227 1097 1247 1077 1292 1105 1315 1085 1352 1077 1375 1100 1445 1092 1480 1115 1517 1090 1552 1112 1577 1087 1635 1100 1667 1080 1702 1115 1725 1095 1755 1100 1772 1082 1802 1102 1825 1080 1887 1097 1902 1082 1930 1095 1970 1075 1990 1092 1997 1130 1885 1140 1867 1155 1807 1135 1755 1140 1730 1157 1695 1135 1637 1140 1617 1157 1570 1135 1545 1135 1510 1155 1490 1155 1475 1140 1457 1157 1427 1142 1407 1152 1357 1142 1312 1152 1295 1135 1240 1157 1175 1150"/></Shape>
	    <String CONTENT="کنون نو شود در جهان داوری"
                    HPOS="1170"
                    VPOS="1075"
                    WIDTH="827"
                    HEIGHT="82"></String>
          </TextLine>
          
          
	  <TextLine ID="eSc_line_119815"
                    
                    BASELINE="247 1137 375 1132 982 1132 1042 1140 1087 1140" 
                    HPOS="247"
                    VPOS="1075"
                    WIDTH="840"
                    HEIGHT="85">
            <Shape><Polygon POINTS="247 1137 250 1107 292 1082 327 1102 430 1100 460 1082 477 1100 597 1092 617 1110 640 1090 667 1100 705 1075 727 1097 747 1100 785 1097 805 1080 830 1080 852 1102 982 1092 1002 1110 1045 1092 1080 1115 1087 1140 1037 1157 1002 1155 982 1137 920 1160 897 1142 840 1155 800 1132 777 1155 715 1142 680 1155 617 1137 600 1155 572 1145 540 1155 530 1145 437 1142 360 1155 330 1145 295 1157 250 1137"/></Shape>
	    <String CONTENT="چو موسی16 بیاید بپیغمبری"
                    HPOS="247"
                    VPOS="1075"
                    WIDTH="840"
                    HEIGHT="85"></String>
          </TextLine>
          
          
	  <TextLine ID="eSc_line_119824"
                    
                    BASELINE="1167 1222 1300 1212 1565 1215 1595 1210 1705 1207 1862 1207 1912 1215 1962 1215 2009 1220" 
                    HPOS="1165"
                    VPOS="1152"
                    WIDTH="842"
                    HEIGHT="90">
            <Shape><Polygon POINTS="1165 1220 1167 1187 1182 1172 1245 1182 1355 1162 1385 1180 1412 1155 1432 1170 1452 1160 1475 1180 1515 1182 1537 1162 1557 1177 1587 1152 1622 1172 1642 1157 1665 1155 1682 1167 1712 1155 1765 1177 1805 1152 1837 1177 1860 1165 1880 1177 1930 1162 1947 1175 1970 1167 2007 1220 1977 1232 1940 1217 1900 1230 1845 1222 1822 1205 1797 1227 1772 1230 1677 1207 1660 1225 1520 1217 1490 1235 1475 1222 1420 1222 1392 1240 1362 1237 1322 1215 1292 1242 1272 1242 1255 1225 1167 1240"/></Shape>
	    <String CONTENT="پدید آید17 آنگه بخاور 18 زمین"
                    HPOS="1165"
                    VPOS="1152"
                    WIDTH="842"
                    HEIGHT="90"></String>
          </TextLine>
          
          
	  <TextLine ID="eSc_line_119800"
                    
                    BASELINE="267 1200 317 1215 1087 1215" 
                    HPOS="267"
                    VPOS="1155"
                    WIDTH="820"
                    HEIGHT="87">
            <Shape><Polygon POINTS="267 1200 272 1160 340 1182 390 1182 435 1157 457 1180 477 1175 492 1187 527 1155 565 1190 625 1172 650 1187 712 1180 735 1157 765 1175 797 1167 810 1180 827 1165 847 1172 862 1157 890 1172 915 1160 947 1185 1017 1155 1042 1175 1062 1165 1080 1182 1087 1215 1062 1225 987 1222 957 1235 925 1220 882 1225 857 1215 835 1225 745 1222 727 1235 707 1225 660 1235 645 1222 632 1235 610 1225 565 1235 542 1215 507 1240 487 1227 465 1235 407 1222 345 1225 322 1242 270 1220"/></Shape>
	    <String CONTENT="نگر تا نتابی بر او بکین19"
                    HPOS="267"
                    VPOS="1155"
                    WIDTH="820"
                    HEIGHT="87"></String>
          </TextLine>
          
          
	  <TextLine ID="eSc_line_119793"
                    
                    BASELINE="1162 1297 1200 1292 1262 1292 1300 1300 1340 1290 1425 1300 1480 1300 1555 1292 1772 1295 1880 1287 1905 1282 1937 1292 1962 1295 2003 1287" 
                    HPOS="1160"
                    VPOS="1232"
                    WIDTH="842"
                    HEIGHT="90">
            <Shape><Polygon POINTS="1160 1295 1162 1265 1180 1250 1277 1265 1320 1237 1352 1255 1377 1250 1390 1262 1422 1252 1445 1270 1465 1252 1505 1262 1532 1250 1562 1267 1590 1242 1625 1247 1655 1237 1677 1240 1700 1262 1732 1265 1792 1232 1815 1255 1852 1240 1880 1240 1897 1257 1925 1247 1942 1260 1972 1252 2002 1285 1972 1315 1922 1302 1900 1320 1852 1292 1832 1312 1760 1302 1715 1320 1682 1300 1627 1312 1610 1297 1562 1292 1527 1317 1497 1305 1475 1322 1400 1305 1367 1320 1345 1305 1317 1315 1277 1305 1257 1320 1235 1305 1217 1322 1195 1322 1165 1295"/></Shape>
	    <String CONTENT="بدو20 بگرو آن21 دین یزدان بود"
                    HPOS="1160"
                    VPOS="1232"
                    WIDTH="842"
                    HEIGHT="90"></String>
          </TextLine>
          
          
	  <TextLine ID="eSc_line_119810"
                    
                    BASELINE="248 1277 345 1295 1047 1295 1093 1287" 
                    HPOS="247"
                    VPOS="1230"
                    WIDTH="845"
                    HEIGHT="95">
            <Shape><Polygon POINTS="247 1275 265 1245 295 1242 350 1262 397 1242 450 1247 462 1237 495 1260 587 1255 600 1265 617 1247 662 1262 685 1240 737 1237 785 1272 797 1260 855 1250 882 1270 932 1240 962 1255 972 1245 995 1252 1030 1230 1047 1247 1070 1247 1092 1285 1060 1307 940 1295 907 1322 872 1307 845 1322 820 1305 782 1315 762 1297 737 1305 675 1295 645 1322 607 1300 575 1322 515 1305 432 1315 412 1297 387 1297 367 1317 335 1325 295 1300 270 1302 250 1282"/></Shape>
	    <String CONTENT="نگه کن زسر تا 22 چه پیمان 23 بود 24"
                    HPOS="247"
                    VPOS="1230"
                    WIDTH="845"
                    HEIGHT="95"></String>
          </TextLine>
          
          
	  <TextLine ID="eSc_line_119794"
                    
                    BASELINE="1177 1370 1657 1375 1710 1370 1920 1370 1999 1360" 
                    HPOS="1175"
                    VPOS="1312"
                    WIDTH="822"
                    HEIGHT="88">
            <Shape><Polygon POINTS="1175 1370 1177 1340 1190 1332 1247 1330 1275 1345 1305 1317 1337 1337 1385 1342 1410 1322 1437 1322 1482 1345 1512 1345 1535 1322 1562 1317 1595 1345 1665 1332 1692 1357 1737 1315 1765 1312 1787 1330 1807 1312 1827 1312 1850 1335 1870 1330 1895 1352 1967 1317 1990 1332 1997 1360 1917 1397 1880 1372 1742 1382 1717 1400 1685 1377 1600 1385 1580 1397 1547 1385 1452 1397 1407 1375 1362 1400 1327 1372 1302 1395 1262 1387 1235 1397 1217 1385 1177 1395"/></Shape>
	    <String CONTENT="تو مگذار هرگز25 ره ایزدی"
                    HPOS="1175"
                    VPOS="1312"
                    WIDTH="822"
                    HEIGHT="88"></String>
          </TextLine>
          
          
	  <TextLine ID="eSc_line_119818"
                    
                    BASELINE="267 1355 320 1375 712 1372 747 1380 805 1380 855 1372 1083 1375" 
                    HPOS="265"
                    VPOS="1315"
                    WIDTH="817"
                    HEIGHT="85">
            <Shape><Polygon POINTS="265 1355 267 1322 295 1320 312 1335 337 1325 395 1337 420 1362 442 1340 475 1330 505 1355 567 1327 617 1352 650 1327 680 1340 747 1340 772 1315 810 1347 850 1342 875 1320 897 1320 917 1340 940 1340 952 1327 982 1340 1005 1325 1025 1342 1070 1320 1082 1375 1007 1387 985 1375 932 1390 860 1382 840 1397 785 1380 765 1400 627 1372 602 1397 550 1382 530 1400 497 1380 475 1400 437 1400 415 1377 385 1397 367 1382 310 1392 267 1375"/></Shape>
	    <String CONTENT="که نیکی ازویست وهم زو بدی26"
                    HPOS="265"
                    VPOS="1315"
                    WIDTH="817"
                    HEIGHT="85"></String>
          </TextLine>
          
          
	  <TextLine ID="eSc_line_119796"
                    
                    BASELINE="1177 1452 1922 1452 1987 1457" 
                    HPOS="1177"
                    VPOS="1392"
                    WIDTH="810"
                    HEIGHT="90">
            <Shape><Polygon POINTS="1177 1452 1180 1410 1195 1397 1242 1425 1295 1422 1317 1402 1380 1400 1407 1415 1445 1402 1465 1422 1497 1402 1522 1422 1547 1412 1565 1425 1587 1410 1620 1420 1652 1395 1677 1417 1730 1415 1752 1437 1820 1410 1840 1415 1857 1397 1937 1395 1950 1405 1975 1392 1987 1457 1942 1480 1922 1465 1897 1470 1877 1452 1852 1452 1830 1475 1805 1465 1787 1477 1762 1475 1745 1457 1727 1475 1705 1465 1627 1472 1562 1460 1535 1482 1502 1462 1460 1477 1427 1465 1355 1475 1307 1452 1237 1480 1212 1465 1180 1465"/></Shape>
	    <String CONTENT="ازان27 پس بیاید ز ترکان 28 سپاه"
                    HPOS="1177"
                    VPOS="1392"
                    WIDTH="810"
                    HEIGHT="90"></String>
          </TextLine>
          
          
	  <TextLine ID="eSc_line_119807"
                    
                    BASELINE="257 1437 322 1450 355 1450 382 1455 1084 1455" 
                    HPOS="255"
                    VPOS="1395"
                    WIDTH="827"
                    HEIGHT="85">
            <Shape><Polygon POINTS="255 1435 267 1405 302 1407 320 1395 347 1395 367 1412 400 1405 415 1420 465 1402 502 1425 535 1397 560 1412 592 1400 615 1412 640 1407 657 1422 687 1400 715 1420 755 1402 787 1422 830 1415 850 1435 900 1397 925 1422 977 1405 1005 1422 1040 1422 1067 1407 1082 1455 1025 1477 1002 1465 932 1465 917 1455 885 1480 842 1462 822 1477 802 1465 762 1477 745 1465 602 1455 555 1455 525 1475 502 1467 487 1477 435 1477 402 1455 355 1470 305 1467 257 1450"/></Shape>
	    <String CONTENT="نهند از برتخت29 ایران کلاه30"
                    HPOS="255"
                    VPOS="1395"
                    WIDTH="827"
                    HEIGHT="85"></String>
          </TextLine>
          
          
	  <TextLine ID="eSc_line_119825"
                    
                    BASELINE="1177 1545 1325 1540 1360 1532 1777 1532 1807 1537 1842 1530 2004 1530" 
                    HPOS="1175"
                    VPOS="1472"
                    WIDTH="827"
                    HEIGHT="93">
            <Shape><Polygon POINTS="1175 1545 1177 1510 1202 1487 1230 1505 1290 1505 1305 1492 1320 1500 1345 1482 1380 1495 1407 1490 1425 1505 1447 1492 1480 1505 1497 1487 1515 1487 1530 1502 1562 1492 1590 1515 1642 1480 1677 1502 1722 1487 1745 1497 1765 1477 1800 1500 1822 1500 1847 1480 1875 1487 1892 1472 1935 1502 1977 1482 2002 1530 1925 1555 1885 1530 1842 1545 1775 1542 1752 1557 1725 1542 1610 1552 1587 1530 1542 1560 1510 1547 1342 1535 1307 1565 1287 1547 1217 1547 1180 1562"/></Shape>
	    <String CONTENT="ترا کارهای درشتست31 پیش"
                    HPOS="1175"
                    VPOS="1472"
                    WIDTH="827"
                    HEIGHT="93"></String>
          </TextLine>
          
          
	  <TextLine ID="eSc_line_119821"
                    
                    BASELINE="267 1522 350 1535 927 1532 982 1540 1042 1532 1077 1535" 
                    HPOS="267"
                    VPOS="1475"
                    WIDTH="810"
                    HEIGHT="87">
            <Shape><Polygon POINTS="267 1522 270 1482 300 1482 317 1500 342 1485 362 1500 425 1492 445 1505 472 1477 497 1490 535 1475 552 1492 575 1485 622 1500 645 1495 662 1510 690 1490 715 1500 740 1477 800 1505 825 1500 850 1477 887 1492 925 1475 965 1507 1025 1500 1067 1475 1077 1535 1007 1560 992 1547 955 1560 925 1535 885 1557 802 1537 785 1555 755 1542 717 1552 662 1537 635 1557 607 1542 565 1555 540 1535 512 1545 440 1535 392 1552 352 1545 332 1562 312 1562 270 1535"/></Shape>
	    <String CONTENT="گهی گرگ باید بدن گاه میش32"
                    HPOS="267"
                    VPOS="1475"
                    WIDTH="810"
                    HEIGHT="87"></String>
          </TextLine>
          
          
	  <TextLine ID="eSc_line_119797"
                    
                    BASELINE="1162 1617 1202 1612 1317 1612 1380 1622 1500 1622 1677 1612 2007 1615" 
                    HPOS="1160"
                    VPOS="1550"
                    WIDTH="845"
                    HEIGHT="95">
            <Shape><Polygon POINTS="1160 1615 1172 1582 1220 1557 1250 1577 1272 1572 1287 1587 1325 1570 1345 1587 1382 1577 1405 1597 1422 1580 1477 1585 1492 1575 1525 1595 1547 1572 1575 1585 1607 1570 1625 1582 1652 1557 1677 1557 1705 1585 1742 1580 1765 1560 1802 1582 1827 1567 1852 1580 1872 1562 1920 1577 1955 1550 1997 1572 2005 1615 1980 1635 1950 1620 1895 1635 1787 1612 1745 1622 1720 1642 1680 1612 1652 1632 1575 1620 1542 1645 1517 1630 1490 1640 1475 1627 1450 1642 1395 1630 1377 1645 1352 1630 1180 1632 1162 1617"/></Shape>
	    <String CONTENT="[گزند تو آید ز پور پشنگ"
                    HPOS="1160"
                    VPOS="1550"
                    WIDTH="845"
                    HEIGHT="95"></String>
          </TextLine>
          
          
	  <TextLine ID="eSc_line_119802"
                    
                    BASELINE="266 1615 822 1612 952 1625 1092 1620" 
                    HPOS="265"
                    VPOS="1555"
                    WIDTH="825"
                    HEIGHT="90">
            <Shape><Polygon POINTS="265 1615 270 1562 315 1562 337 1580 365 1555 422 1575 435 1562 467 1562 485 1580 530 1562 567 1595 595 1577 612 1585 635 1562 665 1580 680 1572 700 1582 725 1560 747 1575 777 1562 800 1580 842 1580 870 1562 895 1585 917 1562 947 1557 980 1582 1010 1562 1042 1587 1070 1572 1082 1582 1090 1620 1065 1642 1047 1642 1025 1622 980 1642 942 1630 920 1637 890 1620 840 1645 792 1612 762 1627 732 1625 705 1642 627 1615 602 1640 567 1640 542 1617 475 1640 450 1615 347 1627 310 1615 285 1640 267 1640"/></Shape>
	    <String CONTENT="ز توران شود کارها بر تو33  تنگ34]"
                    HPOS="265"
                    VPOS="1555"
                    WIDTH="825"
                    HEIGHT="90"></String>
          </TextLine>
          
          
	  <TextLine ID="eSc_line_119798"
                    
                    BASELINE="1182 1700 1665 1705 1732 1700 1772 1692 2019 1695" 
                    HPOS="1180"
                    VPOS="1637"
                    WIDTH="837"
                    HEIGHT="88">
            <Shape><Polygon POINTS="1180 1700 1187 1660 1210 1652 1235 1662 1260 1642 1302 1675 1340 1655 1355 1667 1420 1660 1440 1672 1477 1647 1512 1667 1557 1667 1585 1655 1620 1682 1645 1660 1697 1650 1722 1667 1770 1637 1805 1660 1845 1647 1870 1662 1897 1647 1942 1660 1965 1637 1982 1637 2012 1667 2017 1695 1980 1715 1887 1702 1862 1720 1807 1710 1792 1695 1765 1712 1720 1702 1692 1720 1677 1705 1650 1715 1607 1705 1587 1720 1522 1710 1502 1725 1447 1705 1400 1720 1385 1707 1307 1702 1245 1725 1182 1717"/></Shape>
	    <String CONTENT="[بجوی ای پسر چون رسد داوری"
                    HPOS="1180"
                    VPOS="1637"
                    WIDTH="837"
                    HEIGHT="88"></String>
          </TextLine>
          
          
	  <TextLine ID="eSc_line_119803"
                    
                    BASELINE="265 1660 285 1700 360 1705 577 1705 605 1700 690 1700 720 1705 997 1705 1092 1697" 
                    HPOS="265"
                    VPOS="1637"
                    WIDTH="827"
                    HEIGHT="88">
            <Shape><Polygon POINTS="265 1660 267 1645 285 1640 315 1640 332 1660 350 1647 380 1662 412 1642 435 1665 460 1655 482 1675 560 1655 585 1665 610 1640 632 1637 650 1655 695 1642 720 1667 750 1637 770 1637 822 1677 857 1655 875 1672 902 1662 922 1680 972 1640 997 1665 1047 1667 1072 1652 1092 1697 1062 1725 1030 1707 965 1705 945 1725 917 1707 895 1722 867 1710 840 1725 812 1705 772 1722 757 1710 697 1702 682 1712 575 1715 537 1705 520 1717 480 1705 452 1717 415 1707 395 1722 305 1702 282 1722 267 1720"/></Shape>
	    <String CONTENT="ز سام و ز زال آنگهی یاوری35]"
                    HPOS="265"
                    VPOS="1637"
                    WIDTH="827"
                    HEIGHT="88"></String>
          </TextLine>
          
          
	  <TextLine ID="eSc_line_119838"
                    
                    BASELINE="1117 2842 1207 2847" 
                    HPOS="1115"
                    VPOS="2792"
                    WIDTH="85"
                    HEIGHT="73">
            <Shape><Polygon POINTS="1115 2840 1125 2797 1175 2792 1200 2810 1197 2862 1117 2865"/></Shape>
	    <String CONTENT="۲۴۸"
                    HPOS="1115"
                    VPOS="2792"
                    WIDTH="85"
                    HEIGHT="73"></String>
          </TextLine>
          </TextBlock>
          
        </PrintSpace>
      </Page>
    </Layout>
  </alto>
