<?xml version="1.0" encoding="UTF-8"?>
<alto xmlns:xsi="http://www.w3.org/2001/XMLSchema-instance"
      xmlns="http://www.loc.gov/standards/alto/ns-v4#"
      xsi:schemaLocation="http://www.loc.gov/standards/alto/ns-v4# https://gitlab.inria.fr/scripta/escriptorium/-/raw/develop/app/escriptorium/static/alto-4-1-baselines.xsd">
  <Description>
    <MeasurementUnit>pixel</MeasurementUnit>
    <sourceImageInformation>
      <fileName>Ferdowsi_Moscow.pdf_000054.png</fileName>
    </sourceImageInformation>
  </Description>
  
  <Tags>
    <OtherTag ID="BT1" LABEL="Title" DESCRIPTION="block type Title"/><OtherTag ID="BT2" LABEL="Main" DESCRIPTION="block type Main"/><OtherTag ID="BT3" LABEL="Commentary" DESCRIPTION="block type Commentary"/><OtherTag ID="BT4" LABEL="Illustration" DESCRIPTION="block type Illustration"/>
    
  </Tags>
  
  <Layout>
    <Page WIDTH="2430"
          HEIGHT="3000"
          PHYSICAL_IMG_NR="20"
          ID="eSc_dummypage_">
      <PrintSpace HPOS="0"
                  VPOS="0"
                  WIDTH="2430"
                  HEIGHT="3000">
        
        <TextBlock ID="eSc_dummyblock_">
          
	  <TextLine ID="eSc_line_119337"
                    
                    BASELINE="1050 437 1204 433" 
                    HPOS="1050"
                    VPOS="390"
                    WIDTH="152"
                    HEIGHT="70">
            <Shape><Polygon POINTS="1050 435 1052 400 1090 390 1122 405 1140 395 1177 400 1202 432 1187 460 1055 457"/></Shape>
	    <String CONTENT="شاهنامه"
                    HPOS="1050"
                    VPOS="390"
                    WIDTH="152"
                    HEIGHT="70"></String>
          </TextLine>
          
          
	  <TextLine ID="eSc_line_119341"
                    
                    BASELINE="1150 580 1307 577 1450 580 1482 585 1692 577 1995 580" 
                    HPOS="1150"
                    VPOS="515"
                    WIDTH="845"
                    HEIGHT="95">
            <Shape><Polygon POINTS="1150 580 1152 550 1180 530 1200 537 1250 515 1297 540 1327 522 1350 530 1387 520 1402 535 1425 522 1460 547 1477 542 1497 555 1535 520 1565 540 1590 530 1607 545 1655 537 1670 550 1695 525 1752 542 1765 530 1790 535 1815 515 1847 532 1892 520 1915 542 1970 535 1987 550 1995 580 1970 592 1875 597 1825 580 1727 610 1692 580 1632 602 1582 590 1545 592 1520 607 1497 595 1465 605 1432 580 1370 610 1350 607 1322 580 1297 602 1272 590 1172 590 1155 580"/></Shape>
	    <String CONTENT="همان گنج1 دینار و کاخ2 بلند"
                    HPOS="1150"
                    VPOS="515"
                    WIDTH="845"
                    HEIGHT="95"></String>
          </TextLine>
          
          
	  <TextLine ID="eSc_line_119354"
                    
                    BASELINE="257 577 1073 577" 
                    HPOS="255"
                    VPOS="522"
                    WIDTH="817"
                    HEIGHT="85">
            <Shape><Polygon POINTS="255 575 267 540 295 542 315 530 337 545 377 537 445 547 500 522 537 547 575 527 602 552 662 540 690 550 725 530 775 547 807 542 822 557 850 535 882 547 917 522 935 522 965 547 992 525 1027 547 1065 530 1072 575 1055 592 967 592 950 605 917 590 845 592 825 580 800 605 777 592 715 602 687 582 620 602 582 582 515 605 477 580 397 607 355 590 260 592"/></Shape>
	    <String CONTENT="نخواهد بدن مر ترا سودمند"
                    HPOS="255"
                    VPOS="522"
                    WIDTH="817"
                    HEIGHT="85"></String>
          </TextLine>
          
          
	  <TextLine ID="eSc_line_119359"
                    
                    BASELINE="1170 662 1295 660 1327 665 1422 660 1995 660" 
                    HPOS="1170"
                    VPOS="602"
                    WIDTH="825"
                    HEIGHT="88">
            <Shape><Polygon POINTS="1170 662 1172 622 1192 602 1215 615 1235 602 1280 602 1337 637 1440 617 1477 637 1492 622 1520 627 1542 607 1585 637 1630 602 1657 630 1677 615 1702 627 1722 607 1745 605 1767 627 1792 620 1815 642 1837 620 1867 630 1902 610 1925 632 1975 627 1995 660 1972 672 1870 672 1845 690 1802 662 1690 672 1650 660 1610 687 1565 660 1497 685 1467 667 1390 672 1367 685 1335 670 1307 680 1237 667 1172 685"/></Shape>
	    <String CONTENT="سخن ماند از تو همی یادگار"
                    HPOS="1170"
                    VPOS="602"
                    WIDTH="825"
                    HEIGHT="88"></String>
          </TextLine>
          
          
	  <TextLine ID="eSc_line_119358"
                    
                    BASELINE="246 655 302 652 380 657 545 660 600 665 1080 657" 
                    HPOS="245"
                    VPOS="600"
                    WIDTH="835"
                    HEIGHT="92">
            <Shape><Polygon POINTS="245 655 247 617 260 607 290 622 315 602 360 630 385 620 397 632 420 612 442 625 467 600 537 640 575 605 607 627 645 607 680 637 705 617 722 630 765 630 780 615 845 625 877 602 922 640 947 620 967 627 1000 607 1022 627 1065 627 1080 655 1062 670 980 672 950 692 917 672 882 682 860 660 832 682 772 672 715 690 690 685 670 665 625 670 602 687 562 687 525 665 457 680 402 660 375 672 320 670 290 687 250 655"/></Shape>
	    <String CONTENT="سخن را چنین خوار مایه مدار3"
                    HPOS="245"
                    VPOS="600"
                    WIDTH="835"
                    HEIGHT="92"></String>
          </TextLine>
          
          
	  <TextLine ID="eSc_line_119355"
                    
                    BASELINE="1160 737 1240 742 1365 737 1390 747 1415 742 1940 745 2005 737" 
                    HPOS="1160"
                    VPOS="682"
                    WIDTH="845"
                    HEIGHT="88">
            <Shape><Polygon POINTS="1160 737 1175 700 1200 710 1240 697 1257 705 1295 685 1330 717 1377 700 1425 707 1457 682 1497 712 1525 700 1540 715 1587 685 1630 705 1662 707 1695 687 1715 707 1765 710 1805 685 1840 712 1852 700 1877 705 1895 687 1947 710 1980 687 2000 702 2005 737 1987 765 1890 750 1860 770 1800 760 1782 745 1672 750 1637 767 1600 750 1562 760 1540 745 1510 770 1470 745 1410 767 1360 752 1325 767 1295 742 1240 765 1162 752"/></Shape>
	    <String CONTENT="[سخن را سخن‌دان ز گوهر گزید"
                    HPOS="1160"
                    VPOS="682"
                    WIDTH="845"
                    HEIGHT="88"></String>
          </TextLine>
          
          
	  <TextLine ID="eSc_line_119367"
                    
                    BASELINE="240 745 1071 740" 
                    HPOS="240"
                    VPOS="682"
                    WIDTH="830"
                    HEIGHT="88">
            <Shape><Polygon POINTS="240 745 242 700 255 687 310 710 352 697 380 710 430 707 452 725 497 692 517 692 535 710 582 705 597 717 620 695 647 712 677 685 712 707 745 707 770 682 847 720 902 700 950 707 970 687 995 682 1027 715 1047 700 1060 705 1070 740 1047 770 1027 770 1000 742 935 765 907 752 865 762 840 752 812 765 780 760 762 742 727 767 695 750 665 760 605 745 577 765 552 752 517 765 500 752 462 767 435 747 382 750 360 762 292 750 252 762 242 752"/></Shape>
	    <String CONTENT="ز گوهر ورا پایه برتر سزید]"
                    HPOS="240"
                    VPOS="682"
                    WIDTH="830"
                    HEIGHT="88"></String>
          </TextLine>
          
          
	  <TextLine ID="eSc_line_119362"
                    
                    BASELINE="1162 817 1200 817 1225 812 2012 815" 
                    HPOS="1160"
                    VPOS="755"
                    WIDTH="850"
                    HEIGHT="85">
            <Shape><Polygon POINTS="1160 815 1165 782 1242 782 1265 772 1290 792 1325 785 1352 757 1392 782 1422 770 1512 785 1567 767 1582 782 1622 785 1662 760 1685 775 1697 765 1720 775 1745 760 1770 770 1810 760 1837 782 1860 782 1887 755 1927 777 1945 762 1982 765 2005 787 2010 815 1980 835 1942 822 1917 835 1882 822 1837 835 1817 815 1795 830 1660 815 1607 832 1542 822 1502 837 1455 835 1442 822 1397 822 1372 840 1345 825 1300 837 1280 820 1162 835"/></Shape>
	    <String CONTENT="[توئی آنکه گیتی بجوئی همی"
                    HPOS="1160"
                    VPOS="755"
                    WIDTH="850"
                    HEIGHT="85"></String>
          </TextLine>
          
          
	  <TextLine ID="eSc_line_119361"
                    
                    BASELINE="240 805 280 822 360 812 1078 815" 
                    HPOS="240"
                    VPOS="755"
                    WIDTH="837"
                    HEIGHT="87">
            <Shape><Polygon POINTS="240 805 252 762 275 762 315 785 365 785 382 772 440 785 482 757 532 782 607 755 647 790 692 775 715 785 740 765 760 777 800 765 820 785 835 772 857 782 890 757 920 775 967 755 982 770 997 762 1017 777 1055 777 1077 815 1045 837 1005 820 927 830 892 815 845 842 820 840 795 815 780 825 722 817 702 837 680 825 645 835 630 822 575 822 557 837 530 825 507 837 472 825 437 837 400 825 257 837 242 825"/></Shape>
	    <String CONTENT="چنان کن که بر داد پوئی همی]"
                    HPOS="240"
                    VPOS="755"
                    WIDTH="837"
                    HEIGHT="87"></String>
          </TextLine>
          
          
	  <TextLine ID="eSc_line_119368"
                    
                    BASELINE="1162 880 1522 885 1547 880 1595 890 1657 890 1687 885 1755 890 1805 885 1996 877" 
                    HPOS="1160"
                    VPOS="822"
                    WIDTH="835"
                    HEIGHT="90">
            <Shape><Polygon POINTS="1160 880 1170 842 1277 852 1307 837 1322 852 1350 837 1365 852 1380 840 1415 852 1445 835 1465 852 1490 852 1527 827 1550 850 1580 832 1602 855 1650 852 1680 822 1712 845 1737 835 1767 850 1790 840 1805 852 1870 845 1880 855 1930 855 1965 830 1987 845 1995 875 1970 895 1905 895 1887 905 1782 895 1760 910 1717 902 1702 887 1685 897 1627 895 1585 912 1537 887 1472 905 1445 895 1342 895 1322 882 1262 902 1225 895 1207 907 1162 892"/></Shape>
	    <String CONTENT="فریدون فرخ فرشته نبود"
                    HPOS="1160"
                    VPOS="822"
                    WIDTH="835"
                    HEIGHT="90"></String>
          </TextLine>
          
          
	  <TextLine ID="eSc_line_119364"
                    
                    BASELINE="265 882 1082 882" 
                    HPOS="265"
                    VPOS="830"
                    WIDTH="815"
                    HEIGHT="85">
            <Shape><Polygon POINTS="265 880 270 842 350 855 367 837 395 850 410 837 432 847 500 837 520 855 587 852 610 872 635 852 692 855 707 840 732 850 760 842 782 865 802 845 827 855 880 852 910 830 940 845 965 837 985 855 1012 845 1032 865 1065 845 1080 880 1075 900 1050 915 1015 890 862 892 842 910 805 915 767 892 627 907 600 885 530 907 495 895 415 895 395 882 345 905 317 897 290 910 270 897"/></Shape>
	    <String CONTENT="ز مشک و ز عنبر سرشته نبود"
                    HPOS="265"
                    VPOS="830"
                    WIDTH="815"
                    HEIGHT="85"></String>
          </TextLine>
          
          
	  <TextLine ID="eSc_line_119365"
                    
                    BASELINE="1160 970 1200 975 1225 970 1327 967 1352 962 1987 965" 
                    HPOS="1160"
                    VPOS="905"
                    WIDTH="825"
                    HEIGHT="87">
            <Shape><Polygon POINTS="1160 970 1165 940 1200 910 1237 932 1275 910 1317 935 1340 920 1365 927 1375 917 1450 910 1475 935 1497 920 1530 927 1552 905 1635 947 1670 920 1697 935 1757 925 1787 947 1805 930 1825 935 1847 912 1877 922 1907 910 1945 935 1970 930 1985 965 1977 987 1837 965 1810 990 1775 970 1760 980 1685 977 1647 992 1630 980 1597 987 1572 972 1490 975 1477 962 1417 985 1370 965 1312 987 1290 977 1245 977 1217 992 1162 985"/></Shape>
	    <String CONTENT="بداد4 و دهش یافت آن5 نیکوئی"
                    HPOS="1160"
                    VPOS="905"
                    WIDTH="825"
                    HEIGHT="87"></String>
          </TextLine>
          
          
	  <TextLine ID="eSc_line_119349"
                    
                    BASELINE="240 970 377 975 402 970 487 967 615 970 680 962 1082 965" 
                    HPOS="240"
                    VPOS="900"
                    WIDTH="840"
                    HEIGHT="92">
            <Shape><Polygon POINTS="240 970 245 950 292 907 320 927 362 912 380 930 410 915 425 930 470 922 480 932 525 932 542 930 572 900 607 935 630 922 645 935 672 915 707 937 730 917 762 932 810 920 850 947 865 932 890 940 930 907 982 945 1005 925 1027 930 1055 912 1075 932 1080 965 1007 987 990 987 970 967 952 980 895 972 867 992 837 972 747 975 730 990 702 990 682 970 637 992 605 992 587 972 527 985 465 975 437 992 387 987 375 975 265 990 242 972"/></Shape>
	    <String CONTENT="تو داد و دهش کن فریدون توئی"
                    HPOS="240"
                    VPOS="900"
                    WIDTH="840"
                    HEIGHT="92"></String>
          </TextLine>
          
          
	  <TextLine ID="eSc_line_119350"
                    
                    BASELINE="1150 1045 1297 1050 1535 1042 1622 1050 1780 1050 1895 1055 1927 1052 1995 1040" 
                    HPOS="1150"
                    VPOS="990"
                    WIDTH="845"
                    HEIGHT="87">
            <Shape><Polygon POINTS="1150 1045 1152 1022 1190 997 1225 1010 1250 1002 1272 1015 1302 990 1330 1012 1350 1005 1365 1017 1400 1017 1435 995 1462 1012 1480 997 1510 1012 1545 992 1575 1017 1602 1000 1630 1007 1657 992 1677 1012 1697 997 1715 997 1732 1015 1742 1005 1767 1012 1795 995 1815 1010 1850 1000 1867 1015 1890 1007 1910 1020 1970 990 1987 1005 1995 1040 1970 1060 1915 1075 1870 1057 1840 1057 1825 1070 1767 1057 1737 1077 1707 1055 1652 1060 1635 1072 1592 1067 1555 1042 1522 1060 1442 1045 1375 1070 1325 1050 1297 1067 1257 1057 1232 1070 1212 1057 1170 1062 1152 1047"/></Shape>
	    <String CONTENT="فریدون ز کاری که کرد ایزدی"
                    HPOS="1150"
                    VPOS="990"
                    WIDTH="845"
                    HEIGHT="87"></String>
          </TextLine>
          
          
	  <TextLine ID="eSc_line_119357"
                    
                    BASELINE="252 1047 412 1042 747 1042 775 1050 815 1045 840 1050 877 1050 922 1042 1037 1045 1087 1037" 
                    HPOS="250"
                    VPOS="987"
                    WIDTH="835"
                    HEIGHT="88">
            <Shape><Polygon POINTS="250 1045 252 1017 280 1000 317 1000 330 1012 347 1005 370 1022 405 987 437 1007 467 1000 507 1012 535 997 555 1015 592 1012 627 992 660 1017 682 995 720 990 742 1012 817 1005 850 1030 875 1005 912 1015 967 1000 985 1012 1017 992 1035 1010 1065 997 1085 1035 1062 1057 942 1057 920 1067 907 1060 890 1075 865 1070 845 1050 807 1070 792 1055 767 1065 742 1055 685 1065 665 1055 627 1070 607 1050 575 1070 560 1057 457 1055 430 1042 395 1072 362 1060 340 1067 310 1052 282 1065 252 1060"/></Shape>
	    <String CONTENT="نخستین جهان را بشست از بدی"
                    HPOS="250"
                    VPOS="987"
                    WIDTH="835"
                    HEIGHT="88"></String>
          </TextLine>
          
          
	  <TextLine ID="eSc_line_119370"
                    
                    BASELINE="1150 1122 1555 1122 1585 1130 1810 1130 1840 1137 1885 1132 1995 1127" 
                    HPOS="1150"
                    VPOS="1070"
                    WIDTH="845"
                    HEIGHT="82">
            <Shape><Polygon POINTS="1150 1122 1152 1092 1175 1072 1217 1092 1275 1090 1287 1100 1370 1070 1387 1087 1417 1077 1447 1107 1480 1082 1505 1095 1532 1077 1550 1095 1577 1090 1600 1112 1675 1080 1702 1095 1727 1077 1757 1095 1840 1090 1857 1105 1945 1072 1987 1097 1995 1127 1980 1147 1907 1137 1887 1152 1850 1140 1825 1150 1810 1137 1792 1147 1767 1137 1650 1137 1617 1147 1597 1130 1562 1150 1530 1135 1467 1137 1447 1122 1415 1140 1292 1132 1275 1150 1250 1140 1212 1150 1152 1122"/></Shape>
	    <String CONTENT="یکی بیشتر بند ضحاک بود6"
                    HPOS="1150"
                    VPOS="1070"
                    WIDTH="845"
                    HEIGHT="82"></String>
          </TextLine>
          
          
	  <TextLine ID="eSc_line_119369"
                    
                    BASELINE="265 1125 1012 1125 1087 1117" 
                    HPOS="265"
                    VPOS="1067"
                    WIDTH="820"
                    HEIGHT="85">
            <Shape><Polygon POINTS="265 1125 267 1082 310 1092 337 1085 360 1100 435 1067 467 1090 500 1067 525 1082 545 1077 572 1105 587 1090 620 1105 655 1082 722 1087 742 1107 817 1067 842 1082 870 1070 910 1092 982 1095 1010 1072 1027 1087 1065 1075 1085 1115 1030 1140 992 1127 967 1150 905 1135 835 1137 822 1125 767 1145 735 1135 722 1147 695 1137 675 1150 627 1125 597 1150 582 1150 557 1125 540 1137 505 1132 485 1152 467 1152 445 1132 385 1137 365 1125 335 1147 315 1137 285 1150 267 1137"/></Shape>
	    <String CONTENT="که بیداد گر بود و نا پاک بود"
                    HPOS="265"
                    VPOS="1067"
                    WIDTH="820"
                    HEIGHT="85"></String>
          </TextLine>
          
          
	  <TextLine ID="eSc_line_119373"
                    
                    BASELINE="1160 1210 1420 1210 1450 1215 1615 1207 1642 1202 1757 1202 1812 1210 1985 1210" 
                    HPOS="1160"
                    VPOS="1150"
                    WIDTH="825"
                    HEIGHT="90">
            <Shape><Polygon POINTS="1160 1210 1162 1162 1175 1155 1232 1152 1265 1180 1292 1155 1327 1172 1357 1152 1372 1167 1395 1162 1417 1185 1432 1170 1465 1185 1537 1162 1552 1177 1577 1177 1607 1150 1625 1150 1647 1172 1662 1160 1687 1170 1712 1155 1740 1170 1767 1152 1792 1175 1852 1150 1872 1170 1900 1167 1922 1187 1967 1167 1985 1210 1935 1235 1915 1215 1887 1230 1815 1217 1782 1227 1752 1202 1727 1202 1705 1220 1665 1217 1642 1202 1577 1230 1520 1220 1480 1235 1460 1222 1437 1240 1400 1217 1347 1217 1332 1232 1302 1217 1277 1230 1242 1220 1200 1230 1170 1210"/></Shape>
	    <String CONTENT="دو دیگر7 که گیتی ز نا بخردان8"
                    HPOS="1160"
                    VPOS="1150"
                    WIDTH="825"
                    HEIGHT="90"></String>
          </TextLine>
          
          
	  <TextLine ID="eSc_line_119356"
                    
                    BASELINE="250 1207 310 1202 862 1205 1007 1200 1080 1210" 
                    HPOS="250"
                    VPOS="1147"
                    WIDTH="830"
                    HEIGHT="90">
            <Shape><Polygon POINTS="250 1207 260 1152 337 1152 375 1175 400 1170 415 1185 450 1160 477 1175 535 1165 565 1192 592 1165 617 1180 642 1162 735 1167 752 1185 767 1170 792 1175 815 1152 887 1172 905 1155 942 1147 975 1177 1060 1167 1072 1175 1080 1210 1062 1230 1037 1222 1022 1232 1000 1217 972 1227 935 1212 910 1220 815 1205 782 1230 760 1230 747 1217 725 1230 702 1215 620 1212 582 1237 550 1210 535 1220 442 1217 422 1205 397 1230 370 1217 332 1217 312 1230 260 1207"/></Shape>
	    <String CONTENT="بپرداخت9 و بستد ز دست بدان 10"
                    HPOS="250"
                    VPOS="1147"
                    WIDTH="830"
                    HEIGHT="90"></String>
          </TextLine>
          
          
	  <TextLine ID="eSc_line_119374"
                    
                    BASELINE="1169 1285 1402 1290 1505 1295 1685 1290 1745 1282 1775 1287 1820 1287 1850 1282 1880 1285 1937 1280 2000 1290" 
                    HPOS="1167"
                    VPOS="1232"
                    WIDTH="833"
                    HEIGHT="90">
            <Shape><Polygon POINTS="1167 1285 1175 1245 1232 1260 1257 1235 1302 1260 1332 1240 1362 1270 1410 1232 1447 1270 1462 1255 1502 1247 1512 1257 1537 1250 1560 1272 1592 1245 1612 1260 1647 1257 1687 1235 1710 1257 1730 1240 1770 1237 1797 1265 1867 1232 1890 1250 1922 1242 1940 1255 1980 1255 2000 1290 1972 1302 1917 1297 1905 1307 1830 1297 1797 1312 1770 1287 1745 1302 1700 1287 1647 1307 1617 1302 1592 1317 1555 1297 1532 1315 1507 1300 1460 1315 1435 1302 1392 1322 1372 1320 1350 1297 1270 1315 1257 1302 1170 1295"/></Shape>
	    <String CONTENT="سدیکر که کین پدر باز خواست"
                    HPOS="1167"
                    VPOS="1232"
                    WIDTH="833"
                    HEIGHT="90"></String>
          </TextLine>
          
          
	  <TextLine ID="eSc_line_119366"
                    
                    BASELINE="250 1290 287 1277 337 1285 552 1282 612 1290 755 1295 1077 1295" 
                    HPOS="250"
                    VPOS="1227"
                    WIDTH="825"
                    HEIGHT="90">
            <Shape><Polygon POINTS="250 1290 252 1242 275 1232 320 1237 340 1252 372 1227 415 1260 432 1242 462 1257 497 1232 532 1255 545 1245 567 1252 590 1237 615 1252 632 1237 660 1252 700 1250 730 1235 772 1275 810 1250 837 1260 875 1240 930 1250 947 1265 975 1237 1010 1230 1067 1260 1075 1295 1052 1315 1007 1300 975 1307 957 1295 920 1312 865 1310 847 1295 822 1310 727 1295 695 1312 657 1295 600 1295 550 1317 505 1285 472 1307 417 1290 390 1310 362 1295 257 1290"/></Shape>
	    <String CONTENT="جهان ویژه بر خویشتن کرد راست11"
                    HPOS="250"
                    VPOS="1227"
                    WIDTH="825"
                    HEIGHT="90"></String>
          </TextLine>
          
          
	  <TextLine ID="eSc_line_119375"
                    
                    BASELINE="1170 1370 1212 1375 1272 1370 1380 1370 1410 1377 1507 1370 1595 1370 1707 1362 1895 1367 1930 1377 1995 1367" 
                    HPOS="1170"
                    VPOS="1312"
                    WIDTH="825"
                    HEIGHT="88">
            <Shape><Polygon POINTS="1170 1370 1172 1335 1190 1322 1220 1335 1252 1327 1297 1337 1335 1312 1360 1332 1415 1332 1432 1350 1452 1332 1477 1352 1545 1327 1607 1340 1632 1327 1680 1340 1700 1320 1725 1335 1767 1335 1795 1312 1837 1312 1850 1325 1882 1312 1905 1335 1967 1335 1995 1367 1972 1397 1957 1400 1940 1382 1912 1390 1785 1367 1755 1392 1692 1372 1667 1395 1605 1377 1552 1390 1525 1380 1510 1392 1472 1380 1445 1400 1427 1385 1402 1395 1342 1372 1275 1392 1245 1380 1225 1390 1175 1385"/></Shape>
	    <String CONTENT="جهانا12 چه بد مهر و بد گوهری"
                    HPOS="1170"
                    VPOS="1312"
                    WIDTH="825"
                    HEIGHT="88"></String>
          </TextLine>
          
          
	  <TextLine ID="eSc_line_119345"
                    
                    BASELINE="259 1367 342 1362 552 1362 650 1372 782 1375 930 1370 992 1362 1030 1362 1073 1367" 
                    HPOS="257"
                    VPOS="1305"
                    WIDTH="815"
                    HEIGHT="90">
            <Shape><Polygon POINTS="257 1365 260 1332 285 1317 325 1332 342 1315 370 1310 385 1325 410 1317 425 1332 462 1332 487 1312 545 1330 582 1315 612 1345 640 1327 660 1345 702 1335 737 1305 772 1332 855 1327 875 1345 907 1322 950 1335 980 1315 1005 1340 1027 1317 1065 1317 1072 1365 1040 1380 1007 1362 992 1377 955 1377 930 1392 877 1372 850 1395 827 1380 747 1390 730 1375 695 1390 652 1377 627 1392 602 1372 552 1392 480 1365 447 1390 425 1375 327 1375 300 1390 260 1380"/></Shape>
	    <String CONTENT="که خود پرورانی و خود 13 بشکری"
                    HPOS="257"
                    VPOS="1305"
                    WIDTH="815"
                    HEIGHT="90"></String>
          </TextLine>
          
          
	  <TextLine ID="eSc_line_119377"
                    
                    BASELINE="1172 1447 1222 1455 1507 1455 1555 1450 1752 1450 1782 1442 1892 1442 2002 1447" 
                    HPOS="1170"
                    VPOS="1387"
                    WIDTH="830"
                    HEIGHT="90">
            <Shape><Polygon POINTS="1170 1445 1172 1407 1222 1420 1257 1395 1335 1417 1367 1407 1387 1422 1450 1420 1477 1392 1515 1397 1532 1412 1560 1395 1582 1417 1635 1417 1672 1395 1705 1425 1730 1405 1745 1417 1785 1417 1810 1397 1827 1397 1845 1415 1862 1400 1890 1412 1925 1387 1952 1407 1975 1402 2000 1445 1972 1460 1890 1462 1830 1440 1807 1460 1755 1460 1732 1477 1712 1477 1685 1450 1607 1470 1530 1452 1437 1475 1360 1462 1342 1477 1302 1472 1282 1455 1210 1472 1172 1460"/></Shape>
	    <String CONTENT="نگه کن کجا آفریدون گرد"
                    HPOS="1170"
                    VPOS="1387"
                    WIDTH="830"
                    HEIGHT="90"></String>
          </TextLine>
          
          
	  <TextLine ID="eSc_line_119363"
                    
                    BASELINE="260 1437 330 1445 817 1442 870 1450 1075 1450" 
                    HPOS="260"
                    VPOS="1390"
                    WIDTH="815"
                    HEIGHT="85">
            <Shape><Polygon POINTS="260 1437 262 1402 292 1415 365 1412 390 1410 410 1392 437 1395 460 1417 530 1390 545 1405 567 1395 597 1422 680 1390 700 1407 730 1397 747 1412 765 1395 795 1395 815 1415 882 1415 895 1405 925 1425 970 1390 990 1410 1005 1397 1027 1412 1067 1397 1075 1450 1047 1460 980 1450 952 1475 917 1460 905 1472 837 1457 815 1470 760 1445 732 1457 640 1460 595 1445 582 1457 490 1455 467 1470 405 1445 382 1467 322 1455 287 1470 262 1455"/></Shape>
	    <String CONTENT="که از پیر14 ضحاک شاهی 15 ببرد"
                    HPOS="260"
                    VPOS="1390"
                    WIDTH="815"
                    HEIGHT="85"></String>
          </TextLine>
          
          
	  <TextLine ID="eSc_line_119378"
                    
                    BASELINE="1150 1530 1560 1530 1585 1535 2005 1530" 
                    HPOS="1150"
                    VPOS="1472"
                    WIDTH="855"
                    HEIGHT="88">
            <Shape><Polygon POINTS="1150 1530 1152 1502 1185 1472 1207 1487 1232 1480 1257 1502 1287 1472 1307 1472 1335 1500 1382 1507 1407 1490 1432 1500 1485 1497 1510 1475 1577 1502 1615 1472 1652 1497 1730 1492 1762 1517 1805 1487 1842 1512 1875 1487 1900 1500 1977 1492 2005 1530 1972 1555 1950 1542 1912 1552 1832 1532 1795 1552 1755 1535 1732 1557 1702 1540 1682 1550 1630 1540 1607 1550 1577 1542 1550 1560 1530 1542 1402 1545 1382 1535 1370 1545 1272 1547 1255 1535 1162 1540 1152 1530"/></Shape>
	    <String CONTENT="ببد در جهان پانصد سال شاه"
                    HPOS="1150"
                    VPOS="1472"
                    WIDTH="855"
                    HEIGHT="88"></String>
          </TextLine>
          
          
	  <TextLine ID="eSc_line_119360"
                    
                    BASELINE="260 1517 330 1525 990 1522 1015 1527 1083 1527" 
                    HPOS="260"
                    VPOS="1465"
                    WIDTH="822"
                    HEIGHT="90">
            <Shape><Polygon POINTS="260 1515 262 1475 300 1480 315 1467 337 1477 365 1465 390 1485 417 1470 490 1515 552 1472 592 1502 675 1472 695 1492 715 1487 732 1505 775 1472 817 1507 880 1477 927 1512 1025 1465 1082 1525 1060 1555 1017 1537 940 1550 925 1535 900 1552 880 1537 842 1542 817 1522 730 1522 697 1540 607 1540 580 1525 555 1547 520 1555 485 1530 450 1552 425 1535 390 1545 377 1535 265 1527"/></Shape>
	    <String CONTENT="بآخر بشد 16 ماند ازو جایگاه 17"
                    HPOS="260"
                    VPOS="1465"
                    WIDTH="822"
                    HEIGHT="90"></String>
          </TextLine>
          
          
	  <TextLine ID="eSc_line_119379"
                    
                    BASELINE="1170 1607 1230 1615 1994 1610" 
                    HPOS="1170"
                    VPOS="1552"
                    WIDTH="822"
                    HEIGHT="85">
            <Shape><Polygon POINTS="1170 1605 1175 1567 1202 1580 1290 1577 1300 1587 1342 1555 1397 1605 1442 1570 1490 1582 1522 1552 1560 1577 1595 1570 1630 1602 1672 1560 1702 1552 1725 1575 1785 1570 1812 1590 1847 1557 1885 1567 1922 1555 1977 1582 1992 1610 1967 1637 1922 1625 1887 1632 1850 1612 1815 1612 1787 1637 1762 1620 1747 1630 1722 1620 1667 1630 1650 1612 1612 1612 1580 1635 1520 1622 1440 1637 1407 1615 1387 1615 1365 1635 1347 1635 1327 1615 1280 1620 1260 1635 1232 1622 1215 1632 1175 1622"/></Shape>
	    <String CONTENT="جهان 18 جهان دیگری را سپرد"
                    HPOS="1170"
                    VPOS="1552"
                    WIDTH="822"
                    HEIGHT="85"></String>
          </TextLine>
          
          
	  <TextLine ID="eSc_line_119351"
                    
                    BASELINE="272 1607 447 1605 475 1610 532 1610 570 1617 627 1610 812 1610 860 1617 942 1612 1095 1615" 
                    HPOS="270"
                    VPOS="1552"
                    WIDTH="825"
                    HEIGHT="85">
            <Shape><Polygon POINTS="270 1605 272 1565 370 1577 397 1557 417 1575 435 1557 460 1555 480 1570 507 1560 545 1575 610 1567 637 1585 655 1567 725 1572 762 1552 790 1580 807 1572 825 1585 845 1567 867 1580 907 1570 925 1587 950 1565 975 1577 1000 1565 1032 1577 1067 1572 1095 1615 1065 1632 1035 1620 975 1620 950 1635 920 1612 877 1635 830 1615 805 1637 770 1615 702 1617 672 1632 642 1610 610 1632 585 1620 537 1620 520 1632 480 1627 427 1605 357 1627 335 1617 292 1627 272 1617"/></Shape>
	    <String CONTENT="بجز درد و اندوه چیزی19  نبرد"
                    HPOS="270"
                    VPOS="1552"
                    WIDTH="825"
                    HEIGHT="85"></String>
          </TextLine>
          
          
	  <TextLine ID="eSc_line_119380"
                    
                    BASELINE="1182 1690 1247 1690 1275 1695 1965 1692 2003 1688" 
                    HPOS="1180"
                    VPOS="1635"
                    WIDTH="822"
                    HEIGHT="87">
            <Shape><Polygon POINTS="1180 1690 1182 1640 1205 1660 1282 1650 1297 1662 1330 1642 1350 1662 1380 1655 1397 1672 1417 1657 1437 1665 1457 1645 1487 1660 1512 1642 1535 1645 1557 1667 1625 1635 1640 1635 1662 1657 1682 1650 1700 1667 1797 1660 1815 1645 1840 1662 1882 1662 1912 1640 1932 1657 1975 1655 2002 1687 1965 1715 1902 1700 1870 1712 1792 1705 1767 1715 1742 1705 1722 1722 1695 1705 1672 1712 1620 1700 1555 1712 1535 1695 1507 1707 1447 1697 1422 1720 1385 1702 1355 1707 1307 1695 1247 1707 1182 1702"/></Shape>
	    <String CONTENT="چنینیم یکسر که و مه همه"
                    HPOS="1180"
                    VPOS="1635"
                    WIDTH="822"
                    HEIGHT="87"></String>
          </TextLine>
          
          
	  <TextLine ID="eSc_line_119348"
                    
                    BASELINE="270 1682 337 1682 382 1690 422 1687 512 1692 777 1690 802 1695 927 1692 1079 1697" 
                    HPOS="270"
                    VPOS="1630"
                    WIDTH="807"
                    HEIGHT="87">
            <Shape><Polygon POINTS="270 1680 272 1637 342 1665 417 1630 435 1650 462 1637 492 1667 517 1650 542 1670 592 1632 655 1662 682 1637 717 1632 757 1657 792 1640 822 1670 872 1660 922 1632 950 1655 985 1637 1015 1667 1047 1640 1067 1640 1077 1695 1042 1715 1025 1715 1002 1695 957 1700 935 1715 875 1702 847 1717 815 1695 757 1707 715 1697 690 1710 657 1695 637 1712 595 1697 570 1717 532 1702 500 1715 477 1695 435 1715 405 1697 370 1712 335 1697 315 1715 272 1697"/></Shape>
	    <String CONTENT="تو خواهی شبان باش و خواهی رمه"
                    HPOS="270"
                    VPOS="1630"
                    WIDTH="807"
                    HEIGHT="87"></String>
          </TextLine>
          
          
	  <TextLine ID="eSc_line_119385"
                    
                    BASELINE="1168 1925 1220 1935 1880 1932 1983 1937" 
                    HPOS="1167"
                    VPOS="1875"
                    WIDTH="815"
                    HEIGHT="90">
            <Shape><Polygon POINTS="1167 1925 1170 1880 1245 1897 1330 1880 1365 1902 1400 1882 1442 1897 1477 1875 1495 1890 1532 1882 1572 1902 1622 1877 1665 1907 1707 1875 1732 1900 1770 1880 1837 1902 1877 1880 1915 1900 1932 1882 1975 1880 1982 1935 1942 1945 1915 1932 1870 1952 1805 1960 1785 1960 1765 1942 1732 1955 1712 1940 1690 1960 1657 1950 1642 1962 1617 1947 1552 1962 1520 1937 1492 1935 1430 1965 1407 1962 1387 1942 1337 1960 1310 1935 1295 1935 1260 1960 1212 1957 1170 1935"/></Shape>
	    <String CONTENT="که شیرین تر از جان و20 فرزند و21  چیز22"
                    HPOS="1167"
                    VPOS="1875"
                    WIDTH="815"
                    HEIGHT="90"></String>
          </TextLine>
          
          
	  <TextLine ID="eSc_line_119346"
                    
                    BASELINE="262 1917 330 1925 587 1922 702 1930 730 1935 812 1930 1082 1930" 
                    HPOS="260"
                    VPOS="1870"
                    WIDTH="820"
                    HEIGHT="85">
            <Shape><Polygon POINTS="260 1915 265 1877 287 1875 342 1897 375 1897 405 1880 422 1895 442 1890 457 1900 482 1880 532 1870 572 1895 592 1877 640 1872 665 1887 787 1887 815 1900 835 1880 862 1890 882 1877 910 1885 937 1875 950 1887 980 1872 1007 1897 1065 1892 1080 1930 1062 1942 922 1940 912 1930 842 1940 817 1930 787 1955 767 1942 662 1947 637 1930 577 1937 565 1950 542 1937 452 1935 435 1952 400 1937 307 1952 280 1930 262 1930"/></Shape>
	    <String CONTENT="همانا که چیزی 23 نباشد بنیز 24"
                    HPOS="260"
                    VPOS="1870"
                    WIDTH="820"
                    HEIGHT="85"></String>
          </TextLine>
          
          
	  <TextLine ID="eSc_line_119372"
                    
                    BASELINE="1172 2012 1370 2012 1395 2017 1465 2020 1595 2020 1680 2012 1990 2012" 
                    HPOS="1170"
                    VPOS="1952"
                    WIDTH="820"
                    HEIGHT="93">
            <Shape><Polygon POINTS="1170 2010 1182 1970 1272 1985 1300 1965 1325 1990 1350 1972 1375 1982 1405 1965 1460 1982 1495 1952 1527 1982 1550 1972 1575 1997 1647 1962 1662 1962 1690 1990 1705 1977 1722 1985 1745 1965 1782 1977 1810 1972 1822 1985 1872 1970 1892 1982 1920 1965 1937 1980 1975 1977 1990 2010 1970 2042 1937 2025 1870 2025 1855 2037 1805 2025 1687 2035 1665 2012 1605 2042 1567 2022 1527 2042 1502 2022 1415 2045 1385 2025 1352 2030 1317 2010 1257 2035 1172 2022"/></Shape>
	    <String CONTENT="پسندیده‌تر کس ز فرزند نیست"
                    HPOS="1170"
                    VPOS="1952"
                    WIDTH="820"
                    HEIGHT="93"></String>
          </TextLine>
          
          
	  <TextLine ID="eSc_line_119347"
                    
                    BASELINE="258 2000 302 2000 330 2005 455 2002 525 2010 550 2017 637 2012 982 2012 1052 2022 1085 2015" 
                    HPOS="257"
                    VPOS="1950"
                    WIDTH="828"
                    HEIGHT="90">
            <Shape><Polygon POINTS="257 2000 260 1957 325 1962 352 1977 390 1977 420 1960 440 1980 457 1967 480 1975 500 1957 532 1977 602 1972 622 1992 652 1970 677 1977 700 1957 767 1977 805 1950 830 1975 880 1960 915 1980 987 1972 1005 1990 1022 1975 1055 1972 1077 1985 1085 2015 1052 2040 1000 2025 975 2040 955 2025 920 2022 882 2035 867 2020 815 2015 725 2037 690 2020 627 2015 590 2040 577 2027 540 2022 517 2037 432 2010 380 2030 260 2010"/></Shape>
	    <String CONTENT="چو پیوند فرزند پیوند نیست 25"
                    HPOS="257"
                    VPOS="1950"
                    WIDTH="828"
                    HEIGHT="90"></String>
          </TextLine>
          
          
	  <TextLine ID="eSc_line_119333"
                    
                    BASELINE="266 2501 442 2502 620 2510 715 2510 740 2517 822 2512 1377 2512 1530 2525 1582 2517 1645 2520 1690 2510 1715 2515 2011 2510" 
                    HPOS="265"
                    VPOS="2450"
                    WIDTH="1745"
                    HEIGHT="97">
            <Shape><Polygon POINTS="265 2500 280 2452 307 2462 325 2450 342 2450 367 2472 400 2470 437 2450 490 2480 535 2452 595 2477 612 2470 642 2495 665 2477 692 2485 722 2465 747 2472 777 2452 835 2500 885 2457 942 2485 987 2462 1025 2492 1055 2472 1085 2492 1135 2460 1150 2472 1172 2465 1207 2495 1252 2460 1267 2460 1295 2485 1320 2482 1342 2505 1375 2477 1417 2475 1450 2502 1470 2485 1545 2482 1562 2470 1625 2492 1675 2457 1710 2480 1772 2477 1800 2500 1825 2480 1850 2470 1867 2477 1905 2457 1932 2480 1965 2470 2010 2510 1970 2540 1917 2515 1907 2525 1847 2525 1812 2542 1790 2525 1767 2542 1740 2527 1730 2537 1682 2527 1665 2540 1632 2527 1607 2547 1577 2530 1530 2547 1492 2535 1447 2547 1420 2525 1365 2532 1342 2515 1312 2530 1262 2527 1245 2537 1205 2512 1182 2527 1105 2527 1087 2515 1052 2537 1022 2517 987 2537 975 2530 927 2542 887 2525 865 2545 830 2520 782 2537 767 2525 700 2517 660 2537 637 2515 607 2535 585 2520 570 2530 532 2522 510 2505 462 2520 372 2520 342 2502 325 2517 270 2520"/></Shape>
	    <String CONTENT="بد اندر جهان پنج و صد سال شاه * بفرجام رفت و بجا ماند گاه"
                    HPOS="265"
                    VPOS="2450"
                    WIDTH="1745"
                    HEIGHT="97"></String>
          </TextLine>
          
          
	  <TextLine ID="eSc_line_119389"
                    
                    BASELINE="1085 2845 1122 2857 1183 2857" 
                    HPOS="1085"
                    VPOS="2802"
                    WIDTH="97"
                    HEIGHT="80">
            <Shape><Polygon POINTS="1085 2845 1090 2810 1122 2802 1167 2817 1182 2855 1155 2882 1087 2875"/></Shape>
	    <String CONTENT="۲۵۲"
                    HPOS="1085"
                    VPOS="2802"
                    WIDTH="97"
                    HEIGHT="80"></String>
          </TextLine>
          </TextBlock>
          
        </PrintSpace>
      </Page>
    </Layout>
  </alto>
