<?xml version="1.0" encoding="UTF-8"?>
<alto xmlns:xsi="http://www.w3.org/2001/XMLSchema-instance"
      xmlns="http://www.loc.gov/standards/alto/ns-v4#"
      xsi:schemaLocation="http://www.loc.gov/standards/alto/ns-v4# https://gitlab.inria.fr/scripta/escriptorium/-/raw/develop/app/escriptorium/static/alto-4-1-baselines.xsd">
  <Description>
    <MeasurementUnit>pixel</MeasurementUnit>
    <sourceImageInformation>
      <fileName>Ferdowsi_Moscow.pdf_000048.png</fileName>
    </sourceImageInformation>
  </Description>
  
  <Tags>
    <OtherTag ID="BT1" LABEL="Title" DESCRIPTION="block type Title"/><OtherTag ID="BT2" LABEL="Main" DESCRIPTION="block type Main"/><OtherTag ID="BT3" LABEL="Commentary" DESCRIPTION="block type Commentary"/><OtherTag ID="BT4" LABEL="Illustration" DESCRIPTION="block type Illustration"/>
    
  </Tags>
  
  <Layout>
    <Page WIDTH="2430"
          HEIGHT="3000"
          PHYSICAL_IMG_NR="14"
          ID="eSc_dummypage_">
      <PrintSpace HPOS="0"
                  VPOS="0"
                  WIDTH="2430"
                  HEIGHT="3000">
        
        <TextBlock ID="eSc_dummyblock_">
          
	  <TextLine ID="eSc_line_59015"
                    
                    BASELINE="1040 450 1137 450 1203 457" 
                    HPOS="1040"
                    VPOS="392"
                    WIDTH="162"
                    HEIGHT="73">
            <Shape><Polygon POINTS="1040 450 1042 415 1095 392 1125 412 1145 397 1177 405 1197 425 1202 455 1147 465 1042 460"/></Shape>
	    <String CONTENT="شاهنامه"
                    HPOS="1040"
                    VPOS="392"
                    WIDTH="162"
                    HEIGHT="73"></String>
          </TextLine>
          
          
	  <TextLine ID="eSc_line_59016"
                    
                    BASELINE="1170 580 1989 575" 
                    HPOS="1170"
                    VPOS="517"
                    WIDTH="817"
                    HEIGHT="95">
            <Shape><Polygon POINTS="1170 580 1172 542 1210 517 1275 545 1307 545 1325 530 1347 540 1360 527 1402 545 1430 522 1447 522 1492 545 1527 545 1545 560 1575 537 1595 547 1630 532 1652 545 1680 517 1712 517 1740 545 1767 545 1782 560 1820 535 1907 552 1930 532 1972 527 1987 575 1955 595 1915 585 1890 610 1852 592 1797 607 1772 585 1600 587 1567 612 1540 592 1505 607 1490 592 1405 597 1360 580 1302 600 1265 590 1175 592"/></Shape>
	    <String CONTENT="که جستی سلامت ز چنگ1 نهنگ"
                    HPOS="1170"
                    VPOS="517"
                    WIDTH="817"
                    HEIGHT="95"></String>
          </TextLine>
          
          
	  <TextLine ID="eSc_line_59041"
                    
                    BASELINE="265 585 300 580 647 580 700 585 847 585 927 580 1077 580" 
                    HPOS="265"
                    VPOS="517"
                    WIDTH="810"
                    HEIGHT="90">
            <Shape><Polygon POINTS="265 585 267 542 307 517 362 542 387 535 410 555 447 525 472 540 497 530 530 547 557 547 590 522 620 535 647 527 660 540 692 525 710 540 732 527 787 545 815 535 860 545 902 517 940 550 970 520 995 532 1025 517 1067 545 1075 580 1062 605 940 580 842 600 792 590 762 602 740 595 720 607 670 582 642 592 555 592 542 602 510 592 477 600 440 580 402 580 365 605 320 590 267 592"/></Shape>
	    <String CONTENT="بگاه گریزش2 نکردی3  درنگ"
                    HPOS="265"
                    VPOS="517"
                    WIDTH="810"
                    HEIGHT="90"></String>
          </TextLine>
          
          
	  <TextLine ID="eSc_line_59042"
                    
                    BASELINE="1170 664 1205 672 1492 675 1797 667 1892 672 1945 670 1982 675" 
                    HPOS="1170"
                    VPOS="610"
                    WIDTH="810"
                    HEIGHT="92">
            <Shape><Polygon POINTS="1170 662 1172 617 1202 640 1250 620 1282 652 1307 630 1337 650 1375 617 1397 637 1455 627 1482 655 1522 615 1555 640 1572 630 1597 640 1617 622 1650 640 1765 622 1787 642 1807 625 1852 617 1877 642 1915 610 1957 622 1972 637 1980 675 1935 680 1910 695 1875 692 1852 670 1835 682 1785 667 1767 685 1675 690 1540 675 1505 702 1475 680 1455 695 1395 682 1355 695 1332 675 1297 695 1272 672 1205 692 1172 675"/></Shape>
	    <String CONTENT="دلاور که نندیشد از پیل و شیر4"
                    HPOS="1170"
                    VPOS="610"
                    WIDTH="810"
                    HEIGHT="92"></String>
          </TextLine>
          
          
	  <TextLine ID="eSc_line_59029"
                    
                    BASELINE="262 670 502 675 527 670 560 670 617 677 645 670 772 667 895 670 922 675 1089 667" 
                    HPOS="260"
                    VPOS="605"
                    WIDTH="827"
                    HEIGHT="92">
            <Shape><Polygon POINTS="260 670 262 650 310 605 362 652 395 625 437 612 475 635 500 615 535 637 565 620 590 645 627 620 652 635 682 610 722 637 757 620 780 642 802 620 840 620 855 632 892 612 922 637 972 627 997 652 1040 620 1060 620 1087 665 1035 695 1015 692 995 672 955 695 927 685 895 695 877 680 845 685 792 667 697 697 677 677 600 695 575 672 485 680 462 695 420 680 377 697 347 672 262 692"/></Shape>
	    <String CONTENT="تو دیوانه5 خوانش مخوانش دلیر"
                    HPOS="260"
                    VPOS="605"
                    WIDTH="827"
                    HEIGHT="92"></String>
          </TextLine>
          
          
	  <TextLine ID="eSc_line_59030"
                    
                    BASELINE="1175 760 1987 760" 
                    HPOS="1175"
                    VPOS="702"
                    WIDTH="812"
                    HEIGHT="88">
            <Shape><Polygon POINTS="1175 760 1185 720 1292 730 1307 715 1332 722 1362 710 1375 722 1427 717 1442 730 1460 715 1485 725 1510 710 1545 737 1580 702 1605 722 1622 705 1660 705 1690 730 1702 717 1732 730 1765 707 1795 725 1815 712 1835 730 1877 705 1902 730 1975 722 1987 760 1925 780 1810 772 1772 760 1705 785 1670 762 1657 775 1590 772 1570 790 1552 790 1525 762 1515 772 1405 772 1377 782 1335 760 1317 775 1242 772 1220 787 1180 772"/></Shape>
	    <String CONTENT="میانه کز آغاز تندی6 نمود"
                    HPOS="1175"
                    VPOS="702"
                    WIDTH="812"
                    HEIGHT="88"></String>
          </TextLine>
          
          
	  <TextLine ID="eSc_line_59038"
                    
                    BASELINE="267 760 1055 765 1095 757" 
                    HPOS="267"
                    VPOS="695"
                    WIDTH="828"
                    HEIGHT="92">
            <Shape><Polygon POINTS="267 760 272 720 342 725 377 702 407 732 452 712 502 727 527 725 557 695 602 730 630 702 667 725 697 702 737 742 807 720 832 730 855 707 895 725 967 717 977 727 1030 697 1045 710 1072 700 1090 717 1095 757 1045 782 980 770 947 782 920 767 900 785 875 785 855 765 822 765 747 785 722 765 702 765 667 787 640 782 617 762 440 782 400 762 322 785 280 787 270 777"/></Shape>
	    <String CONTENT="ازان پس7 مر اورا دلیری فزود"
                    HPOS="267"
                    VPOS="695"
                    WIDTH="828"
                    HEIGHT="92"></String>
          </TextLine>
          
          
	  <TextLine ID="eSc_line_59039"
                    
                    BASELINE="1165 852 1877 852 1982 857" 
                    HPOS="1165"
                    VPOS="785"
                    WIDTH="817"
                    HEIGHT="97">
            <Shape><Polygon POINTS="1165 852 1177 817 1220 815 1262 785 1325 847 1340 847 1280 802 1440 817 1465 797 1502 822 1527 797 1545 797 1562 815 1612 815 1655 790 1687 815 1715 795 1762 837 1787 812 1830 817 1855 795 1890 812 1920 790 1945 812 1975 815 1982 857 1965 872 1932 875 1905 855 1875 852 1815 875 1777 872 1755 852 1697 857 1672 872 1640 857 1605 867 1577 860 1557 877 1525 852 1427 867 1390 860 1372 870 1335 852 1295 852 1242 860 1215 882 1190 867 1167 870"/></Shape>
	    <String CONTENT="ورا تور خوانیم8 شیر9 دلیر"
                    HPOS="1165"
                    VPOS="785"
                    WIDTH="817"
                    HEIGHT="97"></String>
          </TextLine>
          
          
	  <TextLine ID="eSc_line_59032"
                    
                    BASELINE="270 855 762 855 795 850 917 847 950 840 1065 850" 
                    HPOS="270"
                    VPOS="787"
                    WIDTH="795"
                    HEIGHT="90">
            <Shape><Polygon POINTS="270 855 277 815 357 805 370 817 407 810 417 820 432 805 457 812 490 792 512 815 545 817 580 797 610 825 637 800 662 807 682 787 717 812 770 805 790 825 812 805 852 810 872 795 912 810 942 790 965 812 992 805 1010 815 1057 795 1065 850 987 867 925 852 890 877 860 857 795 852 770 872 657 857 617 875 592 855 535 867 487 860 470 872 425 855 405 875 375 860 347 872 297 860 272 872"/></Shape>
	    <String CONTENT="کجا ژنده پیلش نیارد بزیر"
                    HPOS="270"
                    VPOS="787"
                    WIDTH="795"
                    HEIGHT="90"></String>
          </TextLine>
          
          
	  <TextLine ID="eSc_line_59036"
                    
                    BASELINE="1160 935 1657 940 1725 937 1750 932 1920 932 1992 937" 
                    HPOS="1160"
                    VPOS="872"
                    WIDTH="832"
                    HEIGHT="95">
            <Shape><Polygon POINTS="1160 935 1162 900 1182 882 1207 900 1245 880 1270 905 1302 882 1325 905 1347 900 1380 920 1405 902 1455 902 1467 912 1497 892 1532 907 1615 905 1667 872 1705 910 1720 897 1780 910 1805 887 1842 917 1905 887 1932 905 1965 895 1992 937 1952 952 1877 950 1855 962 1827 947 1775 952 1755 967 1710 940 1627 957 1602 950 1582 962 1477 945 1452 965 1427 950 1390 960 1372 947 1350 967 1322 950 1287 962 1240 950 1162 952"/></Shape>
	    <String CONTENT="هنر خود دلیریست بر جایگاه"
                    HPOS="1160"
                    VPOS="872"
                    WIDTH="832"
                    HEIGHT="95"></String>
          </TextLine>
          
          
	  <TextLine ID="eSc_line_59035"
                    
                    BASELINE="262 935 435 932 485 940 515 940 550 930 640 935 1064 930" 
                    HPOS="260"
                    VPOS="875"
                    WIDTH="802"
                    HEIGHT="92">
            <Shape><Polygon POINTS="260 935 262 895 275 882 305 900 335 875 360 890 395 887 412 902 432 882 452 892 482 882 522 907 567 902 582 917 610 897 637 905 655 887 690 880 717 905 752 905 780 885 807 910 847 882 877 907 892 895 917 907 950 897 965 912 987 890 1017 905 1055 885 1062 930 1035 950 995 950 970 937 947 962 877 947 837 957 800 935 730 957 605 950 582 932 567 947 447 967 407 965 360 932 317 952 262 950"/></Shape>
	    <String CONTENT="که بد‌دل نباشد سزاوار10 گاه"
                    HPOS="260"
                    VPOS="875"
                    WIDTH="802"
                    HEIGHT="92"></String>
          </TextLine>
          
          
	  <TextLine ID="eSc_line_59033"
                    
                    BASELINE="1170 1020 1665 1025 1697 1020 1722 1035 1752 1035 1780 1030 1980 1025" 
                    HPOS="1170"
                    VPOS="967"
                    WIDTH="810"
                    HEIGHT="93">
            <Shape><Polygon POINTS="1170 1020 1172 977 1197 977 1220 995 1250 970 1320 1007 1335 992 1387 992 1420 967 1460 995 1502 972 1532 1005 1550 987 1577 1000 1602 990 1627 997 1647 977 1722 987 1742 1000 1780 980 1827 992 1852 975 1867 975 1895 1002 1945 967 1972 992 1980 1025 1962 1040 1932 1035 1902 1050 1860 1030 1815 1047 1765 1037 1750 1052 1690 1060 1637 1025 1587 1050 1537 1032 1507 1052 1485 1032 1367 1032 1345 1052 1310 1040 1295 1055 1262 1040 1172 1035"/></Shape>
	    <String CONTENT="دگر کهترین11 مرد با سنگ و چنگ 12"
                    HPOS="1170"
                    VPOS="967"
                    WIDTH="810"
                    HEIGHT="93"></String>
          </TextLine>
          
          
	  <TextLine ID="eSc_line_59048"
                    
                    BASELINE="260 1025 1045 1022 1085 1027" 
                    HPOS="260"
                    VPOS="967"
                    WIDTH="825"
                    HEIGHT="90">
            <Shape><Polygon POINTS="260 1025 262 990 317 967 362 990 422 970 472 1002 547 982 575 1005 590 990 615 997 642 980 692 995 715 972 775 990 835 972 887 1005 900 995 937 997 952 985 977 995 990 982 1022 997 1042 980 1067 977 1085 1027 1032 1045 990 1035 927 1040 910 1057 882 1045 860 1052 822 1035 730 1040 705 1052 690 1037 625 1030 587 1052 562 1032 510 1040 495 1055 470 1042 445 1050 405 1030 365 1052 317 1037 265 1040"/></Shape>
	    <String CONTENT="که هم با شتابست و هم با درنگ"
                    HPOS="260"
                    VPOS="967"
                    WIDTH="825"
                    HEIGHT="90"></String>
          </TextLine>
          
          
	  <TextLine ID="eSc_line_59043"
                    
                    BASELINE="1160 1115 1635 1120 1670 1115 1700 1120 1772 1120 1810 1115 1900 1112 1986 1117" 
                    HPOS="1160"
                    VPOS="1057"
                    WIDTH="825"
                    HEIGHT="88">
            <Shape><Polygon POINTS="1160 1115 1165 1087 1182 1075 1207 1087 1250 1072 1277 1082 1312 1057 1340 1075 1362 1067 1380 1085 1415 1062 1445 1087 1522 1080 1542 1100 1590 1065 1612 1085 1642 1085 1662 1065 1690 1060 1730 1092 1752 1072 1772 1087 1802 1090 1882 1060 1902 1080 1917 1067 1947 1082 1970 1075 1985 1115 1957 1145 1925 1127 1867 1120 1835 1132 1807 1122 1785 1142 1750 1145 1730 1145 1707 1122 1692 1132 1595 1127 1577 1142 1557 1142 1532 1120 1452 1137 1317 1117 1247 1142 1162 1127"/></Shape>
	    <String CONTENT="زخاک و ز آتش میانه گزید"
                    HPOS="1160"
                    VPOS="1057"
                    WIDTH="825"
                    HEIGHT="88"></String>
          </TextLine>
          
          
	  <TextLine ID="eSc_line_59023"
                    
                    BASELINE="252 1117 287 1112 317 1117 575 1117 600 1110 625 1115 1045 1112 1080 1117" 
                    HPOS="252"
                    VPOS="1057"
                    WIDTH="828"
                    HEIGHT="90">
            <Shape><Polygon POINTS="252 1117 255 1087 272 1075 297 1085 345 1070 357 1082 405 1082 427 1062 462 1070 495 1057 515 1070 542 1057 582 1085 617 1067 660 1087 680 1075 707 1087 725 1077 762 1082 777 1097 817 1060 850 1087 877 1082 905 1060 937 1075 975 1060 990 1075 1012 1067 1025 1080 1065 1082 1080 1117 1042 1142 1017 1125 870 1130 842 1115 805 1147 772 1130 740 1142 712 1122 665 1130 645 1145 615 1130 570 1137 552 1125 522 1140 465 1135 445 1117 360 1127 340 1140 257 1125"/></Shape>
	    <String CONTENT="چنانک از ره هوشیاران13 سزید"
                    HPOS="252"
                    VPOS="1057"
                    WIDTH="828"
                    HEIGHT="90"></String>
          </TextLine>
          
          
	  <TextLine ID="eSc_line_59044"
                    
                    BASELINE="1162 1210 1335 1210 1415 1215 1840 1215 1925 1210 1978 1204" 
                    HPOS="1160"
                    VPOS="1145"
                    WIDTH="817"
                    HEIGHT="90">
            <Shape><Polygon POINTS="1160 1210 1172 1165 1265 1170 1277 1182 1305 1155 1332 1155 1347 1167 1365 1150 1410 1175 1475 1175 1492 1157 1522 1175 1560 1162 1587 1185 1602 1170 1627 1180 1680 1147 1707 1172 1750 1167 1785 1187 1815 1167 1832 1185 1845 1175 1902 1175 1942 1145 1970 1170 1977 1202 1960 1222 1865 1220 1837 1232 1792 1230 1777 1215 1757 1235 1727 1215 1697 1232 1630 1215 1605 1232 1577 1215 1452 1225 1415 1217 1390 1232 1347 1232 1317 1210 1282 1210 1262 1230 1230 1217 1192 1232 1162 1210"/></Shape>
	    <String CONTENT="دلیر و جوان و هشیوار14 بود"
                    HPOS="1160"
                    VPOS="1145"
                    WIDTH="817"
                    HEIGHT="90"></String>
          </TextLine>
          
          
	  <TextLine ID="eSc_line_59020"
                    
                    BASELINE="260 1197 330 1205 495 1202 520 1207 680 1210 707 1215 985 1215 1012 1210 1079 1210" 
                    HPOS="260"
                    VPOS="1145"
                    WIDTH="817"
                    HEIGHT="92">
            <Shape><Polygon POINTS="260 1195 267 1165 315 1175 337 1160 360 1175 397 1175 435 1152 492 1172 517 1147 552 1172 635 1147 662 1175 692 1147 727 1175 745 1160 770 1177 830 1167 867 1192 935 1157 990 1172 1030 1145 1070 1167 1077 1210 1060 1230 1037 1215 987 1225 930 1215 910 1230 857 1215 837 1235 810 1220 732 1230 715 1215 675 1235 637 1232 615 1210 562 1225 535 1215 497 1225 410 1205 382 1222 317 1220 285 1237 262 1220"/></Shape>
	    <String CONTENT="بگیتی جز اورا نباید15 ستود"
                    HPOS="260"
                    VPOS="1145"
                    WIDTH="817"
                    HEIGHT="92"></String>
          </TextLine>
          
          
	  <TextLine ID="eSc_line_59045"
                    
                    BASELINE="1160 1287 1245 1295 1407 1292 1442 1300 1492 1292 1625 1292 1702 1305 1877 1300 1940 1292 1993 1295" 
                    HPOS="1160"
                    VPOS="1237"
                    WIDTH="832"
                    HEIGHT="88">
            <Shape><Polygon POINTS="1160 1285 1162 1245 1172 1242 1225 1262 1252 1242 1285 1265 1322 1237 1375 1265 1387 1255 1472 1265 1492 1245 1525 1260 1540 1245 1570 1242 1607 1260 1652 1237 1680 1262 1707 1250 1732 1267 1770 1265 1795 1240 1825 1257 1845 1245 1887 1265 1910 1250 1935 1260 1970 1245 1985 1257 1992 1295 1960 1310 1900 1307 1875 1325 1835 1317 1817 1302 1795 1317 1755 1310 1700 1325 1667 1300 1615 1305 1595 1322 1532 1292 1445 1322 1407 1320 1372 1297 1352 1310 1315 1305 1295 1325 1265 1302 1200 1322 1162 1297"/></Shape>
	    <String CONTENT="کنون ایرج اندر16 خورد نام تو17"
                    HPOS="1160"
                    VPOS="1237"
                    WIDTH="832"
                    HEIGHT="88"></String>
          </TextLine>
          
          
	  <TextLine ID="eSc_line_59026"
                    
                    BASELINE="260 1280 302 1295 852 1292 892 1300 1066 1300" 
                    HPOS="260"
                    VPOS="1237"
                    WIDTH="805"
                    HEIGHT="85">
            <Shape><Polygon POINTS="260 1280 262 1242 327 1262 350 1245 370 1245 390 1265 430 1237 452 1260 495 1267 520 1265 560 1237 582 1260 625 1240 655 1267 710 1262 727 1245 752 1242 770 1255 800 1247 815 1262 857 1247 890 1262 907 1252 935 1265 970 1255 1000 1285 1045 1255 1057 1260 1065 1300 1025 1322 990 1300 920 1315 847 1305 822 1317 755 1305 730 1317 715 1302 687 1320 670 1307 590 1307 575 1295 505 1320 467 1322 452 1307 420 1305 397 1322 375 1302 302 1320 262 1297"/></Shape>
	    <String CONTENT="در مهتری 18 باد فرجام تو19"
                    HPOS="260"
                    VPOS="1237"
                    WIDTH="805"
                    HEIGHT="85"></String>
          </TextLine>
          
          
	  <TextLine ID="eSc_line_59047"
                    
                    BASELINE="1150 1387 1215 1382 1985 1382" 
                    HPOS="1150"
                    VPOS="1315"
                    WIDTH="835"
                    HEIGHT="97">
            <Shape><Polygon POINTS="1150 1385 1152 1362 1172 1342 1272 1355 1295 1335 1315 1345 1352 1332 1372 1347 1397 1337 1437 1355 1455 1337 1482 1347 1512 1335 1542 1362 1577 1327 1605 1345 1645 1315 1715 1360 1747 1327 1782 1352 1842 1327 1865 1342 1902 1327 1940 1352 1975 1347 1985 1380 1972 1407 1942 1395 1800 1397 1772 1380 1737 1410 1710 1397 1687 1410 1667 1395 1637 1392 1587 1395 1570 1412 1547 1412 1522 1387 1507 1397 1375 1405 1320 1380 1292 1397 1227 1397 1187 1410 1155 1385"/></Shape>
	    <String CONTENT="بدانک او بآغاز تندی20 نمود"
                    HPOS="1150"
                    VPOS="1315"
                    WIDTH="835"
                    HEIGHT="97"></String>
          </TextLine>
          
          
	  <TextLine ID="eSc_line_59018"
                    
                    BASELINE="257 1405 262 1370 287 1382 347 1385 380 1392 410 1385 470 1390 700 1390 750 1382 1082 1385" 
                    HPOS="255"
                    VPOS="1322"
                    WIDTH="825"
                    HEIGHT="88">
            <Shape><Polygon POINTS="255 1405 262 1332 325 1350 365 1340 400 1355 430 1325 465 1350 497 1335 520 1352 555 1355 577 1352 620 1322 662 1365 745 1355 762 1340 820 1355 845 1332 872 1350 902 1340 925 1357 955 1327 982 1342 1020 1325 1045 1350 1067 1347 1080 1385 1062 1407 1010 1392 935 1395 925 1385 877 1410 850 1395 717 1397 702 1410 675 1410 655 1390 577 1405 537 1397 520 1407 457 1390 377 1395 345 1410 287 1390 257 1397"/></Shape>
	    <String CONTENT="بگاه درشتی دلیری فزود21"
                    HPOS="255"
                    VPOS="1322"
                    WIDTH="825"
                    HEIGHT="88"></String>
          </TextLine>
          
          
	  <TextLine ID="eSc_line_59049"
                    
                    BASELINE="1153 1475 1285 1475 1340 1485 1767 1485 1986 1475" 
                    HPOS="1152"
                    VPOS="1415"
                    WIDTH="833"
                    HEIGHT="90">
            <Shape><Polygon POINTS="1152 1475 1155 1435 1167 1422 1197 1422 1222 1445 1257 1445 1292 1425 1350 1457 1377 1432 1440 1450 1462 1427 1490 1420 1517 1440 1547 1415 1585 1442 1625 1432 1657 1442 1672 1430 1717 1445 1740 1435 1750 1445 1815 1435 1832 1452 1870 1420 1897 1440 1922 1425 1942 1442 1972 1437 1985 1475 1967 1497 1942 1485 1872 1485 1852 1505 1827 1492 1805 1505 1785 1487 1727 1497 1712 1485 1690 1497 1662 1485 1632 1495 1592 1485 1557 1497 1532 1485 1462 1497 1440 1485 1417 1502 1377 1505 1357 1505 1342 1490 1310 1502 1277 1485 1217 1500 1192 1477 1155 1475"/></Shape>
	    <String CONTENT="بنام پریچهرگان روز و شب22"
                    HPOS="1152"
                    VPOS="1415"
                    WIDTH="833"
                    HEIGHT="90"></String>
          </TextLine>
          
          
	  <TextLine ID="eSc_line_59022"
                    
                    BASELINE="265 1472 732 1472 802 1480 887 1480 920 1470 1075 1475" 
                    HPOS="265"
                    VPOS="1410"
                    WIDTH="810"
                    HEIGHT="95">
            <Shape><Polygon POINTS="265 1472 270 1440 285 1442 332 1410 357 1435 382 1430 402 1447 472 1417 500 1437 527 1427 545 1442 582 1445 627 1445 655 1417 690 1442 707 1427 737 1442 775 1412 820 1445 877 1432 895 1445 920 1422 970 1442 995 1425 1022 1442 1045 1425 1070 1450 1075 1475 970 1485 950 1497 912 1495 897 1482 880 1497 855 1485 817 1497 777 1477 725 1490 665 1487 650 1497 615 1487 587 1505 540 1485 425 1495 400 1475 362 1497 330 1485 267 1497"/></Shape>
	    <String CONTENT="کنون بر گشایم بشادی دو لب"
                    HPOS="265"
                    VPOS="1410"
                    WIDTH="810"
                    HEIGHT="95"></String>
          </TextLine>
          
          
	  <TextLine ID="eSc_line_59050"
                    
                    BASELINE="1152 1567 1247 1575 1305 1567 1332 1570 1410 1562 1562 1562 1722 1572 1760 1562 1820 1562 1985 1577" 
                    HPOS="1152"
                    VPOS="1500"
                    WIDTH="833"
                    HEIGHT="95">
            <Shape><Polygon POINTS="1152 1567 1157 1535 1185 1517 1217 1530 1285 1507 1322 1545 1362 1510 1395 1532 1445 1515 1467 1537 1487 1520 1510 1535 1575 1535 1610 1510 1637 1525 1660 1507 1687 1527 1752 1532 1792 1500 1825 1530 1865 1525 1897 1537 1925 1512 1952 1527 1972 1520 1982 1527 1985 1577 1942 1592 1900 1570 1845 1580 1732 1575 1702 1595 1637 1567 1507 1587 1460 1562 1407 1582 1367 1575 1347 1595 1312 1570 1265 1590 1207 1595 1155 1572"/></Shape>
	    <String CONTENT="زن سلم را  کرد نام  آرزوی"
                    HPOS="1152"
                    VPOS="1500"
                    WIDTH="833"
                    HEIGHT="95"></String>
          </TextLine>
          
          
	  <TextLine ID="eSc_line_59024"
                    
                    BASELINE="252 1567 287 1562 802 1562 862 1570 890 1577 915 1572 1035 1572 1075 1577" 
                    HPOS="252"
                    VPOS="1505"
                    WIDTH="823"
                    HEIGHT="90">
            <Shape><Polygon POINTS="252 1567 255 1532 285 1517 362 1535 395 1515 427 1547 490 1505 515 1515 547 1505 580 1532 615 1505 640 1530 727 1522 740 1535 767 1510 822 1505 850 1530 887 1522 935 1532 955 1512 975 1512 992 1530 1017 1512 1040 1525 1057 1520 1067 1525 1075 1577 1040 1595 995 1572 825 1587 797 1562 737 1562 702 1575 557 1562 512 1587 435 1562 402 1575 327 1577 300 1592 255 1580"/></Shape>
	    <String CONTENT="زن توررا23 ماه آزاده خوی"
                    HPOS="252"
                    VPOS="1505"
                    WIDTH="823"
                    HEIGHT="90"></String>
          </TextLine>
          
          
	  <TextLine ID="eSc_line_59051"
                    
                    BASELINE="1162 1665 1285 1665 1320 1660 1370 1660 1415 1665 1982 1660" 
                    HPOS="1162"
                    VPOS="1595"
                    WIDTH="820"
                    HEIGHT="90">
            <Shape><Polygon POINTS="1162 1665 1167 1627 1255 1622 1267 1612 1310 1625 1372 1622 1382 1632 1415 1600 1465 1627 1527 1612 1567 1617 1610 1597 1635 1622 1667 1622 1697 1605 1717 1625 1735 1612 1772 1625 1840 1620 1865 1595 1905 1622 1925 1605 1955 1617 1975 1612 1982 1660 1972 1682 1912 1662 1880 1662 1855 1677 1837 1665 1797 1665 1757 1685 1715 1662 1650 1675 1555 1665 1542 1677 1510 1665 1480 1680 1430 1680 1387 1662 1317 1672 1292 1665 1277 1675 1217 1665 1190 1680 1167 1672"/></Shape>
	    <String CONTENT="زن ایرج نیک‌ پی را سهی"
                    HPOS="1162"
                    VPOS="1595"
                    WIDTH="820"
                    HEIGHT="90"></String>
          </TextLine>
          
          
	  <TextLine ID="eSc_line_59040"
                    
                    BASELINE="262 1665 297 1660 445 1660 525 1652 1022 1655 1080 1647" 
                    HPOS="262"
                    VPOS="1590"
                    WIDTH="818"
                    HEIGHT="90">
            <Shape><Polygon POINTS="262 1665 265 1622 325 1607 382 1630 412 1605 440 1617 467 1590 507 1617 575 1610 647 1625 705 1612 745 1617 765 1597 840 1627 870 1607 905 1620 945 1595 972 1617 985 1607 1020 1620 1067 1600 1080 1647 1040 1667 942 1660 927 1675 847 1655 822 1675 780 1660 725 1677 695 1667 657 1677 635 1660 572 1672 547 1662 525 1672 430 1662 405 1680 370 1662 345 1677 305 1662 265 1675"/></Shape>
	    <String CONTENT="کجا بد بخوبی سهیلش رهی"
                    HPOS="262"
                    VPOS="1590"
                    WIDTH="818"
                    HEIGHT="90"></String>
          </TextLine>
          
          
	  <TextLine ID="eSc_line_59052"
                    
                    BASELINE="1170 1745 1857 1742 1910 1752 1992 1752" 
                    HPOS="1170"
                    VPOS="1682"
                    WIDTH="820"
                    HEIGHT="110">
            <Shape><Polygon POINTS="1170 1745 1187 1707 1305 1707 1345 1720 1370 1695 1405 1687 1440 1715 1470 1715 1492 1692 1520 1687 1562 1717 1585 1715 1612 1687 1635 1682 1672 1720 1727 1695 1760 1707 1777 1690 1805 1687 1840 1712 1880 1687 1912 1720 1972 1702 1990 1750 1975 1767 1945 1760 1925 1772 1885 1750 1857 1775 1820 1750 1707 1752 1675 1765 1650 1742 1632 1742 1555 1767 1515 1742 1475 1757 1440 1792 1400 1757 1375 1765 1347 1745 1297 1752 1277 1767 1252 1757 1230 1765 1212 1752 1172 1762"/></Shape>
	    <String CONTENT="پس از اختر گرد گردان سپهر"
                    HPOS="1170"
                    VPOS="1682"
                    WIDTH="820"
                    HEIGHT="110"></String>
          </TextLine>
          
          
	  <TextLine ID="eSc_line_59037"
                    
                    BASELINE="260 1737 300 1745 635 1745 660 1740 750 1737 1085 1740" 
                    HPOS="260"
                    VPOS="1685"
                    WIDTH="825"
                    HEIGHT="85">
            <Shape><Polygon POINTS="260 1737 282 1707 332 1697 345 1710 370 1702 402 1717 427 1700 447 1707 462 1695 500 1710 560 1710 587 1690 610 1710 625 1695 662 1687 690 1710 725 1685 740 1700 762 1692 772 1702 800 1690 830 1717 875 1695 902 1702 955 1685 980 1710 997 1695 1027 1710 1047 1692 1072 1690 1085 1740 1017 1755 962 1740 952 1750 857 1752 837 1765 807 1750 620 1762 602 1745 527 1755 510 1770 490 1770 475 1755 400 1747 372 1770 347 1755 262 1762"/></Shape>
	    <String CONTENT="که اختر شناسان نمودند چهر"
                    HPOS="260"
                    VPOS="1685"
                    WIDTH="825"
                    HEIGHT="85"></String>
          </TextLine>
          
          
	  <TextLine ID="eSc_line_59054"
                    
                    BASELINE="1157 1840 1375 1832 1767 1835 1825 1830 1997 1830" 
                    HPOS="1155"
                    VPOS="1775"
                    WIDTH="840"
                    HEIGHT="85">
            <Shape><Polygon POINTS="1155 1840 1157 1815 1195 1785 1225 1802 1285 1802 1305 1790 1325 1805 1362 1777 1395 1800 1417 1790 1442 1800 1467 1782 1487 1800 1517 1792 1535 1810 1550 1795 1577 1807 1595 1790 1645 1795 1665 1775 1700 1802 1767 1792 1782 1807 1807 1785 1830 1795 1897 1782 1942 1802 1975 1782 1995 1830 1920 1857 1890 1842 1817 1847 1792 1835 1762 1857 1740 1845 1707 1852 1677 1842 1637 1857 1585 1835 1552 1857 1527 1845 1505 1855 1490 1842 1412 1852 1330 1840 1310 1857 1282 1845 1247 1852 1212 1842 1190 1860 1157 1847"/></Shape>
	    <String CONTENT="نوشته بیاورد و بنهاد پیش"
                    HPOS="1155"
                    VPOS="1775"
                    WIDTH="840"
                    HEIGHT="85"></String>
          </TextLine>
          
          
	  <TextLine ID="eSc_line_59034"
                    
                    BASELINE="270 1840 335 1832 1081 1832" 
                    HPOS="270"
                    VPOS="1772"
                    WIDTH="810"
                    HEIGHT="85">
            <Shape><Polygon POINTS="270 1840 272 1800 292 1782 320 1800 347 1790 397 1800 430 1780 462 1812 517 1772 542 1787 567 1775 607 1800 645 1772 670 1792 695 1780 730 1815 792 1785 825 1797 842 1780 877 1772 912 1805 940 1787 962 1800 1012 1787 1032 1800 1062 1792 1080 1830 1060 1855 1037 1842 977 1852 910 1830 770 1842 750 1855 712 1830 687 1842 565 1840 532 1855 517 1845 490 1850 452 1830 375 1855 307 1840 272 1857"/></Shape>
	    <String CONTENT="بدید اختر نامداران خویش"
                    HPOS="270"
                    VPOS="1772"
                    WIDTH="810"
                    HEIGHT="85"></String>
          </TextLine>
          
          
	  <TextLine ID="eSc_line_59055"
                    
                    BASELINE="1152 1917 1190 1925 1532 1917 1605 1920 1630 1925 1994 1925" 
                    HPOS="1150"
                    VPOS="1860"
                    WIDTH="842"
                    HEIGHT="92">
            <Shape><Polygon POINTS="1150 1915 1152 1890 1197 1862 1225 1882 1240 1872 1267 1887 1295 1877 1322 1905 1365 1880 1397 1882 1435 1865 1470 1887 1547 1870 1607 1890 1642 1882 1675 1897 1702 1870 1755 1887 1785 1877 1807 1885 1845 1865 1872 1890 1900 1862 1927 1860 1952 1885 1977 1882 1992 1925 1975 1942 1920 1930 1885 1947 1852 1927 1725 1945 1677 1925 1650 1952 1625 1935 1522 1920 1485 1950 1467 1950 1447 1930 1357 1935 1337 1950 1305 1930 1200 1932 1182 1942 1155 1930"/></Shape>
	    <String CONTENT="بسلم اندرون جست24 ز اختر نشان"
                    HPOS="1150"
                    VPOS="1860"
                    WIDTH="842"
                    HEIGHT="92"></String>
          </TextLine>
          
          
	  <TextLine ID="eSc_line_59031"
                    
                    BASELINE="260 1907 322 1915 352 1912 402 1920 535 1917 560 1927 610 1922 797 1925 825 1920 912 1917 1080 1920" 
                    HPOS="260"
                    VPOS="1857"
                    WIDTH="820"
                    HEIGHT="98">
            <Shape><Polygon POINTS="260 1905 267 1870 307 1875 345 1865 365 1885 387 1887 407 1867 425 1867 447 1887 492 1857 522 1865 555 1897 572 1882 597 1897 620 1880 637 1890 690 1880 712 1897 747 1872 787 1890 807 1877 842 1885 862 1870 887 1887 925 1887 942 1870 967 1870 995 1892 1062 1885 1080 1920 1002 1947 930 1917 917 1930 792 1932 772 1945 727 1940 710 1925 692 1942 665 1935 645 1950 597 1930 560 1945 535 1927 500 1930 462 1955 422 1920 372 1935 335 1930 317 1942 262 1925"/></Shape>
	    <String CONTENT="سبب25 مشتری بود و طالع کمان26"
                    HPOS="260"
                    VPOS="1857"
                    WIDTH="820"
                    HEIGHT="98"></String>
          </TextLine>
          
          
	  <TextLine ID="eSc_line_59057"
                    
                    BASELINE="1167 2015 1297 2015 1322 2010 1537 2010 1612 2015 1742 2015 1875 2007 1987 2010" 
                    HPOS="1165"
                    VPOS="1945"
                    WIDTH="820"
                    HEIGHT="95">
            <Shape><Polygon POINTS="1165 2015 1167 1992 1185 1977 1240 1977 1262 1960 1295 1982 1337 1967 1395 1972 1420 1960 1445 1985 1487 1952 1515 1975 1560 1960 1580 1977 1630 1980 1657 1960 1690 1980 1707 1965 1730 1972 1757 1945 1800 1967 1830 1952 1867 1990 1945 1950 1977 1977 1985 2010 1970 2022 1947 2015 1890 2032 1852 2015 1772 2017 1720 2040 1680 2015 1612 2037 1572 2037 1525 2010 1452 2037 1420 2022 1310 2025 1300 2015 1170 2032"/></Shape>
	    <String CONTENT="دگر طالع تور27 فرخنده شیر"
                    HPOS="1165"
                    VPOS="1945"
                    WIDTH="820"
                    HEIGHT="95"></String>
          </TextLine>
          
          
	  <TextLine ID="eSc_line_59025"
                    
                    BASELINE="268 2008 445 2007 627 2007 695 2015 902 2007 1082 2010" 
                    HPOS="267"
                    VPOS="1945"
                    WIDTH="813"
                    HEIGHT="92">
            <Shape><Polygon POINTS="267 2007 277 1975 337 1977 375 1945 417 1985 447 1965 465 1977 490 1970 550 1980 572 1960 645 1980 692 1977 712 1957 745 1975 802 1977 825 1957 862 1987 895 1967 915 1980 932 1962 955 1967 967 1955 1017 1980 1050 1960 1072 1980 1080 2010 1012 2027 977 2022 957 2037 927 2022 885 2025 860 2007 832 2022 797 2020 747 2035 722 2020 667 2032 612 2025 560 2005 507 2030 427 2020 412 2007 397 2020 270 2030"/></Shape>
	    <String CONTENT="خداوند خورشید28 سعد دلیر"
                    HPOS="267"
                    VPOS="1945"
                    WIDTH="813"
                    HEIGHT="92"></String>
          </TextLine>
          
          
	  <TextLine ID="eSc_line_59059"
                    
                    BASELINE="1080 2867 1199 2860" 
                    HPOS="1080"
                    VPOS="2807"
                    WIDTH="117"
                    HEIGHT="75">
            <Shape><Polygon POINTS="1080 2865 1082 2817 1117 2807 1157 2807 1197 2860 1175 2882 1082 2875"/></Shape>
	    <String CONTENT="۲۵۸"
                    HPOS="1080"
                    VPOS="2807"
                    WIDTH="117"
                    HEIGHT="75"></String>
          </TextLine>
          </TextBlock>
          
        </PrintSpace>
      </Page>
    </Layout>
  </alto>
