<?xml version="1.0" encoding="UTF-8"?>
<alto xmlns:xsi="http://www.w3.org/2001/XMLSchema-instance"
      xmlns="http://www.loc.gov/standards/alto/ns-v4#"
      xsi:schemaLocation="http://www.loc.gov/standards/alto/ns-v4# https://gitlab.inria.fr/scripta/escriptorium/-/raw/develop/app/escriptorium/static/alto-4-1-baselines.xsd">
  <Description>
    <MeasurementUnit>pixel</MeasurementUnit>
    <sourceImageInformation>
      <fileName>Ferdowsi_Moscow.pdf_000035.png</fileName>
    </sourceImageInformation>
  </Description>
  
  <Tags>
    <OtherTag ID="BT1" LABEL="Title" DESCRIPTION="block type Title"/><OtherTag ID="BT2" LABEL="Main" DESCRIPTION="block type Main"/><OtherTag ID="BT3" LABEL="Commentary" DESCRIPTION="block type Commentary"/><OtherTag ID="BT4" LABEL="Illustration" DESCRIPTION="block type Illustration"/>
    
  </Tags>
  
  <Layout>
    <Page WIDTH="2430"
          HEIGHT="3000"
          PHYSICAL_IMG_NR="1"
          ID="eSc_dummypage_">
      <PrintSpace HPOS="0"
                  VPOS="0"
                  WIDTH="2430"
                  HEIGHT="3000">
        
        <TextBlock ID="eSc_dummyblock_">
          
	  <TextLine ID="eSc_line_54766"
                    
                    BASELINE="1060 465 1215 460" 
                    HPOS="1060"
                    VPOS="405"
                    WIDTH="155"
                    HEIGHT="115">
            <Shape><Polygon POINTS="1060 465 1062 420 1132 420 1152 405 1215 460 1210 520 1065 517"/></Shape>
	    <String CONTENT="ملحقات"
                    HPOS="1060"
                    VPOS="405"
                    WIDTH="155"
                    HEIGHT="115"></String>
          </TextLine>
          
          
	  <TextLine ID="eSc_line_54767"
                    
                    BASELINE="1152 597 1192 592 1275 592 1375 600 1440 590 1777 595 1925 592 1992 605" 
                    HPOS="1152"
                    VPOS="535"
                    WIDTH="840"
                    HEIGHT="90">
            <Shape><Polygon POINTS="1152 597 1157 565 1202 535 1255 560 1285 540 1317 567 1337 550 1432 562 1460 535 1515 550 1542 540 1632 565 1667 555 1692 565 1727 542 1747 562 1787 535 1807 555 1832 545 1862 572 1875 562 1975 560 1987 567 1992 605 1895 607 1862 622 1837 602 1725 607 1697 595 1662 622 1647 610 1580 620 1537 595 1505 592 1487 610 1445 607 1417 622 1367 607 1327 625 1302 600 1175 615 1155 597"/></Shape>
	    <String CONTENT="سر نامه بود1 آفرین خدای"
                    HPOS="1152"
                    VPOS="535"
                    WIDTH="840"
                    HEIGHT="90"></String>
          </TextLine>
          
          
	  <TextLine ID="eSc_line_54797"
                    
                    BASELINE="255 597 292 597 320 590 500 595 615 592 1083 595" 
                    HPOS="255"
                    VPOS="522"
                    WIDTH="827"
                    HEIGHT="95">
            <Shape><Polygon POINTS="255 595 257 555 285 540 302 540 320 557 335 547 360 557 392 535 430 537 460 560 505 522 540 552 572 540 590 557 615 545 635 562 685 535 705 550 740 540 762 560 800 545 827 565 850 542 880 557 922 535 957 570 970 557 990 560 1015 535 1042 532 1075 565 1082 595 975 615 952 612 935 595 905 607 817 607 765 592 737 592 707 610 685 605 670 617 647 615 627 595 600 612 515 607 485 595 415 617 392 607 257 612"/></Shape>
	    <String CONTENT="دگر گفت کان نامهٔ  دل‌گشای"
                    HPOS="255"
                    VPOS="522"
                    WIDTH="827"
                    HEIGHT="95"></String>
          </TextLine>
          
          
	  <TextLine ID="eSc_line_54768"
                    
                    BASELINE="1165 672 1450 672 1512 680 1630 680 1670 687 1720 682 1998 685" 
                    HPOS="1165"
                    VPOS="617"
                    WIDTH="832"
                    HEIGHT="90">
            <Shape><Polygon POINTS="1165 670 1175 640 1217 632 1227 642 1262 642 1302 617 1335 645 1375 645 1405 625 1432 650 1462 622 1497 647 1550 647 1585 627 1615 637 1640 627 1672 640 1700 667 1755 627 1815 647 1870 650 1955 645 1970 635 1992 655 1997 685 1972 700 1947 690 1937 700 1840 690 1767 707 1715 682 1682 685 1662 700 1615 687 1572 702 1557 687 1532 685 1485 700 1432 670 1415 685 1337 687 1320 700 1287 685 1195 685 1167 705"/></Shape>
	    <String CONTENT="بپیروزی  و خرّمی 2  خواندم"
                    HPOS="1165"
                    VPOS="617"
                    WIDTH="832"
                    HEIGHT="90"></String>
          </TextLine>
          
          
	  <TextLine ID="eSc_line_54791"
                    
                    BASELINE="243 675 487 672 550 680 695 680 720 685 895 680 997 672 1090 677" 
                    HPOS="242"
                    VPOS="615"
                    WIDTH="848"
                    HEIGHT="90">
            <Shape><Polygon POINTS="242 675 245 657 267 637 302 632 325 645 362 622 387 647 420 627 435 640 460 615 485 617 515 647 575 637 595 650 617 625 652 620 692 647 735 640 755 652 765 642 827 645 847 635 870 655 910 630 932 635 955 620 977 640 1007 625 1032 647 1057 632 1090 675 1050 705 1017 685 900 697 877 682 847 700 817 687 737 705 697 687 615 695 600 685 575 702 555 690 517 702 490 682 287 687 267 705 247 692"/></Shape>
	    <String CONTENT="ز شادی برو جان بر افشاندم"
                    HPOS="242"
                    VPOS="615"
                    WIDTH="848"
                    HEIGHT="90"></String>
          </TextLine>
          
          
	  <TextLine ID="eSc_line_54792"
                    
                    BASELINE="1165 760 1372 760 1440 765 1610 760 1665 765 1991 765" 
                    HPOS="1165"
                    VPOS="697"
                    WIDTH="825"
                    HEIGHT="90">
            <Shape><Polygon POINTS="1165 760 1167 712 1222 725 1250 722 1267 705 1292 715 1305 702 1367 697 1395 725 1437 715 1482 725 1552 707 1627 722 1660 700 1677 715 1700 705 1735 740 1760 720 1817 725 1832 715 1862 735 1927 707 1947 725 1975 717 1990 765 1957 787 1927 767 1887 782 1852 770 1830 782 1812 767 1745 780 1727 765 1632 777 1617 765 1547 762 1515 785 1477 767 1430 782 1410 765 1382 780 1332 775 1315 760 1245 775 1217 765 1195 777 1167 765"/></Shape>
	    <String CONTENT="ز تو پور شایسته زین‌ سان 3 نبرد"
                    HPOS="1165"
                    VPOS="697"
                    WIDTH="825"
                    HEIGHT="90"></String>
          </TextLine>
          
          
	  <TextLine ID="eSc_line_54794"
                    
                    BASELINE="260 752 357 752 460 760 567 752 1081 752" 
                    HPOS="260"
                    VPOS="700"
                    WIDTH="820"
                    HEIGHT="85">
            <Shape><Polygon POINTS="260 750 265 707 312 727 352 720 362 730 390 705 417 720 442 700 482 727 522 727 542 710 575 727 605 715 630 740 672 712 707 725 742 715 757 727 780 707 800 717 825 702 850 712 892 702 920 730 937 715 960 727 975 715 1055 722 1080 750 1050 775 1000 780 965 762 942 785 922 785 897 760 885 770 792 770 760 757 647 780 622 757 607 767 515 777 485 770 420 785 377 752 322 780 265 762"/></Shape>
	    <String CONTENT="سزد ز آنکه هستی هشیوار 4 مرد 5"
                    HPOS="260"
                    VPOS="700"
                    WIDTH="820"
                    HEIGHT="85"></String>
          </TextLine>
          
          
	  <TextLine ID="eSc_line_54795"
                    
                    BASELINE="1170 845 1330 840 1360 847 1415 842 1955 842 1996 847" 
                    HPOS="1170"
                    VPOS="775"
                    WIDTH="825"
                    HEIGHT="92">
            <Shape><Polygon POINTS="1170 845 1172 805 1237 805 1252 790 1315 805 1335 785 1385 805 1440 805 1470 775 1492 780 1525 812 1617 797 1637 807 1682 780 1722 807 1782 800 1825 810 1850 790 1872 807 1920 782 1950 807 1977 807 1995 845 1957 867 1887 860 1867 845 1802 862 1757 852 1700 860 1687 850 1657 857 1640 845 1622 860 1597 847 1530 860 1505 840 1412 847 1385 860 1355 860 1340 845 1215 845 1172 857"/></Shape>
	    <String CONTENT="روان نریمان بر افروختی"
                    HPOS="1170"
                    VPOS="775"
                    WIDTH="825"
                    HEIGHT="92"></String>
          </TextLine>
          
          
	  <TextLine ID="eSc_line_54784"
                    
                    BASELINE="257 835 300 842 460 840 485 845 510 840 545 845 810 845 867 840 927 840 970 847 1022 842 1081 845" 
                    HPOS="255"
                    VPOS="777"
                    WIDTH="825"
                    HEIGHT="90">
            <Shape><Polygon POINTS="255 835 257 787 292 805 335 782 360 802 410 805 437 832 487 787 505 787 535 817 565 802 587 820 617 790 655 782 700 817 745 777 792 817 832 787 912 805 945 785 995 817 1015 800 1045 795 1072 810 1080 845 1040 862 1007 862 987 845 850 845 827 862 787 845 765 860 735 845 697 845 665 865 650 850 615 857 600 845 545 862 515 842 467 867 435 840 377 860 322 847 295 862 257 840"/></Shape>
	    <String CONTENT="چو دشمنش را جان و تن  سوختی 6"
                    HPOS="255"
                    VPOS="777"
                    WIDTH="825"
                    HEIGHT="90"></String>
          </TextLine>
          
          
	  <TextLine ID="eSc_line_54786"
                    
                    BASELINE="1160 922 1232 922 1257 927 1287 920 1350 917 1865 917 1945 925 1985 920" 
                    HPOS="1160"
                    VPOS="860"
                    WIDTH="825"
                    HEIGHT="85">
            <Shape><Polygon POINTS="1160 920 1162 887 1175 875 1242 885 1262 867 1290 880 1317 865 1347 892 1362 880 1445 882 1480 860 1550 900 1595 887 1630 860 1670 882 1702 862 1727 885 1752 877 1770 892 1792 870 1820 885 1855 862 1870 877 1887 867 1912 890 1970 882 1985 920 1957 945 1917 942 1897 922 1875 932 1797 930 1775 917 1752 940 1705 925 1642 940 1627 925 1575 942 1542 917 1500 935 1422 920 1405 937 1377 927 1352 940 1325 917 1162 942"/></Shape>
	    <String CONTENT="چو نامه بخوانی سبک بر نشین"
                    HPOS="1160"
                    VPOS="860"
                    WIDTH="825"
                    HEIGHT="85"></String>
          </TextLine>
          
          
	  <TextLine ID="eSc_line_54785"
                    
                    BASELINE="267 925 517 910 557 917 815 920 840 927 865 922 935 925 1035 915 1072 917" 
                    HPOS="267"
                    VPOS="857"
                    WIDTH="805"
                    HEIGHT="90">
            <Shape><Polygon POINTS="267 925 270 875 325 887 350 862 375 857 392 875 425 882 467 882 507 860 537 890 567 887 592 867 615 882 652 877 677 902 700 880 725 885 742 867 762 867 787 892 835 870 895 897 955 877 980 887 997 870 1022 880 1060 862 1072 917 1035 930 990 920 960 945 945 930 917 942 890 930 870 942 807 937 785 920 692 942 670 920 655 930 575 930 545 947 515 920 432 942 400 927 355 927 272 945"/></Shape>
	    <String CONTENT="که بی روی تو هستم اندوهگین"
                    HPOS="267"
                    VPOS="857"
                    WIDTH="805"
                    HEIGHT="90"></String>
          </TextLine>
          
          
	  <TextLine ID="eSc_line_54789"
                    
                    BASELINE="1162 1005 1257 1005 1285 1000 1522 1000 1602 992 1985 995" 
                    HPOS="1160"
                    VPOS="940"
                    WIDTH="825"
                    HEIGHT="87">
            <Shape><Polygon POINTS="1160 1005 1162 975 1197 940 1247 965 1287 965 1312 952 1332 967 1382 940 1405 952 1455 942 1480 967 1502 952 1527 970 1555 942 1582 962 1620 942 1645 967 1687 970 1717 955 1747 985 1812 952 1847 965 1890 942 1930 970 1967 942 1985 995 1945 1027 1910 1005 1760 1020 1735 997 1670 1015 1557 1012 1540 997 1447 1022 1352 1015 1335 1000 1242 1007 1230 1017 1162 1015"/></Shape>
	    <String CONTENT="از اشتر همانا هزاران هزار"
                    HPOS="1160"
                    VPOS="940"
                    WIDTH="825"
                    HEIGHT="87"></String>
          </TextLine>
          
          
	  <TextLine ID="eSc_line_54788"
                    
                    BASELINE="250 975 305 1002 332 1005 410 1005 435 1000 622 1000 690 997 715 992 790 995 897 990 947 997 1089 1000" 
                    HPOS="250"
                    VPOS="937"
                    WIDTH="837"
                    HEIGHT="90">
            <Shape><Polygon POINTS="250 975 257 947 292 960 312 940 342 960 357 957 385 987 422 960 455 965 467 955 490 967 525 960 542 975 580 937 617 970 672 940 702 960 730 950 760 967 822 962 850 937 882 962 902 950 947 960 967 950 985 967 1007 952 1035 965 1062 955 1082 972 1087 1000 1062 1017 1025 1007 967 1020 925 1007 880 1010 870 1000 802 1017 667 1005 622 1027 597 1000 562 1025 535 1012 510 1022 495 1010 467 1017 450 1007 405 1020 385 1005 357 1020 317 1007 285 1025 252 995"/></Shape>
	    <String CONTENT="بنزدت فرستادم از بهر بار7"
                    HPOS="250"
                    VPOS="937"
                    WIDTH="837"
                    HEIGHT="90"></String>
          </TextLine>
          
          
	  <TextLine ID="eSc_line_54773"
                    
                    BASELINE="1170 1080 1257 1085 1287 1080 1375 1077 1400 1070 1452 1075 1527 1072 1662 1085 1692 1080 2007 1080" 
                    HPOS="1170"
                    VPOS="1020"
                    WIDTH="835"
                    HEIGHT="90">
            <Shape><Polygon POINTS="1170 1080 1177 1035 1200 1045 1242 1032 1270 1037 1292 1020 1307 1020 1332 1045 1352 1032 1367 1045 1412 1020 1440 1042 1467 1042 1485 1025 1577 1022 1645 1052 1662 1037 1692 1045 1720 1025 1755 1047 1790 1025 1850 1062 1910 1032 1935 1040 1960 1030 2005 1080 1892 1090 1877 1102 1842 1090 1830 1102 1787 1092 1770 1105 1727 1080 1672 1107 1637 1092 1620 1110 1585 1090 1537 1092 1480 1075 1452 1100 1430 1087 1360 1092 1305 1080 1280 1092 1205 1092 1172 1105"/></Shape>
	    <String CONTENT="شتر بار کن ز آنکه 8 باشد گزین"
                    HPOS="1170"
                    VPOS="1020"
                    WIDTH="835"
                    HEIGHT="90"></String>
          </TextLine>
          
          
	  <TextLine ID="eSc_line_54772"
                    
                    BASELINE="262 1080 707 1085 767 1080 837 1080 862 1072 915 1080 1055 1085 1085 1084" 
                    HPOS="260"
                    VPOS="1017"
                    WIDTH="825"
                    HEIGHT="93">
            <Shape><Polygon POINTS="260 1080 267 1037 330 1047 372 1020 427 1055 460 1027 487 1047 525 1025 550 1025 565 1040 592 1027 645 1050 705 1040 720 1047 737 1032 790 1045 820 1035 832 1047 852 1027 872 1035 912 1017 927 1032 940 1022 967 1025 995 1052 1057 1035 1085 1082 1007 1105 992 1105 970 1082 955 1092 892 1092 842 1080 817 1100 780 1087 737 1110 677 1087 605 1105 560 1085 475 1087 452 1105 382 1087 262 1105"/></Shape>
	    <String CONTENT="پس آنگه بدژ بر زن آتش بکین"
                    HPOS="260"
                    VPOS="1017"
                    WIDTH="825"
                    HEIGHT="93"></String>
          </TextLine>
          
          
	  <TextLine ID="eSc_line_54798"
                    
                    BASELINE="1182 1160 1280 1160 1360 1165 1465 1160 1687 1157 1835 1157 1950 1165 1993 1157" 
                    HPOS="1180"
                    VPOS="1102"
                    WIDTH="812"
                    HEIGHT="83">
            <Shape><Polygon POINTS="1180 1160 1185 1112 1207 1125 1320 1120 1340 1135 1357 1117 1390 1127 1412 1110 1442 1127 1530 1127 1547 1110 1567 1110 1590 1132 1607 1117 1650 1117 1662 1127 1675 1115 1737 1132 1760 1110 1790 1125 1815 1102 1840 1115 1862 1110 1885 1132 1907 1120 1927 1130 1957 1120 1977 1127 1992 1155 1965 1185 1932 1170 1895 1185 1870 1165 1772 1170 1750 1157 1717 1185 1697 1172 1630 1182 1587 1157 1520 1180 1400 1167 1367 1185 1332 1170 1315 1182 1282 1167 1182 1167"/></Shape>
	    <String CONTENT="چو نامه بنزد تهمتن رسید"
                    HPOS="1180"
                    VPOS="1102"
                    WIDTH="812"
                    HEIGHT="83"></String>
          </TextLine>
          
          
	  <TextLine ID="eSc_line_54783"
                    
                    BASELINE="262 1150 345 1160 630 1157 690 1167 717 1160 1086 1155" 
                    HPOS="260"
                    VPOS="1097"
                    WIDTH="825"
                    HEIGHT="90">
            <Shape><Polygon POINTS="260 1150 270 1115 297 1125 335 1112 355 1120 387 1097 432 1132 455 1130 487 1102 500 1100 522 1122 572 1097 592 1115 617 1107 650 1140 692 1117 727 1137 740 1125 770 1135 795 1117 820 1127 852 1100 895 1125 940 1105 970 1135 982 1122 1025 1125 1060 1100 1077 1115 1085 1155 1010 1182 975 1180 957 1162 900 1167 882 1180 772 1162 752 1182 717 1172 700 1187 665 1182 637 1157 620 1167 477 1167 437 1187 400 1160 335 1180 262 1165"/></Shape>
	    <String CONTENT="فرو خواند و زو شادمانی گزید"
                    HPOS="260"
                    VPOS="1097"
                    WIDTH="825"
                    HEIGHT="90"></String>
          </TextLine>
          
          
	  <TextLine ID="eSc_line_54799"
                    
                    BASELINE="1162 1240 1347 1237 1492 1240 1517 1245 1994 1240" 
                    HPOS="1160"
                    VPOS="1182"
                    WIDTH="832"
                    HEIGHT="90">
            <Shape><Polygon POINTS="1160 1240 1182 1205 1207 1205 1230 1185 1275 1190 1290 1205 1327 1195 1347 1207 1380 1182 1405 1205 1422 1187 1450 1205 1470 1195 1520 1207 1610 1185 1630 1205 1660 1187 1687 1207 1700 1197 1725 1210 1810 1200 1842 1222 1865 1205 1892 1212 1925 1200 1945 1217 1975 1202 1992 1240 1962 1272 1927 1252 1850 1260 1832 1245 1812 1265 1782 1250 1687 1262 1670 1245 1590 1260 1557 1247 1530 1260 1517 1250 1497 1265 1450 1242 1372 1260 1252 1240 1190 1257 1162 1250"/></Shape>
	    <String CONTENT="ز هر چیز کان بود شایسته تر"
                    HPOS="1160"
                    VPOS="1182"
                    WIDTH="832"
                    HEIGHT="90"></String>
          </TextLine>
          
          
	  <TextLine ID="eSc_line_54775"
                    
                    BASELINE="260 1242 395 1237 552 1240 612 1245 1085 1245" 
                    HPOS="260"
                    VPOS="1177"
                    WIDTH="825"
                    HEIGHT="93">
            <Shape><Polygon POINTS="260 1242 275 1202 347 1205 392 1185 435 1207 465 1177 500 1177 527 1205 572 1185 587 1185 615 1212 632 1197 652 1207 675 1185 705 1205 747 1205 777 1185 802 1205 812 1195 840 1207 857 1200 882 1220 905 1205 962 1195 987 1205 1022 1182 1042 1202 1067 1197 1085 1245 1057 1265 1020 1247 967 1257 927 1247 910 1260 875 1247 855 1262 832 1255 815 1265 785 1245 712 1250 690 1270 650 1252 622 1262 580 1242 442 1242 417 1262 385 1240 367 1250 262 1255"/></Shape>
	    <String CONTENT="ز مُهر و ز تیغ و کلاه و کمر"
                    HPOS="260"
                    VPOS="1177"
                    WIDTH="825"
                    HEIGHT="93"></String>
          </TextLine>
          
          
	  <TextLine ID="eSc_line_54800"
                    
                    BASELINE="1177 1322 1947 1322 1997 1327" 
                    HPOS="1175"
                    VPOS="1255"
                    WIDTH="820"
                    HEIGHT="95">
            <Shape><Polygon POINTS="1175 1320 1177 1280 1197 1260 1240 1285 1257 1285 1292 1260 1320 1280 1350 1267 1387 1302 1412 1282 1445 1287 1462 1275 1515 1287 1560 1257 1592 1290 1612 1282 1637 1302 1715 1255 1750 1285 1785 1255 1825 1292 1852 1265 1892 1292 1940 1290 1962 1277 1987 1297 1995 1325 1925 1332 1905 1350 1872 1325 1850 1345 1827 1347 1800 1320 1737 1342 1707 1330 1650 1342 1632 1325 1612 1342 1592 1342 1570 1320 1497 1342 1465 1330 1397 1337 1380 1320 1177 1340"/></Shape>
	    <String CONTENT="هم از لولو و گوهر شاهوار"
                    HPOS="1175"
                    VPOS="1255"
                    WIDTH="820"
                    HEIGHT="95"></String>
          </TextLine>
          
          
	  <TextLine ID="eSc_line_54787"
                    
                    BASELINE="267 1330 305 1320 520 1320 550 1325 890 1325 1091 1317" 
                    HPOS="265"
                    VPOS="1250"
                    WIDTH="825"
                    HEIGHT="102">
            <Shape><Polygon POINTS="265 1330 267 1280 287 1260 310 1270 337 1255 375 1270 405 1300 427 1285 472 1287 510 1260 532 1282 595 1282 617 1305 650 1277 670 1290 710 1290 725 1277 752 1285 787 1250 842 1290 892 1277 915 1300 962 1260 987 1285 1057 1277 1090 1315 1062 1330 1015 1330 995 1347 965 1327 935 1352 900 1325 875 1340 757 1325 740 1342 675 1332 632 1347 610 1325 520 1340 500 1327 415 1340 385 1320 267 1340"/></Shape>
	    <String CONTENT="هم از دیبهٔ چین سراسر نگار"
                    HPOS="265"
                    VPOS="1250"
                    WIDTH="825"
                    HEIGHT="102"></String>
          </TextLine>
          
          
	  <TextLine ID="eSc_line_54801"
                    
                    BASELINE="1172 1405 1465 1402 1497 1407 1522 1400 1575 1397 1730 1400 1777 1405 1897 1405 1992 1397" 
                    HPOS="1172"
                    VPOS="1337"
                    WIDTH="820"
                    HEIGHT="93">
            <Shape><Polygon POINTS="1172 1405 1175 1347 1205 1340 1237 1365 1265 1337 1302 1365 1327 1357 1352 1370 1375 1360 1395 1380 1430 1355 1470 1360 1490 1380 1532 1342 1565 1362 1592 1352 1610 1367 1660 1370 1685 1367 1717 1342 1755 1377 1770 1365 1797 1385 1827 1360 1860 1372 1897 1355 1927 1370 1950 1347 1975 1342 1992 1397 1907 1422 1800 1405 1775 1427 1737 1405 1690 1410 1672 1422 1640 1410 1532 1407 1517 1417 1490 1407 1447 1430 1400 1405 1377 1425 1345 1410 1315 1417 1257 1407 1225 1425 1177 1417"/></Shape>
	    <String CONTENT="گزید و فرستاد زی پهلوان"
                    HPOS="1172"
                    VPOS="1337"
                    WIDTH="820"
                    HEIGHT="93"></String>
          </TextLine>
          
          
	  <TextLine ID="eSc_line_54781"
                    
                    BASELINE="260 1405 597 1405 645 1400 1085 1400" 
                    HPOS="260"
                    VPOS="1340"
                    WIDTH="825"
                    HEIGHT="82">
            <Shape><Polygon POINTS="260 1405 265 1347 302 1342 327 1362 350 1340 382 1360 422 1345 437 1360 462 1347 497 1365 532 1352 560 1365 600 1340 627 1367 667 1342 702 1367 767 1360 780 1370 805 1355 860 1367 892 1347 922 1375 990 1362 1025 1367 1055 1355 1077 1375 1085 1400 972 1410 955 1422 932 1422 912 1405 785 1402 760 1422 740 1410 675 1420 627 1402 527 1407 502 1422 450 1417 432 1405 360 1407 335 1422 262 1417"/></Shape>
	    <String CONTENT="همی شد براه اندرون کاروان"
                    HPOS="260"
                    VPOS="1340"
                    WIDTH="825"
                    HEIGHT="82"></String>
          </TextLine>
          
          
	  <TextLine ID="eSc_line_54802"
                    
                    BASELINE="1165 1475 1715 1480 1767 1485 1935 1485 2003 1477" 
                    HPOS="1165"
                    VPOS="1420"
                    WIDTH="837"
                    HEIGHT="87">
            <Shape><Polygon POINTS="1165 1475 1167 1447 1187 1435 1210 1447 1240 1430 1255 1442 1285 1420 1310 1432 1337 1422 1367 1455 1407 1437 1427 1450 1460 1425 1500 1455 1527 1432 1557 1447 1582 1427 1622 1425 1645 1452 1670 1440 1692 1452 1725 1437 1737 1452 1825 1447 1840 1457 1862 1440 1902 1447 1945 1425 1965 1445 1980 1442 2002 1475 1972 1505 1947 1492 1872 1505 1832 1485 1755 1507 1740 1495 1660 1495 1637 1480 1610 1492 1540 1490 1512 1507 1477 1485 1400 1492 1382 1505 1345 1487 1167 1487"/></Shape>
	    <String CONTENT="بکوه سپند آتش اندر فگند"
                    HPOS="1165"
                    VPOS="1420"
                    WIDTH="837"
                    HEIGHT="87"></String>
          </TextLine>
          
          
	  <TextLine ID="eSc_line_54782"
                    
                    BASELINE="260 1467 320 1480 380 1480 425 1485 845 1485 872 1480 1080 1475" 
                    HPOS="260"
                    VPOS="1412"
                    WIDTH="820"
                    HEIGHT="95">
            <Shape><Polygon POINTS="260 1467 275 1435 302 1447 325 1427 342 1437 370 1412 400 1442 417 1437 430 1447 462 1425 485 1445 520 1447 547 1435 575 1447 607 1440 620 1452 645 1435 677 1447 697 1427 722 1422 757 1455 822 1437 842 1457 875 1430 922 1442 957 1437 975 1450 995 1430 1022 1447 1067 1425 1080 1475 1040 1492 980 1477 930 1505 895 1487 870 1507 835 1492 810 1502 797 1490 752 1500 735 1485 622 1485 602 1502 580 1490 552 1502 507 1490 467 1507 430 1490 405 1500 375 1487 262 1487"/></Shape>
	    <String CONTENT="که دودش بر آمد بچرخ بلند"
                    HPOS="260"
                    VPOS="1412"
                    WIDTH="820"
                    HEIGHT="95"></String>
          </TextLine>
          
          
	  <TextLine ID="eSc_line_54804"
                    
                    BASELINE="1180 1562 1462 1557 1525 1560 1550 1565 1907 1562 1932 1565 1960 1577 2011 1562" 
                    HPOS="1180"
                    VPOS="1502"
                    WIDTH="830"
                    HEIGHT="90">
            <Shape><Polygon POINTS="1180 1560 1182 1510 1200 1502 1235 1527 1272 1520 1287 1505 1317 1525 1340 1510 1372 1535 1410 1505 1447 1537 1480 1515 1522 1532 1550 1507 1577 1530 1612 1502 1652 1530 1695 1525 1715 1542 1760 1505 1797 1530 1817 1525 1840 1537 1862 1515 1902 1505 1947 1540 1975 1530 2010 1560 1967 1590 1937 1577 1922 1592 1890 1580 1867 1585 1845 1570 1812 1590 1785 1572 1737 1582 1712 1565 1682 1587 1667 1575 1635 1585 1610 1570 1490 1575 1452 1557 1400 1580 1367 1565 1205 1570 1182 1580"/></Shape>
	    <String CONTENT="و زان جای برگشت دل شادمان"
                    HPOS="1180"
                    VPOS="1502"
                    WIDTH="830"
                    HEIGHT="90"></String>
          </TextLine>
          
          
	  <TextLine ID="eSc_line_54777"
                    
                    BASELINE="255 1560 820 1565 902 1557 1094 1560" 
                    HPOS="255"
                    VPOS="1497"
                    WIDTH="837"
                    HEIGHT="93">
            <Shape><Polygon POINTS="255 1560 262 1507 305 1512 330 1502 352 1522 380 1497 445 1527 472 1517 492 1542 537 1512 575 1520 595 1542 640 1510 662 1527 722 1527 755 1507 792 1545 835 1525 902 1537 960 1502 992 1527 1012 1517 1035 1527 1070 1510 1092 1560 1030 1570 1015 1582 995 1570 912 1572 900 1560 887 1572 815 1582 787 1565 725 1570 710 1582 650 1570 622 1590 587 1570 570 1585 540 1585 495 1562 470 1582 442 1570 417 1577 375 1567 342 1585 287 1580 257 1562"/></Shape>
	    <String CONTENT="نهاده سر خویش زی پهلوان 9"
                    HPOS="255"
                    VPOS="1497"
                    WIDTH="837"
                    HEIGHT="93"></String>
          </TextLine>
          
          
	  <TextLine ID="eSc_line_54805"
                    
                    BASELINE="1162 1650 1235 1647 1262 1642 1940 1645 1995 1625" 
                    HPOS="1162"
                    VPOS="1580"
                    WIDTH="833"
                    HEIGHT="87">
            <Shape><Polygon POINTS="1162 1650 1165 1617 1190 1595 1222 1607 1347 1610 1380 1590 1402 1612 1412 1602 1437 1605 1462 1580 1502 1607 1525 1600 1547 1610 1570 1597 1595 1620 1622 1597 1677 1610 1700 1590 1740 1617 1775 1582 1802 1602 1845 1582 1887 1610 1912 1602 1935 1612 1955 1600 1995 1625 1965 1667 1937 1655 1895 1667 1867 1645 1857 1655 1595 1645 1572 1667 1545 1652 1517 1662 1470 1650 1410 1665 1385 1645 1337 1657 1247 1652 1210 1665 1165 1662"/></Shape>
	    <String CONTENT="چو آگاه شد پهلو نیمروز"
                    HPOS="1162"
                    VPOS="1580"
                    WIDTH="833"
                    HEIGHT="87"></String>
          </TextLine>
          
          
	  <TextLine ID="eSc_line_54793"
                    
                    BASELINE="250 1657 290 1650 390 1642 765 1645 797 1640 1094 1635" 
                    HPOS="250"
                    VPOS="1577"
                    WIDTH="842"
                    HEIGHT="88">
            <Shape><Polygon POINTS="250 1655 252 1620 275 1597 340 1605 367 1577 407 1607 440 1592 460 1592 475 1607 515 1607 550 1585 597 1617 642 1585 680 1610 710 1597 727 1610 822 1607 840 1622 870 1597 907 1607 932 1585 957 1585 977 1605 1005 1590 1022 1607 1067 1587 1092 1635 1032 1655 980 1637 947 1652 857 1652 837 1640 765 1665 735 1652 715 1662 637 1652 607 1665 570 1642 502 1657 422 1650 395 1665 367 1650 302 1665 252 1657"/></Shape>
	    <String CONTENT="که آمد سپهدار گیتی‌فروز"
                    HPOS="250"
                    VPOS="1577"
                    WIDTH="842"
                    HEIGHT="88"></String>
          </TextLine>
          
          
	  <TextLine ID="eSc_line_54806"
                    
                    BASELINE="1161 1715 1210 1712 1235 1717 1422 1720 1515 1725 1998 1720" 
                    HPOS="1160"
                    VPOS="1662"
                    WIDTH="837"
                    HEIGHT="85">
            <Shape><Polygon POINTS="1160 1715 1162 1687 1195 1667 1245 1687 1262 1670 1290 1687 1315 1672 1347 1690 1380 1665 1405 1675 1430 1662 1455 1687 1520 1687 1542 1710 1585 1667 1612 1685 1635 1672 1687 1692 1720 1692 1752 1675 1787 1707 1812 1682 1875 1692 1922 1665 1947 1690 1977 1685 1997 1720 1972 1747 1922 1732 1895 1745 1875 1735 1830 1742 1800 1722 1605 1747 1575 1725 1540 1725 1520 1745 1495 1735 1467 1745 1450 1732 1402 1745 1377 1730 1207 1732 1170 1715"/></Shape>
	    <String CONTENT="پذیره شدن‌را  بیاراستند10"
                    HPOS="1160"
                    VPOS="1662"
                    WIDTH="837"
                    HEIGHT="85"></String>
          </TextLine>
          
          
	  <TextLine ID="eSc_line_54796"
                    
                    BASELINE="275 1715 380 1712 502 1725 905 1725 937 1720 1094 1715" 
                    HPOS="275"
                    VPOS="1657"
                    WIDTH="817"
                    HEIGHT="90">
            <Shape><Polygon POINTS="275 1715 280 1667 307 1682 400 1672 420 1687 455 1657 497 1687 600 1680 615 1692 650 1670 667 1682 745 1680 767 1700 782 1685 812 1695 857 1670 882 1687 920 1665 952 1687 967 1672 997 1690 1027 1690 1055 1675 1092 1715 1062 1730 985 1735 955 1720 925 1722 870 1747 817 1730 790 1745 760 1730 745 1742 715 1732 665 1747 620 1725 595 1742 500 1730 465 1742 447 1727 312 1732 277 1722"/></Shape>
	    <String CONTENT="همه  کوی و برزن بپیراستند11"
                    HPOS="275"
                    VPOS="1657"
                    WIDTH="817"
                    HEIGHT="90"></String>
          </TextLine>
          
          
	  <TextLine ID="eSc_line_54807"
                    
                    BASELINE="1172 1805 1996 1800" 
                    HPOS="1170"
                    VPOS="1745"
                    WIDTH="825"
                    HEIGHT="85">
            <Shape><Polygon POINTS="1170 1805 1172 1765 1210 1745 1237 1765 1260 1750 1287 1752 1305 1767 1342 1747 1365 1767 1390 1752 1445 1772 1490 1772 1520 1752 1565 1775 1627 1750 1660 1782 1695 1757 1750 1772 1777 1750 1805 1750 1822 1767 1867 1752 1887 1772 1975 1767 1995 1800 1977 1827 1950 1817 1877 1825 1830 1802 1797 1817 1650 1802 1542 1830 1517 1815 1462 1822 1415 1812 1390 1825 1360 1805 1297 1812 1272 1827 1245 1812 1172 1815"/></Shape>
	    <String CONTENT="بر12 آمد خروشیدن  کرّنای"
                    HPOS="1170"
                    VPOS="1745"
                    WIDTH="825"
                    HEIGHT="85"></String>
          </TextLine>
          
          
	  <TextLine ID="eSc_line_54790"
                    
                    BASELINE="262 1805 842 1805 912 1800 1095 1800" 
                    HPOS="260"
                    VPOS="1742"
                    WIDTH="835"
                    HEIGHT="88">
            <Shape><Polygon POINTS="260 1805 262 1765 300 1742 332 1762 357 1757 375 1775 410 1752 457 1762 485 1752 497 1765 522 1755 547 1777 565 1762 592 1775 615 1752 660 1767 702 1765 725 1742 787 1775 810 1757 840 1767 860 1752 882 1767 902 1757 932 1767 980 1745 1005 1767 1035 1770 1062 1757 1095 1800 965 1820 945 1820 922 1800 897 1812 852 1810 830 1830 802 1825 785 1807 760 1822 722 1805 690 1822 665 1810 620 1825 590 1812 555 1822 537 1805 407 1817 365 1805 327 1822 302 1810 262 1812"/></Shape>
	    <String CONTENT="همان صنج با بوق و هندی درای"
                    HPOS="260"
                    VPOS="1742"
                    WIDTH="835"
                    HEIGHT="88"></String>
          </TextLine>
          
          
	  <TextLine ID="eSc_line_54810"
                    
                    BASELINE="1170 1890 1267 1895 1292 1890 1392 1890 1435 1882 2011 1881" 
                    HPOS="1170"
                    VPOS="1825"
                    WIDTH="840"
                    HEIGHT="87">
            <Shape><Polygon POINTS="1170 1890 1172 1862 1190 1845 1227 1840 1245 1852 1280 1825 1332 1847 1365 1830 1402 1850 1435 1837 1487 1850 1517 1825 1557 1850 1595 1825 1617 1847 1697 1842 1717 1860 1745 1840 1772 1850 1792 1832 1835 1862 1910 1847 1940 1852 1967 1840 2010 1880 1977 1892 1887 1895 1870 1907 1847 1907 1825 1887 1732 1892 1720 1882 1697 1905 1655 1892 1602 1902 1550 1880 1515 1892 1432 1892 1410 1907 1335 1892 1300 1912 1280 1895 1237 1895 1217 1912 1172 1902"/></Shape>
	    <String CONTENT="همی شد براه اندرون زال زر"
                    HPOS="1170"
                    VPOS="1825"
                    WIDTH="840"
                    HEIGHT="87"></String>
          </TextLine>
          
          
	  <TextLine ID="eSc_line_54778"
                    
                    BASELINE="260 1870 317 1860 320 1885 1047 1885 1084 1877" 
                    HPOS="260"
                    VPOS="1817"
                    WIDTH="822"
                    HEIGHT="90">
            <Shape><Polygon POINTS="260 1870 262 1830 272 1825 295 1827 315 1847 380 1837 392 1850 417 1827 447 1847 497 1847 535 1817 565 1847 600 1822 640 1847 697 1837 710 1850 742 1842 757 1857 800 1827 820 1830 840 1850 867 1850 892 1825 927 1850 950 1850 962 1837 1022 1850 1055 1830 1075 1845 1082 1875 1065 1892 902 1892 892 1902 815 1890 780 1900 760 1885 737 1902 700 1890 655 1900 602 1887 562 1902 542 1885 472 1890 432 1907 392 1892 362 1902 347 1887 312 1902 262 1880"/></Shape>
	    <String CONTENT="شتابان بدیدار فرخ پسر 13"
                    HPOS="260"
                    VPOS="1817"
                    WIDTH="822"
                    HEIGHT="90"></String>
          </TextLine>
          
          
	  <TextLine ID="eSc_line_54811"
                    
                    BASELINE="1180 1962 1577 1962 1642 1970 1695 1970 1720 1962 1987 1965" 
                    HPOS="1180"
                    VPOS="1910"
                    WIDTH="805"
                    HEIGHT="85">
            <Shape><Polygon POINTS="1180 1960 1190 1917 1210 1930 1267 1917 1285 1932 1300 1922 1327 1940 1360 1920 1377 1932 1415 1935 1432 1922 1490 1932 1510 1915 1547 1942 1597 1915 1620 1930 1642 1927 1662 1947 1685 1927 1722 1935 1737 1925 1780 1947 1812 1922 1830 1930 1862 1917 1875 1930 1912 1932 1927 1922 1945 1927 1962 1910 1977 1915 1985 1965 1937 1985 1835 1975 1810 1995 1772 1972 1752 1992 1725 1977 1682 1990 1657 1970 1605 1990 1567 1980 1545 1960 1467 1987 1455 1977 1390 1985 1330 1967 1302 1987 1287 1975 1232 1982 1182 1972"/></Shape>
	    <String CONTENT="تهمتن چو روی سپهید بدید"
                    HPOS="1180"
                    VPOS="1910"
                    WIDTH="805"
                    HEIGHT="85"></String>
          </TextLine>
          
          
	  <TextLine ID="eSc_line_54771"
                    
                    BASELINE="260 1947 302 1955 327 1950 355 1960 410 1965 1089 1965" 
                    HPOS="260"
                    VPOS="1900"
                    WIDTH="827"
                    HEIGHT="87">
            <Shape><Polygon POINTS="260 1945 262 1912 295 1907 340 1930 362 1920 412 1930 440 1910 462 1925 505 1900 527 1922 575 1912 612 1930 665 1900 692 1905 717 1930 740 1925 755 1935 780 1917 805 1930 845 1930 867 1907 895 1907 912 1925 1025 1930 1065 1902 1080 1917 1087 1965 950 1987 910 1965 885 1975 757 1965 735 1985 717 1985 697 1965 680 1975 635 1970 615 1982 562 1972 522 1987 500 1965 372 1985 262 1962"/></Shape>
	    <String CONTENT="فرود  آمد و آفرین گسترید 14"
                    HPOS="260"
                    VPOS="1900"
                    WIDTH="827"
                    HEIGHT="87"></String>
          </TextLine>
          
          
	  <TextLine ID="eSc_line_54809"
                    
                    BASELINE="1162 2042 2008 2042" 
                    HPOS="1160"
                    VPOS="1985"
                    WIDTH="847"
                    HEIGHT="95">
            <Shape><Polygon POINTS="1160 2040 1205 1987 1232 2010 1257 1997 1275 2015 1302 2015 1345 1992 1372 2020 1402 2002 1425 2010 1447 1987 1492 2012 1517 2000 1562 2015 1595 1997 1677 2015 1707 1985 1752 2020 1792 1990 1835 2015 1865 2005 1882 2015 1980 2012 2007 2040 1917 2070 1885 2057 1857 2080 1825 2057 1795 2055 1762 2070 1732 2045 1715 2057 1657 2055 1612 2072 1547 2055 1497 2055 1467 2070 1432 2040 1382 2070 1345 2042 1320 2057 1210 2052 1192 2067 1165 2060"/></Shape>
	    <String CONTENT="سیهدار فرزندرا در کنار"
                    HPOS="1160"
                    VPOS="1985"
                    WIDTH="847"
                    HEIGHT="95"></String>
          </TextLine>
          
          
	  <TextLine ID="eSc_line_54770"
                    
                    BASELINE="260 2027 357 2035 387 2032 445 2040 567 2040 612 2045 1087 2040" 
                    HPOS="260"
                    VPOS="1982"
                    WIDTH="825"
                    HEIGHT="88">
            <Shape><Polygon POINTS="260 2025 262 1990 295 1987 310 2002 332 1982 357 2002 375 1987 402 2002 425 1987 445 2002 460 1987 515 2010 585 1987 600 2002 612 1995 662 2010 745 2012 772 1990 797 2012 822 2005 840 2022 862 2007 885 2017 920 1997 942 2012 967 1987 1020 2012 1067 1985 1085 2040 987 2067 972 2055 890 2047 862 2070 837 2055 810 2067 772 2052 712 2065 690 2050 635 2065 585 2042 530 2060 467 2060 440 2042 420 2052 340 2050 310 2065 285 2042 265 2040"/></Shape>
	    <String CONTENT="گرفت و بفرمود کردن نثار 15"
                    HPOS="260"
                    VPOS="1982"
                    WIDTH="825"
                    HEIGHT="88"></String>
          </TextLine>
          
          
	  <TextLine ID="eSc_line_54818"
                    
                    BASELINE="1170 2117 1212 2125 1667 2122 1842 2135 1988 2135" 
                    HPOS="1170"
                    VPOS="2067"
                    WIDTH="817"
                    HEIGHT="88">
            <Shape><Polygon POINTS="1170 2115 1172 2092 1202 2067 1235 2095 1277 2100 1330 2067 1350 2087 1377 2080 1395 2095 1452 2085 1475 2107 1527 2070 1560 2090 1620 2092 1652 2067 1677 2092 1740 2095 1777 2067 1800 2090 1830 2087 1852 2105 1882 2075 1917 2070 1955 2095 1980 2092 1987 2135 1972 2150 1930 2155 1865 2135 1815 2150 1800 2135 1750 2127 1727 2145 1702 2135 1655 2135 1640 2145 1577 2135 1542 2150 1530 2140 1497 2145 1472 2122 1447 2140 1295 2145 1275 2130 1200 2135 1172 2152"/></Shape>
	    <String CONTENT="و زان جا بایوان  دستان سام"
                    HPOS="1170"
                    VPOS="2067"
                    WIDTH="817"
                    HEIGHT="88"></String>
          </TextLine>
          
          
	  <TextLine ID="eSc_line_54763"
                    
                    BASELINE="254 2125 370 2117 460 2125 1050 2125 1085 2117" 
                    HPOS="252"
                    VPOS="2062"
                    WIDTH="833"
                    HEIGHT="85">
            <Shape><Polygon POINTS="252 2125 255 2100 292 2062 322 2082 347 2067 380 2085 422 2075 442 2087 467 2070 487 2090 502 2080 552 2090 592 2082 622 2107 665 2065 715 2090 745 2080 762 2090 855 2087 872 2102 910 2077 937 2092 972 2065 1000 2092 1047 2095 1067 2085 1085 2115 1072 2147 882 2125 800 2145 772 2132 742 2142 677 2130 642 2145 620 2125 595 2147 567 2132 522 2145 477 2130 387 2132 372 2117 337 2132 297 2127 277 2147 257 2137"/></Shape>
	    <String CONTENT="بیامد سپهدار جوینده کام"
                    HPOS="252"
                    VPOS="2062"
                    WIDTH="833"
                    HEIGHT="85"></String>
          </TextLine>
          
          
	  <TextLine ID="eSc_line_54815"
                    
                    BASELINE="1172 2202 1902 2202 1937 2205 1988 2206" 
                    HPOS="1170"
                    VPOS="2147"
                    WIDTH="817"
                    HEIGHT="83">
            <Shape><Polygon POINTS="1170 2200 1190 2167 1250 2162 1265 2177 1300 2160 1315 2172 1352 2172 1377 2150 1402 2150 1422 2170 1452 2157 1480 2175 1505 2172 1537 2147 1567 2170 1612 2170 1627 2185 1695 2150 1727 2172 1827 2162 1865 2175 1905 2157 1922 2175 1980 2167 1987 2205 1980 2227 1937 2215 1760 2225 1747 2215 1657 2217 1632 2202 1607 2227 1567 2230 1545 2215 1515 2227 1500 2215 1442 2215 1422 2200 1392 2217 1267 2210 1250 2227 1217 2212 1172 2220"/></Shape>
	    <String CONTENT="بنزدیک  رودابه آمد پسر"
                    HPOS="1170"
                    VPOS="2147"
                    WIDTH="817"
                    HEIGHT="83"></String>
          </TextLine>
          
          
	  <TextLine ID="eSc_line_54762"
                    
                    BASELINE="262 2205 355 2200 505 2200 530 2205 1047 2205 1085 2197" 
                    HPOS="260"
                    VPOS="2142"
                    WIDTH="825"
                    HEIGHT="88">
            <Shape><Polygon POINTS="260 2205 262 2182 282 2167 397 2167 440 2142 470 2165 497 2150 530 2182 552 2165 590 2162 620 2177 652 2145 682 2165 722 2145 750 2172 792 2172 822 2155 845 2177 867 2160 902 2175 955 2162 977 2172 1005 2150 1037 2175 1072 2167 1085 2195 1067 2230 1045 2217 865 2217 842 2205 775 2225 670 2205 635 2230 572 2212 537 2222 517 2205 387 2212 365 2200 287 2222 262 2217"/></Shape>
	    <String CONTENT="بخدمت نهاد از بر خاک سر"
                    HPOS="260"
                    VPOS="2142"
                    WIDTH="825"
                    HEIGHT="88"></String>
          </TextLine>
          
          
	  <TextLine ID="eSc_line_54814"
                    
                    BASELINE="1180 2290 1330 2295 1387 2290 1562 2287 1592 2282 1885 2282 2003 2287" 
                    HPOS="1180"
                    VPOS="2227"
                    WIDTH="822"
                    HEIGHT="88">
            <Shape><Polygon POINTS="1180 2290 1182 2255 1200 2237 1230 2252 1292 2245 1315 2262 1332 2247 1355 2260 1387 2227 1407 2227 1432 2252 1452 2245 1472 2262 1522 2240 1550 2267 1612 2227 1642 2255 1697 2245 1720 2265 1747 2242 1772 2255 1980 2250 2002 2285 1972 2310 1950 2297 1897 2297 1875 2315 1847 2297 1740 2297 1717 2280 1672 2297 1607 2292 1570 2310 1537 2287 1495 2310 1415 2295 1380 2305 1357 2292 1332 2310 1307 2297 1280 2307 1265 2295 1182 2310"/></Shape>
	    <String CONTENT="ببوسید مادر دو یال و برش"
                    HPOS="1180"
                    VPOS="2227"
                    WIDTH="822"
                    HEIGHT="88"></String>
          </TextLine>
          
          
	  <TextLine ID="eSc_line_54779"
                    
                    BASELINE="273 2290 400 2282 1085 2282" 
                    HPOS="272"
                    VPOS="2225"
                    WIDTH="813"
                    HEIGHT="87">
            <Shape><Polygon POINTS="272 2290 275 2250 292 2232 327 2247 372 2227 430 2250 460 2240 482 2262 537 2245 565 2260 590 2240 612 2245 640 2227 682 2250 715 2232 750 2267 777 2242 800 2255 820 2245 840 2255 890 2225 917 2230 942 2255 1032 2255 1065 2242 1085 2280 1070 2295 982 2297 965 2307 945 2307 920 2287 905 2300 802 2300 762 2312 735 2285 660 2307 637 2292 582 2292 567 2282 542 2305 522 2292 500 2305 475 2292 447 2305 375 2290 275 2305"/></Shape>
	    <String CONTENT="همی آفرین خواند بر پیکرش"
                    HPOS="272"
                    VPOS="2225"
                    WIDTH="813"
                    HEIGHT="87"></String>
          </TextLine>
          
          
	  <TextLine ID="eSc_line_54826"
                    
                    BASELINE="1180 2377 1240 2370 1320 2367 1927 2367 1996 2368" 
                    HPOS="1180"
                    VPOS="2305"
                    WIDTH="815"
                    HEIGHT="87">
            <Shape><Polygon POINTS="1180 2375 1182 2327 1210 2305 1242 2332 1297 2330 1315 2347 1357 2307 1392 2335 1455 2332 1467 2345 1535 2310 1567 2330 1637 2322 1650 2335 1687 2335 1715 2320 1730 2335 1785 2327 1807 2345 1825 2327 1885 2320 1902 2335 1980 2330 1995 2367 1977 2390 1950 2377 1902 2377 1872 2392 1810 2367 1787 2390 1762 2377 1647 2377 1615 2387 1495 2377 1477 2365 1455 2375 1357 2375 1340 2392 1307 2370 1250 2375 1232 2390 1182 2387"/></Shape>
	    <String CONTENT="بمژده بنزدیک سام سوار"
                    HPOS="1180"
                    VPOS="2305"
                    WIDTH="815"
                    HEIGHT="87"></String>
          </TextLine>
          
          
	  <TextLine ID="eSc_line_54780"
                    
                    BASELINE="272 2365 1099 2365" 
                    HPOS="270"
                    VPOS="2305"
                    WIDTH="827"
                    HEIGHT="85">
            <Shape><Polygon POINTS="270 2365 275 2330 300 2305 352 2332 392 2305 415 2325 437 2312 462 2332 495 2312 515 2332 572 2325 587 2340 610 2317 645 2335 672 2310 705 2330 730 2317 752 2340 792 2310 827 2335 865 2320 897 2335 1027 2335 1062 2305 1092 2332 1097 2365 1065 2377 1002 2377 982 2390 955 2377 767 2377 755 2365 727 2377 627 2377 592 2365 572 2385 505 2375 482 2390 447 2370 307 2372 275 2385"/></Shape>
	    <String CONTENT="فرستاد نامه یل نامدار"
                    HPOS="270"
                    VPOS="2305"
                    WIDTH="827"
                    HEIGHT="85"></String>
          </TextLine>
          </TextBlock>
          
        </PrintSpace>
      </Page>
    </Layout>
  </alto>
