<?xml version="1.0" encoding="UTF-8"?>
<alto xmlns:xsi="http://www.w3.org/2001/XMLSchema-instance"
      xmlns="http://www.loc.gov/standards/alto/ns-v4#"
      xsi:schemaLocation="http://www.loc.gov/standards/alto/ns-v4# https://gitlab.inria.fr/scripta/escriptorium/-/raw/develop/app/escriptorium/static/alto-4-1-baselines.xsd">
  <Description>
    <MeasurementUnit>pixel</MeasurementUnit>
    <sourceImageInformation>
      <fileName>Ferdowsi_Moscow.pdf_000044.png</fileName>
    </sourceImageInformation>
  </Description>
  
  <Tags>
    <OtherTag ID="BT1" LABEL="Title" DESCRIPTION="block type Title"/><OtherTag ID="BT2" LABEL="Main" DESCRIPTION="block type Main"/><OtherTag ID="BT3" LABEL="Commentary" DESCRIPTION="block type Commentary"/><OtherTag ID="BT4" LABEL="Illustration" DESCRIPTION="block type Illustration"/>
    
  </Tags>
  
  <Layout>
    <Page WIDTH="2430"
          HEIGHT="3000"
          PHYSICAL_IMG_NR="10"
          ID="eSc_dummypage_">
      <PrintSpace HPOS="0"
                  VPOS="0"
                  WIDTH="2430"
                  HEIGHT="3000">
        
        <TextBlock ID="eSc_dummyblock_">
          
	  <TextLine ID="eSc_line_58064"
                    
                    BASELINE="1045 447 1203 457" 
                    HPOS="1045"
                    VPOS="400"
                    WIDTH="157"
                    HEIGHT="70">
            <Shape><Polygon POINTS="1045 445 1055 405 1072 412 1095 400 1127 412 1145 400 1187 417 1202 455 1180 470 1047 465"/></Shape>
	    <String CONTENT="شاهنامه"
                    HPOS="1045"
                    VPOS="400"
                    WIDTH="157"
                    HEIGHT="70"></String>
          </TextLine>
          
          
	  <TextLine ID="eSc_line_58065"
                    
                    BASELINE="1170 590 1405 590 1465 582 1742 582 1952 592 1985 597" 
                    HPOS="1170"
                    VPOS="525"
                    WIDTH="815"
                    HEIGHT="95">
            <Shape><Polygon POINTS="1170 590 1172 545 1192 525 1255 555 1322 550 1355 532 1377 550 1410 530 1430 547 1467 540 1487 555 1510 547 1525 560 1552 532 1600 552 1640 525 1662 547 1687 542 1702 557 1735 530 1755 527 1802 570 1830 545 1892 552 1917 535 1935 547 1975 550 1985 597 1952 615 1932 597 1860 602 1840 620 1822 617 1792 587 1775 600 1720 597 1707 587 1687 607 1642 595 1590 597 1567 617 1545 615 1525 595 1502 612 1460 595 1432 612 1400 590 1312 607 1277 600 1242 610 1207 595 1172 607"/></Shape>
	    <String CONTENT="چنین داد پاسخ بدو1 شهریار"
                    HPOS="1170"
                    VPOS="525"
                    WIDTH="815"
                    HEIGHT="95"></String>
          </TextLine>
          
          
	  <TextLine ID="eSc_line_58100"
                    
                    BASELINE="262 580 1085 585" 
                    HPOS="262"
                    VPOS="517"
                    WIDTH="823"
                    HEIGHT="98">
            <Shape><Polygon POINTS="262 580 265 547 287 525 345 542 370 565 392 542 450 547 492 517 525 545 557 522 592 545 640 520 652 530 705 530 727 552 745 540 767 550 812 540 872 550 900 522 935 545 967 522 1000 552 1025 530 1062 527 1077 537 1085 585 1045 595 997 585 925 607 880 585 850 610 815 595 735 612 707 585 645 607 615 582 585 582 547 595 482 590 440 607 425 600 402 615 355 585 265 610"/></Shape>
	    <String CONTENT="که دل‌را بدین کار2 غمگین مدار"
                    HPOS="262"
                    VPOS="517"
                    WIDTH="823"
                    HEIGHT="98"></String>
          </TextLine>
          
          
	  <TextLine ID="eSc_line_58094"
                    
                    BASELINE="1170 680 1207 670 1290 665 1317 665 1342 670 1520 670 1602 662 1915 662 1985 667" 
                    HPOS="1170"
                    VPOS="607"
                    WIDTH="815"
                    HEIGHT="90">
            <Shape><Polygon POINTS="1170 680 1175 625 1202 632 1220 617 1245 625 1285 607 1327 615 1352 637 1372 625 1392 637 1450 625 1462 637 1485 632 1500 647 1545 637 1565 620 1595 632 1625 617 1640 630 1675 607 1705 630 1720 615 1747 625 1772 617 1812 642 1827 627 1862 635 1892 617 1922 647 1970 615 1985 667 1932 697 1907 675 1847 695 1815 672 1785 692 1740 685 1705 662 1535 690 1500 675 1480 692 1437 680 1377 697 1335 672 1217 675 1172 695"/></Shape>
	    <String CONTENT="تو خود رنجه گشتی بدین تاختن"
                    HPOS="1170"
                    VPOS="607"
                    WIDTH="815"
                    HEIGHT="90"></String>
          </TextLine>
          
          
	  <TextLine ID="eSc_line_58093"
                    
                    BASELINE="265 670 332 662 667 665 717 660 742 667 775 667 800 662 960 662 1080 667" 
                    HPOS="265"
                    VPOS="605"
                    WIDTH="815"
                    HEIGHT="87">
            <Shape><Polygon POINTS="265 670 267 622 295 630 307 617 337 622 382 607 410 630 452 630 477 605 525 632 547 615 575 632 592 617 622 635 667 632 707 612 727 632 757 640 785 615 840 635 902 622 920 637 952 612 972 632 1060 630 1080 667 1015 675 997 687 930 662 902 685 812 675 795 687 762 667 740 690 722 690 702 670 632 682 532 665 510 685 490 685 457 665 437 675 300 675 267 692"/></Shape>
	    <String CONTENT="سپه بردن و کینه را ساختن"
                    HPOS="265"
                    VPOS="605"
                    WIDTH="815"
                    HEIGHT="87"></String>
          </TextLine>
          
          
	  <TextLine ID="eSc_line_58066"
                    
                    BASELINE="1182 750 1510 747 1652 755 1685 750 1880 750 1910 742 1977 742" 
                    HPOS="1182"
                    VPOS="685"
                    WIDTH="795"
                    HEIGHT="92">
            <Shape><Polygon POINTS="1182 750 1190 692 1205 690 1240 712 1267 685 1305 715 1327 702 1360 715 1385 692 1410 692 1437 720 1455 705 1477 715 1517 705 1532 717 1562 692 1585 707 1652 710 1670 727 1707 690 1735 707 1777 687 1805 715 1830 695 1877 715 1907 697 1932 712 1970 695 1977 742 1955 757 1887 757 1862 770 1767 750 1672 752 1642 770 1582 775 1555 750 1527 750 1455 777 1420 750 1400 760 1285 750 1185 772"/></Shape>
	    <String CONTENT="کنون گاه رزم3 من آمد فراز"
                    HPOS="1182"
                    VPOS="685"
                    WIDTH="795"
                    HEIGHT="92"></String>
          </TextLine>
          
          
	  <TextLine ID="eSc_line_58074"
                    
                    BASELINE="252 755 375 755 440 747 897 750 1010 742 1075 745" 
                    HPOS="252"
                    VPOS="680"
                    WIDTH="823"
                    HEIGHT="90">
            <Shape><Polygon POINTS="252 755 255 717 285 687 297 685 322 707 360 680 382 702 405 692 447 712 515 685 540 710 565 702 580 715 635 682 672 707 712 685 735 705 750 692 777 702 800 695 830 725 852 707 885 705 917 720 947 700 965 700 990 725 1007 707 1062 692 1075 745 1010 770 977 747 935 770 910 757 885 767 870 755 842 765 822 750 792 765 750 762 735 750 695 760 635 750 577 767 505 750 445 770 427 755 255 767"/></Shape>
	    <String CONTENT="تو دم بر  زن ای گرد  گردن فراز"
                    HPOS="252"
                    VPOS="680"
                    WIDTH="823"
                    HEIGHT="90"></String>
          </TextLine>
          
          
	  <TextLine ID="eSc_line_58095"
                    
                    BASELINE="1155 830 1220 827 1305 835 1750 835 1885 827 1910 822 1935 827 1992 827" 
                    HPOS="1155"
                    VPOS="765"
                    WIDTH="835"
                    HEIGHT="95">
            <Shape><Polygon POINTS="1155 830 1157 795 1197 770 1237 785 1267 775 1317 807 1340 790 1455 795 1482 775 1522 810 1560 772 1617 775 1635 792 1667 777 1715 807 1772 772 1807 795 1822 782 1862 792 1880 775 1902 782 1930 765 1972 790 1990 825 1970 850 1942 837 1792 832 1740 860 1707 842 1682 855 1657 835 1617 835 1590 852 1545 857 1510 835 1410 850 1382 840 1367 852 1327 850 1312 837 1282 852 1240 827 1182 845 1157 835"/></Shape>
	    <String CONTENT="بگفت این و4 آواز شیپور و5 نای"
                    HPOS="1155"
                    VPOS="765"
                    WIDTH="835"
                    HEIGHT="95"></String>
          </TextLine>
          
          
	  <TextLine ID="eSc_line_58082"
                    
                    BASELINE="250 805 282 822 310 825 447 822 530 830 605 830 642 822 1047 822 1082 832" 
                    HPOS="250"
                    VPOS="765"
                    WIDTH="832"
                    HEIGHT="87">
            <Shape><Polygon POINTS="250 805 257 775 292 787 320 767 360 795 430 780 460 795 522 782 550 810 582 780 617 795 645 792 672 765 710 790 757 785 782 810 810 785 840 802 870 780 900 792 922 772 950 770 985 805 1010 787 1047 790 1082 832 1055 850 1030 835 992 845 967 822 940 837 840 830 812 852 792 850 770 827 755 837 652 837 637 847 612 835 575 847 542 830 520 850 495 835 460 850 435 835 285 847 252 825"/></Shape>
	    <String CONTENT="بر آمد ز دهلیز پرده‌سرای6"
                    HPOS="250"
                    VPOS="765"
                    WIDTH="832"
                    HEIGHT="87"></String>
          </TextLine>
          
          
	  <TextLine ID="eSc_line_58096"
                    
                    BASELINE="1152 915 1975 908" 
                    HPOS="1150"
                    VPOS="852"
                    WIDTH="825"
                    HEIGHT="85">
            <Shape><Polygon POINTS="1150 915 1152 900 1190 875 1240 867 1287 877 1330 857 1352 880 1397 852 1455 852 1477 875 1502 872 1515 885 1542 857 1572 852 1592 865 1620 852 1652 880 1732 872 1765 905 1763 860 1865 880 1922 880 1960 860 1975 907 1960 920 1847 935 1825 925 1792 935 1765 910 1742 910 1655 922 1630 937 1537 925 1522 912 1497 930 1475 930 1452 912 1420 935 1395 922 1365 927 1350 915 1252 917 1235 930 1205 925 1177 935 1152 915"/></Shape>
	    <String CONTENT="خروش7 سواران و آوای کوس"
                    HPOS="1150"
                    VPOS="852"
                    WIDTH="825"
                    HEIGHT="85"></String>
          </TextLine>
          
          
	  <TextLine ID="eSc_line_58075"
                    
                    BASELINE="255 915 375 915 467 905 502 912 690 902 747 907 810 902 1012 902 1080 907" 
                    HPOS="255"
                    VPOS="847"
                    WIDTH="825"
                    HEIGHT="88">
            <Shape><Polygon POINTS="255 915 260 880 292 870 340 875 355 860 382 870 405 850 427 850 447 870 475 852 495 867 510 860 525 872 565 875 622 862 640 875 682 852 710 875 727 857 765 867 790 847 852 875 875 872 900 850 927 870 982 850 1015 872 1060 865 1080 907 1020 915 997 935 940 902 872 925 840 917 812 927 792 912 762 930 730 927 710 912 637 910 610 935 575 917 495 935 465 907 427 910 397 930 365 915 317 932 300 922 257 927"/></Shape>
	    <String CONTENT="هوا8 قیرگون شد زمین9  آبنوس"
                    HPOS="255"
                    VPOS="847"
                    WIDTH="825"
                    HEIGHT="88"></String>
          </TextLine>
          
          
	  <TextLine ID="eSc_line_58078"
                    
                    BASELINE="1150 990 1492 990 1565 982 1675 982 1725 990 1760 982 1992 982" 
                    HPOS="1150"
                    VPOS="927"
                    WIDTH="840"
                    HEIGHT="88">
            <Shape><Polygon POINTS="1150 990 1160 952 1200 940 1225 955 1252 930 1295 960 1317 937 1350 930 1372 952 1390 950 1417 967 1482 930 1510 952 1547 927 1575 932 1595 952 1607 940 1632 952 1670 937 1692 960 1735 960 1760 942 1785 957 1805 937 1835 952 1875 930 1902 957 1970 937 1990 980 1970 997 1932 1000 1912 1015 1875 987 1857 1000 1742 1000 1710 1015 1667 987 1630 1002 1590 982 1567 1000 1472 997 1450 1015 1412 997 1380 1012 1355 997 1312 1007 1290 990 1220 1010 1207 1000 1167 1005 1152 992"/></Shape>
	    <String CONTENT="تو گفتی که الماس جان داردی"
                    HPOS="1150"
                    VPOS="927"
                    WIDTH="840"
                    HEIGHT="88"></String>
          </TextLine>
          
          
	  <TextLine ID="eSc_line_58077"
                    
                    BASELINE="250 990 375 982 550 985 647 980 680 990 742 990 770 995 1010 985 1075 987" 
                    HPOS="250"
                    VPOS="927"
                    WIDTH="825"
                    HEIGHT="88">
            <Shape><Polygon POINTS="250 990 257 950 290 937 322 955 350 927 390 957 412 935 447 940 477 927 507 947 550 945 560 955 585 932 677 955 687 945 702 952 727 930 755 957 780 952 795 967 820 942 862 955 902 927 925 942 972 930 997 955 1055 945 1075 987 1025 1002 972 995 955 1005 902 990 817 1015 792 1000 757 1010 735 990 697 1005 667 1000 652 1012 605 987 575 985 547 1012 492 995 455 1007 410 985 332 1012 302 997 272 1005 252 995"/></Shape>
	    <String CONTENT="همان گرز و نیزه10  زبان11 داردی"
                    HPOS="250"
                    VPOS="927"
                    WIDTH="825"
                    HEIGHT="88"></String>
          </TextLine>
          
          
	  <TextLine ID="eSc_line_58083"
                    
                    BASELINE="1160 1070 1277 1075 1322 1070 1452 1067 1672 1075 1770 1065 1927 1062 1988 1067" 
                    HPOS="1160"
                    VPOS="1007"
                    WIDTH="827"
                    HEIGHT="90">
            <Shape><Polygon POINTS="1160 1070 1162 1047 1182 1032 1235 1035 1272 1007 1307 1037 1330 1035 1345 1050 1382 1015 1437 1050 1452 1035 1480 1045 1510 1025 1535 1037 1560 1015 1580 1015 1615 1047 1652 1017 1667 1032 1727 1035 1757 1012 1785 1037 1807 1015 1862 1027 1892 1010 1917 1035 1932 1025 1970 1030 1987 1065 1947 1082 1782 1065 1762 1077 1650 1087 1637 1097 1615 1095 1592 1072 1570 1085 1482 1075 1460 1095 1425 1075 1370 1095 1340 1080 1307 1095 1287 1075 1227 1087 1162 1085"/></Shape>
	    <String CONTENT="دهاده12 خروش آمد و دار و گیر"
                    HPOS="1160"
                    VPOS="1007"
                    WIDTH="827"
                    HEIGHT="90"></String>
          </TextLine>
          
          
	  <TextLine ID="eSc_line_58076"
                    
                    BASELINE="265 1075 475 1075 510 1070 687 1070 822 1062 1022 1062 1080 1067" 
                    HPOS="265"
                    VPOS="1007"
                    WIDTH="815"
                    HEIGHT="88">
            <Shape><Polygon POINTS="265 1075 275 1032 342 1035 362 1015 397 1030 425 1015 450 1037 475 1027 492 1045 527 1012 562 1035 580 1025 607 1035 637 1017 675 1050 755 1007 802 1035 850 1015 875 1037 905 1010 945 1032 970 1010 1010 1037 1055 1022 1072 1037 1080 1067 992 1095 952 1065 882 1095 850 1065 770 1087 732 1075 710 1092 687 1090 667 1070 607 1080 547 1070 525 1092 497 1095 487 1085 460 1092 447 1080 407 1095 385 1075 267 1085"/></Shape>
	    <String CONTENT="هوا دام کرگس شد از پرّ تیر"
                    HPOS="265"
                    VPOS="1007"
                    WIDTH="815"
                    HEIGHT="88"></String>
          </TextLine>
          
          
	  <TextLine ID="eSc_line_58079"
                    
                    BASELINE="1155 1147 1190 1155 1370 1142 1635 1142 1665 1150 1702 1150 1755 1142 1995 1147" 
                    HPOS="1155"
                    VPOS="1092"
                    WIDTH="840"
                    HEIGHT="88">
            <Shape><Polygon POINTS="1155 1147 1157 1112 1172 1097 1212 1115 1247 1097 1280 1105 1300 1092 1355 1102 1372 1117 1400 1107 1422 1117 1445 1097 1472 1097 1495 1120 1525 1112 1537 1122 1557 1102 1590 1107 1605 1097 1650 1122 1677 1095 1702 1110 1742 1097 1767 1122 1785 1105 1807 1110 1847 1097 1905 1122 1970 1092 1987 1110 1995 1147 1907 1175 1817 1150 1775 1177 1750 1155 1705 1175 1655 1152 1627 1175 1602 1157 1577 1167 1547 1152 1522 1172 1487 1175 1432 1142 1410 1162 1297 1150 1285 1162 1207 1165 1190 1180 1157 1170"/></Shape>
	    <String CONTENT="فسرده13 ز خون پنجه بر14  دست15  تیغ"
                    HPOS="1155"
                    VPOS="1092"
                    WIDTH="840"
                    HEIGHT="88"></String>
          </TextLine>
          
          
	  <TextLine ID="eSc_line_58081"
                    
                    BASELINE="265 1137 310 1155 365 1147 510 1147 565 1142 977 1142 1047 1157 1080 1145" 
                    HPOS="265"
                    VPOS="1082"
                    WIDTH="815"
                    HEIGHT="95">
            <Shape><Polygon POINTS="265 1137 267 1095 297 1115 362 1107 377 1117 430 1092 487 1112 512 1092 557 1097 572 1112 592 1100 607 1110 625 1095 677 1100 692 1112 730 1097 750 1115 775 1090 810 1112 850 1082 872 1105 890 1092 917 1107 962 1087 982 1102 1017 1092 1032 1107 1067 1115 1080 1145 1050 1172 995 1155 937 1167 910 1147 795 1170 757 1142 705 1172 660 1167 617 1145 572 1172 557 1157 490 1172 372 1147 267 1177"/></Shape>
	    <String CONTENT="چکان قطرهٔ خون16 ز تاریک میغ"
                    HPOS="265"
                    VPOS="1082"
                    WIDTH="815"
                    HEIGHT="95"></String>
          </TextLine>
          
          
	  <TextLine ID="eSc_line_58084"
                    
                    BASELINE="1150 1227 1185 1235 1692 1235 1860 1227 1983 1227" 
                    HPOS="1150"
                    VPOS="1170"
                    WIDTH="832"
                    HEIGHT="90">
            <Shape><Polygon POINTS="1150 1225 1152 1202 1175 1180 1242 1185 1262 1200 1282 1185 1307 1195 1352 1172 1382 1195 1417 1177 1442 1202 1460 1190 1517 1200 1547 1190 1567 1205 1582 1190 1655 1200 1707 1185 1725 1202 1747 1200 1792 1180 1810 1190 1825 1175 1847 1187 1875 1170 1912 1195 1975 1180 1982 1225 1927 1252 1912 1252 1885 1225 1850 1242 1782 1237 1745 1252 1717 1240 1690 1260 1660 1240 1580 1260 1545 1237 1460 1260 1435 1237 1355 1252 1340 1240 1260 1235 1237 1255 1217 1255 1202 1240 1170 1247 1152 1235"/></Shape>
	    <String CONTENT="تو گفتی زمین موج خواهد زدن"
                    HPOS="1150"
                    VPOS="1170"
                    WIDTH="832"
                    HEIGHT="90"></String>
          </TextLine>
          
          
	  <TextLine ID="eSc_line_58071"
                    
                    BASELINE="260 1222 417 1222 585 1230 610 1235 1075 1235" 
                    HPOS="260"
                    VPOS="1167"
                    WIDTH="815"
                    HEIGHT="90">
            <Shape><Polygon POINTS="260 1220 265 1177 315 1177 352 1195 377 1187 392 1202 412 1187 447 1197 482 1172 515 1195 565 1175 592 1200 612 1185 637 1190 660 1167 707 1207 722 1195 765 1190 792 1205 812 1187 887 1197 902 1185 922 1192 940 1175 980 1180 1015 1170 1070 1195 1075 1235 1030 1255 962 1235 895 1235 832 1257 812 1257 790 1237 775 1250 737 1240 710 1252 687 1235 665 1235 650 1250 607 1255 577 1232 527 1237 510 1255 490 1255 467 1237 390 1235 362 1257 332 1240 262 1240"/></Shape>
	    <String CONTENT="وزان17 موج بر اوج خواهد زدن 18"
                    HPOS="260"
                    VPOS="1167"
                    WIDTH="815"
                    HEIGHT="90"></String>
          </TextLine>
          
          
	  <TextLine ID="eSc_line_58085"
                    
                    BASELINE="1180 1315 1522 1312 1647 1317 1672 1310 1755 1315 1965 1312 1995 1309" 
                    HPOS="1180"
                    VPOS="1252"
                    WIDTH="815"
                    HEIGHT="88">
            <Shape><Polygon POINTS="1180 1315 1182 1270 1240 1277 1265 1252 1295 1270 1327 1257 1375 1277 1400 1270 1422 1290 1440 1275 1477 1270 1517 1272 1532 1285 1565 1265 1610 1280 1657 1252 1677 1267 1715 1257 1730 1272 1747 1262 1777 1272 1810 1252 1842 1280 1865 1262 1917 1277 1975 1272 1995 1307 1972 1332 1947 1320 1890 1335 1850 1320 1825 1337 1777 1317 1710 1312 1677 1322 1647 1315 1590 1337 1535 1317 1517 1332 1412 1322 1387 1340 1342 1315 1285 1315 1255 1330 1205 1320 1185 1330"/></Shape>
	    <String CONTENT="برون رفت کاکوی وبر زد19 غریو"
                    HPOS="1180"
                    VPOS="1252"
                    WIDTH="815"
                    HEIGHT="88"></String>
          </TextLine>
          
          
	  <TextLine ID="eSc_line_58070"
                    
                    BASELINE="264 1311 365 1310 617 1310 652 1302 765 1302 970 1315 1090 1322" 
                    HPOS="262"
                    VPOS="1250"
                    WIDTH="828"
                    HEIGHT="85">
            <Shape><Polygon POINTS="262 1310 267 1257 295 1257 310 1272 360 1267 380 1285 425 1257 465 1257 485 1275 515 1257 527 1270 577 1267 607 1280 637 1252 665 1265 692 1260 710 1275 747 1250 795 1277 815 1262 847 1272 880 1252 907 1277 970 1250 1007 1287 1065 1270 1085 1290 1090 1320 1060 1330 1035 1320 1000 1332 967 1317 930 1332 872 1315 800 1317 782 1335 720 1300 700 1317 660 1322 610 1310 582 1335 557 1320 537 1330 487 1325 475 1312 405 1335 380 1310 302 1335 265 1312"/></Shape>
	    <String CONTENT="بر آویخت با شاه چون نرّه دیو20"
                    HPOS="262"
                    VPOS="1250"
                    WIDTH="828"
                    HEIGHT="85"></String>
          </TextLine>
          
          
	  <TextLine ID="eSc_line_58086"
                    
                    BASELINE="1170 1397 1210 1392 1385 1395 1415 1390 1550 1390 1635 1395 1782 1392 1807 1397 1837 1390 1987 1390" 
                    HPOS="1170"
                    VPOS="1327"
                    WIDTH="817"
                    HEIGHT="90">
            <Shape><Polygon POINTS="1170 1397 1172 1345 1205 1332 1235 1352 1275 1342 1297 1365 1335 1345 1372 1370 1430 1345 1460 1362 1487 1345 1510 1352 1560 1327 1592 1355 1642 1347 1667 1372 1702 1347 1742 1370 1847 1335 1872 1345 1912 1332 1935 1355 1970 1337 1980 1342 1987 1390 1950 1412 1932 1412 1910 1390 1887 1400 1797 1400 1777 1415 1755 1412 1737 1395 1695 1412 1660 1397 1635 1415 1617 1402 1592 1410 1562 1397 1505 1402 1460 1390 1392 1410 1360 1395 1320 1412 1287 1405 1267 1417 1225 1400 1172 1407"/></Shape>
	    <String CONTENT="تو گفتی دو پیلند هر دو ژیان"
                    HPOS="1170"
                    VPOS="1327"
                    WIDTH="817"
                    HEIGHT="90"></String>
          </TextLine>
          
          
	  <TextLine ID="eSc_line_58097"
                    
                    BASELINE="256 1375 367 1385 717 1385 747 1380 797 1390 992 1382 1047 1382 1080 1387" 
                    HPOS="255"
                    VPOS="1330"
                    WIDTH="825"
                    HEIGHT="82">
            <Shape><Polygon POINTS="255 1375 257 1337 280 1332 317 1340 337 1330 362 1352 387 1357 405 1347 425 1352 442 1335 472 1335 625 1360 657 1340 682 1355 755 1345 775 1362 790 1347 885 1357 947 1330 972 1355 1000 1340 1022 1357 1047 1335 1072 1332 1080 1385 1050 1402 890 1392 872 1410 835 1397 790 1412 760 1392 632 1392 597 1412 557 1397 440 1385 372 1407 345 1397 302 1407 257 1385"/></Shape>
	    <String CONTENT="گشاده برو دست و بسته21 میان22"
                    HPOS="255"
                    VPOS="1330"
                    WIDTH="825"
                    HEIGHT="82"></String>
          </TextLine>
          
          
	  <TextLine ID="eSc_line_58087"
                    
                    BASELINE="1160 1467 1265 1465 1615 1475 1817 1472 1995 1477" 
                    HPOS="1160"
                    VPOS="1410"
                    WIDTH="835"
                    HEIGHT="87">
            <Shape><Polygon POINTS="1160 1467 1165 1437 1187 1415 1222 1420 1237 1435 1262 1417 1292 1427 1322 1417 1335 1427 1367 1410 1402 1440 1457 1440 1500 1417 1527 1445 1587 1432 1607 1442 1625 1427 1667 1425 1677 1435 1725 1427 1740 1440 1790 1437 1807 1420 1867 1442 1932 1415 1980 1442 1995 1477 1975 1490 1922 1480 1870 1495 1830 1475 1777 1490 1742 1482 1717 1495 1682 1477 1645 1497 1615 1477 1582 1495 1567 1482 1525 1490 1507 1472 1480 1485 1402 1482 1387 1492 1247 1467 1222 1482 1162 1475"/></Shape>
	    <String CONTENT="یکی نیزه زد بر کمرگاه 23 شاه"
                    HPOS="1160"
                    VPOS="1410"
                    WIDTH="835"
                    HEIGHT="87"></String>
          </TextLine>
          
          
	  <TextLine ID="eSc_line_58092"
                    
                    BASELINE="250 1442 282 1465 332 1465 357 1460 430 1472 495 1475 847 1475 930 1470 1087 1470" 
                    HPOS="250"
                    VPOS="1407"
                    WIDTH="835"
                    HEIGHT="90">
            <Shape><Polygon POINTS="250 1440 270 1415 297 1420 337 1407 370 1432 402 1412 427 1437 505 1427 552 1435 570 1450 610 1422 630 1440 705 1432 730 1455 755 1432 807 1427 832 1447 860 1425 925 1440 980 1420 997 1432 1072 1430 1085 1470 1067 1490 980 1477 942 1490 892 1487 830 1475 807 1492 787 1480 742 1487 710 1475 580 1497 560 1485 505 1492 490 1480 437 1492 407 1467 380 1485 350 1485 300 1482 252 1465"/></Shape>
	    <String CONTENT="بجنبید بر سرش رومی کلاه24"
                    HPOS="250"
                    VPOS="1407"
                    WIDTH="835"
                    HEIGHT="90"></String>
          </TextLine>
          
          
	  <TextLine ID="eSc_line_58088"
                    
                    BASELINE="1160 1547 1287 1555 1615 1550 1640 1557 1667 1550 1737 1547 1800 1555 1952 1557 1985 1552 1998 1558" 
                    HPOS="1160"
                    VPOS="1495"
                    WIDTH="837"
                    HEIGHT="87">
            <Shape><Polygon POINTS="1160 1545 1162 1520 1182 1507 1212 1520 1275 1505 1310 1535 1330 1517 1380 1512 1405 1527 1437 1495 1467 1512 1485 1497 1515 1497 1530 1510 1557 1515 1585 1502 1600 1517 1630 1520 1710 1517 1737 1497 1767 1512 1785 1495 1802 1495 1855 1520 1975 1507 1990 1520 1997 1557 1965 1582 1907 1560 1887 1575 1865 1562 1822 1572 1802 1555 1750 1547 1730 1562 1662 1560 1607 1575 1585 1560 1507 1552 1457 1552 1430 1575 1400 1565 1375 1575 1360 1562 1322 1575 1297 1555 1242 1575 1162 1557"/></Shape>
	    <String CONTENT="زره بر25 کمربند26 او بر درید"
                    HPOS="1160"
                    VPOS="1495"
                    WIDTH="837"
                    HEIGHT="87"></String>
          </TextLine>
          
          
	  <TextLine ID="eSc_line_58073"
                    
                    BASELINE="262 1547 392 1547 510 1542 597 1545 630 1550 655 1545 712 1550 867 1550 995 1555 1075 1547" 
                    HPOS="262"
                    VPOS="1490"
                    WIDTH="813"
                    HEIGHT="90">
            <Shape><Polygon POINTS="262 1547 265 1515 277 1505 302 1517 322 1507 355 1505 372 1517 407 1507 422 1522 447 1505 475 1517 497 1495 517 1492 532 1502 575 1495 597 1515 622 1500 657 1517 692 1490 722 1510 762 1490 797 1517 835 1515 865 1495 897 1517 912 1507 942 1517 975 1492 1000 1495 1025 1517 1050 1492 1065 1492 1075 1547 1050 1575 1030 1580 1002 1555 945 1560 917 1580 875 1552 780 1570 747 1557 635 1560 607 1580 537 1545 512 1562 425 1557 405 1575 375 1560 265 1560"/></Shape>
	    <String CONTENT="از آهن کمرگاهش27 آمد پدید"
                    HPOS="262"
                    VPOS="1490"
                    WIDTH="813"
                    HEIGHT="90"></String>
          </TextLine>
          
          
	  <TextLine ID="eSc_line_58058"
                    
                    BASELINE="270 2102 512 2102 587 2110 647 2110 872 2102 1991 2102" 
                    HPOS="270"
                    VPOS="2042"
                    WIDTH="1720"
                    HEIGHT="90">
            <Shape><Polygon POINTS="270 2100 277 2052 360 2080 392 2072 430 2042 502 2060 515 2072 555 2055 617 2077 645 2052 735 2072 757 2052 780 2062 810 2055 822 2067 840 2052 870 2065 895 2047 930 2060 975 2045 997 2065 1052 2065 1087 2087 1120 2062 1152 2082 1192 2047 1225 2070 1290 2070 1307 2085 1377 2042 1412 2065 1445 2062 1460 2075 1520 2072 1565 2050 1612 2080 1642 2057 1667 2072 1682 2060 1712 2067 1742 2050 1767 2072 1822 2072 1850 2050 1870 2050 1907 2082 1977 2065 1990 2100 1975 2127 1955 2117 1907 2127 1880 2102 1862 2117 1802 2122 1745 2112 1647 2117 1622 2105 1600 2125 1502 2112 1485 2127 1457 2117 1415 2125 1382 2112 1320 2125 1297 2107 1230 2127 1157 2100 1125 2125 1087 2102 1057 2130 1027 2115 1015 2125 980 2112 940 2122 910 2100 852 2117 735 2107 710 2127 642 2122 625 2110 597 2125 557 2127 515 2112 482 2132 447 2112 400 2122 362 2122 350 2110 315 2120 275 2112"/></Shape>
	    <String CONTENT="بر آمیخته یک بدیگر سپاه * جهان گشته چون روی زنگی سیاه"
                    HPOS="270"
                    VPOS="2042"
                    WIDTH="1720"
                    HEIGHT="90"></String>
          </TextLine>
          
          
	  <TextLine ID="eSc_line_58057"
                    
                    BASELINE="282 2180 470 2172 777 2175 827 2170 905 2185 1100 2185 1132 2180 1430 2177 1455 2172 2002 2172" 
                    HPOS="280"
                    VPOS="2115"
                    WIDTH="1720"
                    HEIGHT="90">
            <Shape><Polygon POINTS="280 2180 285 2142 345 2142 372 2120 395 2122 430 2152 457 2132 495 2142 520 2120 542 2120 577 2150 615 2132 637 2142 670 2122 710 2140 735 2117 772 2142 852 2140 875 2157 917 2127 945 2147 1072 2140 1092 2157 1130 2137 1162 2165 1195 2142 1247 2145 1270 2127 1305 2150 1332 2132 1377 2145 1405 2127 1452 2147 1485 2125 1517 2142 1540 2132 1557 2145 1610 2115 1645 2137 1692 2117 1715 2137 1752 2132 1770 2147 1795 2125 1812 2132 1850 2115 1862 2127 1890 2117 1917 2140 1945 2145 1975 2132 2000 2170 1977 2185 1800 2185 1770 2170 1752 2185 1690 2185 1672 2195 1627 2170 1565 2195 1497 2170 1445 2197 1402 2187 1352 2202 1300 2182 1185 2200 1152 2180 1115 2200 1097 2185 1067 2200 1045 2190 967 2197 930 2187 897 2205 857 2177 790 2197 705 2175 577 2197 550 2175 522 2190 445 2185 422 2172 400 2187 302 2187 285 2197"/></Shape>
	    <String CONTENT="همانگه دمان گرد کرکوی شیر * بپیش سپاه اندر آمد دلیر"
                    HPOS="280"
                    VPOS="2115"
                    WIDTH="1720"
                    HEIGHT="90"></String>
          </TextLine>
          
          
	  <TextLine ID="eSc_line_58061"
                    
                    BASELINE="262 2247 300 2242 352 2242 450 2250 1222 2250 1247 2257 1275 2250 1325 2255 1565 2252 1647 2257 1677 2250 1707 2250 1750 2242 1837 2242 1895 2245 1920 2250 2007 2250" 
                    HPOS="260"
                    VPOS="2187"
                    WIDTH="1745"
                    HEIGHT="85">
            <Shape><Polygon POINTS="260 2245 265 2215 285 2202 307 2215 362 2215 375 2205 460 2215 470 2205 497 2220 540 2190 577 2212 620 2202 655 2230 680 2210 805 2215 832 2195 875 2225 920 2190 957 2215 1032 2192 1092 2227 1120 2207 1160 2227 1192 2205 1217 2215 1320 2207 1335 2217 1365 2195 1402 2212 1437 2195 1472 2225 1540 2205 1562 2215 1585 2205 1645 2215 1672 2195 1697 2215 1725 2205 1745 2220 1787 2187 1807 2205 1837 2195 1877 2230 1907 2207 1972 2207 1997 2225 2005 2250 1970 2270 1942 2257 1900 2270 1870 2245 1787 2257 1742 2242 1715 2257 1660 2255 1602 2272 1572 2257 1472 2267 1455 2252 1412 2272 1377 2270 1360 2255 1335 2255 1312 2270 1292 2257 1235 2267 1167 2250 1132 2267 1090 2250 1070 2267 1020 2255 972 2265 922 2255 902 2270 865 2250 762 2265 667 2265 647 2250 515 2265 497 2250 477 2267 455 2257 412 2267 375 2255 332 2267 265 2255"/></Shape>
	    <String CONTENT="چو شاه منوچهر اورا بدید * بکردار شیر دمان بردمید"
                    HPOS="260"
                    VPOS="2187"
                    WIDTH="1745"
                    HEIGHT="85"></String>
          </TextLine>
          
          
	  <TextLine ID="eSc_line_58062"
                    
                    BASELINE="260 2327 320 2322 590 2325 642 2320 877 2320 905 2325 2004 2325" 
                    HPOS="260"
                    VPOS="2257"
                    WIDTH="1742"
                    HEIGHT="88">
            <Shape><Polygon POINTS="260 2325 265 2292 282 2280 317 2287 355 2275 375 2292 417 2270 445 2282 462 2267 485 2280 512 2267 530 2280 570 2287 592 2277 620 2290 650 2262 677 2275 732 2260 787 2287 817 2270 842 2282 865 2262 900 2287 967 2265 1000 2292 1070 2280 1092 2297 1127 2277 1162 2302 1185 2282 1267 2287 1292 2265 1332 2290 1400 2270 1422 2287 1475 2280 1495 2295 1510 2282 1532 2292 1572 2270 1595 2280 1637 2267 1667 2285 1707 2265 1730 2285 1757 2270 1780 2280 1810 2257 1852 2290 1882 2267 1925 2287 1977 2277 1995 2290 2002 2325 1980 2340 1952 2330 1917 2342 1857 2327 1820 2342 1802 2330 1745 2325 1695 2325 1650 2340 1617 2327 1597 2342 1535 2327 1510 2345 1487 2332 1475 2342 1447 2332 1412 2342 1397 2330 1330 2325 1257 2342 1207 2335 1175 2345 1152 2325 1132 2340 1095 2325 1067 2340 1042 2330 1007 2340 970 2325 922 2342 872 2325 795 2322 770 2340 722 2322 622 2322 592 2345 570 2330 540 2342 500 2340 482 2325 407 2345 375 2322 335 2342 307 2330 265 2340"/></Shape>
	    <String CONTENT="برون رفت کر کوی و برشد غریو * بر آویخت با شاه چون نرّه دیو"
                    HPOS="260"
                    VPOS="2257"
                    WIDTH="1742"
                    HEIGHT="88"></String>
          </TextLine>
          
          
	  <TextLine ID="eSc_line_58059"
                    
                    BASELINE="280 2460 1607 2465 1632 2460 1740 2460 1995 2467" 
                    HPOS="280"
                    VPOS="2400"
                    WIDTH="1715"
                    HEIGHT="90">
            <Shape><Polygon POINTS="280 2460 282 2405 362 2437 392 2432 432 2402 515 2430 557 2415 617 2435 650 2410 672 2422 732 2420 755 2432 780 2415 817 2430 840 2410 870 2420 902 2400 930 2417 975 2405 997 2425 1055 2425 1087 2447 1117 2422 1155 2437 1195 2402 1230 2427 1307 2425 1330 2442 1410 2400 1437 2422 1485 2420 1497 2432 1530 2425 1545 2437 1587 2405 1627 2435 1650 2415 1677 2430 1697 2415 1725 2422 1745 2405 1780 2427 1835 2427 1860 2405 1880 2402 1917 2432 1987 2422 1995 2467 1982 2480 1945 2472 1927 2485 1890 2465 1795 2480 1752 2467 1665 2475 1632 2462 1605 2482 1547 2465 1512 2485 1502 2475 1452 2482 1427 2472 1340 2482 1315 2465 1237 2482 1155 2465 1117 2485 1090 2465 1060 2490 1032 2475 937 2482 915 2462 892 2472 777 2472 760 2462 735 2485 705 2472 682 2485 647 2482 622 2467 600 2487 562 2487 517 2472 497 2490 440 2472 387 2487 350 2467 320 2480 285 2472"/></Shape>
	    <String CONTENT="بر آمیخته یك بدیگر سپاه * جهان گشت چون روی زنگی سیاه"
                    HPOS="280"
                    VPOS="2400"
                    WIDTH="1715"
                    HEIGHT="90"></String>
          </TextLine>
          
          
	  <TextLine ID="eSc_line_58060"
                    
                    BASELINE="280 2680 410 2677 452 2672 815 2672 840 2680 942 2680 982 2677 1412 2675 1995 2677" 
                    HPOS="280"
                    VPOS="2612"
                    WIDTH="1715"
                    HEIGHT="90">
            <Shape><Polygon POINTS="280 2680 285 2642 345 2640 377 2612 430 2652 460 2632 487 2645 522 2620 537 2620 575 2652 615 2632 640 2640 675 2617 707 2642 745 2617 775 2642 842 2637 872 2657 917 2625 942 2642 1070 2637 1090 2655 1132 2635 1167 2665 1195 2642 1250 2642 1272 2625 1307 2647 1335 2630 1390 2647 1432 2620 1465 2640 1497 2625 1522 2642 1542 2635 1557 2647 1582 2642 1607 2620 1645 2635 1687 2617 1715 2642 1747 2632 1772 2647 1792 2630 1812 2635 1857 2615 1870 2627 1900 2620 1945 2645 1980 2632 1995 2675 1955 2690 1802 2690 1775 2675 1755 2690 1685 2690 1662 2700 1627 2677 1550 2700 1507 2675 1482 2692 1425 2687 1365 2702 1315 2695 1302 2682 1247 2695 1212 2690 1187 2702 1152 2680 1125 2697 1092 2680 1065 2702 1042 2690 965 2697 950 2687 877 2700 857 2682 775 2697 715 2685 702 2672 682 2687 612 2687 587 2700 550 2680 525 2692 452 2690 427 2677 347 2697 285 2695"/></Shape>
	    <String CONTENT="همانگه دمان گرد کاکوی شیر * بپیش سپاه اندر آمد دلیر"
                    HPOS="280"
                    VPOS="2612"
                    WIDTH="1715"
                    HEIGHT="90"></String>
          </TextLine>
          
          
	  <TextLine ID="eSc_line_58113"
                    
                    BASELINE="1130 2857 1235 2847" 
                    HPOS="1130"
                    VPOS="2802"
                    WIDTH="105"
                    HEIGHT="75">
            <Shape><Polygon POINTS="1130 2857 1137 2812 1177 2802 1225 2810 1235 2847 1217 2877 1147 2877 1135 2865"/></Shape>
	    <String CONTENT="۲۶۲"
                    HPOS="1130"
                    VPOS="2802"
                    WIDTH="105"
                    HEIGHT="75"></String>
          </TextLine>
          </TextBlock>
          
        </PrintSpace>
      </Page>
    </Layout>
  </alto>
